,SRX10470966,SRX10470967,SRX10470968,SRX10470969,SRX10470970,SRX10470971,SRX10470972,SRX10470973,SRX10470974,SRX10470975,SRX10470976,SRX10470977,SRX10470978,SRX10470979,SRX10470980,SRX10470981,SRX10470982,SRX10470983,SRX10470984,SRX10470985,SRX10470986,SRX10470987,SRX10470988,SRX10470989,SRX10470990,SRX10470991,SRX10470992,SRX10470993,SRX10470994,SRX10470995,SRX10470996,SRX10470997,SRX10470998,SRX10470999,SRX10471000,SRX10471001,SRX10471002,SRX10471003,SRX10471004,SRX10471005,SRX10471006,SRX10471007,SRX10471008,SRX10471009,SRX10471010,SRX10471011,SRX10471012,SRX10471013,SRX10471014,SRX10471015,SRX10471016,SRX10471017,SRX10471018,SRX10471019
1002,0,0,0,0,0,0,0,0,0,0,0,0,0,0,0,0,0,0,0,0,0,0,0,0,0,0,0,0,0,0,0,0,0,0,0,0,0,0,0,0,0,0,0,0,0,0,0,0,0,0,0,0,0,0
1004,0,0,0,0,0,0,0,0,0,0,0,0,0,0,0,0,0,0,0,0,0,0,0,0,0,0,0,0,0,0,0,0,0,0,0,0,0,0,0,0,0,0,0,0,0,0,0,0,0,0,0,0,0,0
1007,0,0,0,0,0,0,0,0,0,0,0,0,0,0,0,0,0,0,0,0,0,0,0,0,0,0,0,0,0,0,0,0,0,0,0,0,0,0,0,0,0,0,0,0,0,0,0,0,0,0,0,0,0,0
1008,0,0,0,0,0,0,0,0,0,0,0,0,0,0,0,0,0,0,0,0,0,0,0,0,0,0,0,0,0,0,0,0,0,0,0,0,0,0,0,0,0,0,0,0,0,0,0,0,0,0,0,0,0,0
1011,0,0,0,0,0,0,0,0,0,0,0,0,0,0,0,0,0,0,0,0,0,0,0,0,0,0,0,0,0,0,0,0,0,0,0,0,0,0,0,0,0,0,0,0,0,0,0,0,0,0,0,0,0,0
1012,0,0,0,0,0,0,0,0,0,0,0,0,0,0,0,0,0,0,0,0,0,0,0,0,0,0,0,0,0,0,0,0,0,0,0,0,0,0,0,0,0,0,0,0,0,0,0,0,0,0,0,0,0,0
1013,0,0,0,0,0,0,0,0,0,0,0,0,0,0,0,0,0,0,0,0,0.844048885129189,0,0,0,0,0,0,0,0,0,0,0,0,0,0,0,0,0,0.832811761267273,0,0,0,0,0,0,0,0,0,0,0,0,0,0,0
1014,0,0,0,0,0,0.899995498938728,0,0,0,0,0,0,0,0,0,0,0,0,0,0,0,0,0,0,0,0,0,0,0,1.05463621574846,0,0,0,0,0,0,0,0,0,0,0,0,0,0,0,0,0,0,1.59393776516312,0,0,0,0,0.908674980847939
1017,0,0,0,0,0,0,0,0,0,0,0,0,0,0,0,0,0,0,0,0,0,0,0,0,0,0,0,0,0,0,0,0,0,0,0,0,0,0,0,0,0,0,0,0,0,0,0,0,0,0,0,0,0,0.908674980847939
1023,0,0,0,0,0,0,0,0,0,0,0,0,0,0,0,1.08142862941642,0,0,0,0,0,0,0,0,0,0,0,0,0,0,0,0,0,0,0,0,0,0,0,0,0,0,0,0,0,0,0,1.62637412440906,0,0,0,0,0,0
1024,0,0,0,0,0,0,0,0,0,0,0,0,0,0,0,0,0,0,0,0,0,0,0,0,0,0,0,0,0,0,0,0,0,0,0,0,0,0,0,0,0,0,0,0,0,0,0,0,0,0,0,0,0,0
1025,0,0,0,0,0,0,0,0,0,0,0,0,0,0,0,0,0,0,0,0,0,0,0,0,1.08340074459836,0,0,0,0,0,0,0,0,0,0,0,0,0,0,0,0,0,0,0,0,0,0,0,0,0,0,0,0,0
1027,0,0,0,0,0,0,0,0,0,0,0,0,0,0,0,0,0,0,0,0,0,0,0,0,0,0.886581760591582,0,0,0,0,0,0,0,0,0,0,0,0,0.832811761267273,0,0,0,0,0,0,0,0,0,0,0,0,0,0,0
1031,0,0,0,0,0,0,0,0,0,0,0,0,0,0,0,0,0,0,0,0,0,0,0,0,0,0,0,0,0,0,0,0,0,0,0,0,0,0,0,0,0,0,0,0,0,0,0,0,0,0,0,0,0,0
1033,0,0,0,0,0,0,0,0,0,0,0,0,0,0,1.09960085430456,0,0,0,0,0,0,0,0,0,0,0.886581760591582,0,0,0,0,0,0,0,0,0,0,0,0,0,0,0,0,0,0,0,0,0,0,0,0,0,0,0,0
1035,0,0,0,0,0,0,0,0,0,0,0,0,0,0,0,0,0,0,0,0,0,0,0,0,0,0,0,0,0,0,0,0,0,0,0,0,0,0,0,0,0,0,0,0,0,0,0,0,0,0,0,0,0,0
1036,0,0,0,0,0,0,0,0,0,0,0,0,0,0,0,0,0,0,0,0,0,0,0,0,0,0,0,0,0,0,0,0,0,0,0,0,0,0,0,0,0,0,0,0,0,0,0,0,0,0,0,0,0,0
1041,0,0,0,0,0,0,0,0,0,0,0,0,0,0,0,0,0,0,0,0,0,0,0,0,0,0,0.927244667958238,0,0,0,0,0,0,0,0,0,0,0,0,0,0,0,0,0,0,0,0,0,0,0,0,0,0,0
1043,7.22647436061066,5.25923988163522,7.30148199277123,6.84971515283113,3.17693116701179,2.69998649681618,4.53548396269892,3.06722835414224,0.910272793242405,9.02166122317409,14.9898866770067,11.271258419004,16.8709234805777,7.26531357805895,20.8924162317866,2.16285725883284,5.58051893914285,21.8802877123342,20.4479136359084,7.66968354955205,6.75239108103351,7.21495508599199,6.49299891633613,15.9643137210631,9.75060670138524,12.4121446482822,11.1269360154989,21.8758506120281,6.60028147906743,14.7649070204785,16.1554914919851,14.3407603414644,3.84431547919265,10.6510376400428,3.95761694313965,11.2182576823647,23.1542851106514,6.28578853842975,8.32811761267273,32.6003343093276,6.60167327793163,19.4504702778147,8.5794855342731,5.61199239478476,9.37255504001745,10.7013972156618,15.6572082131013,39.0329789858173,9.56362659097874,24.1129055267172,10.2223300580578,29.5013447157206,8.77431686925313,15.447474674415
1045,260.153076981984,50.8393188558071,164.804879265408,114.488096125892,48.7129445608474,192.599036772888,104.316131142075,111.442630200501,60.0780043539987,190.357051808973,153.896169883936,109.397508184451,115.284643783948,119.877674037973,170.438132417206,120.038577865223,107.145963631543,50.4197934240744,126.777064542632,95.8710443694007,124.91923499912,144.29910171984,156.914140478123,175.607450931694,35.7522245717459,55.8546509172697,46.3622333979119,88.6547630066404,85.8036592278767,109.68216643784,48.4664744759552,50.1926611951254,123.018095334165,183.525571643815,59.3642541470947,97.5988418365732,110.896839214173,81.7152509995867,139.079564131635,124.132042177824,116.000830455084,99.1973984168552,99.2769040394459,87.9212141849613,110.90856797354,149.819561019266,136.794555967096,210.615449110973,176.927091933107,138.160431666596,76.202824069158,73.7533617893014,91.0335375185013,117.219072529384
1046,0,0,0,0,0,0,0,0,0,0,0,0,0,0,0,0,0,0,0,0,0,0,0,0,0,0,0,0,0,0,0,0,0,0,0,0,0,0,0,0,0,0,0,0,0,0,0,0,0,0,0,0,0,0
1047,0,0,0,0,0,0,0,0,0,0,0,0,0,0,0,0,0,0,0,0,0,0,0,0,0,0,0,0,0,0,0,0,0,0,0,0,0,0,0,0,0,0,0,0,0,0,0,0,0,0,0,0,0,0
1048,0,0,0,0,0,0,0,0,0,0,0,0,0,0,0,0,0,0.951316857058008,0,0,0,0,0,0,0,0,0,0,0,0,0,0,0,0,0,0,0,0,0,0,0,0,0,0,0,0,0,0,0,0,0,0,0,0
1049,0,0,0,0,0,0,0,0,0,0,0,0,0,0,0,0,0,0,0,0,0,0,0,0,0,0,0,0,0,0,0,0,0,0,0,0,0,0,0,0,0,0,0,0,0,0,0,0,0,0,0,0,0,0
1051,0,2.62961994081761,0,0,0,0.899995498938728,2.72129037761935,1.02240945138075,2.73081837972721,0,2.99797733540135,2.65206080447153,0,0,6.59760512582734,2.16285725883284,0,0.951316857058008,1.02239568179542,1.91742088738801,0,0,2.16433297211204,1.22802413238947,1.08340074459836,0,3.70897867183295,0,0,0,0,2.86815206829288,0.961078869798163,0,0.989404235784912,3.36547730470942,3.65593975431338,3.14289426921487,0,0,0,0,1.22564079061044,0,3.12418501333915,1.07013972156618,1.64812718032645,6.50549649763622,0.796968882581562,3.25850074685367,1.85860546510142,0,3.29036882596993,0
1054,0,0.876539980272536,0,0,0,0,1.81419358507957,0,0,0,0.999325778467116,0.663015201117883,0,0,0,0,0,0,0,0,0,1.03070786942743,0,0,0,0,0.927244667958238,2.30272111705559,0,0,0,0,0,0,1.97880847156982,0,0,0.785723567303718,0.832811761267273,0,0,0.972523513890737,0,0,0,0,0.824063590163226,0,0,2.60680059748294,0.929302732550708,0,1.09678960865664,0.908674980847939
1056,0,0,0,0,0,0,0,0,0,0,0,0,0,0,0,0,0,0,0,0,0,0,0,1.22802413238947,0,2.65974528177475,0,0,0,0,0,0,0,0,0,0,0,0,0,0,0.943096182561662,0,0,0,0,0,0,1.62637412440906,0,0,0,0,0,0
1058,0,0,0,0,0,0,0,0,0,0,0,0,0,0,0,0,0,0,0,0,0,0,0,0,0,0,0,0,0,0,0,0,0.961078869798163,0,0,0,0,0,0,0,0,0,0,0,0,0,0,0,0,0,0,0,0,0
1060,0,0,0,0,0,0,0,0,0,0,0,0,0,0,0,0,0,0,0,0,0,0,0,0,0,0,0,0,0,0,0,0,0,0,0,0,0,0,0,0,0,0,0,0,0,0,0,0,0,0,0,0,0,0
1061,0,0,0,0,0,0,0,0,0,0,0,0,0,0,0,0,0,0,0,0,0,0,0,0,0,0,0,0,0,0,0,0,0,0,0,0,0,0,0,0,0,0,0,0,0,0,0,0,0,0,0,0,0,0
1063,0,0,0,0,0,0,0,0,0,0,0,0,0,0,2.19920170860911,0,0,0,0,0,0,0,0,0,1.08340074459836,0.886581760591582,0,0,0,0,1.07703276613234,0,0,0,0,0,0,1.57144713460744,0.832811761267273,0,0.943096182561662,0,0,0,0,1.07013972156618,0.824063590163226,0,0,0,0,0,1.09678960865664,0
1064,114.720280474694,92.9132379088889,381.763201336324,236.804438140733,316.634139645508,98.9995048832601,92.523872839058,119.621905811547,174.772376302542,51.4234689720923,102.930555182113,396.483090268494,25.3063852208666,100.503504496482,551.999628860887,124.364292382888,642.875781789257,95.1316857058008,655.355632030866,139.971724779325,93.6894262493399,66.9960115127827,260.802123139501,38.0687481040735,134.341692330197,485.846804804187,186.376178259606,426.003406655285,93.3468380610966,65.3874453764048,868.088409502665,71.703801707322,3.84431547919265,352.303552709108,78.162934627008,19.07103806002,104.803606290317,201.145233229752,311.47159871396,131.655196249207,8.48786564305495,377.339123389606,616.497317677053,21.5126375133416,224.941320960419,389.530858650091,360.11578890133,414.725401724309,149.033181042752,748.151771477602,607.763987088163,76.7034962608735,155.744124429243,57.2465237934201
1066,0,0,0,0,0,0,0,0,0,0,0,0,0.937273526698761,0,0,0,0,0,0,0,0,0,0,0,0,0,0,0,0,0,0,0,0,0,0,0,0,0,0,0,0,0,0,0,0,0,0,0,0,0,0,0,0,0
1068,0,0,0,0,0,0,0,0,0,0,0,0,0,0,0,0,0,0,0,0,0,0,0,0,0,0,0,0,0,0,0,0,0,0,0,0,0,0,0,0,0,0,0,0,0,0,0,0,0,0,0,0,0,0
1069,0,0,0,0,0,0,0,0,0,0,0,0,0,0,0,0,0,0,0,0,0,0,0,0,0,0,0,0,0,0,0,0,0,0,0,0,0,0,0,0,0,0,0,0,0,0,0,0,0,0,0,0,0,0
1073,0,0,0,0,0,0,0.907096792539785,0,0,0,0,0,0,0,0,0,0,0,0,0,0,0,0,0,0,0,0,0,0,0,0,0,0,0,0,0,0,0,0,0,0,0,0,0,0,0,0,0,0,0,0,0,0,0
1074,2.709927885229,0,0,0,5.29488527835298,0,0.907096792539785,0,10.9232735189089,9.02166122317409,9.99325778467116,0,3.74909410679505,0,6.59760512582734,0,1.11610378782857,6.65921799940605,0,5.75226266216404,0.844048885129189,0,15.1503308047843,1.22802413238947,0,9.75239936650741,0,0,0,1.05463621574846,5.38516383066169,0,1.92215773959633,4.9158635261736,1.97880847156982,0,0,14.9287477787706,3.33124704506909,1.25385901189721,5.65857709536997,6.80766459723516,4.90256316244177,2.80599619739238,1.56209250666957,6.42083832939711,9.06469949179549,0,0.796968882581562,2.60680059748294,6.50511912785496,2.95013447157206,1.09678960865664,0
1075,0,0,0,1.95706147223747,0,0,0,0,0,1.80433224463482,0,0,0,0,0,0,0,0,0,0,0,0,0,0,0,0,0,1.1513605585278,0,0,0,0,0,0,0,0,0,0.785723567303718,0,0,0,0,0,0,0,0,0,0,0,0,0,1.47506723578603,0,1.81734996169588
1077,0,0.876539980272536,0,0,0,0,0,0,0,0,0,0,0,0,0,0,0,0,0,0,0,0,0,0,0,0,0,0,0,0,0,0,0,0,0,0,0,0,0,0,0,0,0,0,0,0,0,0,0,0,0,0,0,0
1079,0,0,0,0,0,0,0,0,0,0,0,0,0,0,0,0,0,0,0,0,0,0,0,0,0,0,0,0,0,0,0,0,0,0,0,0,0,0,0,0,0,0,0,0,0,0,0,0,0,0,0,0,0,0
1080,0,0,0,0,0,0,0,0,0,0,0,0,0,0,0,0,0,0,0,0,0,0,0,0,0,0,0,0,0,0,0,0,0,0,0,0,0,0,0,0,0,0,0,0,0,0,0,0,0,0,0,0,0,0
1081,0,0,0,0,0,0,0,0,0,0,0,0,0,0,0,0,0,0,0,0,0,0,0,0,0,0,1.85448933591648,0,0,0,0,0,0,0,0,0,0,0,0,0,0,0,0,0,0,0,0,0,0,0,0,0,0,0
1083,0,0,0,0,0,0,0,0,0,0,0,0,0,0,0,0,0,0,0,0,0,0,0,0,0,0,0,0,0,0,0,0,0,0,0,0,0,0,0,0,0,0,0,0,0,0,0,0,0,0,0,0,0,0
1084,0,0,0,0,0,0,0,0,0,0,0,0,0,0,0,0,3.34831136348571,0,0,0,0.844048885129189,0,0,0,0,0,0,0,0,0,2.15406553226468,0,0,0,0,0,0,0,0,0,2.82928854768498,0,0,0,0,0,1.64812718032645,1.62637412440906,0,0.651700149370734,0,0,0,0
1086,0,0.876539980272536,0,0,0,0,0,0,0,0,0,0,0,0,0,0,0,0,0,0,0,0,0,0,0,0,0.927244667958238,0,0,0,0,0,0,0,0,0,0,0,0,0,0,0,0,0,0,0,0,0,0,0,0,0,0,0
1090,0,1.75307996054507,0,0,0,0,0,0,0,0,0.999325778467116,0,0,0,0,1.08142862941642,0,0,1.02239568179542,0,0,0,0,1.22802413238947,0,0,0,0,0,1.05463621574846,0,0,0,0,0,1.12182576823647,1.21864658477113,0,0,0,0,0,1.22564079061044,0,0,0,0,0,0,0,0,0,0,0
1091,0,0,0,0,0,0,0,0,0,0,0,0,0,0,1.09960085430456,0,0,0,0,0,0,0,0,0,0,0,0.927244667958238,0,0.942897354152491,0,1.07703276613234,0,0,0,0,0,0,0,0,0,0,0.972523513890737,0,0,0,2.14027944313237,0,0,0,0,0,0,0,0
1094,0.903309295076332,0,0,0,0,0.899995498938728,0,0,0.910272793242405,1.80433224463482,9.99325778467116,0,4.68636763349381,1.21088559634316,4.39840341721822,0,0,1.90263371411602,1.02239568179542,0,0.844048885129189,0,3.24649945816807,35.6126998392945,5.4170037229918,0.886581760591582,54.7074354095361,0,3.77158941660996,6.32781729449079,16.1554914919851,1.43407603414644,0,4.096552938478,0,0,3.65593975431338,3.14289426921487,0,2.50771802379443,2.82928854768498,0.972523513890737,4.90256316244177,0,3.12418501333915,1.07013972156618,0,0,0,2.60680059748294,1.85860546510142,1.47506723578603,0,0.908674980847939
1096,0,0,1.04306885611018,0,0,0,0,0,0,0.902166122317409,0,0,0,1.21088559634316,0,0,0,0,0,0,0,0,0,0,0,0,0,0,0,0,0,0,0,0,0,0,0,0,0,0,1.88619236512332,0.972523513890737,0,0,0,0,0,0,0,0,0,0,0,0.908674980847939
1097,0,0,0,0,0,0,0,0,0,0,0,0,0,0,0,0,0,0,0,0,0,0,0,0,0,0,0,0,0,0,0,0,0,0,0,2.24365153647295,0,0,0,1.25385901189721,0,0,0,0,1.56209250666957,0,0,0,0,0,0,0,0,0
1098,1.80661859015266,0,0,0,0,0,0,0,0,0,1.99865155693423,0,0,1.21088559634316,0,0,0,0,0,0,0,2.06141573885485,0,0,0,0,0,0,0,0,0,0,0,0.819310587695601,0,1.12182576823647,1.21864658477113,1.57144713460744,0,0,0,0,0,0.93533206579746,0,0,0,0,0,0,0,0,0,0.908674980847939
1100,3.61323718030533,0,1.04306885611018,0,0,0.899995498938728,1.81419358507957,0,0.910272793242405,0.902166122317409,0,1.32603040223577,2.81182058009628,1.21088559634316,0,0,0,0,0,0,0,0,0,1.22802413238947,0,0.886581760591582,0,0,0,0,0,1.43407603414644,0,0,0,0,2.43729316954225,0.785723567303718,0.832811761267273,0,0,0,1.22564079061044,0,1.56209250666957,0,0,0,0.796968882581562,0.651700149370734,1.85860546510142,0,0,0
1104,1.80661859015266,0.876539980272536,1.04306885611018,0.978530736118733,2.11795411134119,1.79999099787746,2.72129037761935,2.04481890276149,0,1.80433224463482,1.99865155693423,2.65206080447153,0.937273526698761,1.21088559634316,0,2.16285725883284,0,0,0,0,2.53214665538757,1.03070786942743,2.16433297211204,2.45604826477893,2.16680148919672,0.886581760591582,0,0,0.942897354152491,1.05463621574846,0,0,2.88323660939449,3.2772423507824,0.989404235784912,0,0,0,1.66562352253455,1.25385901189721,1.88619236512332,0,0,0,0,0,3.29625436065291,0.813187062204528,0,0,0,0,1.09678960865664,1.81734996169588
1108,0,0,0,0,0,0,0,0,0,0,0,0,0,0,0,0,0,0,1.02239568179542,0,0,1.03070786942743,0,2.45604826477893,0,0,0,2.30272111705559,0,0,0,0,0,0,0,0,0,0,0,0,0,0.972523513890737,0,0,0,0,0,0,0,0,0.929302732550708,0,0,0
1109,0,0,0,0,0,0,0,0,0,0,0,0,0,0,0,0,0,0,0,0,0,0,0,0,0,0,0,0,0,0,0,0,0,0,0,0,0,0,0,1.25385901189721,0,0,0,0,0,0,0,1.62637412440906,0,0,0,0,0,0
1110,0,0,0,0,0,0,0,0,0.910272793242405,0,0,0,1.87454705339752,0,0,0,0,0,0,0,0,0,0,0,1.08340074459836,0,0.927244667958238,0,0,0,0,0,0,0,0,0,0,0,0,1.25385901189721,0,0,0,0,0,0,0,0,0,0,0,0,1.09678960865664,0
1111,0.903309295076332,0.876539980272536,0,0,0,2.69998649681618,0,0,0,0,14.9898866770067,0.663015201117883,1.87454705339752,0,6.59760512582734,0,8.92883030262857,0.951316857058008,3.06718704538627,1.91742088738801,0,1.03070786942743,3.24649945816807,8.59616892672627,2.16680148919672,1.77316352118316,0.927244667958238,4.60544223411119,2.82869206245747,2.10927243149693,0,2.86815206829288,5.76647321878898,0,0,3.36547730470942,4.87458633908451,1.57144713460744,6.66249409013819,12.5385901189721,0,2.91757054167221,0,6.54732446058222,1.56209250666957,10.7013972156618,0,0,3.98484441290781,4.56190104559514,0,1.47506723578603,0,10.9040997701753
1112,20.7761137867556,29.8023593292662,34.4212722516358,13.6994303056623,15.8846558350589,26.9998649681618,18.1419358507957,8.17927561104597,12.7438191053937,17.1411563240308,19.9865155693423,31.8247296536584,24.3691116941678,19.3741695414905,45.0836350264868,52.9900028414046,17.8576606052571,10.4644854276381,11.2463524997496,31.6374446419022,16.0369288174546,25.7676967356857,8.65733188844818,41.7528205012419,24.9182171257623,65.6070502837771,26.8900953707889,17.270408377917,26.4011259162697,20.0380880992208,14.0014259597204,12.906684307318,42.2874702711192,32.772423507824,26.7139143661926,12.3400834506012,40.2153372974472,25.143154153719,23.3187293154836,18.8078851784582,29.2359816594115,39.8734640695202,13.4820486967149,10.2886527237721,17.1830175733653,40.665309419515,44.4994338688142,17.8901153684996,19.924222064539,16.2925037342683,55.7581639530425,25.0761430083625,13.1614753038797,39.9816991573093
1113,0.903309295076332,0,0,0,0,0,0,0,0,0,0,0,0,0,0,1.08142862941642,0,0.951316857058008,0,0,0,1.03070786942743,0,0,0,1.77316352118316,0,0,0,0,0,0,0,0.819310587695601,0,0,1.21864658477113,0,0,1.25385901189721,0,0,0,0,0,0,1.64812718032645,0.813187062204528,0,0,0.929302732550708,0,0,0
1114,1.80661859015266,2.62961994081761,2.08613771222035,2.9355922083562,1.0589770556706,3.59998199575491,1.81419358507957,2.04481890276149,5.46163675945443,1.80433224463482,19.9865155693423,0.663015201117883,3.74909410679505,3.63265678902947,6.59760512582734,4.32571451766568,5.58051893914285,3.80526742823203,9.2015611361588,1.91742088738801,5.06429331077513,3.09212360828228,5.41083243028011,8.59616892672627,5.4170037229918,3.54632704236633,7.41795734366591,4.60544223411119,5.65738412491494,6.32781729449079,4.30813106452935,4.30222810243932,5.76647321878898,4.096552938478,0.989404235784912,4.48730307294589,10.9678192629401,3.92861783651859,5.82968232887091,5.01543604758885,6.60167327793163,6.80766459723516,0,0.93533206579746,9.37255504001745,7.49097805096329,1.64812718032645,4.06593531102264,5.57878217807093,3.9102008962244,0.929302732550708,7.37533617893014,6.58073765193985,6.36072486593557
1115,0,0,1.04306885611018,0,0,0,0,0,0,0,0.999325778467116,0.663015201117883,0,2.42177119268632,0,1.08142862941642,0,0.951316857058008,2.04479136359084,0,0,6.18424721656456,0,0,1.08340074459836,0.886581760591582,0,0,0,0,0,0,0,0,0.989404235784912,0,0,0,0,0,0.943096182561662,0,0,0.93533206579746,0,0,1.64812718032645,0,0,0.651700149370734,2.78790819765212,1.47506723578603,0,0.908674980847939
1116,0,0,0,0,0,0,0,0,0,0,0,0,0,0,0,0,0,0,0,0,0,0,0,0,0,0,0,0,0,0,0,0,0,0,0,0,0,0,0,0,0,0,0,0,0,0,0,0,0,0,0,0,0,0
1117,0,0,0,0,0,0,0,0,0,0,0,0.663015201117883,0,0,0,0,1.11610378782857,0,0,0,0,0,0,2.45604826477893,0,0,0,0,0,0,0,0,0,0,0,0,0,0,0,0,0,0,0,0,0,0,0,0,0,0,0,0,0,0
1118,0,0,1.04306885611018,0.978530736118733,1.0589770556706,0.899995498938728,0,0,0,0,3.99730311386846,0.663015201117883,0,2.42177119268632,0,0,0,0.951316857058008,1.02239568179542,0,1.68809777025838,0,1.08216648605602,0,1.08340074459836,0,3.70897867183295,0,0,0,1.07703276613234,1.43407603414644,2.88323660939449,0.819310587695601,2.96821270735474,1.12182576823647,0,0,0.832811761267273,1.25385901189721,0,0,0,0.93533206579746,0,0,0,0,0,0,0,0,0,3.63469992339175
1119,0,0,0,0,0,0,0,0,0,0,0,0,0,0,0,0,0,0,0,0,0,0,0,1.22802413238947,1.08340074459836,0,0,0,0,0,0,0,0,0,0,0,0,0,0,0,0,0,0,0,0,0,0,0,0,0,0,0,0,0
1120,0,0,0,0,0,0,0,0,0,0,0,0,0,0,0,0,0,0,0,0,0,0,0,0,0,0,0,0,0,0,0,0,0,0,0,0,0,0,0,0,0,0,0,0,0,0,0,0,0,0,0,0,0,0
1122,0,0,0,0,0,0,0,0,0,0,0,0,0,0,0,0,0,0,0,0,0,0,0,0,0,0,0,0,0,0,0,0,0,0,0,0,0,0,0,0,0,0,0,0,0,0,0,0,0,0,0,0,0,0
1124,0,0,0,0,0,0,0,0,0,0,0,0,0,0,0,1.08142862941642,0,0,0,0,0.844048885129189,0,3.24649945816807,0,0,0,0,1.1513605585278,0,0,1.07703276613234,0,0,0,0,0,0,0,0,0,0,0,0,0,0,0,0,0.813187062204528,1.59393776516312,0,0,0,1.09678960865664,0
1127,0,0,0,0,0,0,0,0,0,0,0,0,1.87454705339752,0,0,0,1.11610378782857,0.951316857058008,4.08958272718169,0,0,0,0,0,0,0,2.78173400387471,0,0,0,0,0,0.961078869798163,0,0,0,0,0,0,0,0,0,0,0,0,2.14027944313237,0,0.813187062204528,0,0,0,0,0,0.908674980847939
1128,0,0,0,0,0,0,0,0,0,0,0,0,0,0,0,0,0,0,0,0,0,0,0,0,0,0,0,0,0,0,0,0,0,0,0,0,0,0,0,0,0,0,0,0,0,0,0,0,0,0,0,0,0,0
1130,0,0,0,0,0,0,0,0,0,0,0,0,0,0,0,0,0,0,0,0,0,0,0,0,0,0,0,0,0,0,0,0,0,0,0,0,0,0,0,0,0,0,0,0,0,0,0,0,0,0,0,0,0,0
1132,0,0,0,0,0,0,0,0,0,0,0,0,0,0,0,0,0,0,0,0,0,0,0,0,0,0,0,0,0,0,0,0,0,0,0,0,0,0,0,0,0,0,0,0,0,0,0,0,0,0,0,0,0,0
1136,0,0,0,0,0,0,0,0,0,0,0,0,0,0,0,0,0,0,0,0,0,0,0,0,0,0,0,0,0,0,0,0,0,0,0,0,0,0,0,0,0,0,0,0,1.56209250666957,0,0,0,0,0,0,0,0,0
1138,0,0,0,0,0,0,0,0,0,0,0,0,0,0,0,0,0,0,0,0,0,0,0,0,0,0,0,0,0,0,0,0,0,0,0,0,0,0,0,0,0,0,0,0,0,0,0,0,0,0,0,0,0,0
1143,0,0.876539980272536,0,0,0,0,0.907096792539785,0,0,0,0.999325778467116,0,0,0,0,0,0,0,0,0,0,0,0,0,0,0,0,0,0,0,0,0,0,0,0,0,0,0,0,0,0,0,0,0,0,0,0,0,0,0,0,1.47506723578603,0,0
1148,0,0,0,0,0,0,0,0,0,0,0,0,0,0,0,0,0,0,0,0,0,0,0,0,0,0,0,0,0,0,0,0,0,0,0,0,0,0,0,0,0,0,0,0,0,0,0,0,0,0,0,0,0,0
1149,0,0,0,0,0,0,0,0,0,0,0,0,0,0,1.09960085430456,0,0,0,0,0,0.844048885129189,0,0,0,0,0,0,0,0,0,0,0,0,0,0,0,0,0,0,0,0,0,0,0,0,0,0,0,0,0,0,0,0,0.908674980847939
1151,0.903309295076332,3.50615992109015,0,0,0,0,0,2.04481890276149,0,0.902166122317409,0,0,0,0,2.19920170860911,0,0,0,0,0,0,0,0,0,0,0.886581760591582,0,0,0,3.16390864724539,0,0,0.961078869798163,0.819310587695601,0,0,0,0.785723567303718,0,0,0,0,0,0,0,0,0,0,0,0,0,0,0,0.908674980847939
1153,0,0,0,0,0,0,0,0,0,0,0,0,0,0,0,0,0,0,0,0,0,0,0,0,0,0,0,0,0,0,0,0,0,0,0,0,0,0,0,0,0,0,0,0,0,0,0,0,0,0,0,0,0,0
1154,0,0,0,0,0,0,0,0,0,0,0,0,0,0,0,0,0,0,0,0,0,0,0,0,0,0,0,0,0,0,0,0,0,0,0,0,0,0,0,0,0,0,0,0,0,0,0,0.813187062204528,0,0,0,0,0,0
1155,0,0,0,0,0,0,0,0,0,0,0,0,0,0,0,0,0,0,0,0,0,0,0,0,0,0.886581760591582,0,0,0.942897354152491,0,0,0,0,0,0,0,0,0,0,0,0,0,0,0,0,0,0,0.813187062204528,0,0,0,0,0,0
1156,0,1.75307996054507,0,0,0,0,0,0,0,0,0,0,0,0,0,0,0,0,0,0,0,0,0,0,1.08340074459836,0,0,0,0,0,0,0,0,0,0,0,0,0,0.832811761267273,0,0.943096182561662,0,0,0,0,0,0,0,1.59393776516312,0,1.85860546510142,0,0,0
1157,0,0,0,0,0,0,0,0,0,0,0,0.663015201117883,0,0,0,0,0,0,0,0,0,0,0,0,0,0,0,0,0,0,0,0,0,0,0,0,0,0,0,0,0,0,0,0,0,0,0,0,0,0,0,0,0,0
1158,0,0,0,0,0,0,0,0,0,0,0,0,0,0,0,0,0,0,0,0,0,0,0,0,0,0,0,0,0,0,0,0,0,0,0,0,0,0,0,0,0,0,0,0,0,0,0,0,0,0,0,0,0,0
1159,0,0,0,0,0,0,0,0,0,0,0,0,0,0,0,0,0,0,0,0,0,0,0,0,0,0,0,0,0,0,0,0,0,0,0,0,0,0,0,0,0,0,0,0,0,0,0,0,0,0,0,0,0,0
1160,0,0,0,0,0,0,0,0,0,0,0,0,0,0,1.09960085430456,0,0,0.951316857058008,0,0,0,0,0,0,0,0,0.927244667958238,0,0,0,0,0,0,0.819310587695601,0,0,0,0,0,0,0.943096182561662,0,0,0,0,2.14027944313237,0,0.813187062204528,0,0,0.929302732550708,0,1.09678960865664,0
1161,0,0,0,0,0,0,0,0,0,0,0,0,0,0,0,0,0,0,0,0,0,0,0,0,0,0,0,0,0,0,0,0,0,0,0,0,0,0,0.832811761267273,0,0,0,0,0,0,0,0,0,0,0,0,0,0,0
1162,0,0,0,0,1.0589770556706,0,0,0,0,0,0,0,0.937273526698761,0,0,0,0,0,0,0,0,0,0,0,0,0,0,0,0,0,0,0,0,0.819310587695601,0,0,0,0,0,0,0.943096182561662,0,0,0,0,0,0,0,0,0,0,0,0,0
1163,0,0,0,0,0,0,0,0,0.910272793242405,0,0,0,0,1.21088559634316,0,0,0,0,0,0,1.68809777025838,0,0,0,0,0,0,0,0,0,0,0,0,0,0,0,0,0,0,1.25385901189721,0,0,0,0,0,0,0.824063590163226,0,0,0.651700149370734,0,0,0,0
1164,0,0,0,0,0,0,0,0,0,0,0,0,0,0,0,0,0,0,0,0,0,0,0,0,0,0,0,0,0.942897354152491,0,1.07703276613234,0,0,0,0,0,0,0.785723567303718,0,0,0,0,0,0,0,0,0,0,0,0,0,0,0,0
1166,0,0,0,0,0,0,0,0,0,0,0,0,0,0,0,0,0,0,0,0,0,0,0,0,0,0,0,0,0,0,0,0,0,0,0,0,0,0,0,0,0,0,0,0,0,0,0,0,0,0,0,0,0,0
1168,32.519134622748,8.76539980272536,17.732170553873,41.0982909169868,23.2974952247531,36.8998154564879,23.5845166060344,41.9187875066106,54.6163675945443,9.9238273454915,6.99528044926981,0.663015201117883,1.87454705339752,24.2177119268632,2.19920170860911,2.16285725883284,4.46441515131428,1.90263371411602,2.04479136359084,3.83484177477603,1.68809777025838,1.03070786942743,11.9038313466162,0,0,0,0,8.05952390969458,5.65738412491494,3.16390864724539,0,1.43407603414644,0,0.819310587695601,0,1.12182576823647,4.87458633908451,3.14289426921487,1.66562352253455,2.50771802379443,0.943096182561662,0,12.2564079061044,0.93533206579746,15.6209250666957,1.07013972156618,0.824063590163226,10.5714318086589,2.39090664774469,3.25850074685367,0,2.95013447157206,4.38715843462657,28.1689244062861
1170,0,0,0,0,0,0,0,0,0,0,0,0,0,0,0,0,0,0,0,0,0,0,0,0,0,0,0,0,0,0,0,0,0,0,0,0,0,0,0,0,0,0,0,0,0,0,0,0,0,0,0,0,0,0
1171,0,0,0,0,0,0,0,0,0,0,0,0,0,0,0,0,0,0,0,0,0,0,0,0,0,0,0,0,0,0,0,0,0,0,0,0,0,0,0,0,0.943096182561662,0.972523513890737,0,0.93533206579746,0,0,0.824063590163226,0,0,0,0,0,0,2.72602494254382
1174,0,0,0,0,0,0,0,0,0,0,0,0,0,0,0,0,0,0,0,0,0,0,0,0,0,0,0,0,0.942897354152491,0,0,0,0,0,0,0,0,0,0,0,0,0,0,0,0,0,0,0,0,0,0,0,0,0
1175,0,0,0,0,0,0,0,0,0,0,0,0,0,0,0,0,0,0,0,0,0,0,0,0,0,0,0,0,0,0,0,0,0,0,0,0,0,0,0,0,0,0,0,0,0,0,0,0,0,0,0,0,0,0
1176,0,0,0,0,0,0,0,0,0,0,0,0,0,0,0,0,0,0,0,0,0,0,0,0,0,0,0,0,0,0,0,0,0,0,0,0,0,0,0,0,0,0,0,0,0,0,0,0,0,0,0,0,0,0
1178,0,0,1.04306885611018,0,0,0.899995498938728,0,0,0,0,0,0,0,0,0,0,0,0,0,0.958710443694007,0,0,1.08216648605602,0,0,0,0,0,0,0,0,0,0,0,0,0,3.65593975431338,0,1.66562352253455,0,0,2.91757054167221,0,0,0,0,0,0.813187062204528,0,0,0.929302732550708,0,0,0
1179,9.03309295076332,4.38269990136268,2.08613771222035,1.95706147223747,3.17693116701179,7.19996399150982,4.53548396269892,1.02240945138075,3.64109117296962,16.2389902017134,5.9959546708027,3.9780912067073,21.5572911140715,1.21088559634316,9.896407688741,5.4071431470821,3.34831136348571,6.65921799940605,6.13437409077253,1.91742088738801,1.68809777025838,7.21495508599199,0,3.6840723971684,8.66720595678687,0,12.9814253514153,17.270408377917,5.65738412491494,12.6556345889816,12.9243931935881,14.3407603414644,10.5718675677798,19.6634541046944,13.8516593009888,4.48730307294589,21.9356385258803,21.2145363172004,14.1577999415436,27.5848982617387,5.65857709536997,20.4229937917055,18.3846118591566,10.2886527237721,45.3006826934177,28.893772482287,9.88876308195872,52.0439719810898,6.37575106065249,16.2925037342683,10.2223300580578,5.90026894314411,18.6454233471629,2.72602494254382
1180,0,0,0,0,0,0,0,0,0,0,0,0,0,1.21088559634316,0,0,0,0,3.06718704538627,0,0,0,0,0,0,0,0,0,0,3.16390864724539,0,0,0,0,0,0,0,0,0,0,0,0,0,0,0,1.07013972156618,0,0,0,0,0,0,0,0
1182,0,0,0,0,0,0,0,0,0,0,0,1.32603040223577,0,0,0,0,0,0,0,0.958710443694007,0,0,0,0,0,0,0,0,0,0,0,0,0,0,0,0,0,0,0,0,0,0,0,0,0,0,0,0,0,0,0,0,0,0
1184,0,0,0,0,0,0,0,0,0,0,0,0,0,0,0,0,0,0,0,0,0,0,0,0,0,0,0,0,0,0,0,0,0,0,0,0,0,0,0,0,0,0,0,0,0,0,0,0,0,0,0,0,0,0
1186,0,0,0,0,0,0,0,0,0,0,0,0,0,0,0,0,0,0,0,0,0,0,0,0,0,0,0,0,0,0,0,0,0.961078869798163,0,0,0,0,0,0,0,0,0,0,0,0,0,0,0,0,0,0,0,0,0
1188,0,0,0,0,0,0,0,0,0,0,0,0,0,0,0,0,0,0,0,0,0,0,0,0,1.08340074459836,0,0,0,0,0,0,0,0,0,0,1.12182576823647,0,0,0,3.76157703569164,0,0,0,0,0,1.07013972156618,0,0,0,0,0,0,0,0.908674980847939
1189,0,0,0,0,0,0,0,0,0,0,0,0,0,0,0,0,0,0,0,0,0,0,0,0,0,0,0,0,0,0,0,0,0,0,0,0,0,0,0,0,0,0,0,0,0,0,0,0,0,0,0,0,0,0
1194,0,0,0,0,0,0,0,0,0,0,0,0,0,0,0,0,0,0.951316857058008,0,0.958710443694007,0,0,0,0,0,0.886581760591582,0,1.1513605585278,0,0,0,2.86815206829288,0,0.819310587695601,0,0,0,0.785723567303718,0,0,0,0,0,0,0,0,0,0,0,0,0,0,0,0
1196,0,0,0,0,0,0,0,0,0,0,0,0,0,0,0,0,0,0,0,0,0,0,0,0,0,0,0,0,0,0,0,0,0,0,0,0,0,0,0,0,0,0,0,0,0,0,0,0,0,0,0,0,0,0
1197,0,0,0,0,0,0,0,0,0,0,0,0,0,0,0,0,0,0,0,0,0,0,0,0,0,0,0,0,0,0,0,0,0,0,0,0,0,0,0,0,0,0,0,0,0,0,0,0,0,0,0,0,0,0
1198,0,0,0,0,0,0,0,0,0,0,0,0,0,0,0,0,0,0,0,0,0,0,0,0,0,0,0,0,0,0,0,0,0,0,0,0,0,0,0,0,0,0,0,0,0,0,0,0,0,0,0,0,0,0
1199,0,0,0,0,0,0,0,0,0,0,0,0,0,0,0,0,0,0,0,0,0,0,0,0,0,0,0,0,0,0,0,0,0,0,0,0,0,0,0,0,0,0,0,0,0,0,0,0,0,0,0,0,0,0
1200,0,0,0,0,0,0,0,0,0,0,0,0,0,0,0,0,0,0,0,0,0,0,0,0,0,0,0,0,0,0,0,0,0,0,0,0,0,0,0,0,0,0,0,0,0,0,0,0,0,0,0,0,0,0
1201,0,0,0,0,0,0,0,0,0,0,0,0,0,0,0,0,0,0,0,0,0,0,0,0,0,0,0,0,0,0,0,0,0,0,0,0,0,0,0,0,0,0,0,0,0,0,0,0,0,0,0,0,0,0
1202,0,0,0,0,0,0,0,0,0,0,0.999325778467116,0,0,0,0,0,0,0,0,0,0,0,0,0,0,0,0,0,0,0,0,0,0,0,0,0,0,0,0,0,0,0,0,0,0,0,0,0,0,0,0,0,0,0
1203,0,0,1.04306885611018,0,0,0,0,0,0,0,0,0,0,0,0,1.08142862941642,0,0,0,0,0,0,0,0,0,0,0,0,0,0,0,0,0,0,0,0,0,0,0,0,0,0,0,0,0,0,0,0,0,4.56190104559514,0,0,0,0
1205,0,0,0,0,0,0,0,0,0,0,0,0,0,0,0,0,0,0,0,0,0,0,0,0,0,0,0,0,0,0,0,0,0,0,0,0,0,0,0,0,0,0,0,0,0,0,0,0,0,0,0,0,0,0
1206,0,0,0,0,0,0,0,0,0,0,0,0,0,0,0,0,0,0,0,0,0,0,0,0,0,0,0,0,0,0,0,0,0,0,0,0,0,0,0,0,0,0,0,0,0,0,0,0,0,0,0,0,0,0
1208,0,0,0,0,0,0,0,0,0,0,0,0,0,0,0,0,0,0,0,0,0,0,0,0,0,0,0,0,0,0,0,0,0,0,0,0,0,0,0,0,0,0,0,0,0,0,0,0,0,0,0,0,0,0
1209,0,0,0,0,0,0,0,0,0,0,0,0,0,0,0,0,0,0,0,0,0,0,0,0,0,0,0,0,0,0,0,0,0,0,0,0,0,0,0,0,0,0,0,0,0,0,0,0,0,0,0,0,0,0
1210,0,0,0,0,0,0,0,0,0,0,0,0,0,0,0,0,0,0,0,0,0,0,0,0,0,0,0,0,0,0,0,0,0,0,0,0,0,0,0,0,0,0,0,0,0,0,0,0,0,0,0,0,0,0
1211,0,0,0,0,0,0,0,0,0,0,0,0,0,0,0,0,0,0,0,0,0,0,0,1.22802413238947,0,0,0,0,0,0,0,0,0,0,0,0,0,0,0,0,0,0,0,0,0,0,0,0,0,0,0,0,0,0
1212,0,0,0,0,0,0,0,0,0,0,0,0,0,0,0,0,0,0,0,0,0,0,0,0,0,0,0,0,0,0,0,0,0,0,0,0,0,0,0,0,0,0,0,0,0,0,0,0,0,0,0,0,0,0
1216,0,0,0,0,0,0,0,0,0,0,0,0,0,0,0,0,0,0,0,0,0,0,0,0,0,0,0,0,0,0,0,0,0,0,0,0,0,0,0,0,0,0,0,0,0,0,0,0,0,0,0,0,0,0
1217,0,0,0,0,0,0,0,0,0,0,0,0,0,0,0,0,0,0,0,0,0,0,0,0,0,0,0,0,0,0,0,0,0,0,0,0,0,0,0,0,0,0,0,0,0,0,0,0,0,0,0,0,0,0
1219,0,0,0,0,0,0,0,0,0,0,0,0,0,0,0,0,0,0,0,0,0,0,0,0,0,0,0,0,0,0,0,0,0,0,0,0,0,0,0,0,0,0,0,0,0,0,0,0,0,0,0,0,0,0
1220,0,0,2.08613771222035,0,0,0,0,0,0,0,0,0,0.937273526698761,0,0,0,0,0,1.02239568179542,0,0,0,2.16433297211204,0,0,0.886581760591582,0,0,0,1.05463621574846,0,0,1.92215773959633,0,0,0,0,0.785723567303718,0,0,0,0,0,0,0,0,0.824063590163226,0.813187062204528,0,0,0,0,0,0
1223,0,0,0,0,0,0,0,0,0,0,0,0,0,0,0,0,0,0,0,0,0,0,0,0,0,0,0,0,0,0,0,0,0,0,0,0,0,0,0,0,0,0,0,0,0,0,0,0,0,0,0,0,0,0
1224,0,0,0,0,0,0,0,0,0,0,0,0,0,0,0,0,0,0,0,0,0,0,0,0,0,0,0,0,0,0,0,0,0,0,0,0,0,0,0,0,0,0,0,0,0,0,0,0,0,0,0,0,0,0
1225,1.80661859015266,0,1.04306885611018,0.978530736118733,0,0,0,0,2.73081837972721,1.80433224463482,0,2.65206080447153,2.81182058009628,4.84354238537263,1.09960085430456,2.16285725883284,0,0,1.02239568179542,0,0.844048885129189,6.18424721656456,0,0,4.33360297839344,0.886581760591582,0.927244667958238,1.1513605585278,1.88579470830498,1.05463621574846,0,7.1703801707322,2.88323660939449,0.819310587695601,0.989404235784912,0,2.43729316954225,1.57144713460744,0,1.25385901189721,0.943096182561662,1.94504702778147,1.22564079061044,4.6766603289873,3.12418501333915,1.07013972156618,1.64812718032645,2.43956118661358,0.796968882581562,2.60680059748294,0.929302732550708,1.47506723578603,3.29036882596993,0
1227,0,0,0,0,0,0,0,0,0,0,0,0,0,0,0,0,0,0,0,0,0,0,0,0,0,0,0,0,0,0,0,0,0,0,0,0,0,0,0,0,0,0,0,0,0,0,0,0,0,0,0,0,0,0
1229,0,0,0,0,0,0,0,0,0,0,0,0.663015201117883,0,0,0,0,0,0,0,0,0,0,0,0,0,0,0,0,0,0,0,1.43407603414644,0,0,0,0,0,0,0,0,0,0,0,0,0,0,0,0,0,0,0,0,0,0
1230,0,0,0,0,0,0,0,0,0,0,0,0,0,0,1.09960085430456,0,0,0,0,0,0,0,0,0,0,0,0.927244667958238,0,0,0,0,0,0,0,0,0,0,0,0,0,0,0,0,0.93533206579746,0,0,0,0,0,0,0,0,0,0.908674980847939
1233,0,0,0,0,0,0,0,0,0,0,0,0,0,0,0,0,0,0,0,0,0,0,0,0,0,0,0,0,0,0,0,0,0,0,0,0,0,0,0,0,0,0,0,0,0,0,0,0,0,0,0,0,0,0
1234,0,0,0,0,0,0,0,0,0.910272793242405,0,0,0,0,0,0,0,0,0,0,0,0,0,0,0,0,0,0,0,0,0,0,0,0,0,0,0,0,0,0,0,0,0,0,0,0,0,0,0,0,0,0,0,0,0
1236,0,0,0,0.978530736118733,0,0,0,0,0,0,0.999325778467116,0,0.937273526698761,0,0,0,0,0.951316857058008,0,0,0,0,0,0,0,0,0,2.30272111705559,0,0,1.07703276613234,0,0,0,0,0,0,0,0,0,0.943096182561662,0.972523513890737,0,0,0,0,0,0,0.796968882581562,0,0,0,0,0
1237,0,0,0,0,0,0,0.907096792539785,0,0,0,0,0,0,0,0,0,0,0,0,0,0,0,0,0,0,0,0,1.1513605585278,0,0,0,0,0,0,0,0,0,0,0,0,0,0,0,0,0,0,0,0,0,0,0,0,0,0
1239,0,0,0,0,0,0,0,0,0,0,1.99865155693423,0,0.937273526698761,0,1.09960085430456,0,0,1.90263371411602,0,0,0,0,0,0,0,0.886581760591582,0,1.1513605585278,0,0,1.07703276613234,0,0,0,0,0,0,0,0,0,0,0.972523513890737,0,0,0,0,0,0,0,0,0,0,0,0
1242,0,0,0,0,0,0,0,0,0,0,0,0,0,0,0,0,0,0,0,0,0,0,0,0,0,0,0,0,0,0,0,0,0,0,0,0,0,0,0,0,0,0,0,0,0,0,0,0,0,0,0,0,0,0
1244,0,0,0,0,0,0,0.907096792539785,0,0,0,0,0,0,0,0,0,0,0,0,0,0,0,0,0,0,0,0,0,0,0,0,0,0,0,0,0,0,0,0,0,0,0,0,0,0,0,0,0,0,0,0,0,0,0
1245,0,0,0,0,0,0,0,0,0,0,0,0,0,0,0,0,0,0,0,0,0,0,0,0,0,0,0.927244667958238,0,0,0,0,0,0,0,0,0,0,0,0,0,0,0,0,0,0,0,0,0,0,0,0,0,0,0
1246,0,0,0,0,0,0,0,0,0,0,0,0,0,0,0,0,0,0,0,0,0,0,0,1.22802413238947,0,0,0,0,0,0,0,0,0,0,0,0,0,0,0,0,0,0,0,0,0,0,0,0,0,0,0,0,0,0
1247,0,0,0,0,0,0,0,0,0,0,0,0,0,0,0,0,0,0,0,0,0,0,0,0,0,0,0,0,0,0,0,0,0,0,0,0,0,0,0,0,0,0,0,0,0,0,0,0,0,0,0,0,0,0
1248,0,0,0,0,0,0,0,0,0,0,0,0,0.937273526698761,0,0,0,0,0,0,0,0.844048885129189,0,0,0,1.08340074459836,0.886581760591582,0,0,0,0,2.15406553226468,0,0,0,0,0,0,0,0,0,0,0,0,0.93533206579746,0,0,0,0,0,0,0,0,0,0
1249,0,0,0,0,0,0,0,0,0,0,0,0,0.937273526698761,0,1.09960085430456,0,0,0,0,0,0,0,0,0,0,0,0,1.1513605585278,0,0,1.07703276613234,0,0.961078869798163,0,0,1.12182576823647,0,0,0,0,0,0,0,0,0,0,0,0,0,0.651700149370734,0,0,0,0
1250,0,0,0,0,0,0,0,0,0,0,0,0,0,0,0,0,0,0,0,0,0,0,0,0,0,0,0,0,0,0,0,0,0,0,0,0,0,0,0,0,0,0,0,0,0,0,0,0,0,0,0,0,0,0
1251,0,0,0,0,0,0,0,0,0,0,0.999325778467116,0,0,0,0,0,0,0,0,0,0,0,0,0,0,0,0.927244667958238,0,0,0,0,0,0,0.819310587695601,0.989404235784912,0,0,0,0,1.25385901189721,0,0.972523513890737,1.22564079061044,0,1.56209250666957,1.07013972156618,0,1.62637412440906,0,0,0,1.47506723578603,0,0
1256,0,0,0,0,0,0,0,0,0,0,0,0,0,0,0,0,0,0,0,0,0,0,0,0,0,0,0,0,0,0,0,0,0,0,0,0,0,0,0,0,0,0,0,0,0,0,0,0,0,0,0,0,0,0
1257,0,0,0,0,0,0,0,0,0,0,0,0,0,0,0,0,0,0,0,0,0,0,0,0,0,0,0,0,0,0,0,0,0,0,0,0,0,0,0,2.50771802379443,0,0,0,0,0,1.07013972156618,0,0,0,0,0,0,0,0
1259,0,0,0,0,0,0,0,0,0,0,0,0,0,0,0,0,0,0.951316857058008,0,0,0,0,0,0,0,0,0,0,0,0,0,0,0,0,0,0,0,0,0,0,0,0,0,0,0,0,0,0,0,0,0,0,0,0
1262,0,0,0,0,0,0,0,0,0,0,0,0,0,0,0,0,0,0,0,0,0,0,0,0,0,0,0,0,0,0,0,0,0,0,0,0,0,0,0,0,0,0,0,0,0,0,0,0,0,0,0,0,0,0
1264,0.903309295076332,0,0,0,0,0,0,0,0.910272793242405,0.902166122317409,0,1.32603040223577,0,0,0,0,0,0,0,0,0,0,0,0,0,0,0.927244667958238,0,0,0,0,0,0.961078869798163,0,0,1.12182576823647,0,0,0,1.25385901189721,0,0,0,0,0,0,0,0.813187062204528,0,0,0,0,0,0.908674980847939
1265,0,0,0,0,0,0,0,0,0,0,0.999325778467116,0.663015201117883,0,0,0,0,0,0,0,0,0,0,0,1.22802413238947,0,0,0,0,0,0,0,0,0,0,0,0,0,0,0,0,0,0,0,0,0,0,0,0,0,0,0,0,0,0
1266,0.903309295076332,0,0,0,0,0,0,0,0,0,0,0,0,0,0,0,0,0,1.02239568179542,0,1.68809777025838,0,0,0,0,0,0,0,0,0,0,0,0,0,0,0,0,0,0,0,0,0,0,0,0,0,0,0,0,0,0,0,0,0
1267,0,0,0,0,0,0,0,0,0,0,0,0,0,2.42177119268632,0,0,0,0,0,0,0,0,0,0,0,0,0,0,0,0,0,0,0,0,0,0,0,0,0,0,0,0,0,0,0,0,0,0,0,0,0,0,0,0
1268,0,0,0,0,0,0,0,0,0,0,0,0,0,0,0,0,0,0,0,0,0.844048885129189,0,0,0,0,0,0,0,0,0,1.07703276613234,0,0,0,0,0,0,0,0,0,0,0,0,0,0,0,0,0,0,0,0,0,0,0
1269,0,0,0,0,0,0,0,0,0,0,0,0,0,0,0,0,0,0,0,0,0,0,0,0,0,0,0,0,0,0,0,0,0,0,0,0,0,0,0,0,0,0,0,0,0,0,0,0,0,0,0,0,0,0
1271,0,0,0,0,0,0,0,0,0,0,0,0,0,0,0,0,0,0,0,0,0,0,0,0,0,0,0,0,0,0,0,0,0,0,0,0,0,0,0,0,0,0,0,0.93533206579746,0,0,0,0,0,0,0,0,0,0
1274,0,0,1.04306885611018,0,0,0,0,0,0,0,0,0,0,0,0,0,0,0,0,0,0,0,0,0,0,0.886581760591582,0,0,0,0,0,0,0,0,0,0,0,0,0,0,0,0,2.45128158122089,0,0,0,0,0,0,0,0,0,0,0
1275,0,0,0,0,0,0,0,0,0,0,0,0,0,0,0,0,0,0,0,0,0,0,0,0,0,0,0,0,0,0,0,0,0,0,0,0,0,0,0,0,0,0,0,0,0,0,0,0,0,0,0,0,0,0
1276,0,0,0,0.978530736118733,0,0,0,0,0,0,0,0,0,0,0,0,0,0,0,0,0,0,0,1.22802413238947,0,0,0,0,0,0,0,0,0,0,0,0,0,0,0,0,0,0,0,0,0,0,0.824063590163226,0,0,0,0,0,0,0
1278,0,0,0,0,0,0,0,0,2.73081837972721,0,0,1.98904560335365,0,0,2.19920170860911,0,0,0,1.02239568179542,0,6.75239108103351,0,0,1.22802413238947,2.16680148919672,0.886581760591582,2.78173400387471,0,2.82869206245747,0,0,0,0,0,0,0,1.21864658477113,0,0.832811761267273,0,0,0,0,1.87066413159492,0,0,0,0,0,1.9551004481122,0,0,0,0.908674980847939
1280,0,0,0,0,0,0,0,0,0,0,0,0,0,3.63265678902947,0,0,0,0,0,0,0,0,0,0,0,0,0,0,0,0,0,0,0.961078869798163,0,0,0,0,0,0,0,0,0,0,0,0,0,0,0,0,0,0,0,0,0
1281,0,0,0,0.978530736118733,1.0589770556706,0,1.81419358507957,0,0,0,0.999325778467116,0.663015201117883,0,0,1.09960085430456,0,0,0.951316857058008,0,0.958710443694007,0.844048885129189,0,3.24649945816807,2.45604826477893,0,0.886581760591582,0.927244667958238,0,0.942897354152491,0,0,0,0.961078869798163,0.819310587695601,0,0,0,0,0,0,0,0,0,0,1.56209250666957,0,0,0,1.59393776516312,0,0,0,0,0
1284,0.903309295076332,2.62961994081761,1.04306885611018,2.9355922083562,0,1.79999099787746,1.81419358507957,1.02240945138075,0,1.80433224463482,0,1.32603040223577,0,0,3.29880256291367,0,0,0,2.04479136359084,0,2.53214665538757,0,0,0,0,0,0,1.1513605585278,0,1.05463621574846,0,0,0.961078869798163,0,0,0,0,0.785723567303718,0,0,2.82928854768498,0,3.67692237183133,0.93533206579746,1.56209250666957,0,0,4.06593531102264,2.39090664774469,1.9551004481122,0.929302732550708,0,0,1.81734996169588
1285,0.903309295076332,0,1.04306885611018,0,0,0,0.907096792539785,5.11204725690373,0,0.902166122317409,0,1.98904560335365,0,0,0,0,0,2.85395057117402,1.02239568179542,0,2.53214665538757,0,0,0,4.33360297839344,3.54632704236633,1.85448933591648,0,1.88579470830498,2.10927243149693,1.07703276613234,0,1.92215773959633,1.6386211753912,0.989404235784912,1.12182576823647,0,2.35717070191115,0,1.25385901189721,0.943096182561662,0.972523513890737,1.22564079061044,0,3.12418501333915,1.07013972156618,0.824063590163226,0,0.796968882581562,0.651700149370734,1.85860546510142,0,0,0.908674980847939
1286,1.80661859015266,0.876539980272536,1.04306885611018,0,1.0589770556706,0,0.907096792539785,5.11204725690373,1.82054558648481,0.902166122317409,0,1.32603040223577,4.68636763349381,0,2.19920170860911,2.16285725883284,4.46441515131428,2.85395057117402,1.02239568179542,1.91742088738801,1.68809777025838,3.09212360828228,3.24649945816807,3.6840723971684,2.16680148919672,0.886581760591582,3.70897867183295,5.75680279263899,0,1.05463621574846,3.23109829839702,1.43407603414644,2.88323660939449,2.4579317630868,1.97880847156982,2.24365153647295,2.43729316954225,3.14289426921487,4.16405880633637,0,5.65857709536997,0.972523513890737,0,6.54732446058222,12.4967400533566,11.771536937228,1.64812718032645,11.3846188708634,3.18787553032625,2.60680059748294,0,2.95013447157206,3.29036882596993,1.81734996169588
1287,0,0,0,0,0,0,0,0,0,0,0,0,0,0,0,0,0,0,0,0,0,0,0,0,0,0,0,0,0,0,0,0,0,0,0,0,0,0,0,0,0,0,0,0,0,0,0,0,0,0,0,0,0,0
1288,0,0,0,0,0,0,0,0,0,0.902166122317409,0,0,0,0,1.09960085430456,0,1.11610378782857,0,0,0,0,0,0,0,0,0,0,0,0,0,0,0,0,0,0,0,0,0,0,0,0,0,0,0,0,0,0,0,0,0,0,0,0,0
1290,0,0,0,0,0,0,0,0,0,0,0,0,0,0,0,0,0,0,0,0,0,0,0,0,0,1.77316352118316,0.927244667958238,0,0,0,0,0,3.84431547919265,0,0,0,0,2.35717070191115,0,0,0,0,0,0,0,2.14027944313237,0,0,0.796968882581562,0,0,0,0,0
1291,0,0,0,0,0,0,0,0,0,0,0,0,0,0,0,0,0,0,0,0,0,0,0,0,0,0,0,0,0,0,0,1.43407603414644,0,0,0,0,0,0.785723567303718,0,0,0,0,0,0,0,0,0,0,0,0,0,1.47506723578603,0,1.81734996169588
1294,0,0,0,0,0,0,0,0,0,0,0,0,0,0,0,0,0,0,0,0,0,0,0,0,0,0,0,0,0,0,0,0,0,0,0,0,0,0,0,0,0,0,0,0,0,0,0,0,0,0,0,0,0,0
1296,0,0,0,0,0,0,0,1.02240945138075,0,0,0,0,0,0,0,0,0,0,0,0,0.844048885129189,0,0,0,0,0,0,0,0,0,0,0,0,0,0,0,0,0,0,0,0,0,0,0,0,0,0,0,0,0,0,0,0,0
1298,0,0,0,0,0,0,0,0,0.910272793242405,0,0,0,0,0,0,0,0,0,0,0,0,0,0,0,0,0,0,0,0,0,0,0,0,0,0,0,0,0,0,0,0,0,0,0,0,0,0,0,0,0,0,0,0,0
1299,0,0,0,0,0,0,0,0,0,0,0,0,0,0,0,0,0,0,0,0,0,0,0,0,0,0,0,0,0,0,0,0,0,0,0,0,0,0,0,0,0,0,0,0,0,0,0,0,0,0,0,0,0,0
1300,0,0,0,0,0,0,0,0,0,0,0,0,0,0,0,0,0,0,0,0,0,0,0,0,0,0,0,0,0,0,0,0,0,0,0,0,0,0,0,0,0,0,0,0,0,0,0,0,0,0,0,0,0,0
1302,0,0,0,3.91412294447493,0,6.2999684925711,1.81419358507957,0,0,0.902166122317409,1.99865155693423,0,0,0,0,0,2.23220757565714,0,0,1.91742088738801,0,0,0,0,0,0,0.927244667958238,0,0,0,0,4.30222810243932,0,0,0.989404235784912,1.12182576823647,2.43729316954225,0,0.832811761267273,0,0,0,0,0,0,0,0,0,2.39090664774469,0,0.929302732550708,0,0,0
1303,0.903309295076332,0,0,0,0,0,0,0,0,0,0,0,0,0,0,0,0,0,0,0,0,0,0,0,0,0,0,0,0,0,0,0,0,0,0,0,0,0,0,0,0,0,0,0,0,0,0,0,0,0,0,0,0,0
1308,0,0,0,0,0,0,0,0,0,0,0,0,0,0,0,0,0,0,0,0,0,0,0,0,0,0,0,0,0,0,0,0,0,0,0,0,0,0,0,0,0,0,0,0,0,0,0,0,0,0,0,0,0,0
1309,0,0,0,0,0,0,0,0,0,0,0,0,0,0,0,0,0,0,0,0,0,0,0,0,0,0,0,0,0,0,0,0,0,0,0,0,0,0,0,0,0,0,0,0,0,0,0,0,0,0,0,0,0,0
1310,0,0,0,0,0,0,0,0,0,0,0,0,0,1.21088559634316,0,0,0,0,0,1.91742088738801,0.844048885129189,0,0,0,0,0,0,0,0,1.05463621574846,0,0,0.961078869798163,0,0,0,0,0,0,0,0,0,0,0,0,0,0,0,0,0,0,0,0,0
1313,4.51654647538166,6.13577986190775,1.04306885611018,2.9355922083562,0,0,6.34967754777849,1.02240945138075,2.73081837972721,3.60866448926964,1.99865155693423,0,1.87454705339752,8.47619917440211,0,0,0,0,1.02239568179542,0,0.844048885129189,1.03070786942743,1.08216648605602,0,2.16680148919672,1.77316352118316,4.63622333979119,0,1.88579470830498,4.21854486299386,1.07703276613234,0,6.72755208858714,0.819310587695601,0.989404235784912,0,0,1.57144713460744,0,0,0.943096182561662,0,0,0,1.56209250666957,2.14027944313237,4.94438154097936,0,0,0,0,4.42520170735808,2.19357921731328,1.81734996169588
1315,0,0,0,0,0,0,0,0,0,0,0,0,0,0,1.09960085430456,0,0,0,0,0,0,0,0,0,0,0,0,0,0,0,0,0,0,0,0,0,0,0,0,0,0,0,0,0,0,0,0,0,0,0,0,0,0,0.908674980847939
1316,0.903309295076332,4.38269990136268,0,0,0,0,1.81419358507957,1.02240945138075,0,0,0,0.663015201117883,0,0,0,0,1.11610378782857,0.951316857058008,0,0,1.68809777025838,0,0,0,0,0,0,0,0,3.16390864724539,0,1.43407603414644,0,0,2.96821270735474,0,4.87458633908451,0,0,0,0,0,0,0,1.56209250666957,0,0,7.31868355984075,1.59393776516312,0.651700149370734,0,0,0,0
1317,0,0,0,0,0,0,0,0,0,2.70649836695223,0,0,0,0,0,0,0,0,0,0,0,0,0,0,0,0,0,0,0,0,0,0,0,0,0,0,0,0,0,0,0,0,0,0,0,0,0,0,0,0,0,0,0,0
1321,0,0,0,0,0,0,0,0,0,0,0.999325778467116,0,0,0,0,0,0,0,0,0,0,0,0,0,0,0,0.927244667958238,1.1513605585278,0,0,0,0,0,0,0,0,0,0,0,0,0,0,0,0,0,0,0,0.813187062204528,0,0,0,0,0,0
1323,0,0,0,0,0,0,0,0,0,0,0,0,0,0,0,0,0,0,0,0.958710443694007,0,0,0,0,0,0,0,1.1513605585278,0,0,0,0,0,0,0,0,0,0,0,0,0,0,0,0,0,0,0,0.813187062204528,0,0.651700149370734,0,0,0,0
1324,0,0,0,0,0,0,0,0,0,0,0,0,0,0,0,0,0,0,0,0,0,0,0,0,0,0,0,0,0,0,0,0,0,0,0,0,0,0,0,0,0,0,0,0,0,0,0,0,0,0,0,0,0,0
1325,0,0,0,0,0,0,0,0,0,0,0,0,0,0,0,1.08142862941642,1.11610378782857,0,0,0,0,0,0,0,0,0,0,0,0,0,0,0,0,0,0,0,0,0,0,0,0,0.972523513890737,0,0,0,0,0.824063590163226,0,0,0,0,0,0,0
1329,0,0,2.08613771222035,0,0,0,0,0,0,0,0,3.31507600558942,0,0,0,0,0,0,2.04479136359084,1.91742088738801,0,0,1.08216648605602,0,0,0.886581760591582,0,10.3622450267502,0,0,2.15406553226468,0,0,0.819310587695601,0,0,0,0,0.832811761267273,0,0,1.94504702778147,2.45128158122089,0,0,0,0,0.813187062204528,1.59393776516312,3.25850074685367,0.929302732550708,0,0,0
1334,0,0,0,0,0,0,0,0,0,0,0,0,0,0,0,0,0,0,0,0,0,0,0,0,0,0,0,0,0,0,0,0,0,0,0,0,0,0,0,0,0,0,0,0,0,0,0,0,0,0,0,0,0,0
1335,0,0,0,0,0,0,0,0,0,0,0,0,0,0,0,0,0,0,0,0,0,0,0,0,0,0,0,0,0,0,0,0,0,0,0,0,0,0,0,0,0,0,0,0,0,0,0,0,0,0,0,0,0,0
1336,0,0,0,0,0,0,0,0,0,0,0,0,0,0,0,0,0,0,0,0,0,0,0,0,0,0,1.85448933591648,0,0,0,1.07703276613234,0,0,0,0,0,0,0,0,0,0,0,0,0.93533206579746,0,0,0,0,0,0,0,0,0,0
1339,0,0.876539980272536,0,0,0,0,0,0,0,0,0,0,0,0,1.09960085430456,0,0,0.951316857058008,0,0,0,0,0,1.22802413238947,0,0,0,0,0,0,0,0,0,0,0,0,0,0,0,1.25385901189721,0,0,1.22564079061044,0,0,1.07013972156618,1.64812718032645,0,0,0,0,0,0,0
1342,0,0,0,0,0,0,0,0,0,0,0,0,0.937273526698761,0,0,0,0,0,0,0,0,0,0,0,0,0,0,0,0,0,0,0,0,0,0,0,0,0,0,0,0,0,0,0,0,0,0,0,0,0,6.50511912785496,0,0,0
1343,0,0,0,0,0,0,0,0,0,0.902166122317409,0,0,0,0,0,0,0,0,0,0,0,0,0,0,0,0,0,0,0,0,0,0,0,0,0,0,0,0,0,0,0,0,0,0,0,1.07013972156618,0,0,0,0,0,0,0,0
1347,0,0,0,0,0,0,0,0,0,0,0,0,0,1.21088559634316,0,0,0,0,0,0,0,0,0,0,1.08340074459836,0,0,0,0,0,1.07703276613234,0,0,0.819310587695601,0,0,0,0,0,0,0,0,1.22564079061044,0,0,2.14027944313237,0,0,0,0,0,0,0,0
1349,0,0,0,0,0,0,0,0,0,0,0,0,0,0,0,0,0,0,0,0,0,0,0,0,0,0,0,0,0,0,0,0,0,0,0,0,0,0,0,0,0,0,0,0,0,0,0,0,0,0,0,0,0,0
1350,0,0,0,0,0,0,0.907096792539785,0,0,0,0,0,0,0,0,0,0,0.951316857058008,0,0,0,0,0,0,1.08340074459836,0,1.85448933591648,0,0,0,0,1.43407603414644,0,0,0,0,0,0,0,0,0,0,0,0,1.56209250666957,0,0,1.62637412440906,0,0,0,0,0,0
1351,0,0,0,0,0,0,0,0,0,0,0,0,0,0,0,0,0,0,0,0,0,0,0,0,0,0,0,0,0,0,0,0,0,0,0,0,0,0,0,0,0,0,0,0,0,0,0,0,0,0,0,0,0,0
1352,0,0,0,0,0,0,0,0,0,0,0,0,0,0,0,0,0,0,0,0,0,0,0,0,0,0,0,0,0,0,0,0,0,0,0,0,0,0,0,0,0,0,0,0,0,0,0,0,0,0,0,0,0,0
1356,0,0,0,0,0,0,0,0,0,0,0,0,0,0,0,0,0,0,0,0,0,0,0,0,0,0,0,0,0,0,0,0,0,0,0,0,0,0,0,0,0,0,0,0,0,0,0,0,0,0,0,0,0,0
1359,0,0,0,0,0,0,0,0,0,0,0,0,0,0,0,0,0,0,0,0,0,0,0,0,0,0,0,0,0,0,0,0,0,0,0,0,0,0,0,0,0,0,0,0,0,0,0,0,0,0,0,0,0,0
1362,0,0,0,0,0,0,0,0,0,0,0,0,0,0,0,0,0,0,0,0,0,0,0,0,0,0,0,0,0,0,0,0,0,0,0,0,0,0.785723567303718,0,0,0,0,0,0,0,0,0,0.813187062204528,0,0,0,0,0,0
1365,0,0,0,0,0,0,0,0,0,0,0,0,0,0,0,0,0,0,0,0,0,0,0,0,0,0,0,0,0,0,0,0,0,0,0,0,0,0,0,0,0,0,0,0,0,0,0,0,0,0,0,0,0,0
1366,0,0,0,0,0,0,0,0,0,0,0,0,0,0,0,0,0,0,0,0,0,0,0,0,0,0,0,0,0,0,0,0,0,0,0,0,0,0,0,0,0,0,0,0,0,0,0,0,0,0,0,0,0,0
1368,0,0.876539980272536,0,0,0,0,0,0,0,0,0,0,0,0,0,0,0,0,0,0,0,0,0,0,1.08340074459836,0,0,0,0,0,0,0,0,0,0,0,0,0,0,0,0,0,0,0,0,0,0,0,0,0,0,0,0,0
1370,0,0,0,0,0,0,0,0,0,0,0,0,0,0,0,0,0,0,0,0,0,0,0,0,0,0,0,0,0,0,1.07703276613234,0,0,0,0,0,0,0,0,0,0,0,0,0,0,0,0,0,0,0,0,0,0,0
1371,1.80661859015266,10.5184797632704,10.4306885611018,5.8711844167124,3.17693116701179,2.69998649681618,4.53548396269892,0,1.82054558648481,6.31516285622187,0.999325778467116,6.63015201117883,0,4.84354238537263,8.79680683443645,4.32571451766568,1.11610378782857,7.61053485646406,14.3135395451359,0,8.44048885129189,2.06141573885485,4.32866594422409,2.45604826477893,4.33360297839344,2.65974528177475,2.78173400387471,11.513605585278,2.82869206245747,7.38245351023925,2.15406553226468,0,1.92215773959633,3.2772423507824,5.93642541470947,7.85278037765532,0,2.35717070191115,1.66562352253455,1.25385901189721,0.943096182561662,4.86261756945369,1.22564079061044,0,0,2.14027944313237,7.41657231146904,11.3846188708634,0.796968882581562,5.21360119496587,5.57581639530425,0,3.29036882596993,6.36072486593557
1372,0,0,0,0,0,1.79999099787746,0,0,0,0,0,0.663015201117883,0,0,3.29880256291367,0,0,0,0,0,0,0,0,0,0,0,0,0,0,0,0,0,0,0.819310587695601,0,0,0,0,0.832811761267273,0,0,0.972523513890737,0,0,0,0,0,0,0,0,0,0,0,0
1374,0,0,0,0,0,0,0.907096792539785,0,0,0,0,0,0,0,0,0,0,0,0,0,0,0,0,0,0,0,0,0,0,0,0,0,0,0,0,0,0,0,0,0,0,0,0,0,0,0,0,0,0,1.30340029874147,0,0,0,0
1376,0,0,0,0,0,0,0,0,0,0,0,0,2.81182058009628,0,0,0,1.11610378782857,0,0,0,0,0,0,0,0,0,0,0,0,0,0,0,0,0,0,0,0,0,0,1.25385901189721,0,0,0,0,0,0,0,0,0,0,0,0,0,0
1378,0,0,0,0,0,0,0,0,0,0,0,0,0,0,0,0,0,0,0,0,0,0,0,0,0,0,0,0,0,0,0,0,0,0,0,0,0,0,0,0,0,0,0,0,0,0,0,0,0,0,0,0,0,0
1379,7.22647436061066,4.38269990136268,11.4737574172119,0,0,5.39997299363237,2.72129037761935,1.02240945138075,7.28218234593924,8.11949510085668,12.9912351200725,12.5972888212398,10.3100087936864,4.84354238537263,18.6932145231775,5.4071431470821,11.1610378782857,10.4644854276381,12.2687481815451,9.58710443694007,10.9726355066795,4.12283147770971,6.49299891633613,38.0687481040735,1.08340074459836,7.09265408473266,1.85448933591648,31.0867350802505,4.71448677076245,14.7649070204785,24.7717536210438,4.30222810243932,0.961078869798163,10.6510376400428,0,5.60912884118237,9.74917267816901,6.28578853842975,9.16092937394,63.9468096067579,9.43096182561662,8.75271162501664,14.7076894873253,7.48265652637968,15.6209250666957,12.8416766587942,11.5368902622852,57.7362814165215,12.751502121305,11.0789025393025,17.6567519184635,11.8005378862882,12.0646856952231,14.538799693567
1383,0,0,0,0,0,0,0,0,0,0,0,0,0,0,0,1.08142862941642,0,0,0,0,0,0,0,0,0,0,0,0,0,0,0,0,0,0,0,0,0,0,0,0,0,0,0,0,0,0,0,0,0,0,0,0,0,0
1385,0,0,0,0,0,0,0,0,0,0,0,0,0,0,0,0,0,0,0,0,0,0,0,0,0,0,0,0,0,0,0,0,0,0,0,0,0,0,0,0,0,0,0,0,0,0,0,0,0,0,0,0,0,0
1386,0,0,0,0,0,0,0,0,0,0,0,0,0,0,0,0,0,0,0,0,0,0,0,0,0,0,0,0,0,0,0,0,0,0,0,0,0,0,0,0,0,0,0,0,0,0,0,0,0,0,0,0,0,0
1387,0,0,0,0,0,0,0,1.02240945138075,0,0,0,0,0,0,0,0,0,0,0,0,0,0,0,0,0,0,0,0,0,0,0,0,0,0,0,0,0,0,0,0,0,0,0,0,0,0,0,0,0,0,0,0,0,0
1388,0,0,0,0,0,0,0,0,0,0,0,0,0,0,0,0,0,0,0,0,0,0,0,0,0,0,0,0,0,0,0,0,0,0,0,0,0,0,0,0,0,0,0,0,0,0,0,0,0,0,0,0,0,0
1389,0,0,0,0,0,0,0,0,0,0,0,0,0,0,0,0,0,0,0,0,0,0,0,0,0,0,0,0,0,0,0,0,0,0,0,0,0,0,0,0,0,0,0,0,0,0,0,0,0,0,0,0,0,0
1390,0,0,0,0,0,0,0,0,0,0,0,0,0,0,0,0,0,0,0,0,0,0,0,0,0,0,0,0,0,0,0,0,0,0,0,0,0,0,0,0,0,0,0,0,0,0,0,0,0,0,0,0,0,0
1392,0,0,0,0,0,0.899995498938728,0,0,0,0,0,0,0,0,0,0,0,0,0,0,0,0,0,0,0,0,0,0,0,0,0,0,1.92215773959633,0,0,0,0,0,0,0,0,0,0,0,0,0,0,0,0,0,0,0,0,0
1393,0,0,0,0,0,0,0,0,0,0,0,0,0,0,0,0,0,0,0,0,0,0,0,0,0,0,0,0,0,0,0,0,0,0,0,0,0,0,0,0,0,0,0,0,0,0,0,0,0,0,0,0,0,0
1396,0,0,0,0,0,0,0,0,0,0,0,0,0,0,0,0,0,0,0,0,0,0,0,0,0,0,0,0,0,0,0,0,0,0,0,0,0,0,0,0,0,0,0,0,0,0,0,0,0,0,0,0,0,0
1398,0,0,0,0,0,0,0,0,0,0,0,0,0,0,0,0,0,0,0,0,0,0,0,0,0,0,0,0,0,0,0,0,0,0,0,0,0,0,0,0,0,0,0,0,0,0,0,0,0,0,0,0,0,0
1405,0,0.876539980272536,3.12920656833053,0.978530736118733,11.6487476123766,1.79999099787746,1.81419358507957,0,1.82054558648481,2.70649836695223,0.999325778467116,8.61919761453248,7.49818821359009,7.26531357805895,5.49800427152278,7.57000040591494,7.8127265148,14.2697528558701,8.17916545436338,3.83484177477603,7.5964399661627,0,5.41083243028011,8.59616892672627,5.4170037229918,0.886581760591582,8.34520201162414,12.6649661438058,9.42897354152491,5.27318107874232,4.30813106452935,2.86815206829288,3.84431547919265,0.819310587695601,5.93642541470947,3.36547730470942,4.87458633908451,5.50006497112603,2.49843528380182,7.52315407138328,0.943096182561662,5.83514108334442,7.35384474366266,7.48265652637968,6.2483700266783,3.21041916469855,1.64812718032645,3.25274824881811,4.78181329548937,2.60680059748294,3.71721093020283,7.37533617893014,3.29036882596993,2.72602494254382
1406,0,0,0,0,0,0,0,0,0,0,0,0,0,0,0,0,0,0,0,0,0,0,0,0,0,0,0,0,0,0,0,0,0,0,0,0,0,0,1.66562352253455,0,0,0,0,0,0,0,0,0,0,0,0,0,0,0
1407,0,0,0,0,0,0,0,0,0,0,0,0,0,0,1.09960085430456,0,0,0,0,0,0,0,0,0,0,0,0,0,1.88579470830498,0,0,0,0,0,0,0,0,0,0,1.25385901189721,0,0,0,0,0,0,0,0.813187062204528,0,0.651700149370734,0,0,0,0.908674980847939
1412,0,4.38269990136268,0,0,0,0.899995498938728,1.81419358507957,1.02240945138075,1.82054558648481,0,6.99528044926981,4.64110640782518,0,0,0,1.08142862941642,0,0.951316857058008,0,0,0,2.06141573885485,0,1.22802413238947,0,1.77316352118316,0,1.1513605585278,1.88579470830498,1.05463621574846,1.07703276613234,0,0.961078869798163,3.2772423507824,0,2.24365153647295,0,3.92861783651859,0.832811761267273,0,0,0,0,0,0,1.07013972156618,2.47219077048968,0,0.796968882581562,1.30340029874147,1.85860546510142,0,2.19357921731328,2.72602494254382
1413,0,0,0,0,0,0,0,0,0,0,0,0,0,0,0,0,0,0,0,0,0,0,0,0,0,0,0,0,0,0,0,0,0,0,0,0,0,0,0,0,0,0,0,0,0,0,0,0,0,0,0,0,0,0
1414,0,0,0,0,0,0,0,0,0,0,0,0,0,0,0,0,0,0,0,0,0,0,0,0,0,0,0,0,0,0,0,0,0,0,0,0,0,0,0,0,0,0,0,0,0,0,0,0,0,0,0,0,0,0
1417,0,0,0,0,0,0,0,0,0,0,0,0,0,0,0,0,0,0,0,0,0,0,0,0,0,0,0,0,0,0,0,0,0,0,0,0,0,0,0,0,0,0,0,0,0,0,0,0,0,0,0,0,0,0
1419,0,0,0,0.978530736118733,0,0,0,0,0,0,0,0,0,0,0,0,0,0,0,0,0,0,0,0,0,0.886581760591582,0,0,0,0,1.07703276613234,0,0,0,0,0,0,0,0,0,0,0,0,0.93533206579746,0,0,0,0,0.796968882581562,0,0.929302732550708,0,1.09678960865664,0
1420,0,0,0,0,0,0,0,0,0,0,0,0,0,0,0,0,0,0,0,0,0,0,0,0,0,0,0,0,0,0,0,0,0,0,0,0,0,0,0,0,0,0,0,0,0,0,0,0,0,0,0,0,0,0
1422,0,0,0,0,0,0,0,0,0,0,0,0,0,0,0,0,0,0,0,0,0,0,0,0,0,0,0,0,0,0,0,0,0,0,0,0,0,0,0,0,0,0,0,0,0,0,0,0,0,0,0,0,0,0
1424,0,0,0,0,0,0,0,0,0,0,0,0,0,0,0,0,0,0,0,0,0,0,0,0,0,0,0,0,0,0,0,0,0,0,0,0,0,0,0,0,0,0,0,0,0,0,0,0,0,0,0,0,0,0
1425,0,0,0,0,0,0,0,0,0,0,0,0,0,0,0,0,0,0,0,0,0,0,0,0,0,0,0,0,0,0,0,0,0,0,0,0,0,0,0,0,0,0,0,0,0,0,0,0,0,0,0,0,0,0
1426,0,0,0,0,0,0,0,0,0,0,0,0,0,0,0,0,0,0,0,0,0,0,0,0,0,0,0,0,0,0,0,0,0,0,0,0,0,0,0,0,0,0,0,0,0,0,0.824063590163226,0,0,0.651700149370734,0,0,0,0
1427,0,0,0,0,0,0,0,0,0,0,0,0,0,0,0,0,0,0,0,0,0,0,0,0,0,0,0,0,0,0,0,0,0,0,0,0,0,0,0,0,0,0,0,0,0,0,0,0,0,0,0,0,0,0
1428,0,0,0,0,0,0,0,0,0,0,0,0,0,0,0,0,0,0,0,0,0,0,0,0,0,0,0,0,0,0,0,0,0,0,0,0,0,0,0,0,0,0,0,0,0,0,0,0,0,0,0,0,0,0
1429,0,0,0,0,0,0,0,0,0,0,0,0,0,0,0,0,0,0,0,0,0,0,0,0,0,0,0,0,0,0,0,0,0,0,0,0,0,0,0,0,0,0,0,0,0,0,0,0,0,0,0,0,0,0
1434,0,0,0,0,0,0,0,0,0,0,0,0,0,0,0,0,0,0,0,0,0,0,0,0,0,0,0,0,0,0,0,0,0,0,0,0,0,0,0,0,0,0,0,0,0,0,0,0,0,0,0,0,0,0
1435,0,0,0,0,0,0,0,0,0,0,0,0,0,0,0,0,0,0,0,0,0,0,0,0,0,0,0,0,0,0,0,0,0,0,0,0,0,0,0,0,0,0,0,0,0,0,0,0,0,0,0,0,0,0
1436,0,0,0,0,0,0,0,0,0,0,0,0,0,0,0,0,0,0,0,0,0,0,0,0,0,0,0,0,0.942897354152491,0,0,0,0,0,0,0,0,0,0,0,0,0,0,0,0,0,0,0,0,0,0,1.47506723578603,0,0
1437,0,0,0,0,0,0,0,0,0,0,0,0,0,0,0,0,0,0,0,0,0,0,0,0,0,0,0,0,0,0,0,0,0,0,0,0,0,0,0,0,0,0,0,0,0,0,0,0,0,0,0,0,0,0
1438,0,0,0,0,0,0,0,0,0,0,0,0,0,0,0,0,0,0,0,0,0,1.03070786942743,0,0,0,0,0,0,0,0,0,0,0,0,0,0,0,0,0,0,0,0.972523513890737,0,0,0,0,0,0,0,0,0.929302732550708,0,0,0
1439,0,0,0,0,0,0,0,0,0,0,0,0,0,0,0,0,0,0,0,0,0,0,0,0,0,0,0,0,0,0,0,0,0,0,0,0,0,0,0,0,0,0,0,0,0,0,0,0,0,0,0,0,0,0
1440,0,2.62961994081761,4.1722754244407,0,0,0,0,0,0,0,0,0.663015201117883,0,0,1.09960085430456,0,0,0,0,0,0.844048885129189,1.03070786942743,0,0,0,0,0,2.30272111705559,0,1.05463621574846,1.07703276613234,0,0,1.6386211753912,0,0,0,1.57144713460744,0,0,0.943096182561662,0.972523513890737,0,3.74132826318984,0,0,0,0.813187062204528,0.796968882581562,0,1.85860546510142,0,1.09678960865664,0.908674980847939
1443,0,0,0,0,0,0,0,0,0,0,0,0,0,0,0,0,0,0,0,0.958710443694007,0,0,0,0,0,0,0,0,0,0,0,0,0,0,0,0,0,0,0,0,0,0,0,0,0,0,0,0,0,0,0,0,0,0
1444,0,0,0,0.978530736118733,0,2.69998649681618,0,0,1.82054558648481,0.902166122317409,0,0,0,0,2.19920170860911,0,0,0,0,0.958710443694007,0,1.03070786942743,0,0,0,1.77316352118316,0,0,0,0,0,0,0,1.6386211753912,0,0,1.21864658477113,0,3.33124704506909,0,0,0.972523513890737,0,0,0,2.14027944313237,0,0,1.59393776516312,2.60680059748294,0,0,0,0
1445,0,0,0,0,0,0,0,0,0,0,0,0,0,0,0,0,0,0,0,0,0,0,0,0,0,0,0,0,0,0,0,0,0,0,0,0,0,0,0,0,0,0,0,0,0,0,0,0,0,0,0,0,0,0
1446,0,0,0,0.978530736118733,0,0,0,0,0,0,0,0,0,0,0,0,0,0,0,0,0,0,0,0,0,0,0,0,0,0,0,0,0,0,0,0,0,0,0,0,0,0,0,0,0,0,0,0,0,0,0,0,0,0
1448,0,0,0,0,0,0,0,0,0,0,0,0,0,0,0,0,0,0,0,0,0,0,0,0,0,0,0,0,0,0,0,0,0,0,0,0,0,0,0,0,0,0,0,0,0,0,0,0,0,0,0,0,0,0
1449,0,0,0,0,0,0,0,0,0,0,0,0,0,0,0,0,0,0,0,0,0,0,0,0,0,0,0,0,0,0,0,0,0,0,0,0,0,0,0,0,0,0,0,0,0,0,0,0,0,0,0,0,0,0
1450,60.5217227701143,33.3085192503564,28.1628591149747,16.6350225140185,3.17693116701179,25.1998739702844,4.53548396269892,0,3.64109117296962,34.2823126480616,3.99730311386846,0.663015201117883,27.1809322742641,25.4285975232063,10.9960085430456,57.3157173590702,4.46441515131428,0,8.17916545436338,1.91742088738801,3.37619554051675,10.3070786942743,4.32866594422409,3.6840723971684,0,3.54632704236633,0,1.1513605585278,23.5724338538123,11.6009983732331,3.23109829839702,1.43407603414644,25.9491294845504,0.819310587695601,2.96821270735474,0,0,18.0716420479855,0,0,21.6912121989182,0,0,13.0946489211644,0,0,0,0,0,2.60680059748294,0,7.37533617893014,1.09678960865664,68.1506235635954
1452,0,0,0,0,0,0,0,0,0,0,0,0,0,0,0,0,0,0,0,0,0,0,0,0,0,0,0,0,0,0,0,0,0,0,0,0,0,0,0.832811761267273,3.76157703569164,0.943096182561662,0,0,0,0,0,0,1.62637412440906,0.796968882581562,0.651700149370734,0,1.47506723578603,0,0
1454,0,0,0,0,0,0,0,0,0,0.902166122317409,0,0,0,0,0,0,0,0,0,0,0,0,0,0,0,0,0,0,0,0,0,0,0,0,0,0,0,0,0,0,0,0,0,0,0,0,0,0.813187062204528,0,0,0,0,0,0
1455,18.969495196603,7.88885982245283,9.38761970499158,10.7638380973061,14.8256787793883,18.8999054777133,9.07096792539785,6.13445670828447,20.0260014513329,18.9454885686656,20.9858413478094,18.5644256313007,19.682744060674,18.1632839451474,36.2868281920503,12.977143552997,8.92883030262857,8.56185171352207,12.2687481815451,5.75226266216404,18.5690754728421,10.3070786942743,36.7936605259048,22.1044343830104,10.8340074459836,25.7108710571559,7.41795734366591,17.270408377917,12.2576656039824,18.9834518834724,9.69329489519105,25.8133686146359,10.5718675677798,22.1213858677812,9.89404235784912,8.97460614589179,6.09323292385563,14.1430242114669,14.9906117028109,36.3619113450192,16.9757312861099,16.5328997361425,4.90256316244177,5.61199239478476,24.9934801067132,10.7013972156618,14.0090810327748,25.2087989283404,7.17271994323406,18.2476041823805,25.0911737788691,14.7506723578603,20.8390025644762,10.9040997701753
1458,0,0,0,0,0,0,0,0,0,0,0,0,0,0,0,0,0,0,1.02239568179542,0,0,0,0,0,0,0,0,0,0,0,0,0,0,0,0,0,0,0,0,0,0,0,0,0,0,0,0,0,0,0,0,0,0,0
1459,0,0,0,0,0,0,0,0,0,0,0,0,0,0,0,0,0,0,0,0,0,0,0,0,0,0,0,0,0,0,0,0,0,0,0,0,0,0,0,0,0,0,0,0,0,0,0,0,0,0,0,0,0,0
1463,1.80661859015266,0.876539980272536,4.1722754244407,0.978530736118733,2.11795411134119,3.59998199575491,0,2.04481890276149,0,0.902166122317409,1.99865155693423,1.98904560335365,0.937273526698761,0,0,1.08142862941642,0,0.951316857058008,2.04479136359084,0,0.844048885129189,5.15353934713713,1.08216648605602,1.22802413238947,1.08340074459836,4.43290880295791,0.927244667958238,1.1513605585278,0,0,0,0,0,5.7351741138692,0,1.12182576823647,1.21864658477113,0,1.66562352253455,0,5.65857709536997,0.972523513890737,0,0.93533206579746,0,0,3.29625436065291,1.62637412440906,0,0.651700149370734,2.78790819765212,1.47506723578603,0,0
1464,0,0,0,0,0,0,0,0,0,0,0,0,3.74909410679505,0,1.09960085430456,1.08142862941642,0,0,3.06718704538627,0,0,0,0,2.45604826477893,0,0,0,0,0,1.05463621574846,1.07703276613234,0,0,1.6386211753912,0,1.12182576823647,0,1.57144713460744,2.49843528380182,0,8.48786564305495,4.86261756945369,0,0,0,0,0,0,0,1.9551004481122,0,0,0,0
1465,0,0,0,0,0,0,0,0,0,0,0,0,0,0,0,0,0,0,0,0,0,0,0,0,0,0,0,0,0,0,0,0,0,0,0,0,0,0,0,0,0,0,0,0,0,0,0,0,0,0,0,0,0,0
1466,0.903309295076332,0,0,0,0,0.899995498938728,0,0,0,0,0.999325778467116,0,0,0,0,1.08142862941642,0,0,0,0.958710443694007,0.844048885129189,0,1.08216648605602,1.22802413238947,1.08340074459836,0,0,0,1.88579470830498,0,0,0,0.961078869798163,0.819310587695601,0,0,1.21864658477113,0.785723567303718,0,0,0.943096182561662,0,0,0,0,0,0,2.43956118661358,0,0.651700149370734,0,0,0,0.908674980847939
1467,0,0,0,0,0,0,0,0,0,0,0,0,0,0,0,0,0,0,0,0,0,0,0,0,0,0,0,0,0,0,0,0,0,0,0,0,0,0,0,0,0,0,0,0,0,0,0,0,0,0,0,0,0,0
1472,0,0,0,0,0,0,0,0,0,0,0,0,0,0,0,0,0,0,0,0,0,0,0,0,0,0,0.927244667958238,1.1513605585278,0,0,0,0,0,0,0,0,0,0,0,0,0,0.972523513890737,0,0,0,0,0,0.813187062204528,0,0,0,0,0,0
1474,0,0,0,0,0,0,0,0,0,0,0,0,0,0,0,0,0,0,0,0,0,0,0,0,0,0,0,0,0,0,0,0,0,0,0,0,0,0,0,0,0,0,0,0,0,0,0,0,0,0,0,0,0,0
1475,0.903309295076332,3.50615992109015,1.04306885611018,3.91412294447493,1.0589770556706,0,1.81419358507957,0,2.73081837972721,6.31516285622187,1.99865155693423,1.98904560335365,3.74909410679505,2.42177119268632,3.29880256291367,2.16285725883284,3.34831136348571,2.85395057117402,3.06718704538627,1.91742088738801,10.9726355066795,1.03070786942743,3.24649945816807,4.91209652955787,2.16680148919672,1.77316352118316,0,3.45408167558339,4.71448677076245,2.10927243149693,2.15406553226468,0,0,4.096552938478,0.989404235784912,1.12182576823647,0,0,1.66562352253455,6.26929505948607,3.77238473024665,1.94504702778147,0,0.93533206579746,4.68627752000872,0,0.824063590163226,6.50549649763622,3.98484441290781,1.9551004481122,0,0,3.29036882596993,1.81734996169588
1476,0,0,1.04306885611018,0,0,0,0,0,0,0,0,0,0,2.42177119268632,1.09960085430456,0,0,0,0,0.958710443694007,0.844048885129189,0,0,1.22802413238947,0,0,0,0,0,0,1.07703276613234,0,0,0,0,0,0,0.785723567303718,0.832811761267273,0,0.943096182561662,0,1.22564079061044,0,0,0,0,0,0,1.30340029874147,0,0,0,0
1477,1.80661859015266,0,0,0,0,0,0,0,2.73081837972721,1.80433224463482,10.9925835631383,0.663015201117883,3.74909410679505,0,3.29880256291367,0,0,0.951316857058008,0,1.91742088738801,0,0,3.24649945816807,2.45604826477893,0,0,0,0,1.88579470830498,1.05463621574846,4.30813106452935,0,1.92215773959633,2.4579317630868,0,0,0,5.50006497112603,1.66562352253455,1.25385901189721,0.943096182561662,1.94504702778147,4.90256316244177,4.6766603289873,7.81046253334787,0,2.47219077048968,0,0,0,1.85860546510142,2.95013447157206,0,1.81734996169588
1478,0,0,0,1.95706147223747,0,0,0,0,0,0.902166122317409,2.99797733540135,0,0,1.21088559634316,0,1.08142862941642,0,0,0,0,0,0,2.16433297211204,0,0,0,0,0,0.942897354152491,0,0,0,0,0,0,0,0,0,0,0,0,0,0,0,0,0,0,0,0,0,0,0,0,0.908674980847939
1481,20.7761137867556,23.6665794673585,27.1197902588646,21.5276761946121,5.29488527835298,20.6998964755907,11.7922583030172,18.4033701248534,18.2054558648481,16.2389902017134,11.9919093416054,16.5753800279471,11.2472823203851,20.5850551378337,39.585630754964,15.1400008118299,15.6254530296,16.1723865699861,6.13437409077253,7.66968354955205,24.4774176687465,8.24566295541942,20.5611632350644,15.9643137210631,3.25020223379508,13.2987264088737,1.85448933591648,19.5731294949726,8.48607618737242,16.8741794519754,7.53922936292637,7.1703801707322,16.3383407865688,4.096552938478,10.883446593634,6.73095460941884,2.43729316954225,14.9287477787706,5.82968232887091,6.26929505948607,16.0326351035482,10.6977586527981,14.7076894873253,14.0299809869619,6.2483700266783,6.42083832939711,4.94438154097936,16.2637412440905,8.76665770839718,11.0789025393025,13.0102382557099,14.7506723578603,6.58073765193985,9.08674980847939
1483,0,0,0,0,0,0,0,0,0,0,0.999325778467116,0,0,0,0,0,0,0,0,0,0,0,0,0,0,0,0,0,0,0,0,0,0,0,0,0,0,0,0,0,0,0,0,0,1.56209250666957,0,0,0,0,0,0,0,0,0
1484,0,0,0,0,0,0,0,0,0,0,0,0,0,0,0,0,0,0,0,0,0,0,0,0,0,0,0,0,0,0,0,0,0,0,0,0,0,0,0,0,0,0,0,0,0,0,0,0,0,0,0,0,0,0
1488,0,0,0,0,0,0,0,0,0,0,0,0,0,0,0,0,0,0,0,0,0,0,0,0,0,0,0,0,0,0,0,0,0,0,0,0,0,0,0,0,0,0,0,0,0,0,0,0,0,0,0,0,0,0
1489,0,0,0,0,0,0,0,0,0.910272793242405,0,0,0,0,0,0,0,0,0,0,0,0,0,0,0,0,0,0,0,0,0,0,0,0,0,0,0,0,0.785723567303718,0,0,0,0,0,0,0,0,0,0,0,0,0,2.95013447157206,0,0
1491,0,0,0,0,0,0,0,0,0,0,0,0,0,0,0,0,0,0,0,0,0,0,0,0,0,0,0,0,0,0,0,0,0,0,0,0,0,0,0,0,0,0,0,0,0,0,0,0,0,0,0,0,0,0
1493,0,0,0,0,0,0,0,0,0,0,0,0,0.937273526698761,0,0,0,0,0,1.02239568179542,0,0,0,0,0,0,0,0,0,0,0,0,0,0,0,0,0,0,0,0,0,0,0,0,0,0,0,0.824063590163226,0,0,5.21360119496587,0,0,0,0
1494,0,0,0,0,0,0,0,0,0,0.902166122317409,1.99865155693423,4.64110640782518,3.74909410679505,0,2.19920170860911,0,3.34831136348571,29.4908225687982,9.2015611361588,2.87613133108202,22.7893198984881,0,12.9859978326723,0,0,0,2.78173400387471,9.21088446822238,0,1.05463621574846,2.15406553226468,0,0,4.096552938478,0,2.24365153647295,0,1.57144713460744,4.16405880633637,3.76157703569164,11.3171541907399,0.972523513890737,1.22564079061044,0,0,1.07013972156618,2.47219077048968,1.62637412440906,0.796968882581562,4.56190104559514,1.85860546510142,0,5.48394804328321,0
1495,2.709927885229,1.75307996054507,14.6029639855425,9.78530736118733,3.17693116701179,5.39997299363237,9.97806471793763,10.2240945138075,0.910272793242405,13.5324918347611,6.99528044926981,49.7261400838412,72.1700615558046,6.05442798171579,17.5936136688729,8.65142903533136,17.8576606052571,75.1540317075826,72.590093407475,73.8207041644385,141.800212701704,7.21495508599199,110.380981577714,1.22802413238947,9.75060670138524,11.5255628876906,35.235297382413,284.386057956366,15.0863576664399,4.21854486299386,25.8487863871761,4.30222810243932,10.5718675677798,55.7131199633008,10.883446593634,8.97460614589179,2.43729316954225,3.92861783651859,9.16092937394,0,48.0979053106447,15.5603762222518,2.45128158122089,4.6766603289873,3.12418501333915,2.14027944313237,11.5368902622852,17.8901153684996,6.37575106065249,33.8884077672782,7.43442186040566,4.42520170735808,15.355054521193,9.08674980847939
1496,0,0,0,0,0,0,0,0,0,0,0,0,0,0,0,0,0,0,0,0,0,0,0,0,0,0,0,0,0,0,0,0,0,0,0,0,0,0.785723567303718,0,0,0,0,0,0,0,0,0,0,0,0,0,0,1.09678960865664,0
1497,0,0,0,0,0,0,0,0,0,0,0,0,0,0,0,0,0,0,0,0,0,0,0,0,0,0,0,0,0,0,0,0,0,0,0,0,0,0,0,0,0,0,0,0,0,0,0,0,0,0,0,0,0,0
1500,0,0,0,0,0,0,0,0,0,0,0,0,0,0,0,0,0,0,1.02239568179542,0,0,0,0,0,0,0,0,0,0,0,0,0,0,0,0,0,0,0.785723567303718,0,0,0,0,0,0,0,0,0,0,0,0,0,0,0,0
1501,0,0,0,0,0,0,0,0,0,0.902166122317409,0,0,0,0,1.09960085430456,0,0,0,0,0,0,0,0,0,0,0,0,0,0,0,0,0,0,0,0,0,0,0,0,0,0,0,0,0,0,0,0,0,0,0,0,0,0,0
1503,0,0,0,0,0,0,0,0,0,0,0,0,0,0,0,0,0,0,0,0,0,0,0,0,0,0.886581760591582,0,0,0,0,0,0,0,0,0.989404235784912,0,0,0,0,0,0.943096182561662,0,0,0,0,0,0,0,0,0,0,0,0,0
1505,0,0,0,0,0,0,0,0,0,0,1.99865155693423,0,0,2.42177119268632,2.19920170860911,0,0,0.951316857058008,0,0.958710443694007,0,0,1.08216648605602,0,0,0,0,1.1513605585278,0,5.27318107874232,0,0,0,0,0.989404235784912,0,0,0,0.832811761267273,0,0,0,0,0,0,1.07013972156618,0,1.62637412440906,2.39090664774469,1.30340029874147,0,0,0,0.908674980847939
1506,0,0,0,0,0,0,0,0,0,0,0,0,0,0,1.09960085430456,0,0,0,0,0,0,0,0,0,0,0,0,0,0,0,0,1.43407603414644,0,0,0,0,0,0,0,0,0,0,0,0,0,0,0,0,0,0,0,0,0,0
1507,0,0,0,0,0,0,0,0,0,0,0,0.663015201117883,0,0,0,0,0,0,0,0,0,0,0,0,0,0,0,0,0,0,0,0,0,0,0,0,0,0,0,0,0,0,0,0,0,0,0,0,0,0,0,0,0,0
1508,0,0,0,0,0,0,0,0,0,0,0,0,0,0,0,0,0,0,0,0,0,0,0,0,0,0,0,0,0,0,0,0,0,0,0,0,0,0,0,0,0,0,0,0,0,0,0,0,0,0,0,0,0,0
1509,0,0,0,0,0,0,0,0,0,0,0,0,0,0,0,0,0,0,0,0,0,0,0,0,0,0,0,0,0,0,0,0,0,0,0,0,0,0,0,0,0,0,0,0,0,0,0,0,0,0,0,0,0,0
1510,0,0,0,0.978530736118733,0,0,0,0,0,0,0,0,0,0,0,0,0,0,0,0,0,0,0,0,0,0,0,0,0,0,0,0,0,0.819310587695601,0,0,0,0,0,0,0,0,0,0,0,0,0,0,0,0,0,2.95013447157206,0,0
1513,0,0,0,0,0,0,0,0,0,0,0,0,0,1.21088559634316,0,0,0,0,0,0,0,0,0,0,0,0,2.78173400387471,1.1513605585278,0.942897354152491,0,0,0,0,0,0,0,0,0,0,0,0,0,0,0,0,0,0,0.813187062204528,0,0,0,0,0,3.63469992339175
1514,0,0,0,0,0,0,0,0,0,0,0,0,1.87454705339752,0,0,0,0,0,0,0.958710443694007,0,0,0,0,0,0,0,0,0,0,0,0,0,0,0,0,0,0,0,0,0,0,0,0,1.56209250666957,0,0.824063590163226,0,0,0,0,0,0,0
1516,0,0,0,0,0,0,0,0,0,0,0,0,0,0,0,0,0,0.951316857058008,0,0,0,0,0,0,0,0,0,0,0,0,0,0,0,0,0,0,0,0,0,0,0,0,2.45128158122089,0,1.56209250666957,0,0,0,0,0,0,0,0,0.908674980847939
1518,0,0,0,0,0,0,0,0,0,0,0,0,0,0,1.09960085430456,0,0,0,0,0,0,0,0,0,0,0,0,0,0,0,1.07703276613234,0,0,0,0,0,0,0,0,0,0,0,0,0,0,0,0,0,0,0,0,0,0,0
1519,0,0,0,0,0,0,0,0,0,0,0,0,0,0,0,0,0,0.951316857058008,0,0,0,0,0,0,0,0,0,0,0,0,0,0,0,0,0,0,0,0,0,0,0,0,0,0,0,0,0,0,0,0,0,1.47506723578603,0,0
1520,0,0,7.30148199277123,0,4.23590822268238,4.49997749469364,0.907096792539785,7.15686615966522,0.910272793242405,1.80433224463482,28.9804475755464,0.663015201117883,44.0518557548418,3.63265678902947,15.3944119602638,3.24428588824926,2.23220757565714,5.70790114234805,2.04479136359084,3.83484177477603,1.68809777025838,1.03070786942743,4.32866594422409,11.0522171915052,3.25020223379508,0,1.85448933591648,2.30272111705559,0,5.27318107874232,3.23109829839702,0,7.6886309583853,9.01241646465161,0,7.85278037765532,4.87458633908451,7.85723567303718,0,0,17.9188274686716,0.972523513890737,1.22564079061044,8.41798859217714,4.68627752000872,4.28055888626474,1.64812718032645,6.50549649763622,2.39090664774469,0,6.50511912785496,1.47506723578603,0,15.447474674415
1523,0,0,0,0,0,0,0,0,0,0,0,0,0,0,0,0,0,0,0,0,0,0,0,0,0,0,0,0,0,0,0,0,0,0,0,0,0,0,0,0,0,0,0,0,0,0,0,0,0,0,0,0,0,0
1527,0,0.876539980272536,0,0,1.0589770556706,6.2999684925711,0,0,0,3.60866448926964,0,0,1.87454705339752,4.84354238537263,2.19920170860911,2.16285725883284,0,0,3.06718704538627,0.958710443694007,0.844048885129189,0,0,1.22802413238947,1.08340074459836,2.65974528177475,1.85448933591648,2.30272111705559,0,0,1.07703276613234,1.43407603414644,1.92215773959633,2.4579317630868,0,2.24365153647295,0,0.785723567303718,1.66562352253455,0,3.77238473024665,0.972523513890737,2.45128158122089,0,0,1.07013972156618,4.94438154097936,3.25274824881811,6.37575106065249,0,1.85860546510142,0,3.29036882596993,0
1528,0,0,0,0,0,0,0,0,0,0,0,0,0,0,0,0,0,0,0,0,0,0,0,0,0,0,0,0,0,0,0,0,0,0,0,0,0,0,0,0,0,0,0,0,0,0,0,0,0,0,0,0,0,0
1531,0,0,0,0,0,0,0,0,0,0,0,0,0,0,0,0,0,0,0,0,0,0,0,0,0,0,0,0,0,0,0,0,0,0,0,0,0,0,0,0,0,0,0,0,0,0,0,0,0,0,0,0,0,0
1532,0,0,0,0,0,0,0,0,0,0,0,0,0,0,0,0,0,0,0,0,0,0,0,0,2.16680148919672,0,0,0,0,0,0,0,0,0.819310587695601,0,0,0,0,0.832811761267273,0,0,0,0,0,0,0,0,1.62637412440906,0,0,0,0,0,0
1535,0,0,0,0,0,0,0,0,0,0,1.99865155693423,0,0,0,0,0,0,0,0,0,0,0,0,0,0,0,0,0,0,0,0,0,0,0,0,0,0,0,0,0,0,0,0,0,0,0,0,0,1.59393776516312,0,0,0,0,0
1536,0,0,0,0,0,0,0,0,0,0,0,0,0,0,0,0,0,0,0,0,0,0,0,0,0,0,0,0,0,0,0,0,0,0.819310587695601,0,0,0,0,0,0,0,0,0,0,0,0,0,0,0,0,0,0,0,0
1537,3.61323718030533,0,0,0,3.17693116701179,0,0.907096792539785,9.20168506242671,1.82054558648481,0,0,0,0,0,0,1.08142862941642,0,0,0,0,0,0,0,0,0,0,0,0,0,0,0,0,0.961078869798163,0,0,0,0,0,0,0,0,0.972523513890737,0,0,0,0,0,0,0,0,0,0,0,0
1538,0,0,0,0,0,0,0,0,0,0,0,0,0,0,0,0,0,0,0,0,0,0,0,0,0,0,0,0,0,0,0,0,0,0,0,0,0,0,0,0,0,0,0,0,0,0,0,0,0,0,0,0,0,0
1539,0,0,0,0,0,0,0,0,0,0,0,0,0,0,0,0,0,0,0,0,0,0,0,0,0,0.886581760591582,0,0,0,0,0,0,0,0,0,0,0,0,0,0,0,0,0,0,0,0,0,0,0,0,0,0,0,0
1542,0,0,0,0,0,0,0,0,0,0,0,0,0,0,0,0,0,0,0,0,0,0,0,0,0,0,0,0,0,0,0,0,0,0,0,0,0,0,0,0,0,0,0,0,0,0,0,0,0,0,0,0,0,0
1543,0,0.876539980272536,1.04306885611018,0.978530736118733,0,0,0,0,0,0,0,0,22.4945646407703,1.21088559634316,1.09960085430456,2.16285725883284,0,0,0,0.958710443694007,0,0,0,1.22802413238947,1.08340074459836,0,0.927244667958238,0,0,0,0,1.43407603414644,0,0,0,0,0,0,0,0,3.77238473024665,0,4.90256316244177,0,0,4.28055888626474,0,4.06593531102264,0.796968882581562,0,0,0,0,5.45204988508763
1544,0,0,0,0,0,0,0,0,0,1.80433224463482,0,0,0,0,0,0,0,0,0,0,0,0,1.08216648605602,0,0,0,0,0,0,0,0,0,0,1.6386211753912,0,2.24365153647295,0,0,1.66562352253455,3.76157703569164,0,0,0,1.87066413159492,0,0,0.824063590163226,0,2.39090664774469,0,0,0,1.09678960865664,0
1545,0,0,0,0,0,0,0,0,0,0,0,0,0,0,0,0,0,0,0,0,0,0,0,0,0,0,0,0,0,0,0,0,0,0,0,0,0,0,0,0,0,0,0,0,0,0,0,0,0,0,0,0,0,0
1549,0,0,0,0,0,0,0,0,0,0,0,0,0,0,0,0,0,0,0,0,0,0,0,0,0,0,0,0,0,0,0,0,0,0,0,0,0,0,0,0,0,0,0,0,0,0,0,0,0,0,0,0,0,0
1550,0,0,0,0,0,0,0,0,0,0,0,0,0,0,0,0,0,0,0,0,0,0,0,0,0,0,0,0,0,0,0,0,0,0,0,0,0,0,0,0,0,0,0,0,0,0,0,0,0,0.651700149370734,0,0,0,0
1552,0,0,0,0,0,0,0,0,0,0,0,0,0,0,0,0,0,0,0,0,0,0,0,0,0,0,0,0,0,0,0,0,0,0,0,0,0,0,0,0,0,0,0,0,0,0,0,0,0,0,0,0,0,0
1553,0,0,0,0,0,0,0,0,0,0,0,0,0,0,0,0,0,0,0,0,0,0,0,0,0,0,0,0,0,0,0,0,0,0,0,0,0,0,0,0,0,0,0,0,0,0,0,0,0,0,0,0,0,0
1555,0,1.75307996054507,0,0,0,0,0,1.02240945138075,0.910272793242405,0,0.999325778467116,0,0,2.42177119268632,0,0,0,0,0,0,0,0,0,0,0,0,0,0,0,0,0,1.43407603414644,0,0,0,4.48730307294589,0,0,0,0,0,0.972523513890737,0,0,0,0,0,0,0,0,0,0,0,0.908674980847939
1556,0,0,0,0,0,0,0,0,0,0,0.999325778467116,0,0,0,0,0,0,0,0,0,0,0,0,0,1.08340074459836,0.886581760591582,0,0,0,1.05463621574846,1.07703276613234,0,0,0,0,0,0,0,0.832811761267273,0,0,0,0,0,0,0,0,0.813187062204528,0,0,0.929302732550708,1.47506723578603,0,0
1557,0,0,0,0,0,0,0,0,0,0,0,0,0,0,0,0,0,0,0,0,0,0,0,0,0,0,0,0,0,0,0,0,0,0,0,0,0,0,0,0,0,0,0,0,0,0,0,0,0,0,0,0,0,0
1559,0,0,0,0,0,0,0,0,0,0,0,0,0,0,0,0,0,0,0,0,0,0,0,0,0,0,0,0,0,0,0,0,0,0,0,0,0,0,0,0,0,0,0,0,0,0,0,0,0,0,0,0,0,0
1561,0,0,0,0,0,0,0,0,0,0,0,0,0,0,0,0,0,0,0,0,0,0,0,0,0,0,0,0,0,0,0,0,0,0,0,0,0,0,0,0,0,0,0,0,0,0,0,0,0,0,0,0,0,0
1563,0,0,0,0,0,0,0,0,0,0,0,0,0,0,0,0,0,0,0,0,0,0,0,0,0,0,0,0,0,0,0,0,0,0,0,0,0,0,0,0,0,0,0,0,0,0,0,0,0,0,0,0,0,0
1566,2.709927885229,0,0,0.978530736118733,0,0,0.907096792539785,0,0,1.80433224463482,2.99797733540135,0.663015201117883,1.87454705339752,0,1.09960085430456,1.08142862941642,1.11610378782857,4.75658428529004,2.04479136359084,1.91742088738801,4.22024442564594,0,3.24649945816807,0,0,0,0.927244667958238,1.1513605585278,0,1.05463621574846,1.07703276613234,1.43407603414644,0,0.819310587695601,0,0,1.21864658477113,0.785723567303718,0.832811761267273,2.50771802379443,1.88619236512332,0.972523513890737,2.45128158122089,0,0,0,0,0.813187062204528,2.39090664774469,1.30340029874147,0,0,1.09678960865664,0.908674980847939
1568,0,0,0,0,0,0,0,0,0,0,0,0,0,0,0,0,0,0,0,0,0.844048885129189,0,0,0,0,0,0,0,0,0,0,0,0,0,0,0,0,0,0,0,0,0,0,0,0,0,0,0,0,0,0,0,0,0.908674980847939
1570,0.903309295076332,0,0,0,0,0,0,0,0,0,0,0,0,0,0,0,0,0,0,0,0,1.03070786942743,1.08216648605602,2.45604826477893,0,0,0,3.45408167558339,0,0,0,0,0,2.4579317630868,0,0,0,0,0,0,0,0,0,0,0,0,0,0.813187062204528,0.796968882581562,0,0.929302732550708,1.47506723578603,0,0
1574,0,0,0,0,0,0,0,0,0,0,0,0,0,0,0,0,0,0,0,0,0,0,0,0,0,0.886581760591582,0,2.30272111705559,0,0,0,1.43407603414644,0,0,1.97880847156982,0,0,0,0,0,0,0,0,0,0,0,0,0,0,0,0,0,0,0
1575,0,0,0,0,0,0.899995498938728,0,0,0,0,0,0,0,0,0,0,0,0,0,0,0,0,0,0,0,0,0,0,0,0,0,0,0,0,0,0,0,0,0,0,0,0,0,0,0,0,0,0,0,0,0,0,0,0
1576,0,0,0,0,0,0,0,0,0,0,0,0.663015201117883,0,0,0,0,0,0,0,0,0,0,0,0,0,0,0,0,0,0,0,0,0,0,0,0,0,0,0,0,0,0,0,0,0,0,0,0,0,0,0,0,0,0
1577,2.709927885229,0,0,0,0,0.899995498938728,0,0,1.82054558648481,0.902166122317409,0.999325778467116,0,0,0,1.09960085430456,0,0,0,0,0,0,0,0,0,0,0.886581760591582,0,0,0,0,0,0,0,0,0,0,0,0,0,0,0,0,1.22564079061044,0,0,0,0.824063590163226,0,0,1.30340029874147,0.929302732550708,0,0,0.908674980847939
1579,0,0,0,0,0,0,0,0,0,0,0,0,0,0,0,0,0,0,0,0,0,0,0,0,0,0,0,0,0,0,0,0,0,0,0,0,0,0,0,0,0,0,0,0,0,0,0,0,0,0,0,0,0,0
1580,0,0,2.08613771222035,0,0,0,0,0,1.82054558648481,0,2.99797733540135,0,0,1.21088559634316,0,0,0,0,1.02239568179542,0,0,0,0,0,0,0,2.78173400387471,0,0,2.10927243149693,0,0,0,0,0,0,0,0,0,0,0,2.91757054167221,0,0,0,1.07013972156618,0,0,0,0,0,0,0,0
1584,0,0,0,0,0,0,0,0,0,0,0,0,0,0,0,0,0,0,0,0,0,0,0,0,0,0,0,0,0,0,0,0,0,0,0,0,0,0,0,0,0,0,0,0,0,0,0,0,0,0,0,0,0,0
1588,0,0,0,0,0,0,0,0,0,0,0,0,0,0,0,0,0,0,0,0,0,0,0,0,0,0,0,0,0,0,0,0,0,0,0,0,0,0,0,0,0,0,0,0,0,0,0,0,0,0,0,0,0,0
1589,0,0,0,0,0,0,0,0,0,0,0.999325778467116,0,0,0,0,0,0,0,0,0,0,0,0,0,0,0,1.85448933591648,0,0,0,0,0,0,0,0,0,0,0,0,0,0,0,0,0,0,0,0,0,0,0,0,0,0,0
1590,0,0,0,0,0,0,0,0,0,0,0,0,0,0,0,0,0,0,0,0,0,0,0,0,0,0,0.927244667958238,0,0,0,0,0,0,0,0,0,0,0,0,0,0,0,0,0.93533206579746,0,0,0,0,0,0,0,0,0,0.908674980847939
1591,0,0,0,0,0,0,0,0,0,0,0,0,0,0,0,0,0,0,0,0,0,0,0,0,0,0,0,0,0,0,0,0,0,0,0,0,0,0,0,0,0,0,0,0,0,0,0,0,0,0,0,0,0,0
1592,0,0,0,0,0,0,0,0,0,0,0,0,0,0,0,0,0,0,0,0,0,0,0,0,0,0,0,0,0,0,0,0,0,0,0,0,0,0,0,0,0,0,0,0,0,0,0,0,0,0,0,0,0,0
1593,0,0,0,0,0,0,0,0,0,0,0,0,0,0,0,0,0,0,0,0,0,0,0,0,0,0,0,0,0,0,0,0,0,0,0,0,0,0,0,0,0,0,0,0,0,0,0,0,0,0,0,0,0,0
1594,0,0,0,0,0,0,0,0,0.910272793242405,0,0,0,0,0,0,0,0,0,0,0,0,0,0,0,0,0,0,0,0,0,0,0,0,0,0,0,0,0,0,0,0,0,0,0,0,0,0,0,0,0,0,0,0,0
1595,0,0,0,0,0,0,0,0,0,0,0,0,0,0,0,0,0,0,0,0,0,0,0,0,0,0,0,0,0,0,0,0,0,0,0,0,0,0,0,0,0,0,0,0,0,0,0,0,0,0,0,0,0,0
1596,0,0,0,0,0,0,0,0,0,0,0,0,0,0,0,0,0,0,0,0,0,0,0,0,0,0,0,0,0,0,0,0,0,0,0,0,0,0,0,0,0,0,0,0,0,0,0,0,0,0,0,0,0,0
1598,0,0,0,0,0,0,0,0,0,0,0,0,0,0,0,0,0,0,0,0,0,0,0,0,0,0,0,0,0,0,0,0,0,0,0,0,0,0,0,0,0,0,0,0,0,0,0,0,0,0,0,0,0,0
1599,0,0,0,0,0,0,0,0,0,0,0,0,0,0,0,0,0,0,1.02239568179542,0,0,0,0,0,0,0,0,0,0,0,0,0,0,0,0,0,0,0,0,0,0,0,0,0,0,1.07013972156618,0,0,0,0,0,0,0,0
1600,0,0,0,0,0,0,0,0,0,0,0,0,0,0,0,0,0,0,0,0,0,0,0,0,0,0,0,0,0,0,0,0,0,0,0,0,0,0,0,0,0,0,0,0,0,0,0,0,0,0,0,0,0,0
1601,0,0,0,0.978530736118733,0,0,0,0,0,0,0,0,0,0,0,0,0,0,0,0,0,0,0,0,0,0,0,0,0,0,0,0,0,0,0,0,0,0,0,0,0,0,0,0,0,0,0,0,0,0,0,0,0,0
1602,0,0,0,0,0,0,0,0,0,0,0,0,0,0,0,0,0,0,0,0,0,0,0,0,0,0,0,0,0,0,0,0,0,0,0,0,0,0,0,0,0,0,0,0,0,0,0,0,0.796968882581562,0,0,0,0,0
1603,0,0,0,0,0,0,0,0,0,0.902166122317409,0,0,0,0,0,0,0,0,0,0,0,0,0,0,0,0,0,0,0,0,0,0,0,0,0,0,0,0,0,0,0,0,0,0,0,0,0,0,0,0,0,0,0,0
1605,0,0,0,0,0,0,0,0,0,0,0,0,0.937273526698761,0,1.09960085430456,0,0,0,0,0,0,0,0,0,0,0,0,0,0,0,0,0,0,0.819310587695601,0,0,0,0,0,0,0,0,3.67692237183133,0,0,0,0,0,0,0,0,0,0,0
1606,0,0,0,0,0,0,0,0,0,0,0,0,0,0,0,0,0,0,0,0,0,0,0,0,0,0,0,0,0,0,0,0,0,0,0,0,0,0,0,0,0,0,0,0,0,0,0,0,0,0,0,0,0,0
1610,0,0,0,0,0,0,0,0,0,0,0,0,0,0,0,0,0,0,0,0,0,0,0,0,0,0,0,0,0,0,0,0,0,0,0,0,0,0,0,0,0,0,0,0,0,0,0,0,0,0,0,0,0,0
1613,0,0,0,0,0,0,0,0,0,0,0.999325778467116,0,0,0,0,0,0,0,0,0,0,0,0,0,0,0,0,0,0,0,0,2.86815206829288,0,0,0,0,0,0,0,0,0,0,0,0,0,1.07013972156618,0,0.813187062204528,0,0.651700149370734,0,0,0,0
1615,0,0,0,0,0,0,0,0,0,0,0,0,0,0,0,0,0,0,0,0,0,0,0,0,0,0,0,0,0,0,0,0,0,0,0,0,0,0,0,0,0,0,0,0,0,0,0,0,0,0,0,0,0,0
1617,0,0,0,0,0,0,0,0,0,0,0,0,0,0,0,0,0,0,0,0,0,0,0,0,0,0,0,0,0,0,0,0,0,0,0,0,0,0,0,0,0,0,0,0,0,0,0,0,0,0,0,0,0,0
1619,0,0,0,0,0,0,0,0,0,0,0,0,0,0,0,0,0,0,0,0,0,0,0,0,0,0,0,0,0,0,0,0,0,0,0,0,0,0,0,0,0,0,0,0,0,0,0,0,0,0,0,0,0,0
1620,0,0,0,0,0,0,0,0,0,0,0,0,0.937273526698761,0,0,0,0,0,0,0,0,0,0,0,0,0,0,0,0,0,0,0,0,0,0,0,0,0,0,1.25385901189721,0,0,1.22564079061044,0,0,0,0,0,0,0,0,0,0,0
1621,0,0,0,0,0,0,0,0,0,0,0,0,0,0,0,0,0,0,0,0,0,0,0,0,0,0,0,0,0,0,0,0,0,0,0,0,0,0,0,0,0,0,0,0,0,0,0,0,0,0,0,0,0,0
1622,0,0,2.08613771222035,0,1.0589770556706,0,0,0,0,0,0,0,0,0,0,0,0,0,0,0,0,0,1.08216648605602,3.6840723971684,0,0,0,0,0,5.27318107874232,0,0,0,3.2772423507824,0,0,0,0,0,0,0,0,1.22564079061044,0,3.12418501333915,0,0,0,0,0,0,0,0,0
1624,0,0,0,0,0,0,0,1.02240945138075,0,0,0,0,0.937273526698761,0,0,0,0,0,0,0,0,0,0,1.22802413238947,0,0,0.927244667958238,0,0,0,0,0,0,0,0,0,0,0.785723567303718,0,0,0,0,0,0,0,0,0,0,0,0,0,0,0,0
1627,0,0,0,0,0,0,0,0,0,0,0,0,0,0,0,0,0,0,0,0,0,0,0,0,0,0,0,0,0,0,0,0,0,0,0,0,0,0,0,0,0,0,0,0,0,0,0,0,0,0,0,0,0,0
1629,0,0,0,0,0,0,0,0,0,0,0,0,0,0,0,0,0,0,0,0,0,0,0,0,0,0,0,0,0,0,0,0,0,0,0,0,0,0,0,0,0,0,0,0,0,0,0,0,0,0,0,0,0,0
1632,0,0,0,0,0,0,0,0,0,0,0,0,0,0,0,0,0,0,0,0.958710443694007,0,0,0,0,0,0,0,0,0,0,0,0,0,0,0,0,0,0,0,0,0,0,0,0,0,0,0,0,0,0,0,0,0,0
1637,0,0,0,0,0,0,0,0,0,0,0,0,0,1.21088559634316,0,0,0,0,3.06718704538627,0,0,1.03070786942743,0,0,0,0,0,1.1513605585278,0,0,0,0,0,0,0,0,0,0,0,0,0,0,0,0,0,0,0,0.813187062204528,0,0,0,1.47506723578603,0,0
1638,31.6158253276716,19.2838795659958,10.4306885611018,7.82824588894986,5.29488527835298,19.799900976652,8.16387113285806,16.3585512220919,23.6670926243025,20.7498208133004,15.9892124554739,25.8575928435974,15.9336499538789,19.3741695414905,24.1912187947002,23.7914298471612,5.58051893914285,11.4158022846961,25.5598920448856,20.1329193175741,32.0738576349092,16.4913259108388,18.3968302629524,19.6483861182315,13.0008089351803,28.3706163389306,11.1269360154989,18.4217689364448,16.9721523747448,27.4205416094601,10.7703276613234,2.86815206829288,14.4161830469724,10.6510376400428,20.7774889514831,12.3400834506012,12.1864658477113,24.3574305864153,7.49530585140546,27.5848982617387,14.1464427384249,12.6428056805796,12.2564079061044,6.54732446058222,10.934647546687,10.7013972156618,11.5368902622852,25.2087989283404,15.1424087690497,14.3374032861561,20.4446601161156,10.3254706505022,9.87110647790978,21.8081995403505
1639,0,0,0,0,0,0,0,0,0.910272793242405,0,0,0,0,0,1.09960085430456,0,0,0,0,0,0,0,0,0,0,0.886581760591582,0,0,0,0,0,0,0,0,0,0,0,0,0,0,0,0,0,0,0,0,0,0,0.796968882581562,0,0,1.47506723578603,0,0
1641,0,0,0,0,0,0,0,0,0.910272793242405,0,0,0,0,0,0,0,0,0,0,0,0,1.03070786942743,1.08216648605602,0,0,0,0,0,0,0,0,0,0,0,0,0,0,0,0,0,0,0,0,0,0,0,0,0,0,0,0,0,0,0
1643,11.7430208359923,4.38269990136268,10.4306885611018,2.9355922083562,2.11795411134119,5.39997299363237,4.53548396269892,11.2465039651882,9.10272793242405,6.31516285622187,11.9919093416054,10.6082432178861,8.43546174028885,2.42177119268632,20.8924162317866,5.4071431470821,7.8127265148,12.3671191417541,12.2687481815451,9.58710443694007,12.6607332769378,10.3070786942743,4.32866594422409,3.6840723971684,3.25020223379508,6.20607232414108,3.70897867183295,3.45408167558339,1.88579470830498,5.27318107874232,3.23109829839702,2.86815206829288,7.6886309583853,7.3737952892604,1.97880847156982,6.73095460941884,3.65593975431338,8.6429592403409,5.82968232887091,3.76157703569164,6.60167327793163,9.72523513890737,1.22564079061044,4.6766603289873,3.12418501333915,4.28055888626474,2.47219077048968,3.25274824881811,1.59393776516312,12.3823028380439,8.36372459295637,5.90026894314411,1.09678960865664,3.63469992339175
1645,0,0,0,0,0,0.899995498938728,0,0,0,0,0,0,0,0,0,0,0,0,0,0,0,0,0,0,0,0,0,0,0,0,0,0,0,0,0,0,0,0,0,0,0,0,0,0,0,0,0,0,0,0,0,0,0,0
1646,0,0,0,0,1.0589770556706,0,0,0,0.910272793242405,0,1.99865155693423,0,0,0,0,0,0,0,0,0.958710443694007,0,0,0,1.22802413238947,0,0,0.927244667958238,0,0,0,1.07703276613234,0,0,0.819310587695601,0,0,0,0,0,0,0,0,3.67692237183133,0,0,0,0,0.813187062204528,0.796968882581562,1.30340029874147,0,0,0,0
1647,0,0,0,0,1.0589770556706,0,0,0,0,0,0,0,0.937273526698761,0,0,0,0,0,0,0,0,0,0,0,0,0,0.927244667958238,0,0,0,1.07703276613234,0,0,0,0,0,0,0,0,2.50771802379443,0,0,0,0,0,0,0,0,0.796968882581562,0,0,0,0,0
1648,0,0,0,0,0,0,0,0,0,0,0,0,0,0,0,0,0,0,1.02239568179542,0,0,0,0,1.22802413238947,0,0,0,0,0.942897354152491,0,0,0,0,0,0,0,1.21864658477113,0,0,0,0,0,0,0,0,0,0,0,0,0,0.929302732550708,0,0,0
1650,0,0,0,0,0,0,0,0,0,0,0,0,0,0,0,0,0,0,0,0,0,0,0,0,0,0,0,0,0,0,0,0,0,0,0,0,0,0,0,0,0,0,0,0,0,0,0,0,0,0,0,0,0,0
1653,0,0,0,0,0,0,0,0,0,0,0,0,0,0,0,0,0,0,0,0,0,0,0,0,1.08340074459836,0,0,0,0,0,0,0,0,0,0,0,0,0,0,0,0,0,0,0,0,0,0,0,0,0,0,1.47506723578603,0,0
1654,0.903309295076332,0,0,0,0,0.899995498938728,0,0,0.910272793242405,1.80433224463482,0,0,14.9963764271802,1.21088559634316,2.19920170860911,0,0,0.951316857058008,2.04479136359084,0,0.844048885129189,2.06141573885485,0,4.91209652955787,0,0,1.85448933591648,0,0,1.05463621574846,0,0,0,0,0,0,0,0,0,0,2.82928854768498,0.972523513890737,1.22564079061044,0,0,3.21041916469855,0,0.813187062204528,3.98484441290781,0.651700149370734,0,0,0,7.26939984678351
1658,0,0,0,0,0,0,0,0,0,1.80433224463482,0,0,0,0,0,0,0,0,0,0,0,0,0,0,0,0,0,0,0,0,0,0,0,0,0,0,0,0,0,0,0,0,0,0,0,1.07013972156618,0,0,0,0,0,0,0,0
1659,0,0,0,0,0,0,0,0,0,0,0,0,0,0,0,0,0,0,0,0,0,0,0,0,0,0,0.927244667958238,0,0,0,0,0,0,0.819310587695601,0,0,0,0,0,7.52315407138328,0,0.972523513890737,2.45128158122089,2.80599619739238,0,0,0,0.813187062204528,0,0,0.929302732550708,1.47506723578603,0,1.81734996169588
1661,0,0,0,0,0,0,0,0,0,0,0,0,0,0,0,0,0,0,0,0,0,0,0,0,0,0,0,0,0,0,0,0,0,0,0,0,0,0,0,0,0,0,0,0,0,0,0,0,0,0,0,0,0,0
1662,0,0,0,0,0,0,0,0,0,0,0,0,0,0,0,0,0,0,0,0,0,0,0,0,0,0,0,0,0,0,0,0,0,0,0,0,0,0,0,0,0,0,0,0,0,0,0,0,0,0,0,0,0,0
1663,0,0,0,0,0,0,0,0,0,0,0,0,0,0,0,0,0,0,0,0,0,0,0,0,0,0,0,0,0,0,0,0,0,0,0,0,0,0,0,0,0,0,0,0,0,0,0,0,0,0,0,0,0,0
1664,0,0,0,0,0,0,0,0,0,0,0,0,0,0,0,0,0,0,0,0,1.68809777025838,0,0,0,1.08340074459836,2.65974528177475,0.927244667958238,0,0,0,0,0,0,0,0,0,0,0.785723567303718,0,0,0.943096182561662,0,0,0,4.68627752000872,0,0,0,0,0,0,0,0,0
1665,0,0,0,0,0,0,0,0,0,0,0,0,0,0,0,0,0,0,0,0,0,0,0,0,0,0,0,0,0,0,0,0,0.961078869798163,0,0,0,0,0,0,0,0,0,0,0,0,0,0,0,0,0,0.929302732550708,0,0,0
1667,0,0,0,0,0,0,0,0,0,0,0,0,0,0,1.09960085430456,0,1.11610378782857,0,0,0,0,0,0,0,0,0,0,0,0,0,0,0,0,0,0,0,0,0,0,1.25385901189721,0,0,0,0,0,0,0.824063590163226,0,0,0,0,0,0,0
1669,0,0,0,0,0,0,0,0,0,0,0,0,0,1.21088559634316,0,0,0,0,0,0,0,0,0,0,0,0,0,0,0,0,0,0,0,0,0,0,0,0,0,0,0,0,0,0,0,0,0,0,0,0,0,0,0,1.81734996169588
1672,0,0,0,0,0,0,0,0,0,0,0,0,0,0,0,0,0,0,0,0,0,0,0,0,0,0,0,0,0,0,0,0,0,0,0,0,0,0,0,0,0,0,0,0,0,0,0,0,0,0.651700149370734,0,0,0,0
1673,0,0,0,0,0,0,0,0,0,0,0,0,0,0,0,0,0,0,0,0,0,0,0,0,0,0,0,0,0,0,0,0,0,0,0,0,0,0,0,0,0,0,0,0,0,0,0,0,0,0,0,0,0,0
1675,0,0,0,0,0,0,0,0,0,0,0,0,0,0,0,0,0,0,0,0,0,0,0,0,0,0,0,0,0,0,0,0,0,0,0,0,0,0,0,0,0,0,0,0,0,0,0,0,0,0,0,0,0,0
1676,0,0,1.04306885611018,0,0,0,0,2.04481890276149,0,0,0,0,0,0,0,3.24428588824926,0,0,0,0,0,1.03070786942743,0,0,0,0,0,0,0,0,0,0,0,0,0,0,0,0,0.832811761267273,0,0,0.972523513890737,0,0,0,0,0,0.813187062204528,0,0,0,0,0,0.908674980847939
1678,0,0,0,0,0,0,0,0,0,0,0,0,0,0,0,0,0,0,0,0,0,0,0,0,0,0,0,0,0,0,0,0,0,0,0,0,0,0,0,0,0,0,0,0,0,0,0,0,0,0,0,0,0,0
1679,0,1.75307996054507,2.08613771222035,0,2.11795411134119,2.69998649681618,1.81419358507957,1.02240945138075,0,0,1.99865155693423,0.663015201117883,0,0,0,0,1.11610378782857,0,3.06718704538627,0,0.844048885129189,4.12283147770971,3.24649945816807,0,3.25020223379508,0,0.927244667958238,0,0.942897354152491,1.05463621574846,0,0,0,1.6386211753912,0,1.12182576823647,0,0,0,0,0,0,1.22564079061044,0,1.56209250666957,1.07013972156618,0,0,0,0.651700149370734,0,0,0,0
1680,0,0,0,0,0,0,0,0,0,0,0,0,0,0,0,0,0,0,0,0,0,0,0,0,0,0,0,0,0,0,0,0,0,0,0,0,0,0,0,0,0,0,0,0,0,0,0,0,0,0,0,0,0,0
1685,0,0,0,1.95706147223747,0,0,0,0,0,0,0,0,0,0,0,0,1.11610378782857,0,0,0,0,0,0,1.22802413238947,0,0,0,0,0,0,0,0,0.961078869798163,0,0,0,0,0,0,0,0,0,0,0,0,0,0.824063590163226,0,1.59393776516312,0,0.929302732550708,0,0,0
1687,0,0,0,0,0,0,0,0,0,0,0,0,0,0,0,0,0,0,0,0,0,0,0,0,3.25020223379508,0,0,0,0,0,0,0,0,1.6386211753912,0,0,0,0.785723567303718,0,1.25385901189721,0,0.972523513890737,0,0,0,1.07013972156618,0,0,0,0,0.929302732550708,0,0,0
1688,0,0,0,0,0,0,0,0,0,0,0,0,0,0,0,0,0,0,0,0,0,0,0,1.22802413238947,0,0,0,0,0,0,0,0,0,0,0,0,0,0,0,0,0.943096182561662,0,0,0,0,0,0,0,0,0,0,1.47506723578603,0,0
1690,0,0,0,0,0,0,0,0,0,0,0,0,0,0,0,0,0,0,0,0,0,0,0,0,0,0,0,0,0,0,0,0,0,0,0,0,0,0,0,0,0,0,0,0,0,0,0,0,0,0,0,0,0,0
1691,0,0,0,0,0,0,0,0,0,0.902166122317409,0,0,0,0,0,0,0,0,0,0,0,0,0,0,0,0,0,0,0,0,0,0,0,0,0,0,0,0,0,0,0,0,0,0,0,0,0,0,0,0,0,0,0,0
1692,0,0,0,0,0,0,0,0,0,0,0.999325778467116,0,0,0,0,0,0,0,0,0,0,0,0,0,0,0,0,0,0,0,0,0,0,0,0,0,0,0,0,0,0,0,0,0,0,0,0,0,0,0,0,0,0,0
1693,0,0.876539980272536,0,0,0,0,0,0,0,0,0,0,0,0,1.09960085430456,0,0,0,0,0,0,0,0,0,0,0,0,0,0,0,0,1.43407603414644,0,0,0,0,0,0,0,0,0,0,0,0,0,0,0,0,0,0,0,0,0,0
1696,0,0,0,0,0,0,0,0,0,0,0,0,0.937273526698761,0,0,0,0,0,0,0,0,0,0,0,0,0,0,0,0,0,0,0,0,0,0,0,0,0,0,0,0,0,0,0,0,0,0,0,0,0,0,0,0,0
1698,0,0,0,0,0,0,0,0,0,0,0,0,0,0,0,0,0,0,0,0,0,0,0,0,0,0,0,0,0,0,0,0,0,0,0,0,0,0,0,0,0,0,0,0,0,0,0,0,0,0,0,0,0,0
1702,0,0,0,0,0,0,0,0,0.910272793242405,0,0,0,0,0,0,0,0,0,0,0,0,0,0,0,0,0,0,0,0,0,0,0,0,0,0,0,0,0,0,0,0,0,0,0,0,0,0,0,0,0,0,0,0,0
1703,0,0,0,0,0,0,0,0,0,0,0,0.663015201117883,0,0,0,0,0,0,0,0,0,0,0,0,0,0,0,0,0,0,0,0,0,0,0,0,0,0,0,0,0,0,0,0,0,0,0,0,0,0,0,0,0,0
1708,0,0,0,0,0,0,0,0,0,0,0,0,0,0,0,0,0,0,0,0,0,0,0,0,0,0,0,0,0,0,0,0,0,0,0,0,0,0,0,0,0,0,0,0,0,0,0,0,0,0,0,0,0,0
1710,0,0,0,0,0,0,0,0,0,0,0,0,0,0,0,0,0,0,0,0,0,0,0,0,0,0,0,0,0,0,0,0,0,0,0,0,0,0,0,0,0,0,0,0,0,0,0,0,0,0,0,0,0,0
1711,0,0,0,0,0,0,0,0,0,0,0,0,0.937273526698761,0,0,0,0,0,0,0,0,0,0,0,0,0,0,0,0,0,0,0,0,0,0,0,0,0,0,0,0,0.972523513890737,0,0,3.12418501333915,0,0,0,0,0,0,0,0,0
1712,0,0,0,0,0,0,0,0,0,0,0,0,0,0,0,0,0,0,0,0,0,0,0,0,1.08340074459836,0,0,0,0,0,0,0,0,0,0,0,0,0,0,0,0,0,0,0,0,0,0,0,0,0,0,0,0,0
1716,0,0.876539980272536,1.04306885611018,0,0,0,0,0,0,0,0.999325778467116,0,0,0,1.09960085430456,2.16285725883284,0,0,1.02239568179542,0,0.844048885129189,1.03070786942743,0,1.22802413238947,0,0,0,0,0,3.16390864724539,0,0,0,0,0,0,0,0,5.82968232887091,0,0,0,0,0,0,0,0,0,0,0,0,0,0,0
1717,0,0,0,0,0,0,0,0,0,0,0,0,0,0,0,0,0,0,0,0.958710443694007,0,0,0,0,0,0,0,0,0,0,0,0,0,0,0,0,0,0,0,0,0,0,0,0,0,0,0,0,0,0,0,0,0,0
1718,0,0,0,0,0,0,0,0,0,0,0,0,0,0,0,0,0,0,0,0,0,0,0,0,0,0,0,0,0,0,0,0,0,0,0,0,0,0,0,0,0,0,0,0,0,0,0,0,0,0,0,0,0,0
1719,2.709927885229,7.88885982245283,2.08613771222035,2.9355922083562,0,1.79999099787746,0.907096792539785,1.02240945138075,5.46163675945443,12.6303257124437,6.99528044926981,3.9780912067073,3.74909410679505,8.47619917440211,17.5936136688729,3.24428588824926,6.69662272697142,0.951316857058008,3.06718704538627,0,3.37619554051675,1.03070786942743,5.41083243028011,13.5082654562841,0,3.54632704236633,0,2.30272111705559,0.942897354152491,1.05463621574846,6.46219659679403,0,0,0.819310587695601,0,3.36547730470942,0,3.14289426921487,4.16405880633637,16.3001671546638,0.943096182561662,1.94504702778147,0,2.80599619739238,14.0588325600262,6.42083832939711,2.47219077048968,24.3956118661358,0.796968882581562,1.30340029874147,2.78790819765212,1.47506723578603,0,9.08674980847939
1720,0,5.25923988163522,0,0,0,0,0.907096792539785,0,0,0,0.999325778467116,1.32603040223577,0,0,1.09960085430456,0,1.11610378782857,0.951316857058008,0,0,0,1.03070786942743,0,2.45604826477893,1.08340074459836,1.77316352118316,3.70897867183295,1.1513605585278,0.942897354152491,2.10927243149693,0,1.43407603414644,1.92215773959633,0,0.989404235784912,1.12182576823647,0,1.57144713460744,0.832811761267273,6.26929505948607,0.943096182561662,0,1.22564079061044,0,1.56209250666957,0,0.824063590163226,1.62637412440906,0.796968882581562,1.30340029874147,0.929302732550708,1.47506723578603,0,0
1721,0,0,0,0,0,0,0,0,0,0,0,0,0,0,0,0,0,0,0,0,0,0,0,0,0,0,0,0,0,0,0,0,0,0,0,0,0,0,0,0,0,0,0,0,0,0,0,0,0,0,0,0,0,0
1722,0,0,0,0,0,0,0,0,0,0,0,0,0,0,0,0,0,0,1.02239568179542,0,0,0,0,0,0,0,0.927244667958238,0,0,0,0,0,0,0,0,0,0,0,0,0,0,0,0,0.93533206579746,1.56209250666957,0,0,0,0,0,0,0,0,0
1723,0,0,0,0,0,0,0,0,0,0,0,0,0,0,0,0,0,0,0,0,0,0,0,0,0,0,0,0,0,0,0,0,0,0,0,0,0,0,0,0,0,0,0,0,0,0,0,0,0,0,0,0,0,0
1724,0,0,0,0,0,0,0,0,0,0,0,0.663015201117883,0,0,0,0,0,0,0,0,0,0,0,0,0,0,0,0,0,0,0,0,0,0,0,0,0,0,0,0,0,0,0,0,0,0,0,0,0,0,0,0,0,0
1725,0,0,0,0,0,0,0,0,0,0,0,0,0,0,0,0,0,0.951316857058008,0,0,0,0,0,0,0,0,0,0,0,0,0,0,0,0,0,0,0,0,0,0,0,0,0,0,0,0,0,0,0,0,0,0,0,0
1727,0,0,0,0,0,0,0,0,0,0,0,0,0,0,0,0,0,0,0,0,0,0,0,0,0,0,0,0,0,0,0,0,0,0,0,0,0,0,0,0,0,0,0,0,0,0,0,0,0,0,0,0,0,0
1728,0,0,0,0,0,0,0,0,0,0,0,0,0,2.42177119268632,1.09960085430456,0,0,0,0,0,0,1.03070786942743,0,0,2.16680148919672,0,0,0,0,0,0,0,0,0.819310587695601,0.989404235784912,0,0,0,0,0,0,0.972523513890737,0,0,0,1.07013972156618,0.824063590163226,0,0,0,0,0,0,0
1729,0,0,0,0,0,0,0,0,0,0,0,0.663015201117883,0.937273526698761,0,0,0,0,0,1.02239568179542,0,0,2.06141573885485,0,0,0,0,0,2.30272111705559,0,1.05463621574846,1.07703276613234,0,0,0,0.989404235784912,0,0,0,0,0,2.82928854768498,0,2.45128158122089,0,0,0,0,0,0,0,0,0,0,0
1731,0,0,0,0,0,0,0,0,0,0,0,0.663015201117883,0,0,0,0,0,0,0,0,0,0,0,0,0,0,0,0,0,0,0,0,0,0,0,0,0,0,0,0,0,0,0,0,0,0,0,0,0,0,0,0,0,0
1734,0,0,0,0,0,0,0,0,0,0,0,0,0,0,0,0,0,0,0,0,0,0,0,0,0,0,0,0,0,0,0,0,0,0,0,0,0,0,0,0,0,0,0,0,0,0,0,0,0,0,0,0,0,0
1735,0,0,0,0,0,0,0,0,0,0,0,0,0,0,0,0,0,0,0,0,0,0,0,0,0,0,0,0,0,0,0,0,0,0,0,0,0,0,0,0,0,0,0,0,0,0,0,0,0,0,0,0,0,0
1737,0,0,0,0,0,0,0,0,0,0,0,0,0,0,0,0,0,0,0,0,0,0,0,0,0,0,0,0,0,0,0,0,0,0,0,0,0,0,0,0,0,0,0,0,0,0,0,0,0,0,0,0,0,0
1739,0,0.876539980272536,0,0,0,0,0,0,0,0,0.999325778467116,0,0,0,1.09960085430456,0,0,0,0,0,0,0,1.08216648605602,0,0,0,0,1.1513605585278,0,0,0,0,0,0.819310587695601,0,0,0,0,0,1.25385901189721,0,0,0,0.93533206579746,0,0,0,0,0,0,0,0,0,0
1740,17.1628766064503,0,2.08613771222035,1.95706147223747,2.11795411134119,8.09995949044855,3.62838717015914,0,6.37190955269683,7.21732897853927,1.99865155693423,3.31507600558942,0,1.21088559634316,0,2.16285725883284,15.6254530296,2.85395057117402,11.2463524997496,2.87613133108202,6.75239108103351,4.12283147770971,0,0,7.58380521218852,6.20607232414108,0,0,1.88579470830498,1.05463621574846,4.30813106452935,0,0,0.819310587695601,5.93642541470947,2.24365153647295,0,0,0,6.26929505948607,3.77238473024665,2.91757054167221,0,2.80599619739238,0,0,0.824063590163226,0.813187062204528,3.98484441290781,0,0,1.47506723578603,0,20.8995245595026
1741,0,0,0,0,0,0,0,0,0,0,0,0,0,0,0,0,0,0,0,0,0,0,0,0,0,0,1.85448933591648,0,0,0,0,0,0,0,0,0,0,0,0,0,0,0,0,0,0,0,0,0,0,0,0,0,0,0
1742,54.1985577045799,10.5184797632704,36.5074099638561,15.6564917778997,12.7077246680472,17.9999099787746,10.8851615104774,14.3137323193304,15.4746374851209,52.3256350944097,15.9892124554739,47.7370944804876,17.8081970072765,14.5306271561179,18.6932145231775,19.4657153294956,31.2509060592,15.2210697129281,34.7614531810443,25.8851819797382,32.9179065200384,11.3377865637017,40.0401599840728,52.8050376927471,10.8340074459836,41.6693427478044,9.27244667958238,59.8707490434455,33.0014073953372,18.9834518834724,5.38516383066169,21.5111405121966,20.1826562657614,19.6634541046944,6.92582965049438,11.2182576823647,47.5272168060739,15.7144713460744,17.4890469866127,11.2847311070749,12.2602503733016,10.6977586527981,8.5794855342731,31.8012902371136,10.934647546687,32.1041916469855,28.0181620655497,21.9560506795222,15.1424087690497,18.8993043317513,36.2428065694776,16.2257395936463,9.87110647790978,62.6985736785078
1744,0.903309295076332,2.62961994081761,2.08613771222035,0,0,0,0,0,1.82054558648481,0,0.999325778467116,0,0.937273526698761,0,0,1.08142862941642,1.11610378782857,0,0,0,3.37619554051675,0,0,1.22802413238947,0,1.77316352118316,0,0,0.942897354152491,0,0,0,2.88323660939449,0,0.989404235784912,0,0,0,0,0,0.943096182561662,0,0,0,0,0,2.47219077048968,0,0.796968882581562,0.651700149370734,0,0,0,0.908674980847939
1745,243.89350967061,168.295676212327,246.164250042001,129.166057167673,129.195200791813,280.798595668883,150.578067561604,142.114913741924,161.118284403906,198.47654690983,84.9426911697049,130.613994620223,96.5391732499724,105.347046881855,164.940128145683,137.341435935885,120.539209085486,86.5698339922787,181.986431359585,145.723987441489,162.901434829933,187.588832235792,161.242806422347,141.222775224789,134.341692330197,206.573550217839,38.944276054246,154.282314842725,119.747963977366,122.337801026822,73.238228096999,43.0222810243932,174.916354303266,178.609708117641,75.1947219196533,75.1623264718437,77.9933814253521,121.787152932076,101.603034874607,107.83187502316,125.431792280701,56.4063638056628,89.4717777145623,61.7319163426324,85.9150878668266,145.539002133001,135.970492376932,136.615426450361,84.4787015536455,116.654326737361,154.264253603418,35.4016136588647,68.0009557367118,236.255495020464
1746,0,0,0,0,0,0,0,0,0,0,0,0,0,0,0,0,0,0,0,0,0,0,0,0,0,0,0,0,0,0,0,0,0,0,0,0,0,0,0,0,0,0,0,0,0,0,0,0,0,0,0,0,0,0
1747,0,0,0,0,0,0,0,0,0,0,0.999325778467116,0,0.937273526698761,0,0,0,1.11610378782857,0,1.02239568179542,0,0,0,0,0,17.3344119135737,0,14.8359146873318,0,0,0,1.07703276613234,4.30222810243932,0,0,0,0,0,0,0.832811761267273,0,0,0.972523513890737,0,0.93533206579746,0,0,0,0,1.59393776516312,0.651700149370734,0,0,0,0.908674980847939
1748,0,0,0,0,0,0,0,1.02240945138075,0,0,0,0.663015201117883,0,0,0,0,0,0,0,0,0,0,0,0,0,0,0,0,0,0,0,0,0,0.819310587695601,0,0,0,0,0,0,0,0,0,0,0,0,0,0,0,0,0,0,0,0
1749,0,0,0,0,0,0,0,0,0,0,0,0.663015201117883,0.937273526698761,0,1.09960085430456,0,0,0,0,0,0,0,0,0,0,0,0.927244667958238,0,0,2.10927243149693,0,0,0,0,0,0,0,0,0,0,0,0,0,0,0,0,0,0,0,0.651700149370734,0,0,0,0
1753,0,0,0,0,0,0,0,0,0,0,0,0,0,0,0,0,0,1.90263371411602,0,0,0,2.06141573885485,0,0,0,0,0,0,0,0,0,0,0.961078869798163,0,0,0,0,0,0,0,0,0,0,0.93533206579746,0,0,0,0.813187062204528,0,0,0,0,0,0.908674980847939
1756,0,0,0,0,0,0,0,0,0,0,0,0,3.74909410679505,0,0,0,0,0,0,0,0,0,0,0,0,0,0,0,0,1.05463621574846,0,0,0,0,0,1.12182576823647,0,0,0,0,0,0,0,0,0,0,0,1.62637412440906,1.59393776516312,0,0,0,0,0
1757,0,0,0,0,0,0,0,0,0,0,0,0,0,0,0,0,0,0,0,0,0,0,0,0,0,0,0,0,0,0,0,0,0,0,0,0,0,0,0,0,0,0,0,0,0,0,0,0,0,0,0,0,0,0
1758,0,0,0,0,0,0,0,0,0,0,0,0,0,0,0,0,1.11610378782857,0,0,0,0,0,0,0,1.08340074459836,0,0,0,0,0,0,0,0,0,0,0,0,0,0,0,0,0,0,0,0,0,0,0,0,0,0.929302732550708,0,0,0
1759,0,0,0,0,0,0,0,0,0,0,0,0,0,0,0,0,0,0,0,0,0,0,0,0,0,0,0,0,0,0,0,0,0,0,0,0,0,0,0,0,0,0,0,0,0,0,0,0,0,0,0,0,0,0
1761,0,0,0,0,0,0,0,0,0,0,0,0,0,0,0,0,0,0,0,0,0,0,0,0,0,0,0,0,0,0,0,0,0,0,0,0,0,0,0,0,0,0,0,0,0,0,0,0,0,0,0,0,0,0
1763,0,0,0,0,0,0,0,0,0,0,0,0,0,0,1.09960085430456,0,0,0,0,0,0,0,0,0,0,0,0,0,0,0,0,0,0,0,0,0,0,0,0,0,0,0,0,0,0,0,0,0,0,0,0,0,0,0
1764,0,0,0,0,0,0,0,0,0,0,0,0,0,0,0,0,0,0,0,0,0,0,0,0,0,0,0,0,0,0,0,0,0,0,0,0,0,0,0,1.25385901189721,0,0,0,0,0,0,0,0,0,0,0,0,0,0
1766,0,0,0,0,0,0,0,0,0,0,0,0,0,0,0,0,0,0,0,0,0.844048885129189,1.03070786942743,0,0,0,0,0,1.1513605585278,0,0,0,1.43407603414644,0,0,0,0,0,0,0,0,0,0,0,0.93533206579746,0,0,0,0,0,0,0,0,0,0
1767,0,0.876539980272536,0,0,0,0,0,0,0,0,0.999325778467116,0.663015201117883,0,3.63265678902947,0,1.08142862941642,0,0.951316857058008,0,0,0,0,0,0,0,0.886581760591582,0,0,0,0,0,0,0,2.4579317630868,0,0,1.21864658477113,0.785723567303718,0,1.25385901189721,0.943096182561662,0,0,0,0,0,0,0,1.59393776516312,1.9551004481122,1.85860546510142,0,0,0.908674980847939
1768,0,0,0,0,0,0,0,0,0,0,0,0,0,0,0,0,0,0,0,0,0,0,0,0,0,0,0,0,0,0,0,0,0,0,0,0,0,0,0,0,0,0,0,0,0,0,0,0,0,0,0,0,0,0
1770,0,0,0,0,0,0,0,0,0,0,0,0,0,0,0,0,0,0,0,0,0,0,0,0,0,0,0,0,0,0,0,0,0,0,0,0,0,0,0,0,0,0,0,0,0,0,0,0.813187062204528,0,0,0,0,0,0
1773,0,0,0,0,0,0,0,0,0,0,0,0,0,0,0,0,0,0,0,0,0,0,0,0,0,0,0,0,0,0,0,0,0,0,0,0,0,0,0,0,0,0,0,0,0,0,0,0,0,0,0,0,0,0
1774,0,0,0,0,0,0,0,0,0,0,0,0,0,0,0,0,0,0,0,0,0,0,0,0,0,0,0,0,0,0,0,0,0,0,0,0,0,0,0,0,0,0,0,0,0,0,0,0,0,0,0,0,0,0
1778,0,0,0,0,0,0.899995498938728,0,0,0,0,0,1.32603040223577,0,0,0,0,0,0,0,0,0,0,0,0,0,0,0,0,0,0,0,0,0,0,0,0,0,0,0,1.25385901189721,0,0,0,0,0,2.14027944313237,0,0,0,0,0,0,0,0.908674980847939
1779,0,0,0,0,0,0,0,0,0,0,0,0,0,0,0,0,0,0,0,0,0,0,0,0,0,0,0,0,0,0,0,0,0,0,0,0,0,0,0,0,0,0,0,0,0,0,0,0,0,0,0,0,0,0
1782,0,0,0,0,0,0,0,0,0,0,0,0,0,0,0,0,0,0,0,0,0,0,0,0,0,0,0,0,0,0,0,0,0,0,0,0,0,0,0,0,0,0,0,0,0,0,0,0,0,0,0,0,0,0
1783,0,0,0,0,0,0,0,0,0,0,0,0,0,0,0,0,0,0,0,0,0,0,0,0,0,0,0,0,0,0,0,0,0,0,0,0,0,0,0,0,0,0,0,0,0,0,0,0,0,0,0,0,0,0
1785,0,0,0,0,0,0,0,0,0,0,0,0,0,0,0,0,0,0,0,0,0,0,0,0,0,0,0,0,0,0,0,0,0,0,0,0,0,0,0,0,0,0,0,0,0,0,0,0,0,0,0,0,0,0
1788,0,0,0,0,0,0,0,0,0,0,0,0,0,0,0,0,0,0,0,0,0,0,0,0,0,0,0,0,0,0,0,0,0,0,0,0,0,0,0,0,0,0,0,0,0,0,0,0,0,0,0,0,0,0
1790,0,0,0,0,0,0,0,0,0,0,0,0,0,0,0,0,0,0,0,0,0,0,0,0,0,0,0,0,0,0,0,0,0,0,0,0,0,0,0,0,0,0,0,0,0,0,0,0,0,0,0,0,0,0
1791,0,0,0,0,0,0,0,0,0,0,0,0,0,0,0,0,0,0,0,0,0,0,0,0,0,0,0,0,0,0,0,0,0,0,0,0,0,0,0,0,0,0,0,0,0,0,0,0,0,0,0,0,0,0
1793,0,0.876539980272536,1.04306885611018,0,0,0,0,0,0.910272793242405,0.902166122317409,0.999325778467116,3.31507600558942,0,0,3.29880256291367,0,0,0,0,0.958710443694007,0,2.06141573885485,1.08216648605602,0,0,0,0,0,0,0,1.07703276613234,0,0.961078869798163,0,0,0,0,0,0,1.25385901189721,0,0,0,0.93533206579746,0,0,0,0.813187062204528,0,1.9551004481122,0,0,0,0
1795,0,0,1.04306885611018,0,0,0,1.81419358507957,0,0,0,0,0,0,0,0,0,1.11610378782857,0,0,0,0.844048885129189,0,0,0,0,0,0,0,0,0,0,0,0,0,0,0,0,0,0,0,0,0.972523513890737,0,0,0,0,0,0,0,0.651700149370734,0,1.47506723578603,0,0
1797,1.80661859015266,0,0,0,1.0589770556706,2.69998649681618,1.81419358507957,2.04481890276149,0,1.80433224463482,0.999325778467116,3.9780912067073,2.81182058009628,0,8.79680683443645,6.48857177649852,4.46441515131428,1.90263371411602,2.04479136359084,10.5458148806341,0.844048885129189,8.24566295541942,2.16433297211204,3.6840723971684,3.25020223379508,16.8450534512401,8.34520201162414,3.45408167558339,4.71448677076245,3.16390864724539,7.53922936292637,1.43407603414644,2.88323660939449,9.83172705234721,5.93642541470947,2.24365153647295,8.53052609339789,8.6429592403409,7.49530585140546,2.50771802379443,3.77238473024665,4.86261756945369,15.9333302779358,1.87066413159492,1.56209250666957,17.122235545059,15.6572082131013,0,10.3605954735603,1.30340029874147,21.3739628486663,1.47506723578603,0,0.908674980847939
1798,0,0,0,0,0,0,0,0,0,0,0,0,0,0,0,0,0,0,0,0,0,0,0,0,0,0,0,0,0,0,0,0,0,0,0,0,0,0,0,0,0,0,0,0,0,0,0,0,0,0,0,0,0,0
1799,0,0,0,0,0,0,0,0,0,0,0,0,0,0,0,0,0,0,0,0,0,0,0,0,0,0,0,0,0,0,0,0,0,0,0,0,0,0,0,0,0,0,0,0,0,0,0,0,0,0,0,0,0,0
1805,0,0,0,0,0,0,0,0,0,0,0,0,0,0,1.09960085430456,0,0,0,0,0,0,0,0,0,0,0,0,0,0,0,0,0,0,0,0,0,0,0,0,0,0,0,0,0,0,0,0,0,0,0,0,0,0,0
1806,0,0,0,0,0,0,0,0,0,0,0,0,0,0,0,0,0,0,0,0,0,0,0,0,0,0,0,0,0,0,0,0,0,0,0,0,0,0,0,0,0,0,0,0,0,0,0,0,0,0,0,0,0,0
1811,0,0,0,0,0,0,0,0,0,0,0,0,0,0,0,0,0,0,0,0,0,0,0,0,0,0.886581760591582,0,0,0,0,0,0,0,0,0,0,0,0,0,0,0,0,0,0,0,0,0,0,0,0,0,0,0,0
1812,0,0,0,0,0,0,0,0,0,0,0,0,0,0,0,0,0,0,0,0,0.844048885129189,0,0,0,0,0,0,0,0,0,0,0,0,0,0,0,0,0,0,0,0,0,0,0.93533206579746,0,0,0,0,0,0,0,0,0,0
1813,0,0,0,0,0,0,0,0,0,0,0,0,0,0,0,0,0,0,0,0,0,0,0,0,0,0,0,0,0,0,0,0,0,0,0,0,0,0,0,0,0,0,0,0,0,0,0,1.62637412440906,0,0,0,0,0,0
1814,0,0,0,0,0,0,0,0,0,0,0,0,0,0,0,0,0,0,0,0,0,0,0,0,0,0,0,0,0,0,0,0,0,0,0,0,0,0,0,0,0,0,0,0,0,0,0,0,0,0,0,0,0,0
1818,0,0,0,0,0,0,0,0,0,0,0,0,0,0,0,0,0,0,0,0,0,0,0,0,0,0,0,0,0,0,0,0,0,0,0,0,0,0,0,0,0,0,0,0,0,0,0,0,0,0,0,0,0,0
1822,0,0,0,0,0,0,0,0,0,0,0,0,0,0,0,0,0,0,0,0,0,0,0,0,0,0,0,0,0,0,0,0,0,0,0,0,0,0,0,0,0,0,0,0,0,0,0,0,0,0,0,0,0,0
1823,0,0,0,0,0,0,0,0,0,0.902166122317409,0,0,0.937273526698761,0,0,0,0,0,0,0,0,0,0,0,0,0.886581760591582,0,0,0,0,0,0,0,0,0,0,0,0,0,0,0,0,0,0,0,1.07013972156618,0,0,0,0,0,0,0,0
1824,16.259567311374,21.0369595265409,28.1628591149747,10.7638380973061,13.7667017237177,30.5998469639168,11.7922583030172,17.3809606734727,15.4746374851209,16.2389902017134,3.99730311386846,19.8904560335365,5.62364116019257,15.7415127524611,14.2948111059592,12.977143552997,2.23220757565714,1.90263371411602,7.15676977256795,7.66968354955205,14.3488310471962,8.24566295541942,7.57516540239216,4.91209652955787,5.4170037229918,11.5255628876906,2.78173400387471,14.9676872608614,14.1434603122874,14.7649070204785,4.30813106452935,0,4.80539434899081,17.2055223416076,0,1.12182576823647,3.65593975431338,3.92861783651859,0.832811761267273,8.7770130832805,4.71548091280831,6.80766459723516,11.030767115494,2.80599619739238,4.68627752000872,5.35069860783092,8.24063590163226,10.5714318086589,0,5.8653013443366,4.64651366275354,0,2.19357921731328,12.7214497318711
1827,0,0,0,0,0,0,0,0,0,0,0,0,0.937273526698761,0,0,0,0,0,0,0,0,0,1.08216648605602,0,0,0,0,0,0,0,0,0,0,0,0,0,0,0,0,0,0,0,2.45128158122089,0,0,0,0,0,0,0,0,0,0,0
1829,0,0,0,0,0,0,0,0,0,0,0,0,0,0,0,0,0,0,0,0,0,0,0,0,0,0.886581760591582,0,0,0,0,0,0,0,0,0,0,0,0,0,0,0,0,0,0,0,0,0,0,0,0,0,0,0,0
1830,0,0,0,0,0,0,0,0,0,0,0,0,0,0,0,0,0,0,0,0,0,0,0,0,0,0,0,0,0,0,0,0,0,0,0,0,0,0,0,0,0,0,0,0,0,0,0,0,0,0,0,0,0,0
1831,0,0,0,0,0,0,0,0,0,0,0,0,0,0,0,0,0,0,0,0,0,0,0,0,0,0,0,0,0,0,0,0,0,0,0,0,0,0,0,0,0,0,0,0,0,0,0,0,0,0,0,0,0,0
1832,0,0,0,0,0,0,0,0,0,0,0,0,0,0,0,0,0,0,0,0,0,0,0,0,0,0,0,0,0,0,0,0,0,0,0,0,0,0,0,0,0,0,0,0,0,0,0,0,0,0,0,0,0,0
1834,0,0,0,0,0,0,0,0,0,0,0,0,0,0,0,0,0,0,0,0,0,0,0,0,0,0,0,0,0,0,0,0,0,0,0,0,0,0,0,0,0,0,0,0,0,0,0,0,0,0,0,0,0,0
1841,0,0,0,0,0,2.69998649681618,0,0,0,0,0,0,0,0,0,0,0,0.951316857058008,0,0.958710443694007,0,0,0,0,0,0,0,3.45408167558339,0,2.10927243149693,1.07703276613234,0,0,0,0,0,2.43729316954225,0,0,0,0,0,0,0,0,1.07013972156618,0,1.62637412440906,0,0,0,0,0,0
1842,0.903309295076332,1.75307996054507,0,0.978530736118733,0,0,0.907096792539785,0,0.910272793242405,0.902166122317409,1.99865155693423,0,0.937273526698761,0,2.19920170860911,0,0,0,0,0,0,0,0,1.22802413238947,0,0,0,0,0.942897354152491,3.16390864724539,0,0,0,0,0,0,0,0,0,1.25385901189721,0,1.94504702778147,0,0,0,0,0,3.25274824881811,0,0,0,1.47506723578603,0,0
1844,4.51654647538166,0,0,0,0,0,0,0,0,0,0,0,0,0,0,0,0,0,0,0,0,0,0,0,0,0,0,0,0,0,0,0,0,0,0,0,0,0,0,0,0,0,0,0,0,0,0,0,0,0,0,0,0,0
1846,0,0,0,0,0,0,0,0,0,0,0,0,0,0,0,0,0,0,0,0,0,0,0,0,0,0,0,0,0,0,0,0,0,0,0,0,0,0,0,0,0,0,0,0,0,0,0,0,0,0,0,0,0,0
1847,0,0,0,0,0,0,0,0,0,0,0,0,0,1.21088559634316,0,0,0,0,0,0,0,0,0,0,0,0,0,0,0,0,0,0,0,0,0,0,0,0,0,0,0,0,0,0,0,0,0,0,0,0,0,0,0,0
1849,0,0,0,0,0,0,0,0,0,0,0,0,0,0,0,0,0,0,0,0,0,0,0,0,0,0,0,0,0,0,0,0,0,0,0,0,0,0,0,0,0,0,0,0,0,0,0,0,0,0,0,0,0,0
1850,8.12978365568699,0.876539980272536,3.12920656833053,0.978530736118733,0,1.79999099787746,0,2.04481890276149,0,1.80433224463482,0,1.32603040223577,1.87454705339752,1.21088559634316,1.09960085430456,7.57000040591494,0,0,1.02239568179542,0,4.22024442564594,0,2.16433297211204,0,0,5.31949056354949,0,1.1513605585278,3.77158941660996,4.21854486299386,2.15406553226468,0,0,3.2772423507824,3.95761694313965,0,1.21864658477113,0.785723567303718,0.832811761267273,3.76157703569164,1.88619236512332,0.972523513890737,3.67692237183133,1.87066413159492,1.56209250666957,0,0.824063590163226,4.87912237322717,3.98484441290781,0.651700149370734,2.78790819765212,0,2.19357921731328,0
1852,0,0,0,0,0,0,0,0,0.910272793242405,0,0,0,0,0,0,0,0,0,0,0,0,0,1.08216648605602,0,0,1.77316352118316,0,0,0,0,2.15406553226468,0,0,0,0.989404235784912,0,0,0.785723567303718,0,0,0,0,1.22564079061044,0,0,0,0,0,0,0,0,0,0,0
1855,0,0,0,0,0,0,0,0,0,0,0,0,0,0,0,0,0,0,0,0,0,0,0,0,0,0,0,0,0,0,0,0,0,0,0,0,0,0,0,0,0,0,0,0,0,0,0,0,0,0,0,0,0,0
1864,0,0,0,0,0,0,0,0,0,0,0,0,0,0,0,0,0,0,0,0,0,0,0,0,0,0,0,0,0,0,0,0,0,0,0,0,0,0,0,0,0,0,0,0,0,0,0,0,0,0,0,0,0,0
1866,0,0,0,0,0,0,0,0,0,0,0,0,0,0,0,0,0,0,0,0,0,0,0,0,0,0,0,0,0,0,0,0,0,0,0,0,0,0,0,0,0,0,0,0,0,0,0,0,0,0,0,0,0,0
1870,0,0,7.30148199277123,0,0,0,0.907096792539785,0,0,0.902166122317409,0.999325778467116,0.663015201117883,16.8709234805777,0,0,0,2.23220757565714,2.85395057117402,0,0,1.68809777025838,0,0,8.59616892672627,2.16680148919672,0,3.70897867183295,0,0,6.32781729449079,2.15406553226468,0,0.961078869798163,1.6386211753912,0,0,0,0,0,2.50771802379443,0,1.94504702778147,3.67692237183133,0,10.934647546687,0,0.824063590163226,7.31868355984075,4.78181329548937,0.651700149370734,0,4.42520170735808,1.09678960865664,0
1872,0,0,0,0,0,0,0,0,0,0.902166122317409,1.99865155693423,1.32603040223577,0,1.21088559634316,2.19920170860911,0,0,0,0,0,0,0,1.08216648605602,0,0,0,0,2.30272111705559,0,0,0,1.43407603414644,0.961078869798163,1.6386211753912,0,3.36547730470942,0,0,0,0,0,0,0,0,0,0,0,0,0,0,0,1.47506723578603,0,0
1874,9.93640224583965,84.1478381061635,25.0336525466442,6.84971515283113,18.0026099464001,3.59998199575491,23.5845166060344,11.2465039651882,10.9232735189089,29.7714820364745,134.908980093061,43.0959880726624,149.026490745103,15.7415127524611,40.6852316092686,14.0585721824135,88.1721992384571,40.9066248534943,55.2093668169528,21.0916297612681,35.4500531754259,13.3992023025565,23.8076626932325,98.2419305911574,309.852612955131,27.4840345783391,182.667199587773,124.346940321002,79.2033777488092,120.228528595325,70.007129798602,374.293844912221,27.8712872241467,55.7131199633008,95.9722108711364,177.248471381363,92.6171404426056,65.2150560862086,22.4859175542164,130.40133723731,38.6669434850281,117.675345180779,112.758952736161,31.8012902371136,271.804096160506,186.204311552516,178.82179906542,199.230830240109,136.281678921447,46.9224107546928,40.8893202322311,233.060623254192,156.8409140379,72.6939984678351
1875,0,0,0,0,0,0,0,0,0,0,0,0,0,0,0,0,0,0,0,0,0,0,0,0,0,0,0,0,0,0,0,0,0,0,0,0,0,0,0,0,0,0,0,0,0,0,0,0,0,0,0,0,0,0
1876,0,0,1.04306885611018,0,0,0,0,0,0,0,0,0,0,0,0,0,0,0,0,0,0,0,0,0,0,0,0,0,0,0,0,0,0,0,0,0,0,0,0,0,0,0,0,0,0,0,0,0,0,0,0,0,0,0
1878,85.8143830322516,78.8885982245283,137.685089006543,85.1321740423298,66.7155545072475,84.5995769002404,81.6387113285806,54.1877009231795,72.8218234593924,80.2927848862494,46.9683115879545,63.6494593073168,37.4909410679505,53.278966239099,61.5776478410551,50.8271455825717,25.6703871200571,50.4197934240744,37.8286402264306,35.4722864166782,66.6798619252059,46.3818541242342,74.6694875378655,60.1731824870839,40.0858275501393,54.0814873960865,25.9628507028307,52.9625856922787,41.4874835827096,37.9669037669447,32.3109829839702,8.60445620487864,42.2874702711192,32.772423507824,36.6079567240417,30.2892957423848,41.4339838822183,34.5718369613636,29.1484116443546,57.6775145472718,39.6100396675898,37.9284170417388,37.9948645089237,42.0899429608857,35.9281276534002,40.665309419515,44.4994338688142,76.4395838472256,43.0363196594043,28.6748065723123,36.2428065694776,29.5013447157206,30.710109042386,62.6985736785078
1879,7.22647436061066,14.9011796646331,4.1722754244407,2.9355922083562,8.47181644536477,1.79999099787746,0.907096792539785,0,11.8335463121513,8.11949510085668,11.9919093416054,6.63015201117883,36.5536675412517,12.1088559634316,29.689223066223,3.24428588824926,11.1610378782857,8.56185171352207,26.582287726681,6.71097310585805,5.90834219590432,3.09212360828228,6.49299891633613,31.9286274421261,9.75060670138524,4.43290880295791,16.6904040232483,28.7840139631949,8.48607618737242,15.819543236227,17.2325242581174,27.2474446487823,6.72755208858714,10.6510376400428,1.97880847156982,8.97460614589179,13.4051124324824,15.7144713460744,10.8265528964746,132.909055261105,32.0652702070965,36.955893527848,7.35384474366266,6.54732446058222,15.6209250666957,13.9118163803604,6.59250872130581,31.7142954259766,18.3302842993759,27.3714062735708,6.50511912785496,10.3254706505022,12.0646856952231,7.26939984678351
1881,0,0,0,0,0,0,0,1.02240945138075,0,0,0,0,0,0,0,0,0,0,0,0,0,0,0,1.22802413238947,0,0,0,0,0,0,0,0,0,0,0,0,0,0,0,0,0,0,0,0,0,0,0,0,0,0.651700149370734,0,0,0,0
1882,4.51654647538166,0,0,0,0,0,0,0,0.910272793242405,0,0.999325778467116,1.32603040223577,0.937273526698761,3.63265678902947,2.19920170860911,0,1.11610378782857,0,4.08958272718169,0,1.68809777025838,0,0,1.22802413238947,0,0,0,2.30272111705559,0,0,3.23109829839702,1.43407603414644,0,0.819310587695601,0,0,2.43729316954225,1.57144713460744,1.66562352253455,1.25385901189721,0,0,2.45128158122089,0,1.56209250666957,1.07013972156618,0.824063590163226,0,0,1.9551004481122,4.64651366275354,0,0,0.908674980847939
1884,0,0,0,0,0,0,0,0,0,0,0,0,0,0,0,0,0,0,0,0,0.844048885129189,0,0,0,0,0,0,0,0,0,0,0,0,0,0,0,0,0,0,1.25385901189721,0,0,0,0,0,0,0,0,0,0,0,0,0,0
1885,36.1323718030533,15.7777196449057,30.2489968271951,9.78530736118733,5.29488527835298,16.1999189808971,10.8851615104774,20.4481890276149,20.0260014513329,23.4563191802526,28.9804475755464,19.8904560335365,32.8045734344566,29.0612543122358,74.7728580927098,28.1171443648269,33.4831136348571,32.3447731399723,29.6494747720672,49.8529430720883,20.2571732431005,32.9826518216777,74.6694875378655,46.6649170307997,0,42.555924508396,2.78173400387471,9.21088446822238,17.9150497288973,50.6225383559263,34.4650485162348,2.86815206829288,30.7545238335412,31.1338023324328,14.8410635367737,28.0456442059118,40.2153372974472,12.5715770768595,28.3155998830873,43.8850654164025,23.5774045640415,21.3955173055962,37.9948645089237,32.7366223029111,17.1830175733653,28.893772482287,23.8978441147336,68.3077132251803,59.7726661936171,48.2258110534343,33.4548983718255,25.0761430083625,24.1293713904461,94.5021980081856
1889,0,0,0,0,0,0,0,0,0,0,0,0,0,0,0,0,0,0,0,0,0,0,0,0,0,0,0,0,0,0,0,0,0,0,0.989404235784912,0,0,0,0,0,0,0,0,0,0,0,0,0,0,0,0,0,0,0
1891,0,0,0,0,0,0,0,1.02240945138075,0,0,0,0,0,0,0,0,0,0,0,0,0,0,0,0,0,0,0,0,0,0,0,0,0,0.819310587695601,0,0,0,0,0,1.25385901189721,0,0,0,0,0,0,0,0,0,0,0,0,0,0
1892,7.22647436061066,4.38269990136268,4.1722754244407,0.978530736118733,0,8.09995949044855,2.72129037761935,3.06722835414224,5.46163675945443,2.70649836695223,0.999325778467116,5.30412160894306,1.87454705339752,3.63265678902947,4.39840341721822,7.57000040591494,3.34831136348571,0.951316857058008,2.04479136359084,7.66968354955205,7.5964399661627,2.06141573885485,6.49299891633613,8.59616892672627,2.16680148919672,3.54632704236633,2.78173400387471,2.30272111705559,4.71448677076245,6.32781729449079,4.30813106452935,1.43407603414644,2.88323660939449,2.4579317630868,3.95761694313965,1.12182576823647,1.21864658477113,0.785723567303718,0.832811761267273,1.25385901189721,4.71548091280831,0.972523513890737,0,2.80599619739238,1.56209250666957,6.42083832939711,3.29625436065291,2.43956118661358,3.18787553032625,1.9551004481122,9.29302732550708,1.47506723578603,4.38715843462657,6.36072486593557
1894,0,0,0,0,0,0,0,0,0,0.902166122317409,0.999325778467116,0,0.937273526698761,0,0,0,0,0,0,0,0,2.06141573885485,0,0,0,0.886581760591582,0,0,0,1.05463621574846,1.07703276613234,1.43407603414644,0,0,0,1.12182576823647,0,0,0,0,0,0,1.22564079061044,0,0,0,0,0,0,0,0,0,1.09678960865664,0.908674980847939
1896,1.80661859015266,0.876539980272536,0,1.95706147223747,0,3.59998199575491,0,0,0.910272793242405,0.902166122317409,3.99730311386846,3.9780912067073,0.937273526698761,1.21088559634316,6.59760512582734,1.08142862941642,3.34831136348571,1.90263371411602,8.17916545436338,1.91742088738801,2.53214665538757,1.03070786942743,1.08216648605602,0,0,5.31949056354949,0.927244667958238,3.45408167558339,0,2.10927243149693,5.38516383066169,0,0,4.9158635261736,0,0,2.43729316954225,6.28578853842975,0.832811761267273,2.50771802379443,0,10.6977586527981,2.45128158122089,0,1.56209250666957,3.21041916469855,0,1.62637412440906,2.39090664774469,0,9.29302732550708,0,0,0
1899,0,0,0,0,0,0,0,0,0,0,0,0,0,0,0,0,0,0,0,0,0,0,0,0,0,0,0,0,0,0,0,0,0,0,0,0,0,0,0,0,0,0,0,0,0,0,0,0,0,0,0,0,0,0
1901,0,0,0,0,1.0589770556706,0,0,0,0,0,0,0,0,0,0,0,0,0,0,0,0,0,0,0,0,0,0,0,0,0,0,0,0,0,0,0,0,0.785723567303718,0,0,0,0,0,0,0,0,0,0,0,0,0,0,0,0
1903,0,0,0,0,0,0,0,0,0,0,0,0,0,0,0,0,0,0,0,0.958710443694007,0,0,0,0,0,0,0,0,0,0,0,0,0,0,0,0,0,0,0,0,0,0,0,0,0,0,0,0,0,0,0,0,0,0
1905,0,0,0,0,0,0,0,0,0.910272793242405,0,0.999325778467116,0,1.87454705339752,0,0,0,0,0,1.02239568179542,0,0,0,0,0,0,0,0,0,0,0,0,0,0,0.819310587695601,0,0,0,0,0,0,0,0.972523513890737,0,0,1.56209250666957,0,0,0,0,0.651700149370734,0.929302732550708,1.47506723578603,0,0
1906,4.51654647538166,5.25923988163522,5.21534428055088,0.978530736118733,0,0.899995498938728,0,1.02240945138075,0.910272793242405,0,1.99865155693423,1.32603040223577,0,1.21088559634316,2.19920170860911,2.16285725883284,0,0.951316857058008,0,3.83484177477603,1.68809777025838,0,0,2.45604826477893,0,2.65974528177475,0,1.1513605585278,0.942897354152491,1.05463621574846,0,0,1.92215773959633,0,0.989404235784912,2.24365153647295,0,3.14289426921487,1.66562352253455,0,0.943096182561662,0,1.22564079061044,0.93533206579746,0,0,0,0.813187062204528,0,1.30340029874147,3.71721093020283,1.47506723578603,0,1.81734996169588
1908,0,0,0,0,0,0,0,0,0,0,0,0,0,0,0,0,0,0,0,0,0,0,0,0,0,0,0,0,0,0,0,0,0,0,0,0,0,0,0,0,0,0,0,0,0,0,0,0,0,0,0,0,0,0
1909,0,0,0,0,0,0,0,0,0,0,0,0,0,0,0,0,0,0,0,0,0,0,0,1.22802413238947,0,0,0,0,0,0,0,0,0,0,0,0,0,0,0,0,0,0,0,0,0,0,0,0,0,0,0,0,0,0
1912,0,0,0,0,0,0,0,0,0,0,0,0,1.87454705339752,0,0,0,0,0,0,0,0,0,0,0,0,0,0.927244667958238,0,0,0,0,0,0,0,0,0,0,0,0,0,0,0,0,0,0,0,0,0,0,0,0,0,0,0
1914,0,0,0,0,0,0,0,0,0,0,0,0,0,0,0,0,0,0,0,0,0,0,1.08216648605602,0,0,0,0,0,0,0,0,0,0,0,0,0,0,0,0,0,0,0,0,0,0,0,0,0,0,0,0,0,0,0
1916,0,0,0,0,0,0,0,0,0,0,0,0,0,0,0,0,0,0.951316857058008,0,0,0,0,0,0,0,0,0,0,0,0,1.07703276613234,0,0,0,0,0,0,0,0,0,0,0,0,0,0,0,0,0,0,0,0,0,0,0
1918,0,0,0,0,0,0,0,0,0,0,0,0,0,0,0,0,0,0,0,0,0,0,0,0,0,0,0,0,0,0,0,0,0,0,0,0,0,0,0,0,0,0,0,0,0,0,0,0,0,0,0,0,0,0
1921,0,0,0,0,0,0,0,0,0,0,0,0,0,0,0,0,0,0,0,0,0,0,0,0,0,0,0,0,0,0,0,0,0,0,0,1.12182576823647,0,0,0,0,0,0,0,0,0,0,0,0,0,0,0,0,0,0
1922,0,0,0,0,0,0,0,0,0,0,0,0,0,0,0,0,0,0,0,0,0,0,0,0,0,0,0,0,0,0,0,0,0,0,0,0,0,0,0,1.25385901189721,0,0,0,0,0,0,0,0,0,0,0,0,0,0
1924,0,0,0,0,0,0,0,0,0,0,0,0,0,0,0,0,0,0,0,0,0,0,0,0,0,0,0,0,0,0,0,0,0,0,0,0,0,0,0,0,0,0,0,0,0,0,0,0,0,0,0,0,0,0
1925,0,0,0,0,0,0,0,0,0.910272793242405,0,0,0,0,0,0,0,0,0,0,0,0,0,0,0,0,0,0,0,0,0,0,0,0,0,0,0,0,0,0,0,0,0,0,0,0,0,0,0,0,0.651700149370734,0,0,0,0
1926,0,0,0,0,0,0,0,0,0,0,0,0,0,0,0,0,0,0,0,0,0,0,0,0,1.08340074459836,0,0,0,0,0,0,0,0,0,0,0,0,0,0,0,0,0,0,0,0,0,0,0,0,0,0,0,0,0
1928,0,0,0,0,0,0,0,0,0,0,0,0,0,0,0,0,0,0,0,0,0,0,0,0,0,0,0,0,0,0,0,0,0,0,0,0,0,0,0,0,0,0,0,0,0,0,0,0,0,0,0,0,0,0
1932,0,0,0,0,0,0,0,0,0,0,0.999325778467116,0,0,0,0,0,0,0,1.02239568179542,0,0,0,0,0,0,0,0,0,0,0,0,0,0,0.819310587695601,0,0,0,1.57144713460744,0,0,0,0,0,0,0,0,0,0,0,0,0,0,0,0
1936,0,0,0,0,0,0,0,0,0,0,0,0,0,0,0,0,0,0,0,0,0,0,0,0,0,0,0,0,0,0,0,0,0,0,0,0,0,0,0,0,0,0,0,0,0,0,0,0,0,0.651700149370734,0,0,0,0
1937,0,0,0,0,0,0,0,0,0,0,0,0,0,0,0,0,0,0,0,0,0,0,0,0,0,0,0,0,0,0,0,0,0,0,0,0,0,0,0,0,0,0,0,0,0,0,0,0,0,0,0,0,0,0
1939,0.903309295076332,0,1.04306885611018,0,0,1.79999099787746,0,1.02240945138075,0.910272793242405,0,0,0.663015201117883,0,0,0,1.08142862941642,0,0,0,0.958710443694007,0.844048885129189,1.03070786942743,0,0,0,0,0,0,0,0,0,0,0,0,0,0,0,1.57144713460744,0,0,0.943096182561662,0,0,0,0,0,0.824063590163226,0,0,0,0,0,1.09678960865664,0
1942,0,0,0,0,0,0,0,0,0,0,0,0,0,0,0,0,0,0,0,0,0,0,0,0,0,0,0,0,0,0,0,0,0,0,0,0,0,0,0,0,0,0,0,0,0,0,0,0,0,0,0,0,0,0
1944,0,0,0,0,0,0,0,0,0,0,0,0,0,0,0,0,0,0,0,0,0,0,0,0,0,0,0,0,0,0,0,0,0,0,0,0,0,0,0,0,0,0,0,0,0,0,0,0,0,0,0,0,0,0
1945,111.107043294389,125.345217178973,147.072708711535,139.929895264979,52.9488527835298,153.899230318522,133.343228503348,189.145748505438,149.284738091754,153.36824079396,91.9379716189747,209.512803553251,219.32200524751,106.557932478198,393.657105841031,363.360019483917,203.1308893848,172.188351127499,427.361394990486,293.365395770366,80.1846440872729,187.588832235792,100.64148320321,501.033846014903,89.9222618016638,365.271685363732,153.922614881068,261.35884678581,165.949934330838,204.599425855202,226.176880887791,87.4786380829328,109.562991156991,160.584875188338,460.072969639984,38.1420761200401,315.629465455722,282.074760662035,273.162257695666,215.663750046321,312.16483642791,259.663778208827,160.558943569968,98.2098669087333,224.941320960419,532.92958133996,309.847909901373,179.714340747201,262.999731251915,120.564527633586,695.11844394793,181.433270001681,69.0977453453684,102.680272835817
1946,0,0,0,0,0,0,0,0,0,0,0,0,0,0,0,0,0,0,0,0,0,0,0,0,0,0,0,0,0,0,0,0,0,0,0,0,0,0,0,0,0,0,0,0,0,0,0,0,0,0,0,0,0,0
1947,0,0,0,0,0,0,0,0,0,0,0,0,0,0,0,0,0,0,0,0,0,0,0,0,0,0,0,0,0,0,0,0,0,0,0,0,0,0,0,0,0,0,0,0,0,0,0,0,0,0,0,0,0,0
1948,0,0,0,0,0,0,0,0,0,0,0,0,0,0,0,0,0,0,0,0,0,0,0,0,0,0,0,0,0,0,0,0,0,0,0,0,0,0,0,0,0,0,0,0,0,0,0,0,0,0,0,0,0,0
1950,0,0,0,0,0,0,0,0,0,0,0,0,0,0,0,0,0,0,0,0,0,0,0,0,0,0,0,0,0,0,0,0,0,0,0,0,0,0,0,0,0,0,0,0,0,0,0,0,0,0,0,0,0,0
1951,0,0,0,0,0,0,0,0,0,0,0,0,0,1.21088559634316,0,0,0,0,0,0,0,0,0,0,0,0,0,0,0,0,0,0,0,0,0,0,0,0,0,0,0,0,0,0,0,0,0,0,0,0,0,0,0,0
1953,0,0,0,0,0,0,0,0,0,0,0,0,0,0,0,0,0,0,0,0,0,0,0,0,0,0,0,0,0,0,0,0,0,0,0,0,0,0,0,0,0,0,0,0,0,0,0,0,0,0,0,0,0,0
1954,0.903309295076332,0,0,0,0,0,0,0,0,0,2.99797733540135,0,0,0,0,0,0,0,2.04479136359084,1.91742088738801,0,0,0,0,0,0,0,0,0,0,0,0,0,0,0,0,0,0,0,0,0,0,0,0.93533206579746,0,0,0.824063590163226,0,0,0,0,0,0,0
1959,0.903309295076332,0,0,0,0,0,0,0,0,0,0.999325778467116,0,0,0,4.39840341721822,0,0,0,0,0,0,0,0,0,0,0,0,0,0,0,0,0,0,0,0,0,0,0,0,0,0,0,0,0.93533206579746,1.56209250666957,1.07013972156618,0.824063590163226,0.813187062204528,0,0,0,2.95013447157206,0,0
1960,0,2.62961994081761,2.08613771222035,1.95706147223747,0,0,0,0,3.64109117296962,2.70649836695223,0,0,1.87454705339752,2.42177119268632,1.09960085430456,0,1.11610378782857,0,0,0,0,1.03070786942743,0,3.6840723971684,1.08340074459836,0,3.70897867183295,0,0,0,2.15406553226468,0,1.92215773959633,1.6386211753912,1.97880847156982,0,0,0.785723567303718,0,0,1.88619236512332,0.972523513890737,0,0,0,0,0,0.813187062204528,0.796968882581562,1.30340029874147,0,0,3.29036882596993,1.81734996169588
1961,0,0,0,0,0,0,0,0,0,0,0,0,0,0,0,0,0,0,0,0,0,0,0,0,0,0,0,0,0,0,0,0,0,0,0,0,0,0,0,0,0,0,0,0,0,0,0.824063590163226,0,0,0,0,0,0,0
1962,0,0,0,0,0,0,0,0,0,0,0,0,0,0,0,0,0,0,0,0,0,0,0,0,0,0,0,0,0,0,0,0,0,0,0,0,0,0,0,0,0,0,0,0,0,0,0,0,0,0,0,0,0,0
1964,0,0,0,0,0,0,0,0,0,0,0,0,0,0,0,0,0,0,0,0,0,0,0,0,0,0,0,0,0,0,0,0,0,0,0,0,0,0,0,0,0,0,0,0,0,0,0,0,0,0,0,0,0,0
1968,0,0.876539980272536,2.08613771222035,0.978530736118733,0,3.59998199575491,0,3.06722835414224,3.64109117296962,0,4.99662889233558,1.32603040223577,0.937273526698761,0,4.39840341721822,0,2.23220757565714,0,2.04479136359084,0,0,0,0,0,0,0.886581760591582,1.85448933591648,0,0.942897354152491,1.05463621574846,0,2.86815206829288,0,0,3.95761694313965,0,0,5.50006497112603,0,0,0,0,0,1.87066413159492,0,0,0,0,0,0,0,4.42520170735808,0,0
1972,0,0,0,0,0,0,0,0,0,0,0,0,0,0,0,0,0,0,0,0,0,0,0,0,0,0,0,0,0,0,0,0,0,0,0,0,0,0,0,0,0,0,0,0,0,0,0,0,0,0,0,0,0,0
1973,0,0,0,0,0,0,0,0,0,0,0,0,0,0,1.09960085430456,2.16285725883284,0,0,0,0,0,0,2.16433297211204,0,0,0.886581760591582,0,0,0,0,0,0,0,0,0,0,0,0,0,0,0,0,0,0,0,0,0,0,0,0,0,0,0,0
1975,0,0,0,0,0,0,0,0,0,0,0,0,0.937273526698761,0,0,0,0,0,0,0,0,0,0,0,0,0,0,0,0,0,0,0,0,0,0,0,0,0,0,0,0,0,0,0,0,0,0,0,0,0,0,0,0,0
1976,0,0,0,0,0,0,0,0,0,0,0,0,0,0,0,0,0,0,0,0,0,0,0,0,0,0,0,0,0,0,0,0,0,0,0,0,0,0,0,0,0,0,0,0,0,0,0,0,0,0,0,0,0,0
1978,0,0,0,0,0,0,0,0,0,0,0,0,0,0,0,0,0,0,0,0,0,0,0,0,0,0,0,0,0,0,0,0,0,0,0,0,0,0,0,0,0,0,0,0,0,0,0,0,0,0,0,0,0,0
1979,0,0,0,0,0,0,0,0,0,0,0,0,0,0,0,0,0,0,1.02239568179542,0,0,0,0,0,0,0,0,0,0,0,0,0,0,0,0,0,0,0,0,0,0,0,0,0,0,0,0,0,0,0,0,0,0,0
1981,0,0,0,0,0,0,0,0,0,0,0,0,0,0,0,0,0,0,0,0,0,0,1.08216648605602,0,0,0,0,0,0,0,0,0,0.961078869798163,0,0,0,0,0,0,0,0,0,0,0,0,0,0.824063590163226,0,0,0,0,0,0,0
1982,6.32316506553433,6.13577986190775,7.30148199277123,2.9355922083562,0,7.19996399150982,4.53548396269892,13.2913228679497,5.46163675945443,0.902166122317409,16.988538233941,1.98904560335365,28.1182058009628,0,6.59760512582734,3.24428588824926,7.8127265148,2.85395057117402,7.15676977256795,3.83484177477603,0.844048885129189,0,1.08216648605602,8.59616892672627,20.5846141473688,6.20607232414108,18.5448933591648,9.21088446822238,3.77158941660996,7.38245351023925,8.61626212905871,10.0385322390251,1.92215773959633,5.7351741138692,2.96821270735474,14.5837349870742,1.21864658477113,10.2144063749483,2.49843528380182,13.7924491308694,3.77238473024665,6.80766459723516,3.67692237183133,3.74132826318984,6.2483700266783,16.0520958234928,5.76844513114258,11.3846188708634,11.9545332387234,1.30340029874147,11.1516327906085,10.3254706505022,4.38715843462657,9.99542478932733
1988,0,0,0,0,0,0,0,0,0,0,0,0,0,0,0,0,0,0,0,0,0,0,0,0,0,0,0,0,0,0,0,0,0,0,0,0,0,0,0,0,0,0,0,0,0,0,0,0,0,0,0,0,0,0
1989,0,0,0,0,0,0,0.907096792539785,0,0,0,0,0,0,0,0,0,0,0,0,0,0,0,0,0,0,0,0,0,0,0,0,0,0,0,0,0,0,0,0,0,0,0,0,0,0,0,0,0,0,0,0,0,0,0
1992,0,0,0,0,0,0,0,0,0,0,0,0,0,0,0,0,0,0,0,0,0,0,0,0,0,0,0.927244667958238,0,0,1.05463621574846,0,0,0,0,0,0,0,0,0.832811761267273,3.76157703569164,0,0.972523513890737,0,0,0,0,0,0,0,0,0.929302732550708,0,0,0
1994,0,0,0,0,0,0,0,0,0,0,0,0,0.937273526698761,0,0,0,0,0,0,0,0,0,0,0,0,0,0,0,0,0,0,0,0,0,0,0,0,0,0,0,0,0,0,0,0,0,0,0,0,0,0,0,0,0
1995,0,0,0,0,0,0,0,0,0,0,0,0,0,0,0,2.16285725883284,0,0,0,0,0,0,0,0,0,0,0,0,0,0,0,0,0,0,0,0,0,0,0,0,0,0.972523513890737,0,0,0,0,0,0,0,0,0,0,0,0
1997,0,0,0,0,0,0,0,0,0,0,1.99865155693423,0,0,0,1.09960085430456,0,0,0,0,0,0,0,0,0,0,0,0.927244667958238,0,0,1.05463621574846,1.07703276613234,0,0,0,0,0,0,0,0,0,0,0,0,0,0,0,0,0,0,0,0,0,0,0
1999,0,0,0,0,0,0,0,0,0,0,0,0,0,0,0,0,0,0,0,0,0,0,0,0,0,0,0,0,0,0,0,0,0,0,0,0,0,0,0,0,0,0,0,0,0,0,0,1.62637412440906,0,0,0,0,0,0
2000,0,0,0,0,0,0,0,0,3.64109117296962,0,0.999325778467116,0,0,0,0,0,0,0,0,0,0,1.03070786942743,1.08216648605602,0,1.08340074459836,0,0,0,0.942897354152491,0,0,0,0,0,0,0,0,0,0,0,0,0,0,0,0,0,0,0,0,0,0,0,2.19357921731328,0
2003,0,0,0,0,0,0,0,0,0,0,0,0,0,0,0,0,0,0,0,0,0,0,0,0,0,0,0,0,0,0,0,0,0,0,0,0,0,0.785723567303718,0,0,0,0,0,0,0,0,0,0,0,0,0,0,0,0
2006,0,0,0,0,0,0,0,0,0,0,0,0,0,0,0,0,0,0,0,0,0,0,0,0,0,0,0,0,0,0,0,0,0,0,0,0,0,0,0,0,0,0,0,0,0,0,0,0,0,0,0,0,0,0
2007,0,0,0,0,0,0,0,0,0,0,0.999325778467116,0,0,0,0,0,0,0,0,0,0,0,0,0,0,0,0.927244667958238,0,0,0,0,0,0,0,0,0,0,0,0,0,0,0.972523513890737,0,0,0,0,0,0,0,0,0,0,0,0
2010,0,0,0,0,0,0,0,0,0,0,0,0,0,0,0,0,0,0,0,0,0,0,0,0,0,0,0,0,0,0,0,0,0,0,0,0,0,0,0,0,0,0,0,0,0,0,0,0,0,0,0,0,0,0
2012,0,0,0,0,0,0,0,0,0,0,0,0,0,0,0,0,0,0,0,0,0,0,0,0,0,0,0,0,0,0,0,0,0,0,0,0,0,0,0,0,0,0,0,0,0,0,0,0,0,0,0,0,0,0
2013,0,0,0,0,0,0,0,0,0,0,0,0,0,0,0,0,0,0.951316857058008,1.02239568179542,0,0,0,0,0,0,0,0,0,0,0,0,0,0,0,0,0,0,0,0.832811761267273,0,0.943096182561662,0,0,0,0,0,0,1.62637412440906,0,0,0.929302732550708,0,0,0
2014,0,0,0,0,1.0589770556706,0,0,0,0,0,0,0,0,0,0,0,0,0,0,0,0,0,0,0,0,0,0,0,0,0,0,0,0,0,0,0,0,0,0,0,0,0,0,0,1.56209250666957,0,0,0,0,0,0,0,0,0
2015,0,0,1.04306885611018,0,3.17693116701179,0.899995498938728,0,0,1.82054558648481,0,0,0,0,1.21088559634316,0,0,0,0,4.08958272718169,0,4.22024442564594,0,0,3.6840723971684,0,3.54632704236633,0,3.45408167558339,0,0,0,0,0,0.819310587695601,0,0,0,0,0,0,0,0.972523513890737,0,1.87066413159492,0,0,0.824063590163226,2.43956118661358,0.796968882581562,0,0,0,1.09678960865664,0
2017,0,0,0,0,0,0,0,0,0,0,0,0,0,0,0,0,0,0,0,0,0,0,0,0,0,0,0,0,0,0,0,0,0,0,0,0,0,0,0,0,0,0,0,0,0,0,0,0,0,0,0,0,0,0
2019,0,0,0,0,0,0,0,0,0,0,0.999325778467116,0,0,0,1.09960085430456,0,0,0,1.02239568179542,0,0,0,0,0,0,0,0,2.30272111705559,0,0,0,0,0,0,0,0,0,0,0,0,0,0,0,0,0,0,0.824063590163226,0,0,0,0,0,0,0.908674980847939
2022,3.61323718030533,0,4.1722754244407,1.95706147223747,0,1.79999099787746,2.72129037761935,1.02240945138075,0.910272793242405,7.21732897853927,5.9959546708027,2.65206080447153,0.937273526698761,8.47619917440211,5.49800427152278,1.08142862941642,5.58051893914285,3.80526742823203,4.08958272718169,1.91742088738801,3.37619554051675,1.03070786942743,1.08216648605602,11.0522171915052,2.16680148919672,1.77316352118316,0,14.9676872608614,3.77158941660996,5.27318107874232,5.38516383066169,0,0.961078869798163,0.819310587695601,3.95761694313965,1.12182576823647,1.21864658477113,4.71434140382231,2.49843528380182,6.26929505948607,2.82928854768498,5.83514108334442,0,4.6766603289873,0,1.07013972156618,3.29625436065291,10.5714318086589,5.57878217807093,3.9102008962244,9.29302732550708,16.2257395936463,0,1.81734996169588
2026,0,0,0,0,0,0,0,0,0,0,0,0,0,0,0,0,0,0,0,0,0,0,0,0,0,0,0,0,0,0,0,0,0,0,0,0,0,0,0,0,0,0,0,0,0,0,0,0,0,0,0,0,0,0
2029,0.903309295076332,0.876539980272536,4.1722754244407,0.978530736118733,0,1.79999099787746,2.72129037761935,0,0.910272793242405,0,0.999325778467116,2.65206080447153,0.937273526698761,2.42177119268632,0,2.16285725883284,0,0,3.06718704538627,0,3.37619554051675,3.09212360828228,3.24649945816807,2.45604826477893,0,0,0,0,5.65738412491494,3.16390864724539,1.07703276613234,0,0,1.6386211753912,0.989404235784912,0,0,0.785723567303718,0,0,0,1.94504702778147,0,3.74132826318984,0,1.07013972156618,1.64812718032645,1.62637412440906,0.796968882581562,0,0,4.42520170735808,1.09678960865664,0.908674980847939
2030,2.709927885229,7.88885982245283,5.21534428055088,6.84971515283113,6.35386233402358,6.2999684925711,7.25677434031828,4.08963780552298,0.910272793242405,1.80433224463482,4.99662889233558,5.30412160894306,5.62364116019257,12.1088559634316,5.49800427152278,8.65142903533136,11.1610378782857,7.61053485646406,1.02239568179542,7.66968354955205,3.37619554051675,6.18424721656456,1.08216648605602,1.22802413238947,4.33360297839344,7.97923584532424,6.49071267570767,1.1513605585278,7.54317883321993,8.43708972598772,6.46219659679403,4.30222810243932,13.4551041771743,10.6510376400428,6.92582965049438,8.97460614589179,6.09323292385563,9.42868280764462,1.66562352253455,7.52315407138328,9.43096182561662,6.80766459723516,2.45128158122089,16.8359771843543,7.81046253334787,4.28055888626474,10.7128266721219,8.9450576842498,8.76665770839718,3.9102008962244,1.85860546510142,11.8005378862882,4.38715843462657,1.81734996169588
2031,0,0,0,0,0,0,0,0,0,0,0,0,0,0,0,0,0,0,0,0,0,0,0,0,0,0,0,0,0,0,0,0,0,0,0,0,0,0,0,0,0,0,0,0,0,0,0,0,0,0,0,0,0,0
2033,0,0,0,0,0,0,0,0,0,0,0.999325778467116,0,0,0,0,0,0,0,0,0,0,0,0,0,0,0,0,0,0,1.05463621574846,0,0,0,0,0,0,0,0,13.3249881802764,0,1.88619236512332,0,0,0,0,0,0,0,0,0,0,0,0,0
2035,0,0,0,0,0,0,0,0,0,0,0,0,0,0,2.19920170860911,0,0,0,0,0,0,0,1.08216648605602,0,0,0,0,0,0.942897354152491,0,0,0,0,0,0,0,0,0,0,0,0,0,0,0,1.56209250666957,0,0,0,0,0.651700149370734,0,0,0,0
2038,0,0,0,0,0,0,0,0,0,0,0,0,0,0,0,0,0,0,0,0,0,0,0,0,0,0,0,0,0,0,0,0,0,0,0,0,0,0,0,0,0,0,0,0,0,0,0,0,0,0,0,0,0,0.908674980847939
2039,0.903309295076332,0,0,0,0,0,0,0,0,0,0,0.663015201117883,0,0,1.09960085430456,2.16285725883284,0,0,0,0,0,1.03070786942743,2.16433297211204,0,0,0,0,0,0,1.05463621574846,1.07703276613234,2.86815206829288,0,0,0,0,1.21864658477113,0,1.66562352253455,0,0,0.972523513890737,0,0,0,0,0,6.50549649763622,0,0.651700149370734,0,0,1.09678960865664,1.81734996169588
2042,0,0,0,0,0,0,0,0,0,0,0,0,0,0,0,0,0,0,0,0,0,0,0,0,0,0,0,0,0,0,0,0,0,0,0,0,0,0,0,0,0,0,0,0,0,0,0,0,0,0,0,0,0,0
2043,0,0,0,0,0,0,0,0,0,0,0,0,0,0,0,0,0,0,0,0,0,0,0,0,0,0,0,0,0,0,0,0,0,0,0,0,0,0,0,0,0,0,0,0,0,0,0,0,0,0,0,0,0,0
2044,0,0,0,0,0,0,0,0,0,0,0,0,0,0,0,0,0,0,0,0,0,0,0,0,1.08340074459836,0,0,0,0,0,0,0,0,0,0,0,0,0,0,0,0,0,0,0,0,0,0,0,0,0,0,0,0,0
2045,0,0,0,0,0,0,0,0,0,0,0,0,0,0,1.09960085430456,0,0,0,0,0,0,0,0,0,1.08340074459836,0.886581760591582,0,0,0,0,0,1.43407603414644,0,0,0,0,0,0,0,0,0,0,0,0,1.56209250666957,0,0,0,0,0,0,0,0,0
2046,0,0,0,0,0,0,0.907096792539785,0,0,0,0,0,0,0,0,0,0,0.951316857058008,0,0,0,0,0,0,0,0,0,0,0,0,0,0,0,0,0,0,0,0,0,0,0,0,0,0,0,0,0,0,0,0,0,1.47506723578603,0,0
2048,0,0,0,0,0,0,0,0,0,0,0,0,0,0,0,0,0,0,0,0,0,0,0,0,0,0,0,0,0,0,0,0,0,0,0,0,0,0,0,0,0,0,0,0,0,0,0,0,0,0,0,0,0,0
2049,0.903309295076332,0.876539980272536,3.12920656833053,0.978530736118733,0,2.69998649681618,1.81419358507957,1.02240945138075,0.910272793242405,2.70649836695223,0.999325778467116,0,0,0,0,3.24428588824926,0,3.80526742823203,0,1.91742088738801,5.06429331077513,1.03070786942743,1.08216648605602,4.91209652955787,1.08340074459836,0,0,0,1.88579470830498,1.05463621574846,0,0,0.961078869798163,0.819310587695601,0.989404235784912,0,1.21864658477113,1.57144713460744,0,0,0,0.972523513890737,0,0,1.56209250666957,0,0,0,0,1.30340029874147,0,0,0,0.908674980847939
2054,0,0,0,0,0,0,0,0,0,0,0,0,0,0,0,0,0,0,0,0,0,0,0,0,0,0,0,0,0,0,0,0,0,0,0,0,0,0,0,0,0,0,0,0,0,0,0,0,0,0,0,0,0,0
2055,0,0,0,0,0,0.899995498938728,0,0,0.910272793242405,0,0,0,0.937273526698761,0,0,0,0,0,0,0,0,0,0,0,1.08340074459836,0,0.927244667958238,0,0.942897354152491,0,1.07703276613234,0,0,0,0,0,1.21864658477113,0,0,0,1.88619236512332,0,0,0,0,0,0,0,0,0,0,0,0,0
2059,1.80661859015266,0,0,0,0,0,0,0,0,0,0,0,0.937273526698761,1.21088559634316,1.09960085430456,0,0,43.7605754246684,1.02239568179542,0,0,0,0,0,0,0,0,0,0,0,0,0,0,0,0,0,0,1.57144713460744,0,0,0,0,1.22564079061044,0,0,1.07013972156618,0,0,0,0.651700149370734,0,0,0,0
2061,2.709927885229,0,0,0,0,0,0.907096792539785,0,0,0,0,0,1.87454705339752,1.21088559634316,0,1.08142862941642,0,0,1.02239568179542,0.958710443694007,0,0,0,0,0,0,0,0,0,0,1.07703276613234,5.73630413658576,0,0.819310587695601,0.989404235784912,0,0,0.785723567303718,0,2.50771802379443,0,1.94504702778147,0,0,0,2.14027944313237,0,0,0,0,0,0,0,0
2063,0,0,0,0,0,0,0,0,0,0,0,0,0,0,0,0,1.11610378782857,0,0,0,0,0,0,0,0,0,0,0,0,0,0,0,0,0,0,0,0,0,0,0,0,0.972523513890737,0,0,0,0,0,2.43956118661358,0.796968882581562,0,0,1.47506723578603,1.09678960865664,0
2064,0,0,0,0,0,0,0,0,0,0,0,0,0,0,0,0,0,0,0,0,0,0,0,0,0,0,0,0,0,0,0,0,0,0,0,0,0,0,0,0,0,0,0,0,0,0,0,0,0,0,0,0,0,0
2065,0,0,0,0,0,0,0,0,0,0,0,0,0,0,0,0,0,0,0,0,0,0,0,0,0,0,0,0,0,0,0,0,0,0,0,1.12182576823647,0,0.785723567303718,0,1.25385901189721,0,0,0,0,0,0,0.824063590163226,0,0,0,0,0,0,0
2070,0,0,0,0,0,0,0,0,0,0,0,0,0,0,0,0,0,0,0,0,0,0,0,0,0,0,0,0,0,0,0,0,0,0,0,0,0,0,0,0,0,0,0,0,0,0,0,0,0,0,0,0,0,0
2074,0,0,0,0,0,0,0,0,0,0,0,0,0,0,0,0,0,0,0,0,0,0,0,0,0,0,0,0,0,0,0,0,0,0,0,0,0,0,0,0,0,0,0,0,0,0,0,0,0,0,0,0,0,0
2076,0,0,0,0,0,0,0,0,0,0,0,0,0,0,0,0,0,0,0,0,0,0,0,0,0,0,0,0,0,0,0,0,0,0,0,0,0,0,0,0,0,0,0,0,0,0,0,0,0,0,0,0,0,0
2077,0,0,0,0,0,0,0,0,0,0,0,0,0,0,0,0,0,0,0,0,0,0,0,0,0,0,0,0,0,0,0,0,0,0,0,0,0,0,0,0,0,0,0,0,0,0,0,0,0,0,0,0,0,0
2078,2.709927885229,0,4.1722754244407,0,1.0589770556706,0.899995498938728,3.62838717015914,0,3.64109117296962,0,3.99730311386846,5.96713681006095,4.68636763349381,1.21088559634316,6.59760512582734,0,4.46441515131428,0,13.2911438633405,0,2.53214665538757,0,0,2.45604826477893,0,7.09265408473266,0,3.45408167558339,0,1.05463621574846,8.61626212905871,0,0,0.819310587695601,0,1.12182576823647,0,0,7.49530585140546,0,0,5.83514108334442,11.030767115494,1.87066413159492,0,0,0,0.813187062204528,2.39090664774469,2.60680059748294,8.36372459295637,0,0,0
2080,0,0,0,0.978530736118733,1.0589770556706,0.899995498938728,1.81419358507957,0,0.910272793242405,3.60866448926964,41.9716826956189,0,0.937273526698761,4.84354238537263,2.19920170860911,0,2.23220757565714,0.951316857058008,1.02239568179542,0.958710443694007,2.53214665538757,0,0,1.22802413238947,19.5012134027705,0.886581760591582,10.1996913475406,1.1513605585278,1.88579470830498,4.21854486299386,3.23109829839702,113.292006697569,3.84431547919265,0,0.989404235784912,2.24365153647295,13.4051124324824,3.92861783651859,4.16405880633637,10.0308720951777,0,0.972523513890737,3.67692237183133,3.74132826318984,3.12418501333915,0,4.12031795081613,13.0109929952724,0,3.25850074685367,0,0,1.09678960865664,1.81734996169588
2081,0.903309295076332,0,0,0,0,0,0,0,0,0.902166122317409,0,0,0,0,0,0,0,0,0,0.958710443694007,0,0,2.16433297211204,0,0,0,0,1.1513605585278,0,0,0,0,0,0,0,0,1.21864658477113,0,0,0,0,0,0,0.93533206579746,0,0,0,0.813187062204528,0,0,0,0,0,0
2082,0,0.876539980272536,0,0,0,0,0,0,0,0,0,0,0,0,0,0,1.11610378782857,0,0,0,0,0,0,0,2.16680148919672,0,0,0,0,0,0,0,0,0.819310587695601,0,0,1.21864658477113,0,0,0,0,0,0,0,0,0,0,0,0,0,0,0,0,0
2083,0,0.876539980272536,0,0,0,0,0,0,0,0,0,0,0,0,0,0,0,0,0,0,0,0,0,0,0,0,0,0,0,0,0,0,0,0,0,0,0,0,0,0,0,0,0,0,0,0,0,0,0,0,0,0,0,0
2084,0,0,0,0,0,0,0,0,0,0,0,0,0,0,0,0,0,0,0,0,0,0,0,0,0,0,0,0,0,0,0,0,0,0.819310587695601,0,0,0,0,0,0,0,0,0,0,0,0,0,0,0,0,0,0,0,0
2086,0.903309295076332,3.50615992109015,2.08613771222035,1.95706147223747,1.0589770556706,0.899995498938728,0.907096792539785,1.02240945138075,5.46163675945443,0.902166122317409,1.99865155693423,0,0.937273526698761,0,0,1.08142862941642,0,0.951316857058008,2.04479136359084,0,0,0,6.49299891633613,0,5.4170037229918,0,0.927244667958238,8.05952390969458,0,0,7.53922936292637,0,1.92215773959633,0,0,1.12182576823647,0,0,0,0,2.82928854768498,0.972523513890737,0,0.93533206579746,1.56209250666957,0,0,0,1.59393776516312,2.60680059748294,0,0,3.29036882596993,0.908674980847939
2089,0,0,0,0,0,0,0,0,0,0,0,0,0,0,0,0,0,0,0,0,0,0,0,0,0,0,0,0,0,0,0,0,0,0,0,0,0,0,0,0,0,0,0,0,0,0,0,0,0,0,0,0,0,0
2090,0,0,0,0,0,0,0,0,0,0,0,0.663015201117883,0,0,0,0,0,0,0,0,0,0,0,0,0,0,0,0,0,0,0,0,0,0,0,0,0,0,0,0,0,0,0,0,0,0,0,0,0,0,0,0,1.09678960865664,0
2091,0,0,0,0,0,0,0,0,0,0,0,0,0,0,0,0,0,0,0,0,0,0,0,0,0,0,0,0,0,0,0,0,0.961078869798163,0,0,0,0,0,0,0,0,0,0,0,0,0,0,0,0,0,0,0,1.09678960865664,0
2092,0,0,0,0,0,0,0,0,0,0.902166122317409,0,0,0.937273526698761,0,0,0,0,0.951316857058008,0,0,0,0,0,0,0,1.77316352118316,0,0,0,0,0,0,0,0,0,1.12182576823647,0,0,0,0,0,0,0,0,0,0,0,0,0,0,0,0,0,0
2093,0,0,0,0,0,0,0,0,0,0,0,0,0,0,0,0,0,0,0,0,0,0,0,0,0,0,0,0,0,0,0,0,0,0,0,0,0,0,0,0,0,0,0,0,0,0,0,0,0,0,0,0,0,0
2094,0,0,0,0,0,0,0,0,0,0,0,0,0,0,0,0,0,0,0,0,0,0,0,0,0,0,0,0,0,0,0,0,0,0,0,0,0,0,0,0,0,0,0,0,0,0,0,0,0,0,0,0,0,0
2095,13.549639426145,12.2715597238155,15.6460328416526,4.89265368059366,6.35386233402358,31.4998424628555,12.699355095557,10.2240945138075,22.7568198310601,24.3584853025701,51.96494048029,31.8247296536584,86.229164456286,23.00682633052,82.4700640728417,37.8500020295747,62.5018121184,25.6855551405662,68.5005106802933,29.7200237545142,28.6976620943924,22.6755731274034,41.1223264701288,65.0852790166417,14.0842096797787,17.7316352118316,42.653254726079,33.3894561973061,19.8008444372023,75.9338075338894,35.5420812823672,18.6429884439037,14.4161830469724,26.2179388062592,7.91523388627929,34.7765988153307,21.9356385258803,29.8574955575413,35.8109057344927,269.579687557901,34.8945587547815,76.8293575973682,46.5743500431968,48.6372674214679,73.41834781347,52.4368463567431,34.6106707868555,149.626419445633,67.7423550194328,45.6190104559514,49.2530448251875,57.5276221956551,53.7426908241754,54.5204988508763
2098,0,0,0,0,0,0,0,0,0,0,0,0,0,0,0,0,0,0,0,0.958710443694007,0,0,0,0,0,0,0,0,0,1.05463621574846,0,0,0,0,0,0,0,0,0.832811761267273,0,0,0,0,0,0,0,0,0,0,0,0,0,0,0.908674980847939
2100,0,0,0,0.978530736118733,0,0,0,0,0,0,1.99865155693423,0,0,0,0,1.08142862941642,0,0,0,0,0,0,0,0,0,0.886581760591582,0,0,0.942897354152491,0,0,0,0,0,0,1.12182576823647,0,1.57144713460744,0,0,0,0,0,0,0,0,0.824063590163226,0,0,0,0,1.47506723578603,2.19357921731328,0
2101,0,0,0,0,0,0,0,0,0.910272793242405,0,0,1.32603040223577,0,0,0,0,0,0.951316857058008,0,0.958710443694007,1.68809777025838,1.03070786942743,0,0,0,0,0,2.30272111705559,0,0,0,0,0,0,0.989404235784912,1.12182576823647,0,0.785723567303718,0,0,0,0,0,0.93533206579746,0,1.07013972156618,2.47219077048968,0,0,0.651700149370734,1.85860546510142,0,0,0
2104,0,0,0,0,0,0,0,0,0,0,0,0,0,0,0,0,0,0,0,0.958710443694007,0,0,0,0,0,0,0,0,0,0,0,0,0,0,0,0,0,0,0,0,0,0,0,0,0,0,0,0,0,0,0,0,0,0
2107,0,0,0,0,0,0,0,0,0,0,0,0,0,0,0,0,0,0,0,0,0,0,0,0,0,0,0,0,0.942897354152491,0,0,0,0,0,0,0,0,0,0,0,0,0,0,0,0,0,0,0,0,0,0,0,0,0
2108,257.443149096755,67.4935784809853,139.771226718764,5.8711844167124,0,7.19996399150982,101.594840764456,4.08963780552298,0,5.41299673390446,156.894147219337,115.364644994512,4.68636763349381,2.42177119268632,286.995822973489,178.435723853709,5.58051893914285,4.75658428529004,403.846294309192,2.87613133108202,331.711211855771,137.084146633848,77.9159869960336,74.9094720757575,122.424284139615,5.31949056354949,88.0882434560326,2.30272111705559,110.318990435841,132.884163184307,2.15406553226468,40.1541289561003,109.562991156991,2.4579317630868,106.85565746477,161.542910626052,75.5560882558098,263.217395046746,2.49843528380182,0,478.149764558762,138.098338972485,0,75.7618973295943,40.614405173409,43.8757285842136,1.64812718032645,118.725311081861,0.796968882581562,2.60680059748294,1.85860546510142,56.0525549598691,3.29036882596993,0
2112,0,0,0,0,0,0,0,0,0,0,0,0.663015201117883,0,0,0,0,0,0,0,0,0,0,0,0,0,0,0,0,0,0,0,0,0,0,0,0,0,0,0,0,0,0,0,0,0,0,0,0,0,0,0,0,0,0
2113,0,0,0,0,0,0,0,0,0,0,0,0,0,0,0,0,0,0,0,0,0,0,0,0,0,0,0,0,0,0,0,0,0,0,0,0,0,0,0,1.25385901189721,0,0,0,0,0,0,0,0,0,0,0,0,0,0
2115,0,0,0,0,0,0,0,0,0,0,0,0,0,0,0,0,0,0,0,0,0,0,0,0,0,0,0,0,0,0,0,0,0,0,0,0,0,0,0,0,0,0,0,0,0,0,0,0,0,0,0,0,0,0
2116,0,0,0,0,0,0,0,0,0,0,0,0,0,0,0,0,0,0,0,0,0,0,0,0,0,0,0,0,0,0,0,0,0,0,0,0,0,0,0,0,0,0,0,0,0,0,0,0,0,0,0,0,0,0
2118,3.61323718030533,3.50615992109015,9.38761970499158,0,5.29488527835298,0.899995498938728,0.907096792539785,2.04481890276149,1.82054558648481,2.70649836695223,0.999325778467116,0,0,15.7415127524611,0,1.08142862941642,0,0,1.02239568179542,10.5458148806341,0.844048885129189,0,8.65733188844818,3.6840723971684,0,0,0,0,0,0,1.07703276613234,0,0,2.4579317630868,0.989404235784912,0,1.21864658477113,7.85723567303718,2.49843528380182,0,2.82928854768498,1.94504702778147,4.90256316244177,0,1.56209250666957,0,1.64812718032645,1.62637412440906,1.59393776516312,0.651700149370734,0,0,1.09678960865664,4.54337490423969
2119,0,0,0,0,0,0,0,0,0,0,0,0,0,0,0,0,0,0,0,0,0,0,0,0,0,0,0,0,0,0,0,0,0,0,0,0,0,0,0,0,0,0,0,0,0,0,0,0,0,0,0,0,0,0
2120,0,0,0,0,0,0,0,0,0,0,0,0,0,0,0,0,0,0,0,0,0,0,0,0,0,0,0,0,0,0,0,0,0,0,0,0,0,0,0,0,0,0,0,0,0,0,0,0,0,0,0,0,0,0
2121,1.80661859015266,0,0,0,0,1.79999099787746,0,0,0,0.902166122317409,0,0.663015201117883,0,1.21088559634316,0,0,0,0,6.13437409077253,0,0.844048885129189,0,0,0,0,0,0,0,0,0,0,0,0,0,0,0,0,0,0.832811761267273,1.25385901189721,0,0,0,1.87066413159492,0,0,0,0,0,0,0,0,0,0.908674980847939
2122,3.61323718030533,0.876539980272536,0,0,0,0.899995498938728,0,0,1.82054558648481,2.70649836695223,0,0,0,0,0,0,0,0,0,0,0,0,0,0,0,0,0,0,0,0,1.07703276613234,0,0,0,0,0,0,0,0,1.25385901189721,0,0,1.22564079061044,0,0,0,0,1.62637412440906,0,0,0,0,0,0
2123,5.41985577045799,4.38269990136268,11.4737574172119,2.9355922083562,3.17693116701179,4.49997749469364,3.62838717015914,11.2465039651882,7.28218234593924,5.41299673390446,0.999325778467116,7.9561824134146,5.62364116019257,2.42177119268632,5.49800427152278,4.32571451766568,3.34831136348571,6.65921799940605,3.06718704538627,2.87613133108202,3.37619554051675,12.3684944331291,0,3.6840723971684,4.33360297839344,5.31949056354949,7.41795734366591,8.05952390969458,5.65738412491494,1.05463621574846,6.46219659679403,2.86815206829288,1.92215773959633,5.7351741138692,9.89404235784912,3.36547730470942,6.09323292385563,3.14289426921487,2.49843528380182,2.50771802379443,0.943096182561662,3.89009405556295,2.45128158122089,0,1.56209250666957,7.49097805096329,1.64812718032645,4.87912237322717,2.39090664774469,2.60680059748294,3.71721093020283,1.47506723578603,3.29036882596993,0
2124,16.259567311374,3.50615992109015,11.4737574172119,2.9355922083562,2.11795411134119,10.7999459872647,4.53548396269892,0,9.10272793242405,4.51083061158705,36.9750538032833,3.31507600558942,17.8081970072765,10.8979703670884,49.482038443705,15.1400008118299,34.5992174226857,17.1237034270441,23.5151006812947,6.71097310585805,3.37619554051675,13.3992023025565,18.3968302629524,33.1566515745156,7.58380521218852,2.65974528177475,85.3065094521579,13.8163267023336,7.54317883321993,22.1473605307178,22.6176880887791,10.0385322390251,5.76647321878898,59.8096729017788,7.91523388627929,69.5531976306614,147.456236757306,5.50006497112603,61.6280703337782,437.596795152128,15.0895389209866,159.493856278081,134.820486967149,34.607286434506,214.006673413732,124.136207701677,117.017029803178,252.087989283404,126.718052330468,153.149535102122,98.506089650375,28.0262774799345,71.2913245626817,31.8036243296779
2126,0,0,0,0,0,0,0,0,0,0,0,0,0,0,0,0,0,0,0,0,0,0,0,0,0,0,0,0,0,0,0,0,0,0,0,0,0,0,0,0,0,0,0,0,0,0,0,0,0,0,0,0,0,0
2128,0,0,0,0,0,0,0,0,0,0,0,0,0,0,0,0,0,0,0,0,0,0,0,0,0,0,0,0,0,0,0,0,0,0,0,0,0,0,0,0,0,0,0,0,0,0,0,0,0,0,0,0,0,0
2129,0.903309295076332,0.876539980272536,2.08613771222035,0,0,0,0,0,0,0,0,1.98904560335365,0,1.21088559634316,1.09960085430456,2.16285725883284,2.23220757565714,0.951316857058008,0,2.87613133108202,4.22024442564594,3.09212360828228,0,0,3.25020223379508,0,0,0,1.88579470830498,1.05463621574846,0,0,0,0,0,2.24365153647295,0,2.35717070191115,0.832811761267273,0,0,3.89009405556295,0,0,0,1.07013972156618,0,0,0,0.651700149370734,0,0,0,1.81734996169588
2134,0,0,0,0,0,0,0,0,0,0,0,0,0,0,0,0,0,0,0,0,0,0,0,0,0,0,0,0,0,0,0,0,0,0,0,0,0,0,0,0,0,0,0,0,0,0,0,0,0,0,0,0,0,0
2135,0,0,0,0,0,0,0,0,0,0,0,0,0,0,0,0,0,0,0,0,0.844048885129189,0,0,0,0,0,0,0,0,0,0,0,0,0,0,0,0,0,0,0,0,0,0,0,0,0,0,0,0,0,0,0,0,0
2136,0,2.62961994081761,0,0.978530736118733,0,0,0,0,0,0,0,0.663015201117883,0,0,1.09960085430456,1.08142862941642,0,0,0,0,0,0,0,2.45604826477893,0,0,0,0,0,0,1.07703276613234,0,0,0,0,0,0,0,0,0,0,0.972523513890737,1.22564079061044,0,0,0,0,0,0,0,0,0,0,0
2137,0,0,0,0,0,0,0,0,0,0,0,0,0,0,0,0,0,0,0,0,0,0,0,0,0,0,0,0,0,0,0,0,0,0,0,0,0,0,0,0,0,0,0,0,0,0,0,0,0,0,0,0,0,0
2139,0,0,0,0,0,0,0,0,0,0,0,0,0,0,0,0,0,0,0,0,0.844048885129189,0,1.08216648605602,0,0,0,0,0,0,0,0,0,0,0,0,0,0,0,0,0,0,0,0,0,0,0,0,0,0,0,0,0,0,0
2140,0,0,0,0,0,0,0,0,0,0,0,0,0,0,0,0,0,0,0,0,0,0,0,0,0,0,0,0,0,0,0,0,0,0,0,0,0,0,0,0,0,0,0,0,0,0,0,0,0,0,0,0,0,0
2144,0,0,0,0,0,0,0,0,0,0,0,0,0.937273526698761,0,0,0,0,0,0,0,0,0,0,0,0,0,0,0,0,0,0,0,0,0,0,0,0,0,0,0,0.943096182561662,0,0,0,0,0,0,0,0,0,0,0,0,0
2151,0,0,0,0,0,0,0,0,0,0,0,0,0,0,0,0,0,0,0,0,0,0,0,0,0,0,0,0,0,0,0,0,0,0,0,0,0,0,0,0,0,0,0,0,0,0,0,0,0,0,0,0,0,0
2152,62.3283413602669,40.3208390925367,78.2301642082632,38.1626987086306,21.1795411134119,89.9995498938728,46.261936419529,59.2997481800833,73.7320962526348,73.9776220300276,57.9608951510927,49.7261400838412,57.1736851286244,56.9116230281284,114.358488847674,60.5600032473195,44.6441515131428,41.8579417105523,89.9708199979971,68.0684415022745,92.8453773642107,74.2109665987747,81.1624864542017,71.2253996785891,20.5846141473688,70.9265408473266,3.70897867183295,77.1411574213624,62.2312253740644,82.2616248283802,26.9258191533085,32.9837487853681,58.6258110576879,51.6165670248228,38.5867651956116,31.4111215106213,48.7458633908451,47.1434140382231,45.8046468697,53.9159375115802,53.7564824060147,41.8185110973017,24.5128158122089,38.3486146976959,31.2418501333915,49.2264271920445,46.1475610491407,63.4285908519532,39.0514752464965,52.7877120990294,52.9702557553904,44.2520170735808,28.5165298250727,105.406297778361
2153,0,0,0,0,0,0,0,0,0,0,0,0,0,0,0,0,0,0,0,0,0,0,0,0,0,0,0,0,0,0,0,0,0,0,0,0,0,0,0,0,0,0,0,0,0,0,0,0,0,0,0,0,0,0
2156,0,0,0,0,0,0,0,0,0,0,0,0,0,0,0,0,0,0,0,0,0,0,0,0,0,0,0,0,0,0,0,0,0,0,0,0,0,0,0,0,0,0,0,0,0,0,0,0,0,0,0,0,0,0
2157,0,0,0,0,0,0,0,0,0,0,0,0,0,0,0,0,0,0,0,0,0,0,0,0,0,0,0,0,0,0,0,0,0,0,0,0,0,0,0,0,0,0,0,0,0,0,0,0,0,0,0,0,0,0
2159,0,0,0,0,0,0,0,0,0,0,0,0,0,0,0,0,0,0,0,0,0,0,0,0,0,0,0,0,0,0,0,0,0,0,0,0,0,0,0,0,0,0,0,0,0,0,0,0,0,0,0,0,0,0
2160,0,0,0,0,0,0,0,0,0,0,0,0,0,0,0,0,0,0,0,0,0,0,0,0,0,0,0,0,0,0,0,0,0,0,0,0,0,0,0,0,0,0,0,0,0,0,0,0,0,0,0,0,0,0
2161,0,0,0,0,0,0,0,0,0,0,0,0,0,0,0,0,0,0,0,0,0,0,0,0,0,0,0,0,0,0,0,0,0,0,0,0,0,0,0,0,0,0,0,0,0,0,0,0,0,0,0,0,0,0
2162,0,0,0,0,0,0,0,0,0,0,0,0,0,0,0,0,0,0,0,0,0,0,0,0,0,0,0,0,0,0,0,0,0,0,0,0,0,0,0,0,0,0,0,0,0,0,0,0,0,0,0,0,0,0
2164,0,0,0,0,0,0,0,0,0,0,0,0,0,0,0,0,0,0,0,0,0,0,0,0,0,0,0,0,0,0,0,0,0,0,0,0,0,0,0,0,0,0,0,0,0,0,0,0,0,0,0,0,0,0
2166,0,0,0,0,0,0,0,0,0,0,0,0,0,0,0,0,0,0,0,0,0.844048885129189,0,0,0,0,0,0,0,0,0,0,0,0,0,0,0,0,0,0,0,0,0,0,0,0,0,0,0,0,0,0,0,0,0
2167,0,0,0,0,0,0,0,0,0,0,0,0,0,0,0,0,0,0,0,0,0,0,0,0,0,0,0,0,0,0,0,0,0,0,0,0,0,0,0,0,0,0,0,0,0,0,0,0,0.796968882581562,0,0,0,0,0
2169,0,0,0,0,0,0,0,0,0,0,0,0,0,0,0,0,0,0,0,0,0,0,0,0,0,0,0,0,0,0,0,0,0,0,0,0,0,0,0,0,0,0,0,0,0,0,0,0,0,0,0,0,0,0
2170,0.903309295076332,0,3.12920656833053,0,0,1.79999099787746,0,0,0,1.80433224463482,2.99797733540135,1.98904560335365,22.4945646407703,0,72.5736563841007,1.08142862941642,15.6254530296,3.80526742823203,12.2687481815451,0,19.4131243579713,2.06141573885485,5.41083243028011,2.45604826477893,5.4170037229918,0,6.49071267570767,12.6649661438058,0,7.38245351023925,22.6176880887791,0,1.92215773959633,11.4703482277384,0,0,1.21864658477113,0,0,5.01543604758885,14.1464427384249,2.91757054167221,7.35384474366266,0.93533206579746,18.7451100800349,3.21041916469855,8.24063590163226,2.43956118661358,22.3151287122837,1.30340029874147,0.929302732550708,4.42520170735808,4.38715843462657,0.908674980847939
2171,15.3562580162976,3.50615992109015,7.30148199277123,3.91412294447493,8.47181644536477,3.59998199575491,3.62838717015914,0,4.55136396621202,5.41299673390446,1.99865155693423,9.28221281565036,4.68636763349381,4.84354238537263,39.585630754964,7.57000040591494,7.8127265148,14.2697528558701,1.02239568179542,5.75226266216404,10.9726355066795,3.09212360828228,8.65733188844818,4.91209652955787,0,11.5255628876906,3.70897867183295,16.1190478193892,5.65738412491494,6.32781729449079,2.15406553226468,1.43407603414644,0,2.4579317630868,0.989404235784912,150.324652943687,7.31187950862676,3.14289426921487,4.16405880633637,15.0463081427666,16.0326351035482,3.89009405556295,1.22564079061044,0,4.68627752000872,4.28055888626474,6.59250872130581,16.2637412440905,2.39090664774469,9.77550224056101,0.929302732550708,8.85040341471617,5.48394804328321,5.45204988508763
2172,1.80661859015266,0,0,0,0,0,0.907096792539785,0,0,0,0,0,0,0,0,0,0,0,0,0,0,0,0,0,0,0,0,0,0,0,0,0,0,0,0,0,0,0.785723567303718,0,0,0,0,0,0,1.56209250666957,0,0,1.62637412440906,0,0.651700149370734,0,0,0,0.908674980847939
2174,0,0,0,0,0,0,0,0,0,0,0,0,0,0,0,0,0,0,0,0,0,0,0,0,0,0,0,0,0,0,0,0,0,0,0,0,0,0,0,0,0,0,0,0,0,0,0,0,0,0,0,0,0,0
2175,0,0,0,0,0,0,0,0,0,0,0,0,0,0,0,0,0,0,0,0,0,0,0,0,0,0,0,0,0,0,0,0,0,0,0,0,0,0,0,0,0,0,0,0,0,0,0,0,0,0,0,0,0,0
2177,0,0,0,0,0,0,0,0,0,0,0,0,0,0,0,0,0,0,0,0,0,0,0,0,0,0,0,0,0,0,0,0,0,0,0,0,0,0,0,0,0,0,0,0,0,0,0,0,0,0,0,0,0,0
2180,0,0,0,0,0,0,0,1.02240945138075,0,0,0,0,0,0,0,0,0,0,0,0,0,0,0,0,0,0,0,0,0,0,1.07703276613234,0,0,0,0.989404235784912,0,0,0,0,0,0,0,0,0,0,0,0,0,0,0,0,0,0,0.908674980847939
2181,0,0,0,0,0,0,0,0,0,0,0,0,0,0,0,0,0,0,0,0,0,0,0,0,0,0,0,0,0,0,0,0,0,0,0,0,0,0,0,0,0,0,0,0,0,0,0,0,0,0,0,0,0,0
2184,0,0,0,0,0,0,0,0,0,0,0,0,0,0,0,0,0,0,0,0,0,0,0,0,0,0,0,0,0,0,0,0,0,0,0,0,0,0,0,0,0,0,0,0,0,0,0,0,0,0,0,0,0,0
2187,0,0,0,0,0,0,0,0,0,0,0,0,0,0,0,0,0,0.951316857058008,0,0,0,0,0,0,0,0,0,2.30272111705559,0,0,0,0,0,0,0,0,0,0,0,0,0,0,0,0,0,0,0.824063590163226,0,0,0.651700149370734,0,0,0,0
2188,0,0,0,0,0,0,0,0,0,0,0,0,0,0,0,0,0,0,0,0,0,0,0,0,0,0,0,0,0,0,0,0,0,0,0,0,0,0,0,0,0,0,0,0,0,0,0,0,0,0,0,0,0,0
2192,0,0,0,0,0,0,0,0,0,0,0,0,0,0,0,0,0,0,0,0,0,0,0,0,0,0,0,0,0,0,0,0,0,0,0,0,0,0,0,0,0,0,0,0,0,0,0,0,0,0,0,0,0,0
2193,0,0,0,0,0,0,0,0,0,0,0,0,0,0,0,0,0,0,0,0,0,0,0,0,0,0,0,0,0,0,0,0,0,0,0,0,0,0,0,0,0,0,0,0,0,0,0,0,0,0,0,0,0,0
2194,0,0,0,0,0,0,0,0,0,0,0,0,0,0,0,0,0,0,0,0,0,0,0,0,0,0.886581760591582,0,0,0,0,0,0,0,0,0,0,0,0,0,0,0,0,0,0,0,0,0,0,0,0,0,0,0,0
2196,0,0,0,0,0,0,0,0,0,0,0,0,0,0,0,0,0,0,0,0,0,0,0,0,0,0,0,0,0,0,0,0,0,0,0,0,0,0,0,0,0,0,0,0,0,0,0,0,0,0,0,0,0,0
2199,0,0,0,0,0,0,0,0,0,0,0,0,0,0,0,0,0,0,0,0,0,0,0,0,0,0,0,0,0,0,0,0,0,0,0,1.12182576823647,0,0,0,0,0,0,0,0,0,0,0,0,0,0.651700149370734,0,0,0,0
2201,0,0,0,0,0,0,0,0,0,0,0,0,0,0,0,0,0,0,0,0,0,0,0,0,0,0,0,0,0,0,0,0,0,0,0,0,0,0,0,0,0,0,0,0,0,0,0,0,0,0,0,0,0,0
2204,0,0,0,0,0,0,0,0,0,0,0,0,0,0,0,0,0,0,0,0,0,0,0,0,0,0,0,0,0,0,0,0,0,0,0,0,0,0,0,0,0,0,0,0,0,0,0,0,0,0,0,0,0,0
2208,0,0,0,0,0,0,0,0,0,0,0,0,0,0,0,0,1.11610378782857,0,0,0,0,0,0,0,0,0,0,0,0,0,0,0,0,0,0,0,0,0,0,0,0,0,0,0,0,0,0,0,0,0,0.929302732550708,0,0,0
2209,0,0,0,0,0,0,0,2.04481890276149,0,0,0,0,0,0,0,0,1.11610378782857,0,0,0,0,0,0,0,0,0,0,0,0,0,0,0,0,0,0,0,0,0,0,0,0,0,0,0,0,0,0,0,0,0,0,0,0,0
2211,0,0,0,0,0,0,0,0,0,0,0,0,0,0,0,0,0,0,0,0,0,0,0,0,0,0,0,0,0,0,0,0,0,0,0,0,0,0,0,0,0,0,0,0,0,0,0,0,0,0,0,0,0,0
2212,0,0,0,0,0,0,0,0,0,0,0,0,0,0,0,0,0,0,0,0,0,0,0,0,0,0,0,0,0,0,0,0,0,0,0,0,0,0,0,0,0,0,0,0,0,0,0,0,0,0,0,0,0,0
2213,7.22647436061066,1.75307996054507,1.04306885611018,0,3.17693116701179,1.79999099787746,0,0,0,0,0,1.32603040223577,0.937273526698761,1.21088559634316,2.19920170860911,3.24428588824926,0,1.90263371411602,0,0,0,2.06141573885485,2.16433297211204,0,0,2.65974528177475,0,1.1513605585278,1.88579470830498,0,0,0,1.92215773959633,0,0,0,1.21864658477113,0,0,2.50771802379443,0,0.972523513890737,1.22564079061044,0.93533206579746,3.12418501333915,0,3.29625436065291,1.62637412440906,0.796968882581562,0,0.929302732550708,0,1.09678960865664,2.72602494254382
2216,0,0,0,0,0,0,0,0,0,0,0,0,0,0,0,0,0,0,0,0,0,0,0,0,0,0,0,0,0,0,0,0,0,0,0,0,0,0,0,0,0,0,0,0,0,0,0,0,0,0,0,0,0,0
2218,0,0,0,0,0,0,0,0,0,0,0,0,0,0,0,0,0,0,0,0,0,0,0,0,0,0,0,0,0,0,0,0,0,0,0,0,0,0,0,0,0,0,0,0,0,0,0,0,0,0,0.929302732550708,0,0,0
2219,0,0,0,0,0,0,0,0,0,0,0,0,0,0,0,0,0,0,0,0,0,0,0,0,0,0,0,0,0,0,0,0,0,0,0,0,0,0,0,0,0,0,0,0,0,0,0,0,0,0,0,0,0,0
2223,0,0,0,0,0,0,0,0,0,0,0,0,0,0,0,0,0,0,0,0,0,0,0,0,0,0,0,0,0,0,0,0,0,0,0,0,0,0,0,0,0,0,0,0,0,0,0,0,0,0,0,0,0,0
2224,0,0,0,0,0,0,0,0,0,0,0,0,0,0,0,0,0,0,0,0,0,0,0,0,0,0,0,0,0,0,1.07703276613234,0,0,0,0,0,0,0.785723567303718,0,0,0,0,0,0,0,0,0,0,0,0,0,0,0,0
2225,0,0,0,0,0,0,0,0,0,0,0.999325778467116,0,0,0,0,0,0,0,0,0,0,0,0,0,0,0,0.927244667958238,0,0,0,0,0,0,0,0,0,0,0,0,0,0,0,0,0,0,0,0,0,0,0,0,0,0,0
2226,0,0,0,0,0,0,0,0,0,0,0,0,0,0,0,0,0,0,0,0,0,0,0,0,0,0,0,0,0,0,0,0,0,0,0,0,0,0,0,0,0,0,0,0,0,0,0,0,0,0,0,0,0,0
2228,0,0,0,0,0,0,0,0,0,0,0,0,0,0,0,0,0,0,0,0,0,0,0,0,0,0,0,0,0,0,0,0,0,0,0,0,0,0,0,0,0,0,0,0,0,0,0,0,0,0,0,0,0,0
2230,0,0,0,0,0,0,0,0,0,0,0,0,0,0,0,0,0,0,0,0,0,0,0,0,0,0,0,0,0,1.05463621574846,0,0,0,0,0,0,0,0,0,0,0,0,0,0,0,0,0,0,0,0,0,0,0,0
2232,0,0,0,0,0,0,0,0,0,0,0,0,0,0,0,0,0,0,0,0,0,0,0,0,0,0,0,0,0,0,0,0,0,0,0,0,0,0,0,0,0,0,0,0,0,0,0,0,0,0,0,0,0,0
2240,0,0,0,0,0,0,0,0,0,0,0,0,0,0,0,0,0,0,0,0,0,0,0,0,0,0,0,0,0,0,0,0,0,0,0,0,0,0,0,0,0,0,0,0,0,0,0,0,0,0,0,0,0,0
2242,0,0,0,0,0,0,0,0,0,0,0,0,0,0,0,0,0,0,0,0,0,1.03070786942743,0,0,0,0,0,0,0,0,0,0,0,0,0,0,0,0,0,0,0,0,0,0,0,0,0,0,0,0,0,0,0,0
2248,0,0,0,0,0,0,0,0,0,0,0,0,0,0,0,0,0,0,0,0,0,0,0,0,0,0,0,0,0,0,0,0,0,0,0,1.12182576823647,0,0,0,0,0,0,0,0,0,0,0,0,0,0,0,0,0,0
2249,0,0,0,0,0,0,0,0,0,0,0,0,0,0,0,0,0,0,0,0,0,0,0,0,0,0,0,0,0,0,0,0,0,0,0,0,0,0,0,0,0,0,0,0,0,0,0,0,0,0,0,0,0,0
2251,0,0,0,0,0,0,0,0,0,0,0,0,0,0,0,0,0,0,0,0,0,0,0,0,0,0,0,0,0,0,0,0,0,0,0,0,0,0,0,0,0,0,0,0,0,0,0,0,0,0,0,0,2.19357921731328,0
2255,0,0,3.12920656833053,0,0,0,1.81419358507957,2.04481890276149,1.82054558648481,0,0,0,0,1.21088559634316,6.59760512582734,0,3.34831136348571,0,7.15676977256795,0,0,0,4.32866594422409,3.6840723971684,0,0,0,0,0,5.27318107874232,0,11.4726082731715,0,4.096552938478,0,4.48730307294589,0,0.785723567303718,0,12.5385901189721,2.82928854768498,7.7801881111259,6.12820395305221,2.80599619739238,1.56209250666957,0,0,4.87912237322717,0,0,0,0,4.38715843462657,6.36072486593557
2256,0,0,0,0,0,0,0,0,0,0,0,1.32603040223577,0,0,0,0,0,0,0,0,0,0,0,1.22802413238947,0,0,0,0,0,2.10927243149693,0,0,0,0,0,0,0,0,1.66562352253455,0,0,0,0,0,0,0,0,0,0,0,1.85860546510142,0,0,0
2259,0,0,0,0,0,0,0,0,0,0,0.999325778467116,0,0,0,0,0,0,0,0,0,0,0,0,0,0,0,0.927244667958238,0,0,0,0,0,0,0,0,0,0,0,0,0,0,0,0,0,0,0,0,0,0,0,0,0,0,0
2261,0,0,0,0,0,0,0,0,0,0,0,0,0,0,0,0,0,0,0,0,0,0,0,0,0,0,0,0,0,0,0,0,0,0,0,0,0,0,0,0,0,0,0,0,0,0,0,0,0,0,0,0,0,0
2262,0,0,0,0,0,0,0,0,0,0,0,1.32603040223577,0,0,0,0,0,0.951316857058008,0,0,0,0,0,0,1.08340074459836,0,0.927244667958238,0,0,0,0,0,0,0,0,0,0,0,0,1.25385901189721,0,0,0,0,0,0,0,0,0,0,0,0,0,0
2263,0,0,0,0,0,0.899995498938728,0,0,0,0,0,0.663015201117883,0,0,0,0,0,0,0,0,0,0,0,0,0,0,0,0,0.942897354152491,0,0,0,0,0,0,0,0,0.785723567303718,0,0,0,0,0,0,0,0,0,0,0,0,0,0,0,0
2266,0,0,0,0,0,0,0,0,0,0,0,0,0,0,0,0,0,0,0,0,0,0,0,0,0,0,0,0,0,0,0,0,0,0,0,0,0,0,0,0,0,0,0,0,0,0,0,0,0,0,0,0,0,0
2267,0.903309295076332,0,0,0,0,0,0,0,0,0,0,0,0,0,0,0,0,0,0,0,0,0,0,0,0,0,0,0,0,0,0,0,0,0,0,0,0,0,0,0,0,0,0,0,0,0,0,0,0,0,0,0,0,0
2268,0,0,0,0,0,0,0,0,0,0,0,0,0,0,0,0,0,0,0,0,0,0,0,0,0,0,0,0,0,0,0,0,0,0,0,0,0,0,0,0,0,0,0,0,0,0,0,0,0,0,0,0,0,0
2269,0,0,0,0,0,0,0,0,0,0,0,0,0,0,0,0,0,0,0,0,0,0,0,0,0,0,0,0,0,0,0,0,0,0,0,0,1.21864658477113,0,0,0,0,0,0,0,0,0,0,0,0,0,0,0,0,0
2272,0,0,0,0,0,0,0,0,0,0,0,0,0,0,0,0,0,0,0,0,0,0,0,0,0,0,0,0,0,0,0,0,0,0,0,0,0,0,0,0,0,0,0,0,0,0,0,0,0,0,0,0,0,0
2273,0,0,0,0,0,0,0,0,0,0,0,0,0,0,0,0,0,0,0,0,0,0,0,0,0,0,0,0,0,0,0,0,0,0,0,0,0,0,0,0,0,0,0,0,0,0,0,0,0,0,0,0,0,0
2275,0,0,0,0,0,0,0,0,0,0,0,0,0,0,0,0,0,0,0,0,0,0,0,0,0,0,0,0,0,0,0,0,0,0,0,0,0,0,0,0,0,0,0,0,0,0,0,0,0,0,0,0,0,0
2276,0,0,0,0,0,0,0,0,0,0,0.999325778467116,0,0,0,0,0,0,0.951316857058008,0,0,0,0,0,0,2.16680148919672,0,0,0,0.942897354152491,0,0,0,0,0,0,0,0,0,0,0,0,0,0,0,0,0,0,0,0,1.9551004481122,0.929302732550708,0,0,0
2277,0,0,0,0,0,0,0,0,0,0,0,0,0,0,0,0,0,0,0,0,0,0,0,0,0,0,0,0,0,0,0,0,0,0,0,0,0,0,0,0,0,0,0,0,0,0,0,0,0,0,0,0,0,0
2282,0,0,0,0,0,0,0,0,0,0,0,0,0,0,0,0,0,0,0,0,0,0,0,0,0,0,0,0,0,0,0,0,0,0,0,0,0,0,0,0,0,0,0,0,0,0,0,0,0,0,0.929302732550708,0,0,0
2284,0,0,0,0,0,0.899995498938728,0,0,0,0,0.999325778467116,0,0,0,0,0,1.11610378782857,0,0,0,0,0,0,0,0,0,0,0,0,3.16390864724539,0,0,0,0,0,0,0,0,0,0,0,0,0,0,0,0,0.824063590163226,0,0,0,0,0,0,0
2285,0,0,0,0,0,0,0.907096792539785,0,0,0,0,0,0,0,0,0,0,0,0,0,0,0,1.08216648605602,0,0,0,0,0,0,0,0,0,0,0,0,0,0,0.785723567303718,0,0,0,0,0,0,0,0,0,0,0,0,0,0,0,0
2287,0,0,0,0,0,0.899995498938728,0,0,0,0,2.99797733540135,0.663015201117883,0.937273526698761,3.63265678902947,2.19920170860911,1.08142862941642,3.34831136348571,1.90263371411602,0,0,1.68809777025838,0,4.32866594422409,1.22802413238947,3.25020223379508,0,1.85448933591648,1.1513605585278,0,4.21854486299386,1.07703276613234,2.86815206829288,2.88323660939449,0,0,0,4.87458633908451,0,0.832811761267273,10.0308720951777,4.71548091280831,0.972523513890737,2.45128158122089,4.6766603289873,3.12418501333915,1.07013972156618,0.824063590163226,5.69230943543169,0,0.651700149370734,0,1.47506723578603,0,6.36072486593557
2288,0,0,1.04306885611018,0.978530736118733,0,0,0,0,0.910272793242405,0,0,0.663015201117883,2.81182058009628,1.21088559634316,2.19920170860911,1.08142862941642,0,1.90263371411602,1.02239568179542,0,0,1.03070786942743,0,1.22802413238947,0,0.886581760591582,1.85448933591648,1.1513605585278,0,0,0,2.86815206829288,2.88323660939449,0,0,0,2.43729316954225,2.35717070191115,0.832811761267273,3.76157703569164,0.943096182561662,0,1.22564079061044,0,1.56209250666957,2.14027944313237,2.47219077048968,6.50549649763622,0,2.60680059748294,1.85860546510142,0,1.09678960865664,0
2289,0,0,2.08613771222035,0,0,0.899995498938728,0,0,0,0,0,0,0,0,0,1.08142862941642,0,0.951316857058008,1.02239568179542,0.958710443694007,0.844048885129189,0,1.08216648605602,0,0,1.77316352118316,0,0,0,0,0,0,0,0.819310587695601,0,0,0,0,0,0,0,0,0,0,0,0,0,1.62637412440906,0,0,0,0,0,0
2292,0,0,1.04306885611018,0,0,0,0,0,0,0,0,0,0,0,0,0,0,0,0,0,0,0,0,0,0,0,0,0,0,0,0,0,0,0,0,0,0,0,0,0,0,0,0,0,0,0,0,0,0,0,0,0,0,0
2294,0,0,0,0,0,0,0,0,0,0,0,0,0,0,0,0,0,0,0,0,0,0,0,0,0,0,0,0,0,0,0,0,0,0,0,0,0,0,0,0,0,0,0,0.93533206579746,1.56209250666957,0,1.64812718032645,0,0,0,0,0,0,0
2295,0,0.876539980272536,0,0,0,0,1.81419358507957,0,0.910272793242405,0,0.999325778467116,0,0,0,0,0,0,0,1.02239568179542,0,0,0,0,0,0,0,0,0,2.82869206245747,0,0,1.43407603414644,0,0,0,0,0,0,0,0,0,0,0,0,1.56209250666957,0,0,0,0,0,0,1.47506723578603,1.09678960865664,0
2296,0,0,0,0,1.0589770556706,0,0,0,0,0,0,0,0,0,0,0,0,0,0,0,0.844048885129189,0,0,0,0,0,0,0,0,0,0,0,0,0,0,0,0,0,0,0,0,0.972523513890737,0,0,0,0,0,0,0.796968882581562,0,0,0,0,0
2297,0,0.876539980272536,0,0,0,0,0,0,0,0,0,0.663015201117883,0,0,0,0,2.23220757565714,7.61053485646406,3.06718704538627,0,6.75239108103351,0,0,0,0,2.65974528177475,0,13.8163267023336,0.942897354152491,0,0,0,2.88323660939449,0,1.97880847156982,0,0,0,0,0,1.88619236512332,0.972523513890737,0,3.74132826318984,0,0,0,9.75824474645433,0,0,0.929302732550708,1.47506723578603,0,1.81734996169588
2298,0,0,0,0,0,0,0,0,0,0,0,0,0,0,0,0,0,0,0,0,0,0,0,0,0,0,0,0,0,0,0,0,0,0,0,0,0,0,0,0,0,0,0,0,0,0,0,0,0,0,0,0,0,0
2301,0,0,0,0,0,0,0,0,0,0,0.999325778467116,0,0,0,0,0,0,0,0,0,0,0,0,0,0,0,0,0,0,1.05463621574846,0,0,0,0,0,0,1.21864658477113,0,0,0,0,0,0,0,0,0,0.824063590163226,0,0,0,0,0,0,0.908674980847939
2303,3.61323718030533,0,3.12920656833053,0,0,3.59998199575491,0,1.02240945138075,0,0,1.99865155693423,1.98904560335365,7.49818821359009,0,2.19920170860911,3.24428588824926,0,1.90263371411602,2.04479136359084,0,0,2.06141573885485,0,3.6840723971684,3.25020223379508,2.65974528177475,1.85448933591648,2.30272111705559,1.88579470830498,4.21854486299386,1.07703276613234,0,3.84431547919265,0.819310587695601,1.97880847156982,1.12182576823647,0,0.785723567303718,0.832811761267273,0,0.943096182561662,0,2.45128158122089,0,3.12418501333915,0,0.824063590163226,0,1.59393776516312,0.651700149370734,1.85860546510142,0,0,0.908674980847939
2305,0,0,0,0,0,0,0,0,0,0,0,1.98904560335365,0,0,0,0,0,0.951316857058008,0,0,0.844048885129189,0,0,0,0,0,0,0,0,0,0,0,0,0,0,0,0,0,0,0,0,0,0,0,0,0,0,0,0,0,0,0,0,0
2306,0,0,0,0,0,0,0,0,0,0,0,0,0,0,0,0,0,1.90263371411602,0,0,0,0,0,0,0,0,0,0,0,0,0,0,0,0,0,0,0,0,0,0,0,0,0,0,0,0,0,0.813187062204528,0,0,0,0,0,0
2307,0,0,0,0,0,0,0,0,0,0,0,0,0,0,0,0,0,0,0,0,0,0,0,0,0,0,0,0,0,0,0,0,0,0,0,0,0,0,0,0,0,0,0,0,0,0,0,0,0,0,0,0,0,0
2310,0,0,0,0,0,0,0,0,0,0,0,0.663015201117883,0.937273526698761,1.21088559634316,0,1.08142862941642,1.11610378782857,0.951316857058008,2.04479136359084,1.91742088738801,0.844048885129189,0,0,0,0,0.886581760591582,0.927244667958238,1.1513605585278,0,0,0,2.86815206829288,1.92215773959633,0,0.989404235784912,0,2.43729316954225,0.785723567303718,2.49843528380182,1.25385901189721,0,0.972523513890737,0,1.87066413159492,0,0,0.824063590163226,0,0,0.651700149370734,0.929302732550708,0,0,0
2312,0,0,0,0,0,0,0,0,0,0,0,0,0,0,0,0,0,0,0,0,0,0,0,0,0,0,0,0,0,0,0,0,0,0,0,0,0,0,0,0,0,0,0,0,0,0,0,0,0,0,0,0,0,0
2313,0.903309295076332,0.876539980272536,3.12920656833053,0,2.11795411134119,0,0,1.02240945138075,0,2.70649836695223,0,1.32603040223577,0.937273526698761,0,0,1.08142862941642,0,0,0,0,0,0,3.24649945816807,0,0,0,0,0,0,0,0,0,0.961078869798163,0.819310587695601,0.989404235784912,0,0,0,0.832811761267273,6.26929505948607,1.88619236512332,1.94504702778147,0,2.80599619739238,6.2483700266783,0,0,0.813187062204528,0,1.30340029874147,0,1.47506723578603,1.09678960865664,0
2314,0,0,0,0,0,0,0,0,0,0,0,0,0,0,0,0,0,0,0,0,0,0,0,1.22802413238947,0,0,0,0,0,0,0,0,0,0,0,0,0,0,0,0,0,0,0,0,0,0,0,0,0,0.651700149370734,0,0,0,0
2315,0,0,0,0,0,0,0,0,0,0,0,0,0,0,0,0,0,0,0,0,0,0,0,0,0,0,0,0,0,0,0,0,0,0,0,0,0,0,0,0,0,0,0,0,0,0,0,0,0,0,0,0,0,0
2317,0,0,0,0,0,0,0,0,0,0,0,0,0,0,0,0,0,0,0,0,0,0,0,0,0,0,0,0,0,0,0,0,0,0,0,0,0,0,0,1.25385901189721,0,0,0,0,0,0,0,0,0,0,0,0,0,0
2318,0,0,0,0,0,0,0,0,0,0,0,0,0,0,0,0,1.11610378782857,0,0,0,0,0,0,0,0,0,0,0,0,0,0,0,0,0,0,0,0,0,0,0,0,0,0,0,0,0,0,0,0,0,0,0,0,0
2319,0,0,0,0,0,0,0,0,0,0,0,0,0,0,1.09960085430456,0,0,0,0,0,0,0,0,0,0,0,0,0,0,0,0,0,0,0,0,0,0,0,0,0,0,0,0,0,0,0,0,0,0,0,0,0,0,0
2320,0,0,0,0,1.0589770556706,0,0,0,0,0,0,0,0,0,0,0,0,0,0,0,0,0,0,0,0,0,0,0,0,0,0,0,0,0,0,0,0,0,0,0,0,0,0,0,0,0,0,0,0,0,0,0,0,0
2321,0,0,0,0,0,0,0,0,0,0,0,0,0,0,0,0,0,0,0,0,0,0,0,0,0,0,0,0,0,0,0,0,0,0,0,0,0,0,0,0,0,0,0,0,0,0,0,0,0,0,0,0,0,0
2322,0,0,0,0,0,0,0,0,0,0,0,0,0,0,0,0,0,0,0,0,0,0,0,0,0,0,0,0,0,0,0,0,0,0,0,0,0,0,0,0,0,0,0,0,0,0,0,0,0,0,0,0,0,0
2323,0,0,0,0,0,0,0,0,0,0,0,0,0,0,0,0,0,0,0,0,0,0,0,0,0,0,0,0,0,0,0,0,0,0,0,0,0,0,0,0,0,0,0,0,0,0,0,0,0,0,0,0,0,0
2324,0,0,0,0,0,0,0,0,0,0,0,0,0,0,0,0,0,0,0,0,0,0,0,0,0,0,0,0,0,0,0,0,0,0,0,0,0,0,0,0,0,0,0,0,0,0,0,0,0,0,0,0,0,0
2325,0,0,0,0,0,0,0,0,0,0,0,0,0,0,0,0,0,0,0,0,0,0,0,0,0,0,0,0,0,0,0,0,0,0,0,0,0,0,0,0,0,0,0,0,0,0,0,0,0,0,0,0,0,0
2328,0,0,0,0,0,0.899995498938728,0,0,0,0.902166122317409,0,0,0,0,0,0,0,0,1.02239568179542,0,0,0,0,0,0,1.77316352118316,0,0,0,0,0,0,0,0,0,2.24365153647295,0,0,0,1.25385901189721,0,0,0,0,0,0,0,0,0,0,0,0,1.09678960865664,0.908674980847939
2329,0,0,0,0,0,0,0,0,0,0,0,0,0,0,0,0,0,0,0,0,0,0,0,0,0,0,0,0,0.942897354152491,0,0,0,0,0.819310587695601,0,0,0,0,0,0,0,0,0,0,0,0,0,0,0.796968882581562,0,0.929302732550708,0,0,0
2331,0,1.75307996054507,2.08613771222035,0,0,1.79999099787746,0,1.02240945138075,0,0.902166122317409,0,0,78.730976242696,7.26531357805895,14.2948111059592,4.32571451766568,0,0.951316857058008,0,17.2567879864921,3.37619554051675,0,0,6.14012066194733,1.08340074459836,0,0,0,0,0,0,0,0.961078869798163,4.9158635261736,0,5.60912884118237,1.21864658477113,0,0,5.01543604758885,16.0326351035482,2.91757054167221,15.9333302779358,1.87066413159492,0,2.14027944313237,0.824063590163226,13.824180057477,3.98484441290781,0,1.85860546510142,0,2.19357921731328,15.447474674415
2334,0,0,2.08613771222035,1.95706147223747,0,0,0,0,0,0,0,1.98904560335365,0,0,0,0,0,0,0,0.958710443694007,0.844048885129189,0,0,0,0,0,0,0,0,0,0,0,0,0,0,0,0,0,0,1.25385901189721,0,0,0,0,0,0,1.64812718032645,0,0,0,0,1.47506723578603,0,0
2337,0.903309295076332,0.876539980272536,0,0,1.0589770556706,0,0,1.02240945138075,0.910272793242405,0,0,0,1.87454705339752,0,0,0,0,0,0,0.958710443694007,0.844048885129189,3.09212360828228,0,0,0,0,0,0,0,2.10927243149693,0,0,2.88323660939449,0.819310587695601,0,0,2.43729316954225,0,0,0,0.943096182561662,0,1.22564079061044,0.93533206579746,1.56209250666957,1.07013972156618,0.824063590163226,0,1.59393776516312,0,0,0,1.09678960865664,1.81734996169588
2338,0.903309295076332,0,0,0.978530736118733,0,0,0,0,0,0,1.99865155693423,0.663015201117883,0,1.21088559634316,0,1.08142862941642,1.11610378782857,0,0,0.958710443694007,0,0,0,0,0,0.886581760591582,0,3.45408167558339,0,0,1.07703276613234,1.43407603414644,0,0.819310587695601,0.989404235784912,0,0,0,1.66562352253455,0,0.943096182561662,0,1.22564079061044,0.93533206579746,0,1.07013972156618,0,0,0,0,0,0,0,0
2339,1.80661859015266,0,0,0,0,0,0,0,0,0,0,1.32603040223577,0.937273526698761,2.42177119268632,0,2.16285725883284,0,0,2.04479136359084,0,0,0,0,0,0,0,0.927244667958238,0,0,1.05463621574846,0,0,0,0,0,0,0,0.785723567303718,0,0,0,0,0,0.93533206579746,0,0,0,0,0,0,0,0,1.09678960865664,0
2340,0,0,0,0,0,0,0,0,0,0.902166122317409,0,0,0,0,0,0,0,0,0,0,0,0,0,1.22802413238947,0,0,0.927244667958238,0,0,0,0,0,0,0,0,0,0,0,0,0,0,0,0,0,0,0,0,0,0,0,0,0,0,0
2342,0,0,0,0,0,0,0,0,0,0,0,0,0,0,0,0,0,0,0,0.958710443694007,0,0,0,0,0,0.886581760591582,0.927244667958238,0,0,0,0,0,0,0,0,0,0,0,0,0,0,0,0,0,0,0,0.824063590163226,0,0,0,0,0,0,0
2344,0,0,0,0,0,0,0,0,0,0,0,2.65206080447153,0,0,0,0,0,0.951316857058008,1.02239568179542,0.958710443694007,0,2.06141573885485,0,1.22802413238947,0,0.886581760591582,0,0,0,1.05463621574846,0,0,0,0,0,0,0,0,0,0,0,0,0,0,0,0,0,0,1.59393776516312,0,0.929302732550708,0,1.09678960865664,0
2345,0,0,0,0,0,0,0,0,0,0,0,0,0,0,0,0,0,0,0,0,0,0,0,0,0,0,0,0,0,0,0,0,0,0,0,0,0,0,0,0,0,0,0,0,0,0,0,0,0,0,0,0,0,0
2346,0,0,0,0,0,0,0,0,0,0,0,0,0,0,0,0,0,0,0,0,0,0,0,0,0,0,0,0,0,0,0,0,0,0,0,0,0,0,0,0,0,0,0,0,0,0,0,0,0,0,0,0,0,0
2348,0,0,0,0,0,0.899995498938728,0,0,0,0,0,0,0.937273526698761,0,0,0,0,0,0,0,0,0,2.16433297211204,0,1.08340074459836,0,0.927244667958238,0,0,0,1.07703276613234,0,1.92215773959633,2.4579317630868,0,1.12182576823647,3.65593975431338,0,0.832811761267273,0,0,3.89009405556295,0,0,3.12418501333915,0,0.824063590163226,0,0.796968882581562,1.30340029874147,0.929302732550708,0,0,0
2349,0,0,0,0,0,0,0,0,0,0,0,0,0,0,0,0,0,0,0,0,0,0,0,0,0,0,0.927244667958238,0,0,0,0,0,0,0,0,0,0,0,0,0,0,0,0,0,0,0,0,0,0,0,0,0,0,0
2350,0,0,0,0,0,0,0,0,0,0,0,0,0,0,0,0,0,0,0,0,0,0,0,0,0,0,0,0,0,0,0,0,0,0,0,0,0,0,0,0,0,0,0,0,0,0,0,0,0,0,0,0,0,0
2352,0,0,0,0,0,0,0,0,0,0,0,0.663015201117883,0,0,0,0,0,0,0,0,0,0,0,0,0,0,0,0,0,0,0,0,0,0,0,0,0,0,0,0,0,0,0,0.93533206579746,0,0,0,0,0,0,0,0,0,0
2353,0,0,0,0,0,0,0,0,0,0.902166122317409,0,0,0,0,0,0,0,0,0,0,0,0,0,0,0,0,0,0,0,0,0,0,0,0,0.989404235784912,0,0,0,0,0,0,0,0,0,0,0,0,0,0,0,0,0,0,0
2356,0,0,0,0,5.29488527835298,0,0,0,0,0,0,0,0,0,0,0,0,0,0,0,0,0,0,0,0,0,0,0,0,0,0,0,0,0,0,0,0,0,0,0,0,0,0,0,0,0,0,0,0,0,0,0,0,0
2357,0,0,0,0,0,0,0,0,0,0,0,0,0,0,0,0,0,0,0,0,0,0,0,0,0,0,0,0,0,0,0,0,0,0,0,0,0,0,0,0,0,0,0,0,0,0,0,0,0,0,0,0,0,0
2358,0,0,0,0,0,0,0,0,0,0,0,0.663015201117883,0,0,0,0,1.11610378782857,0,0,0,0,0,0,0,0,0,0,0,0,0,0,0,0,0,0,0,0,0,0,0,0,1.94504702778147,0,0,0,0,0.824063590163226,0,0,0,0.929302732550708,0,1.09678960865664,0
2359,0,0,0,0,0,0,0,0,0,0,0,0,0,0,0,0,0,0,0,0,0,0,0,0,0,0,0,0,0,0,0,0,0,0,0,0,0,0,0,0,0,0,0,0,0,0,0,0,0,0,0,0,0,0
2360,0,0,3.12920656833053,1.95706147223747,2.11795411134119,1.79999099787746,0,3.06722835414224,0,3.60866448926964,4.99662889233558,0,2.81182058009628,2.42177119268632,1.09960085430456,1.08142862941642,0,1.90263371411602,1.02239568179542,0.958710443694007,2.53214665538757,0,4.32866594422409,0,3.25020223379508,2.65974528177475,0,1.1513605585278,0,1.05463621574846,0,0,0,1.6386211753912,1.97880847156982,0,0,0,0,0,0.943096182561662,0,0,1.87066413159492,3.12418501333915,0,0,1.62637412440906,0,0,0,0,1.09678960865664,0.908674980847939
2365,0.903309295076332,0.876539980272536,0,0,0,0,1.81419358507957,0,1.82054558648481,0,0,0,3.74909410679505,0,1.09960085430456,3.24428588824926,0,0.951316857058008,0,0,0,0,1.08216648605602,0,1.08340074459836,1.77316352118316,2.78173400387471,0,0,1.05463621574846,2.15406553226468,0,0,0,0,0,0,0.785723567303718,0.832811761267273,0,0,0.972523513890737,0,0,0,0,0,4.06593531102264,0,0,1.85860546510142,0,5.48394804328321,0
2366,0,0,0,0,0,0,0,0,0,0,0,0,0,0,0,0,0,0,0,0,0,0,0,0,0,0,0,0,0,0,0,0,0,0,0,0,0,0,0,0,0,0,0,0,0,0,0,0,0,0,0,0,0,0
2368,0,0,0,0,0,0,0,1.02240945138075,0,0,0,0,0.937273526698761,0,0,0,0,0,0,0,0,0,0,0,0,0,0,0,0,1.05463621574846,0,0,0,0,0,0,0,0.785723567303718,0,0,0,0,0,0.93533206579746,0,0,0.824063590163226,0,0,0.651700149370734,0,0,0,0
2370,0,0,0,0,0,0,0,0,0,0,0.999325778467116,0,0,0,0,0,0,0,0,0,0,0,0,0,1.08340074459836,1.77316352118316,0.927244667958238,0,0,0,0,0,0,0,0,0,0,0,0,0,0,0,0,0,0,0,0,0.813187062204528,0,0,0,0,0,0
2371,12.6463301310687,12.2715597238155,16.6891016977628,19.5706147223747,40.2411281154826,23.3998829724069,22.6774198134946,12.268913416569,6.37190955269683,16.2389902017134,1.99865155693423,5.30412160894306,14.0591029004814,24.2177119268632,17.5936136688729,23.7914298471612,6.69662272697142,6.65921799940605,13.2911438633405,5.75226266216404,12.6607332769378,18.5527416496937,5.41083243028011,7.3681447943368,0,23.0511257753811,18.5448933591648,5.75680279263899,10.3718708956774,18.9834518834724,14.0014259597204,4.30222810243932,2.88323660939449,27.8565599816504,15.8304677725586,1.12182576823647,19.498345356338,14.1430242114669,4.99687056760364,6.26929505948607,0.943096182561662,14.5878527083611,11.030767115494,15.9006451185568,21.869295093374,7.49097805096329,3.29625436065291,15.450554181886,3.98484441290781,35.1918080660196,0.929302732550708,8.85040341471617,15.355054521193,7.26939984678351
2372,9.93640224583965,2.62961994081761,7.30148199277123,3.91412294447493,0,3.59998199575491,3.62838717015914,6.13445670828447,8.19245513918164,5.41299673390446,8.99393200620405,11.9342736201219,20.6200175873728,6.05442798171579,13.1952102516547,9.73285766474778,4.46441515131428,1.90263371411602,7.15676977256795,10.5458148806341,3.37619554051675,2.06141573885485,9.7394983745042,46.6649170307997,7.58380521218852,7.97923584532424,4.63622333979119,8.05952390969458,3.77158941660996,7.38245351023925,21.5406553226468,27.2474446487823,0,9.83172705234721,2.96821270735474,0,23.1542851106514,16.5001949133781,9.16092937394,3.76157703569164,17.9188274686716,6.80766459723516,4.90256316244177,26.1892978423289,0,6.42083832939711,6.59250872130581,0.813187062204528,3.98484441290781,5.8653013443366,5.57581639530425,4.42520170735808,2.19357921731328,3.63469992339175
2373,7.22647436061066,5.25923988163522,9.38761970499158,11.7423688334248,9.53079350103536,9.89995048832601,9.97806471793763,9.20168506242671,17.2951830716057,11.7281595901263,19.9865155693423,12.5972888212398,31.8672999077579,3.63265678902947,15.3944119602638,10.8142862941642,4.46441515131428,3.80526742823203,9.2015611361588,19.1742088738801,7.5964399661627,7.21495508599199,6.49299891633613,44.2088687660208,13.0008089351803,10.638981127099,3.70897867183295,11.513605585278,5.65738412491494,22.1473605307178,54.9286710727493,27.2474446487823,6.72755208858714,16.386211753912,1.97880847156982,0,28.0288714497359,11.0001299422521,9.16092937394,2.50771802379443,21.6912121989182,12.6428056805796,6.12820395305221,43.9606070924806,15.6209250666957,6.42083832939711,8.24063590163226,2.43956118661358,0.796968882581562,3.9102008962244,13.0102382557099,5.90026894314411,5.48394804328321,10.9040997701753
2375,0,0,0,0,0,0,0,0,0,0,0,0,0,0,0,0,0,0,0,0,0,0,0,0,0,0,0,0,0,0,0,0,0,0,0,0,0,0,0,0,0,0,0,0,1.56209250666957,0,0,0,0,0,0,0,0,0
2377,0,0,0,0,0,0,0,0,0,0,0,0,0,0,0,0,0,0,0,0,0,0,0,0,0,0,0,0,0,0,0,0,0,0,0,0,0,0,0,0,0,0,0,0,0,0,0,0,0,0,0,0,0,0
2378,0,0,0,0,0,0,0,0,0,0,0,0,0,0,0,0,0,0,0,0,0,0,0,0,0,0,0,0,0,0,0,0,0,0,0,0,0,0,0,0,0,0,0,0,0,0,0,0,0,0,0,0,0,0
2380,0,0,0,0,0,0,0,0,0,0,0,0,0,0,0,0,0,0,0,0,0,0,0,0,0,0,0,0,0,0,0,0,0,0,0,0,1.21864658477113,0,0,0,0,0,0,0,0,0,0,0,0,0,0.929302732550708,0,0,0
2381,0,0,0,0,0,0,0,0,0,0,0.999325778467116,0,0,0,0,0,0,0,0,0,0,0,0,0,0,0,0,0,0,0,0,0,0,0,0,0,0,0,0,0,0.943096182561662,0,0,0,0,0,0,0,0,0,0,0,0,0
2382,0,0,0,0,0,0,0.907096792539785,2.04481890276149,5.46163675945443,0.902166122317409,0,1.32603040223577,1.87454705339752,1.21088559634316,0,0,1.11610378782857,2.85395057117402,0,1.91742088738801,0.844048885129189,1.03070786942743,0,1.22802413238947,0,1.77316352118316,0,0,1.88579470830498,3.16390864724539,1.07703276613234,0,2.88323660939449,0,1.97880847156982,1.12182576823647,1.21864658477113,0.785723567303718,1.66562352253455,2.50771802379443,1.88619236512332,2.91757054167221,1.22564079061044,0.93533206579746,4.68627752000872,0,4.12031795081613,0,0,1.30340029874147,0.929302732550708,1.47506723578603,1.09678960865664,3.63469992339175
2383,0,0,0,0,0,0,0,0,0,0,0.999325778467116,0,0,0,0,0,0,0,0,0,0,0,0,0,0,0,0,0,0,0,0,0,0,0,0,0,0,0,0,0,0,0,0,0,0,0,0,0,0,0,0,0,0,0
2384,44.2621554587403,8.76539980272536,27.1197902588646,7.82824588894986,2.11795411134119,32.3998379617942,16.3277422657161,10.2240945138075,39.1417301094234,32.4779804034267,134.908980093061,29.1726688491869,81.5427968227922,35.1156822939516,98.96407688741,30.2800016236597,26.7864909078857,49.4684765670164,72.590093407475,56.5639161779464,75.964399661627,19.5834495191211,102.805816175322,29.4725791773472,34.6688238271475,31.0303616207054,51.9257014056613,40.2976195484729,16.0292550205923,46.4039934929324,51.6975727743523,22.945216546343,41.326391401321,56.5324305509964,12.8622550652039,52.7258111071143,30.4661646192782,32.2146662594524,30.8140351668891,105.324156999366,53.7564824060147,46.6811286667554,34.3179421370924,36.4779505661009,43.7385901867481,39.5951696979488,35.4347343770187,56.9230943543169,30.2848175380993,25.4163058254586,30.6669901741734,32.4514791872926,44.9683739549223,72.6939984678351
2386,0,7.01231984218029,0,0.978530736118733,0,0,0.907096792539785,0,1.82054558648481,2.70649836695223,11.9919093416054,1.32603040223577,0.937273526698761,1.21088559634316,1.09960085430456,0,0,3.80526742823203,5.11197840897711,7.66968354955205,0.844048885129189,2.06141573885485,4.32866594422409,0,3.25020223379508,0.886581760591582,2.78173400387471,1.1513605585278,3.77158941660996,0,2.15406553226468,4.30222810243932,0.961078869798163,4.096552938478,0.989404235784912,3.36547730470942,1.21864658477113,0,0.832811761267273,2.50771802379443,4.71548091280831,4.86261756945369,7.35384474366266,1.87066413159492,7.81046253334787,0,0,6.50549649763622,3.98484441290781,1.30340029874147,1.85860546510142,0,8.77431686925313,0.908674980847939
2387,0,0,0,0,0,0,0,0,0,0,0,0,0,0,0,0,0,0,1.02239568179542,0,0,1.03070786942743,0,0,0,0,0,0,0,0,0,0,0,0,0,0,0,0,0,1.25385901189721,0,0,0,0,0,0,0,0,0,0,0,0,0,0.908674980847939
2388,0,0,0,0,0,0,0,0,0,0,0,0,0,0,0,0,0,0,0,0,0,0,0,0,0,0,0,0,0,0,0,0,0,0,0,0,0,0,0,0,0,0,0,0,0,0,0,0,0,0,0,0,0,0
2390,0,0,0,0,0,0,0,0,0,0,0,0,0,0,0,0,0,0,0,0,0,0,0,0,0,0,0,0,0,0,0,0,0,0,0,0,0,0,0,0,0,0,0,0,0,0,0,0,0,0,0,0,0,0
2393,0,0,0,0,0,0,0,0,0,0,1.99865155693423,0,0,0,1.09960085430456,0,0,0,0,0,0,0,0,1.22802413238947,0,0,0,0,0,0,0,0,0,0,0,0,0,0,0,0,0,0,0,0,0,0,0,0,0,0,0,0,0,0
2394,0,0,0,0,0,0,0,0,0,0,0,0,0.937273526698761,0,0,0,0,0,0,0,0,0,0,0,0,0,0,0,0,0,0,0,0,0,0,0,0,0,0,0,0,0,0,0,0,0,0,0,0,0,0,0,0,0
2395,0,0,0,0,0,0,0,0,0,0,0,0,0,0,0,0,0,0,0,0,0,0,0,0,0,0,0,0,0,0,0,0,0,0,0,0,0,0,0,0,0,0,0,0,0,0,0,0,0,0,0,0,0,0
2396,0,0,0,0,0,0,0,0,0,0,0,0,0,0,0,0,0,0,0,0,0,0,0,0,0,0,0,0,0,0,0,0,0,0,0,0,0,0,0,0,0,0,0,0,0,0,0,0,0,0,0,0,0,0
2399,0,0,0,0,0,0,0,0,0,0,0,0,0,0,0,0,0,0,0,0,0,0,0,0,0,0,0,0,0,0,0,0,0,0,0,0,0,0,0,0,0,0,0,0,0,0,0,0,0,0,0,0,0,0
2400,0,0,0,0,0,0,0,0,0,0,0,0,0,0,0,0,0,0,0,0,0,0,0,0,0,0,0,0,0,0,0,0,0,0,0,0,0,0,0,0,0,0,0,0,0,0,0,0,0,0,0,0,0,0
2405,0,0,0,0,0,0,0,0,0,0,0,0,0,0,0,0,0,0,0,0.958710443694007,0,0,0,0,0,0,0,0,0,0,0,0,0,0,0,0,0,0,0,0,0,0,0,0,0,0,0,0,0,0.651700149370734,0,0,0,0
2407,0,0,0,0,0,0,0,0,0,0,0,0,0,0,0,0,0,0,0,0,0,0,0,0,0,0,0,0,0,0,0,0,0,0,0,0,0,0,0,0,0,0,0,0,0,0,0,0,0,0,0,0,0,0
2409,6.32316506553433,0.876539980272536,1.04306885611018,0.978530736118733,0,0,0,3.06722835414224,2.73081837972721,2.70649836695223,0,0,2.81182058009628,0,0,2.16285725883284,0,0.951316857058008,0,5.75226266216404,2.53214665538757,8.24566295541942,7.57516540239216,2.45604826477893,0,4.43290880295791,0,0,0.942897354152491,4.21854486299386,5.38516383066169,0,0,1.6386211753912,0.989404235784912,1.12182576823647,0,0,4.99687056760364,2.50771802379443,5.65857709536997,1.94504702778147,0,0.93533206579746,1.56209250666957,0,5.76844513114258,1.62637412440906,0.796968882581562,1.9551004481122,0.929302732550708,2.95013447157206,1.09678960865664,2.72602494254382
2411,0,0,0,0,0,0,0,0,0,0,0,0,0,0,0,0,0,0,0,0,0,0,0,0,0,0,0,0,0,0,0,0,0,0.819310587695601,0.989404235784912,0,0,0,0.832811761267273,0,0.943096182561662,0,0,0.93533206579746,1.56209250666957,0,0,0,0,0.651700149370734,0,0,0,0
2413,0,0,0,0,0,0,0,2.04481890276149,0,0,0,0,0,0,0,0,0,0,0,0,0,0,0,0,0,0,0,0,0,0,0,0,0,0.819310587695601,0,0,0,0.785723567303718,0,0,0,0,0,0,0,0,0,0,0,0,0,0,0,0.908674980847939
2415,6.32316506553433,4.38269990136268,10.4306885611018,11.7423688334248,22.2385181690825,1.79999099787746,5.44258075523871,6.13445670828447,3.64109117296962,8.11949510085668,20.9858413478094,5.30412160894306,33.7418469611554,7.26531357805895,6.59760512582734,7.57000040591494,5.58051893914285,7.61053485646406,8.17916545436338,0.958710443694007,8.44048885129189,5.15353934713713,1.08216648605602,13.5082654562841,7.58380521218852,7.09265408473266,10.1996913475406,2.30272111705559,9.42897354152491,6.32781729449079,9.69329489519105,192.166188575623,9.61078869798163,4.9158635261736,6.92582965049438,2.24365153647295,23.1542851106514,14.9287477787706,5.82968232887091,3.76157703569164,1.88619236512332,2.91757054167221,6.12820395305221,5.61199239478476,14.0588325600262,1.07013972156618,5.76844513114258,10.5714318086589,1.59393776516312,7.16870164307807,1.85860546510142,17.7008068294323,9.87110647790978,1.81734996169588
2416,0,0,0,0,0,0,0,0,0,0,0,0,0,1.21088559634316,0,0,0,0,0,0,0,0,0,0,0,0,0,0,0,0,0,0,0,0,0,0,0,0,0,0,0,0,0,0,0,0,0,0,0,0,0,0,0,0
2417,0,0,0,0,0,0,0,0,0,0,0,0,0.937273526698761,0,0,0,0,0,0,0,0,0,0,0,0,0.886581760591582,0.927244667958238,0,0,1.05463621574846,0,0,0,0,0,0,0,0,0,0,0,0,0,0,0,0,0,0,0,0,0,0,0,0
2419,0,0,0,0,0,0,0,0,0,0,0,0,0,0,0,0,0,0,0,0,0,0,0,0,0,0,0,0,0,0,0,0,0,0,0,0,0,0,0,0,0,0,0,0,0,0,0,0,0,0,0,0,0,0
2420,0.903309295076332,0,0,0,1.0589770556706,0,0,0,0,0,0.999325778467116,1.32603040223577,0,0,0,0,0,0,0,0,0,0,0,0,0,0,0,0,0.942897354152491,0,1.07703276613234,0,0,0,0.989404235784912,0,0,0,0,0,0,0,0,0.93533206579746,0,0,0,0,0,0,0,0,0,0
2421,0,0,0,0,0,0,0,0,0,0,0,0,0,0,0,0,0,0,0,0,0,0,0,0,0,0,0,0,0,0,0,0,0,0,0,0,0,0,0,0,0,0,0,0,0,0,0,0,0,0,0,1.47506723578603,0,0
2424,0,0,0,0,0,0,0,0,0,1.80433224463482,0.999325778467116,0,0,0,0,0,0,0,0,4.79355221847003,0,0,0,0,0,0,0,1.1513605585278,0,0,0,0,0,0,0,0,0,0.785723567303718,0,0,3.77238473024665,0,0,0,3.12418501333915,0,0,0.813187062204528,1.59393776516312,0.651700149370734,0.929302732550708,0,0,0
2425,0,0,0,0,0,0,0,0,0,0,0,0,0,0,0,0,0,0,0,0,0,0,0,0,0,0,0,0,0,0,0,0,0,0,0,0,0,0,0,0,0,0,0,0,0,0,0,0,0,0,0,0,0,0
2427,0,0,0,0,0,0,0,2.04481890276149,0,0.902166122317409,0,0.663015201117883,0,0,0,0,0,0,0,0,0,0,1.08216648605602,0,0,0,0,0,0,0,0,0,0,0,0,1.12182576823647,0,0,0,0,0,0,0,0,0,0,0,0,0,0,0,0,0,0
2428,0,0,0,0,0,0,0,0,0,0,0,0,0,0,0,0,0,0,0,0,0,0,0,0,0,0,0,0,0,0,0,0,0,0,0,0,0,0,0,0,0,0,0,0,0,0,0,0,0,0,0,0,0,0
2432,0,0.876539980272536,0,0,0,0,0,0,0,0,0,0,0,0,0,0,0,0,0,0,0,0,0,0,1.08340074459836,0,0,1.1513605585278,0,0,1.07703276613234,0,0,0,0,0,0,0,0,0,0.943096182561662,0.972523513890737,0,0,0,0,0,0,0,0,0,0,0,0
2433,0,0,0,0,0,0,0,0,0,0,0,0,0,0,0,0,0,0,0,0,0,0,0,0,0,0.886581760591582,0,0,0,0,0,0,0,0,0,0,0,0,0,0,0,0,0,0,0,0,0,0,0,0,0,0,0,0
2434,0,0,0,0,0,0,0,0,0,0,0,0.663015201117883,0.937273526698761,0,1.09960085430456,0,0,0,0,0,0,0,0,0,0,0,1.85448933591648,1.1513605585278,0,0,0,0,0,0,0,0,1.21864658477113,0,0,0,0.943096182561662,0,0,0,0,0,0,0.813187062204528,0,0,0.929302732550708,0,0,0.908674980847939
2435,0,0,0,0,0,0,0,0,0,0,0,0,0.937273526698761,0,0,1.08142862941642,0,0,1.02239568179542,0,0,0,0,0,0,0,0,0,0,0,0,0,0,0,0,0,0,0,0,0,0,1.94504702778147,0,0,0,0,0,0,0,0,0,0,0,0
2436,0,0,0,0,0,0,0,0,0,0,0,0,0,0,0,0,0,0,0,0,0,0,0,0,0,0,0,0,0,0,0,0,0,0,0,0,0,0,0,0,0,0,0,0,0,0,0,0,0,0,0,0,0,0
2437,0,0,0,0,0,0,0,0,0,0,0,0,0,0,0,0,0,0,0,0,0,0,0,0,0,0,0,0,0,0,0,0,0,0,0,0,0,0,0,0,0,0,0,0,0,0,0,0,0,0,0,0,0,0
2439,0,0,0,0,0,0,0,0,0,0,0,0,0,0,1.09960085430456,1.08142862941642,0,0,0,0,0,0,0,0,0,0,0,0,0,0,0,0,0,0,0,0,0,0,0,0,1.88619236512332,0,0,0,0,0,0,0,0,0,0,0,0,0
2440,0,0,0,0,0,0,0,0,0,0,0,0.663015201117883,0.937273526698761,0,0,0,0,0,2.04479136359084,0,0,2.06141573885485,0,0,0,0,0,0,0,0,0,0,0,0,0,0,0,0,0,0,0,0,0,0,0,0,0.824063590163226,1.62637412440906,0,0,0,0,0,1.81734996169588
2441,0,0,0,0.978530736118733,0,0,0,0,0,0,0.999325778467116,0,0,0,0,0,0,0,2.04479136359084,0,0,0,0,0,0,0,0,1.1513605585278,0,0,0,0,0,0,0,0,0,1.57144713460744,0,1.25385901189721,1.88619236512332,0,0,0,0,0,0,0,0,0,0,0,0,0
2443,0,0,0,0,0,0,0,0,0,0,0,0,0,0,0,0,0,0,0,0,0,0,0,0,0,0,0,0,0,0,0,0,0,0,0,0,0,0,0,0,0,0,0,0,0,0,0,0,0,0,0,0,0,0
2444,0,0,0,0,0,0,0,0,0,0,0,0,0,0,0,0,0,0,0,0,0,0,0,0,0,0,0,0,0,0,0,0,0,0,0,0,0,0,0,0,0,0,0,0,0,0,0,0,0,0.651700149370734,0,0,0,0
2445,0.903309295076332,5.25923988163522,2.08613771222035,0.978530736118733,1.0589770556706,3.59998199575491,0.907096792539785,3.06722835414224,4.55136396621202,1.80433224463482,0.999325778467116,1.32603040223577,2.81182058009628,2.42177119268632,4.39840341721822,1.08142862941642,2.23220757565714,1.90263371411602,2.04479136359084,4.79355221847003,0.844048885129189,1.03070786942743,0,2.45604826477893,0,5.31949056354949,0,6.90816335116678,0,3.16390864724539,2.15406553226468,0,0,1.6386211753912,0.989404235784912,0,6.09323292385563,1.57144713460744,0.832811761267273,0,0.943096182561662,0,8.5794855342731,1.87066413159492,3.12418501333915,4.28055888626474,0,1.62637412440906,1.59393776516312,0,0.929302732550708,2.95013447157206,4.38715843462657,1.81734996169588
2446,0,0,0,0.978530736118733,0,0,0,1.02240945138075,0,0,0,0,1.87454705339752,0,0,0,0,0,0,0,0,0,0,0,0,0,0,0,0,0,0,0,0,0,0,0,0,0.785723567303718,0,0,1.88619236512332,0,0,0,0,0,0,0,0,0,0,4.42520170735808,0,0
2448,0,0,0,0,0,0,0,0,0,0,0,0,0,0,0,0,0,0,0,0,0,0,0,0,0,0,0,0,0,0,0,0,0,0,0,0,0,1.57144713460744,0,0,0,0,0,0,0,0,0,0,0,0,0,0,0,0
2449,56.0051762947326,13.148099704088,27.1197902588646,17.6135532501372,9.53079350103536,24.2998784713457,9.07096792539785,17.3809606734727,20.0260014513329,52.3256350944097,54.9629178156914,14.5863344245934,47.8009498616368,36.3265678902947,47.2828367350959,64.8857177649852,11.1610378782857,17.1237034270441,38.851035908226,53.6877848468644,20.2571732431005,15.4606180414114,17.3146637768964,18.420361985842,62.8372431867048,39.8961792266212,48.2167227338284,19.5731294949726,15.0863576664399,88.589442122871,16.1554914919851,80.3082579122006,45.1707068805137,21.3020752800856,16.8198720083435,69.5531976306614,46.3085702213028,16.5001949133781,37.4765292570273,12.5385901189721,41.4962320327131,41.8185110973017,12.2564079061044,81.373889724379,87.4771803734962,54.5771257998754,53.5641333606097,30.901108363772,34.2696619510072,26.7197061242001,14.8688437208113,28.0262774799345,65.8073765193985,47.2510990040928
2450,3.61323718030533,0,0,0,0,0,0,0,0,0,0.999325778467116,0,0,0,0,0,0,0,1.02239568179542,0,0,0,0,0,0,0.886581760591582,0,0,0,0,2.15406553226468,0,0,0,0,0,0,0,0,0,0.943096182561662,0,0,0,0,0,0,0,0,0,0,0,0,0
2452,0,0,0,1.95706147223747,4.23590822268238,1.79999099787746,2.72129037761935,0,0.910272793242405,0,0.999325778467116,0,0,0,1.09960085430456,1.08142862941642,0,5.70790114234805,1.02239568179542,0.958710443694007,0.844048885129189,0,4.32866594422409,0,0,0.886581760591582,0,0,0.942897354152491,0,4.30813106452935,0,0,0,0,0,0,0,0,0,2.82928854768498,0,1.22564079061044,0,0,0,0,0,0,0,1.85860546510142,2.95013447157206,0,0.908674980847939
2453,455.267884718471,139.369856863333,291.016210854739,135.037241584385,72.0104397856005,225.898870233621,159.649035487002,180.966472894392,261.24829166057,240.878354658748,1162.21588035726,157.797617866056,396.466701793576,180.421953855131,537.704817754928,236.832869842196,400.681259830457,217.851560266284,270.934855675787,291.447974882978,235.489638951044,186.558124366364,389.579934980168,356.126998392945,94.2558647800573,188.841915006007,136.304966189861,225.666669471448,124.462450748129,281.58786960484,225.099848121659,177.825428234158,251.802663887119,294.132500982721,94.9828066353515,264.750881303808,293.693826929841,212.931086739308,307.307539907624,412.519614914183,293.302912776677,314.125094986708,197.328167288281,270.310967015466,535.797729787664,406.65309419515,346.930771458718,532.637525743966,537.157026859973,326.501774834738,213.739628486663,236.010757725764,259.939137251624,555.200413298091
2454,0,0,0,0,1.0589770556706,0,0,0,0,0,0,0,0,0,0,0,0,0,0,0,0,0,0,0,0,0,0,0,0,0,0,0,0,0,0,0,0,0,0,0,0,0,0,0,0,0,0,0,0,0,0,0,0,0
2457,0,0.876539980272536,1.04306885611018,0,4.23590822268238,0,0,0,0,0,0.999325778467116,0,0.937273526698761,0,0,0,0,0,0,0,0.844048885129189,0,0,0,0,0,0.927244667958238,0,0,0,0,0,1.92215773959633,0.819310587695601,0,0,0,0.785723567303718,0,1.25385901189721,0,0.972523513890737,0,0,0,0,0,1.62637412440906,0.796968882581562,0.651700149370734,0.929302732550708,0,0,0
2458,0.903309295076332,0,0,0,0,0,0,0,0,0,0.999325778467116,0,0,0,0,0,0,0,0,1.91742088738801,0,0,0,0,0,0,0,0,0,0,0,0,0,0,0,0,0,0,0,0,0,0,0,0.93533206579746,0,0,0,0,0.796968882581562,0,0,0,0,0
2459,0,0,0,0,0,0,0,0,0,0,0,0.663015201117883,0,0,0,0,0,0,0,0,0,0,0,0,1.08340074459836,0,0,0,0,1.05463621574846,0,0,0,0,0,0,0,0,0.832811761267273,0,0,0,0,0,0,0,0,0,0,0,0,0,0,0.908674980847939
2463,0,0,0,0,0,0,0,0,0,0,0,0,0,0,1.09960085430456,0,0,0,0,0,0,0,0,0,0,0,0,0,0,0,0,0,0,0,0,0,0,0.785723567303718,0.832811761267273,0,0.943096182561662,0,0,0,0,0,0,0,0,0,0.929302732550708,0,0,0
2466,0,3.50615992109015,2.08613771222035,0,0,0,0,0,1.82054558648481,0,0.999325778467116,2.65206080447153,0,1.21088559634316,1.09960085430456,0,2.23220757565714,0.951316857058008,3.06718704538627,2.87613133108202,1.68809777025838,0,2.16433297211204,1.22802413238947,1.08340074459836,1.77316352118316,0.927244667958238,1.1513605585278,2.82869206245747,1.05463621574846,0,0,1.92215773959633,3.2772423507824,0.989404235784912,1.12182576823647,0,0.785723567303718,3.33124704506909,1.25385901189721,4.71548091280831,0,0,2.80599619739238,1.56209250666957,0,3.29625436065291,2.43956118661358,1.59393776516312,3.25850074685367,1.85860546510142,0,3.29036882596993,1.81734996169588
2468,0,0,0,0,0,0,0,0,0,0,0,0,0,0,0,0,0,0,0,0,0,0,0,0,0,0,0,0,0,0,0,0,0,0,0,0,0,0,0,0,0,0,0,0,0,0,0,0,0,0,0,0,0,0
2469,0,0,0,0,0,0,0,0,0.910272793242405,0,0,0,0.937273526698761,0,0,1.08142862941642,0,0,0,0,0,0,0,0,0,0,0,0,0,0,0,0,0,0,0,0,0,0,0,0,2.82928854768498,0,0,0,0,0,0.824063590163226,0,0,0,0,0,0,0
2471,0,0,0,0,0,0.899995498938728,0,1.02240945138075,0.910272793242405,0.902166122317409,8.99393200620405,0,0,0,0,1.08142862941642,0,0,0,0,0,0,0,1.22802413238947,4.33360297839344,0,0,0,0,1.05463621574846,3.23109829839702,8.60445620487864,3.84431547919265,1.6386211753912,1.97880847156982,1.12182576823647,1.21864658477113,0,0,0,0.943096182561662,0.972523513890737,0,8.41798859217714,4.68627752000872,0,0,0.813187062204528,0,0,0.929302732550708,0,0,2.72602494254382
2472,0,0,0,0,0,0,0,0,0,0,0,0,0,0,0,0,0,0,0,0,0,0,0,0,0,0,0,0,0,0,0,0,0,0,0,0,0,0,0,0,0,0,0,0,0,0,0,0,0,0,0,0,0,0
2474,1.80661859015266,2.62961994081761,0,0,0,0.899995498938728,0,0,0,0,0,0,2.81182058009628,1.21088559634316,0,0,0,0,1.02239568179542,0.958710443694007,0,0,0,0,0,0.886581760591582,1.85448933591648,0,0,5.27318107874232,1.07703276613234,1.43407603414644,0,0,0,1.12182576823647,0,1.57144713460744,1.66562352253455,28.8387572736359,0,0,0,0,1.56209250666957,0,0.824063590163226,13.0109929952724,5.57878217807093,0,0,0,0,0
2476,0.903309295076332,0,0,0,0,0,0,0,0,0.902166122317409,0,1.32603040223577,0.937273526698761,0,0,0,1.11610378782857,0,0,0,0,0,0,0,1.08340074459836,0,0,0,0,0,0,0,0,0,0,2.24365153647295,0,0,0,0,0,0,0,0,0,0,1.64812718032645,0,0,0,0,0,0,0
2477,1.80661859015266,1.75307996054507,2.08613771222035,0,4.23590822268238,1.79999099787746,0,2.04481890276149,2.73081837972721,6.31516285622187,1.99865155693423,7.29316721229671,13.1218293737827,2.42177119268632,10.9960085430456,4.32571451766568,6.69662272697142,7.61053485646406,11.2463524997496,8.62839399324606,5.06429331077513,5.15353934713713,28.1363286374566,1.22802413238947,0,4.43290880295791,2.78173400387471,9.21088446822238,0.942897354152491,0,12.9243931935881,2.86815206829288,6.72755208858714,0.819310587695601,0.989404235784912,10.0964319141283,1.21864658477113,2.35717070191115,4.16405880633637,0,3.77238473024665,0.972523513890737,0,4.6766603289873,0,0,0,4.06593531102264,0.796968882581562,3.9102008962244,2.78790819765212,8.85040341471617,3.29036882596993,7.26939984678351
2480,0,0,0,0,0,0,0.907096792539785,0,0,0,0,0,0,0,1.09960085430456,0,0,0,0,0,0.844048885129189,0,0,0,0,0,0,0,0,0,0,0,0,0,0,0,0,0,0,0,0,0,0,0,0,0,0,0,0,0,0,0,0,0
2482,0,0,0,0,0,0,0,0,0,0,0,0,0,0,0,0,0,0,0,0,0,0,0,0,0,0,0,0,0,0,0,0,0,0,0,0,0,0,0,0,0,0,0,0,0,0,0,0,0,0,0,0,0,0
2483,0,0,0,0,0,0,0,0,0,0,0,0,0,0,0,0,0,0,1.02239568179542,0,0,0,0,0,0,0,0,0,0,0,0,0,0,0,0,0,0,0,0,0,0,0,0,0,0,0,0,0,0,0,0,0,0,0
2487,0,0.876539980272536,0,0,0,0,0,0,0,0,0,0,0,0,0,0,0,0,0,0,0,0,0,0,0,0,0,0,0,0,0,0,0.961078869798163,0,0,0,0,0,0,0,0,0,0,0,0,2.14027944313237,0,0,0,0,0,0,0,0
2489,0,0,0,0,0,0,0,0,0,0,0,0,0,0,0,0,0,0,0,0,0,0,0,0,0,0,0,0,0,0,0,0,0,0,0,0,0,0,0,0,0,0,0,0,0,0,0,0,0,0,0,0,0,0
2492,0,0,0,0,0,0,0,0,0,0,0,0,0,0,0,0,0,0,0,0,0,0,0,0,0,0,0,0,0,0,0,0,0,0,0,0,0,0,0,0,0,0,0,0,0,0,0,0,0,0,0,0,0,0
2495,0,0,0,0,0,0,0,0,0,0,0,0,0,0,0,0,0,0,0,0,0,0,0,0,0,0,0,0,0,0,0,0,0,0,0,0,0,0,0,0,0,0,0,0,0,0,0,0,0,0,0,0,0,0
2496,0,0,0,0,0,0,0,0,0,0,0,0,0,0,0,0,0,0,0,0,0,0,0,0,0,0,0,0,0,0,0,0,0,0,0,0,0,0,0,0,0,0,0,0,0,0,0,0,0,0,0,0,0,0
2498,0,0,0,0,0,0,0,0,0,0,0,0,0,0,0,0,0,0,0,0,0,0,0,0,0,0,0,0,0,0,0,0,0,0,0,0,0,0,0,0,0,0,0,0,0,0,0,0,0,0,0,0,0,0
2500,0,0,0,0,0,0,0,0,0,0,0,0,0,0,0,0,0,0,0,0,0,0,0,0,0,0.886581760591582,0,0,0,0,0,0,0,0,0,0,0,0,0,0,0,0,0,0,0,0,0,0,0,0,0,0,0,0
2501,0.903309295076332,0,0,0,0,0,0,0,0,0,0,0,0.937273526698761,0,0,0,0,0,0,0,0,0,0,0,0,0,0.927244667958238,0,0,0,0,0,0,0,0,0,0,0,0,0,0,0,0,0,0,0,0,0,0,0,0,0,0,0
2518,73.1680529011829,2.62961994081761,32.3351345394154,5.8711844167124,6.35386233402358,19.799900976652,12.699355095557,22.4930079303764,13.6540918986361,39.695309381966,78.9467364989022,43.7590032737803,108.723729097056,8.47619917440211,65.9760512582734,36.7685734001583,39.063632574,41.8579417105523,106.329150906724,83.4078086013786,67.5239108103351,49.4739777325165,128.777811840667,65.0852790166417,9.75060670138524,57.6278144384529,17.6176486912065,70.2329940701956,33.9443047494897,54.8410832189202,24.7717536210438,8.60445620487864,25.9491294845504,183.525571643815,12.8622550652039,7.85278037765532,36.5593975431338,34.5718369613636,111.596776009815,159.240094510946,80.1631755177412,61.2689813751164,120.112797479823,49.5725994872654,85.9150878668266,95.2424352193904,135.970492376932,187.033024307041,22.3151287122837,167.486938388279,113.374933371186,26.5512102441485,12.0646856952231,23.6255495020464
2519,0,0,0,0,0,0,0,0,0,0,0,0,0,0,0,0,0,0,723.856142711159,0,0,0,0,0,0,0,0,0,0,0,0,0,0,0,264.170930954571,0,0,0,0,0,0,0,0,0,0,0,0,0.813187062204528,0,0.651700149370734,0,0,0,0
2522,0,0,0,0,0,0,0,0,0,0,0,0,0,0,0,0,0,0,0,0,0.844048885129189,0,0,0,0,0,0,0,0,0,0,0,0,0,0.989404235784912,0,0,0,0,0,0,0,0,0,1.56209250666957,0,0.824063590163226,0,0,0,0,0,0,0
2523,0,0,0,0,0,0,0,0,0,0,0,0,0,0,0,0,0,0,0,0.958710443694007,0,0,0,0,0,0,0,0,0,1.05463621574846,0,0,0,0,0,0,0,0,0,0,0,0,0,0,0,0,0.824063590163226,0,0,0,0,0,0,0
2525,0,0,0,0.978530736118733,0,0.899995498938728,0,0,0,0,0,0.663015201117883,0.937273526698761,0,0,0,0,0.951316857058008,0,0,2.53214665538757,0,0,0,0,0.886581760591582,0,0,0.942897354152491,0,0,0,0,0.819310587695601,0,0,0,0,0,0,0,0,0,0,1.56209250666957,0,0,0,0.796968882581562,0,0,0,0,0
2533,0,0,0,0,0,0,0,0,0,0,0.999325778467116,0,0,0,0,0,0,0.951316857058008,0,0,0,0,0,0,1.08340074459836,0,0,0,0,0,0,0,0,0,0,0,0,0,0,0,0,0,0,0,0,0,0,0,0,0,0,0,0,0
2534,3.61323718030533,4.38269990136268,4.1722754244407,8.8067766250686,3.17693116701179,4.49997749469364,9.97806471793763,4.08963780552298,0.910272793242405,4.51083061158705,14.9898866770067,9.94522801676825,14.9963764271802,8.47619917440211,13.1952102516547,9.73285766474778,4.46441515131428,3.80526742823203,6.13437409077253,19.1742088738801,3.37619554051675,2.06141573885485,9.7394983745042,2.45604826477893,10.8340074459836,5.31949056354949,9.27244667958238,9.21088446822238,3.77158941660996,7.38245351023925,3.23109829839702,1.43407603414644,12.4940253073761,16.386211753912,0.989404235784912,3.36547730470942,2.43729316954225,10.2144063749483,6.66249409013819,8.7770130832805,6.60167327793163,4.86261756945369,1.22564079061044,0.93533206579746,17.1830175733653,0,9.06469949179549,11.3846188708634,0.796968882581562,3.9102008962244,5.57581639530425,2.95013447157206,0,7.26939984678351
2542,0,0,0,0,0,0,0,0,0,0,0,0,0,0,0,0,0,0,0,0,0,0,0,0,0,0,1.85448933591648,0,0,0,0,0,0,0,0,0,0,0,0,0,0,0,0,1.87066413159492,0,2.14027944313237,0,0,0,0,0,0,0,0
2543,0,0,0,0,0,0,0,0,0,0,0,0,0,0,0,0,0,0,0,0,0,0,0,0,0,0,0,0,0,0,0,0,0,0,0,0,0,0,0,0,0,0,0,0,0,0,0,0,0,0,0,0,0,0
2547,0,0,0,0,0,0,0,0,0,0,0,0,0,0,0,0,0,0,0,0,0,0,0,0,0,0,0,0,0,0,0,0,0,0,0,0,0,0,0,0,0,0,0,0,0,0,0,0,0,0,0,0,0,0
2548,0,0,0,0,0,0,0,0,0,0,0,0,0,0,0,0,0,0,0,0,0,0,0,0,0,0,0,0,0,0,0,0,0,0,0,0,0,0,0,0,0,0,0,0,0,0,0,0,0,0,0,0,0,0
2550,42.4555368685876,18.4073395857233,27.1197902588646,18.5920839862559,18.0026099464001,22.4998874734682,3.62838717015914,20.4481890276149,23.6670926243025,17.1411563240308,9.99325778467116,19.2274408324186,14.9963764271802,15.7415127524611,21.9920170860911,8.65142903533136,12.2771416661143,13.3184359988121,27.6046834084764,12.4632357680221,27.009564324134,14.429910171984,16.2324972908403,19.6483861182315,8.66720595678687,12.4121446482822,6.49071267570767,29.9353745217227,21.6866391455073,4.21854486299386,17.2325242581174,4.30222810243932,10.5718675677798,16.386211753912,14.8410635367737,4.48730307294589,7.31187950862676,11.0001299422521,9.16092937394,8.7770130832805,9.43096182561662,1.94504702778147,2.45128158122089,7.48265652637968,23.4313876000436,18.1923752666251,10.7128266721219,12.1978059330679,3.98484441290781,10.4272023899317,7.43442186040566,13.2756051220743,8.77431686925313,7.26939984678351
2552,0,0,0,0,0,0,0,0,0,0,0,0,0,0,0,0,0,0,0,0,0,0,0,0,0,0,0,0,0,0,0,0,0,0,0,0,0,0,0,0,0,0,0,0,0,0,0,0,0,0,0,0,0,0
2554,0,0,0,0,0,0,0,0,1.82054558648481,0,0.999325778467116,2.65206080447153,0,0,0,1.08142862941642,1.11610378782857,0,1.02239568179542,0.958710443694007,0,0,0,0,1.08340074459836,0,0.927244667958238,0,2.82869206245747,0,0,0,0.961078869798163,1.6386211753912,0,1.12182576823647,0,0.785723567303718,0.832811761267273,0,0,0,0,0,3.12418501333915,0,0.824063590163226,0,0,0,0.929302732550708,0,1.09678960865664,1.81734996169588
2565,0,0,0,0,0,0,0,0,0,0,0,0,0,0,0,0,0,0,0,0,0,0,1.08216648605602,0,0,0,0,0,0,0,0,0,0,0,0,0,0,0,0,0,0,0,0,0,0,0,0,0,0,0,0,0,0,0
2566,0,0,0,0,0,0,0,0,0,0,0,0,0,0,0,0,0,0,0,0,0,0,0,0,0,0,0,0,0,0,0,0,0,0,0,0,0,0,0,0,0,0,0,0,0,0,0,0,0,0,0,0,0,0
2568,0,0,0,0,0,0,0,0,0,0,0,0,0,0,0,0,0,0,0,0,0,0,0,0,0,0,0,0,0,0,0,0,0,0,0,0,0,0,0,0,0,0,0,0,0,0,0,0,0,0,0,0,0,0
2574,144.529487212213,56.0985587374423,95.9623347621362,80.2395203617361,51.8898757278592,124.199378853544,60.7754851001656,86.9048033673634,106.501916809361,110.064266922724,54.9629178156914,77.5727785307923,68.4209674490096,64.1769366061874,72.5736563841007,68.1300036532344,45.7602553009714,48.5171597099584,69.5229063620887,122.714936792833,117.322795032957,90.7022925096136,104.970149147434,51.5770135603576,10.8340074459836,72.6997043685098,17.6176486912065,86.3520418895848,43.3732782910146,70.6606264551471,43.0813106452935,12.906684307318,42.2874702711192,58.9903623140832,56.39604143974,43.7512049612225,23.1542851106514,58.9292675477789,35.8109057344927,42.6312064045053,32.0652702070965,22.368040819487,31.8666605558715,59.8612522110375,31.2418501333915,33.1743313685517,58.5085149015891,62.6154037897486,38.254506363915,76.9006176257466,54.8288612204918,23.6010757725764,9.87110647790978,74.511348429531
2577,4.51654647538166,0.876539980272536,8.34455084888141,5.8711844167124,0,6.2999684925711,1.81419358507957,1.02240945138075,3.64109117296962,4.51083061158705,9.99325778467116,4.64110640782518,4.68636763349381,3.63265678902947,2.19920170860911,10.8142862941642,5.58051893914285,2.85395057117402,7.15676977256795,4.79355221847003,5.90834219590432,5.15353934713713,2.16433297211204,3.6840723971684,3.25020223379508,5.31949056354949,1.85448933591648,1.1513605585278,3.77158941660996,7.38245351023925,2.15406553226468,7.1703801707322,6.72755208858714,2.4579317630868,0,5.60912884118237,1.21864658477113,1.57144713460744,1.66562352253455,0,4.71548091280831,6.80766459723516,8.5794855342731,1.87066413159492,4.68627752000872,3.21041916469855,3.29625436065291,5.69230943543169,1.59393776516312,3.9102008962244,4.64651366275354,1.47506723578603,1.09678960865664,5.45204988508763
2579,5.41985577045799,0,1.04306885611018,1.95706147223747,0,0,0,1.02240945138075,0,0,0.999325778467116,0,2.81182058009628,0,4.39840341721822,1.08142862941642,0,1.90263371411602,3.06718704538627,0,0.844048885129189,0,2.16433297211204,3.6840723971684,1.08340074459836,2.65974528177475,1.85448933591648,0,0.942897354152491,0,2.15406553226468,1.43407603414644,0.961078869798163,0,1.97880847156982,0,2.43729316954225,0,2.49843528380182,0,2.82928854768498,0,0,1.87066413159492,0,1.07013972156618,0,2.43956118661358,0.796968882581562,1.30340029874147,0.929302732550708,2.95013447157206,1.09678960865664,7.26939984678351
2580,0,0,0,0,0,0,0,0,0,0,0,0,0,0,0,0,1.11610378782857,0,1.02239568179542,0,0,0,0,0,0,0,0,1.1513605585278,0,0,0,0,0,0,0,0,0,0,0,0,1.88619236512332,0,0,0,0,0,0,0,0,0,0,0,0,0
2581,225.827323769083,44.7035389938994,65.7133379349411,146.77961041781,41.3001051711532,72.899635414037,42.6335492493699,29.6498740900416,97.3991888769373,93.8252767210106,273.81526329999,141.885253039227,53.4245910218294,125.932102019688,546.501624589364,102.73571979456,233.265691656171,166.480449985151,249.464546358083,129.425909898691,115.634697262699,42.2590226465245,155.831973992067,372.091312114009,45.5028312731311,46.9888333113539,132.595987518028,189.974492157087,70.7173015614368,298.462049056815,152.938652790792,55.9289653317111,74.9641518442567,321.169750376675,22.756297423053,0,132.832477740053,146.930307085795,190.713893330206,811.246780697497,170.700409043661,397.762117181312,213.261497566217,146.847134330201,387.398941654055,191.555010160347,185.414307786726,274.85722702513,239.090664774469,469.875807696299,252.770343253793,171.107799351179,166.71202051581,274.419844216077
2585,0,0.876539980272536,0,0,1.0589770556706,0,0,0,1.82054558648481,0,1.99865155693423,0.663015201117883,2.81182058009628,0,1.09960085430456,0,0,0,0,0,0,0,0,0,0,1.77316352118316,1.85448933591648,1.1513605585278,0.942897354152491,0,1.07703276613234,0,0,1.6386211753912,0,0,0,0,0,1.25385901189721,0,0,0,0,0,0,0.824063590163226,0,0.796968882581562,1.9551004481122,0,0,0,0
2587,0,0,0,0,0,1.79999099787746,0,0,0,0,0.999325778467116,3.31507600558942,1.87454705339752,0,1.09960085430456,0,1.11610378782857,0,0,0,1.68809777025838,0,1.08216648605602,0,2.16680148919672,0.886581760591582,0,0,0,0,0,0,0,0,0.989404235784912,0,0,0,0,5.01543604758885,0,0,0,0,0,0,0,0.813187062204528,1.59393776516312,0,0,0,1.09678960865664,0
2589,0,0,0,0,0,0,0,0,0,0.902166122317409,0,0,0,1.21088559634316,0,0,0,0,0,0,0,0,0,0,0,0,0,0,0,0,0,0,0,0,0,0,1.21864658477113,1.57144713460744,0,0,0,0,0,0,0,0,0,0,0,0,0,0,0,0
2590,0,0,0,0,0,0,0,0,0,0,0,0,0,0,0,0,0,0,0,0,0,0,0,0,0,0,0.927244667958238,0,0,0,1.07703276613234,0,0,0,0,0,1.21864658477113,0,0,0,0,0,0,0,0,0,0,0.813187062204528,0,0,0,0,1.09678960865664,0
2592,0,0,0,0,0,0,0,0,0,0,0,0,0,0,0,0,0,0,0,0,0,0,0,0,0,0,0,0,0,0,0,0,0,0,0,0,0,0,0,0,0,0,0,0,0,0,0,0,0,0,0,0,0,0
2593,0,0,0,0,0,0,0,0,0,0,0,0,0,0,0,0,0,0,0,0,0,0,0,0,0,0.886581760591582,0,0,0,0,0,0,0,0,0,0,0,0,0,0,0,0,0,0,0,0,0,0,0,0,0,0,0,0
2594,0,0,0,0,0,0,0,0,0,0,0,0,0,0,0,0,0,0,0,0,0,0,0,0,0,0,0,0,0,0,0,0,0,0,0,0,0,0,0,0,0,0,0,0,0,1.07013972156618,0,0,0,0,0,0,0,0
2595,0,0,0,0,0,0,0,0,0,1.80433224463482,0.999325778467116,0,0,0,0,0,0,0,0,0,0,0,0,0,0,0,0,0,0,0,0,0,0,0.819310587695601,0,0,0,0,0,0,0,0,0,0,0,0,0,0,0,0,0,0,0,0
2596,0,0,0,0,0,0,0,0,0,0,0,0,0,0,0,0,0,0,0,0,0,0,0,0,0,0,0,0,0,0,0,0,0,0,0,0,0,0,0.832811761267273,0,0,0,0,0,0,0,0,0,0,0,0,0,0,0
2598,0,0,0,0,0,0,0,0,0,0,0,0,0,0,0,0,0,0,0,0,0,0,0,0,0,0,0,0,0,0,0,0,0,0,0,0,0,0,0,1.25385901189721,0.943096182561662,0,0,0,0,0,0,0.813187062204528,0,0,0,0,0,0
2599,2.709927885229,0.876539980272536,0,0,0,0.899995498938728,0.907096792539785,0,0,1.80433224463482,0,0,3.74909410679505,1.21088559634316,3.29880256291367,1.08142862941642,1.11610378782857,0,1.02239568179542,0,0.844048885129189,0,0,0,0,0,1.85448933591648,0,0,0,0,1.43407603414644,0,0.819310587695601,0.989404235784912,0,0,0.785723567303718,0,0,0,0,0,0,3.12418501333915,4.28055888626474,0,0.813187062204528,0.796968882581562,0.651700149370734,0,2.95013447157206,2.19357921731328,1.81734996169588
2603,0,0,2.08613771222035,0,0,0.899995498938728,0,0,0,2.70649836695223,0,0,4.68636763349381,2.42177119268632,0,1.08142862941642,0,1.90263371411602,0,0,0,0,1.08216648605602,0,0,0,0.927244667958238,0,0,1.05463621574846,1.07703276613234,0,0,0,0,1.12182576823647,0,0,0.832811761267273,0,1.88619236512332,0,0,0,0,0,0,0,0.796968882581562,0.651700149370734,0,1.47506723578603,0,0
2604,0,0,0,0,0,0,0,0,0,0,0,0,0,0,0,0,0,0,0,0,0,0,0,0,0,0,0,0,0,0,0,0,0,0,0,0,0,0,0,0,0,0,0,0,0,0,0,0,0,0,0,0,0,0
2605,0,0,0,0,0,0,0,0,0,0,0,0,0,0,0,0,0,0,0,0,0,0,0,0,0,0,0,0,0,0,0,0,0,0,0,0,0,0,0,0,0,0,0,0,0,0,0,0,0,0,0,0,0,0
2607,0,0,0,0,0,0,0,0,0,0,0,0,0,0,0,0,0,0,0,0,0,0,0,0,0,0,0,0,0,0,0,0,0.961078869798163,0,0,0,0,0,0,0,0,0,0,0,0,0,0,0,0.796968882581562,0,0,0,0,0
2608,0,0,0,0,0,0,0,0,0,0,0,0,0,0,0,0,0,0,0,0,0,0,0,0,0,0,0,0,0,0,0,0,0,0,0,0,0,0,0,0,0,0,0,0,0,0,0,0,0,0,0,0,0,0
2609,0,0,0,0,0,0,0,0,0,0,0,0,0,0,0,0,0,0,0,0,0,0,0,0,0,0,0,0,0,0,0,0,0,0,0,0,0,0,0,0,0,0,0,0,0,0,0,0,0,0,0,0,0,0
2611,0,0,0,0,0,0,0,0,0,0,1.99865155693423,0,0,0,0,0,0,0,0,0,0,0,0,0,0,0,0,0,0,0,0,0,0,0,0,0,0,0,0,0,0,0,0,0,0,0,0,0,0,0,0,0,0,0
2612,0,0,0,0,0,0,0,0,0,0,0.999325778467116,0,0.937273526698761,0,0,0,0,0,0,0,0,0,1.08216648605602,1.22802413238947,0,0,0,0,0,0,0,0,0,0,0,0,0,0,0,0,0,0,0,0,0,0,0,0,0,1.30340029874147,0,0,1.09678960865664,0
2613,0,0,0,0,0,0,0,0,0.910272793242405,0,0,0.663015201117883,0.937273526698761,0,0,0,0,0,1.02239568179542,0,0,0,0,0,0,0,0,1.1513605585278,0.942897354152491,3.16390864724539,0,0,0,1.6386211753912,0,0,0,0.785723567303718,0,0,0.943096182561662,0,1.22564079061044,0,0,0,0,0,0,0.651700149370734,0,0,0,0
2614,0,0,0,0,0,0,0,0,0,0,0,0,0,0,0,0,0,0,0,0,0,0,0,0,0,0,0,0,0,0,0,0,0,0,0,0,0,0,0,0,0,0,0,0,0,0,0,0,0,0,0,0,0,0
2618,0,0,0,3.91412294447493,0,0,0,0,0,0,0,0,0,0,0,0,0,0,0,0,0,0,1.08216648605602,0,0,0,0,0,0,0,1.07703276613234,0,0,0,0,0,0,0,0,0,0,0,2.45128158122089,0.93533206579746,0,0,0,0,0,0,0,0,0,0
2620,0,0,0,0,0,0,0,0,0,0,0,0,0,0,1.09960085430456,0,0,0,0,0,0,1.03070786942743,0,0,0,0,0.927244667958238,0,0,0,0,0,0,0,0,0,0,0,0,0,0,0,0,0,0,0,0,0,0,0,0,0,0,0
2621,0,0,0,0,0,0,0,0,0,0,0,0,0.937273526698761,0,0,0,0,0,0,0,0,0,0,0,0,0,0,0,0,0,0,0,0,0,0,0,0,0,0,0,0,0,0,0,0,0,0,0,0,0,0,0,0,0
2623,0,0,0,0,0,0,0,0,0,0,0,0,0,0,0,0,0,0,0,0,0,0,0,0,0,0,0,0,0,0,0,0,0,0,0,0,0,0.785723567303718,0,0,0,0,0,0,0,0,0,0,0,0,0,0,0,0
2624,0,0,0,0,0,0,0,0,0,0,0,0,0,0,0,0,0,0,0,0,0,0,0,0,0,0,0,0,0,0,0,0,0,0,0,0,0,0,0,0,0,0,0,0,0,0,0,0,0,0,0,0,0,0
2626,0,0,0,0,0,0,0,0,0,0,0,0,0,0,0,0,0,0,0,0,0,0,0,0,0,0,0,0,0,0,0,0,0,0,0,0,0,0,0,0,0,0,0,0,0,0,0,0,0,0,0,0,0,0
2627,0,0,0,0,0,0,0,0,0,0,0,0,0,0,0,0,0,0,0,0,0,0,0,0,0,0,0,0,0,0,0,0,0,0,0,0,0,0,0,0,0,0,0,0,0,0,0,0,0,0,0,0,0,0
2628,0,0,0,0,0,0,0,0,0,0,0,0,0,0,0,0,0,0,0,0,0,0,0,0,0,0,0,0,0,0,1.07703276613234,0,0,0,0.989404235784912,0,0,0,0,0,0,0,0,0,0,0,0,0,0,0,0,0,0,0
2630,0,0,0,0,0,0,0,1.02240945138075,0,0,0,0,0,0,0,0,0,0,0,0,0,0,0,0,0,0,0,0,0,0,0,0,0,0,0,0,0,0,0,0,0,0,0,0,0,0,0,0,0,0,0,0,0,0
2631,0,0,0,0,0,0,0,0,0,0,0,0,0,0,0,0,0,0,0,0,0,0,0,0,0,0,0,0,0,0,0,0,0,0,0,0,0,0,0,0,0,0,0,0,0,0,0,0,0,0,0,0,0,0
2636,0,0,0,0,0,0,0,0,0,0,0,0,0,0,0,0,0,0,0,0,0,0,0,0,0,0,0,0,0,0,0,0,0,0,0,0,0,0,0,0,0,0,0,0,0,0,0,0,0,0,0,0,0,0
2637,592.570897570074,1017.66291709641,1219.3474927928,921.775953423846,403.470258210497,971.995138853826,450.827105892273,645.140363821251,987.645980668009,1187.25061696971,4484.97409376042,978.610436849995,2561.56854846772,1945.89315332346,5167.02441437711,2017.94582249104,2029.07668627234,2057.69836181647,2606.08659289653,1816.75629080014,1511.69155326638,885.37805983816,3270.3071208613,1417.13984877744,1468.00800893078,1870.68751484824,3005.19996885265,1393.14627581863,1392.65939208323,4021.3278906489,3032.92426942867,1213.22832488789,1580.01366194818,2371.90415137876,656.964412561181,1322.6325807508,1817.00205789375,2850.60510217789,3160.5206340093,6263.02576442658,4070.40312393613,3934.83013720192,2823.87638156646,2868.66344580081,2666.49190888496,2542.65197844125,1957.97509022783,3787.82533574869,2287.30069300908,989.932526894145,1844.66592411316,2506.13923360046,3686.30987469497,3118.57253427013
2639,0,0,0,0,0,0,0,1.02240945138075,0,0,0,0,0,0,0,0,0,1.90263371411602,1.02239568179542,0.958710443694007,0,0,0,0,0,0,0,0,0,0,0,0,0,0,0,0,0,0,0,0,0.943096182561662,0,0,0,0,0,0,0,0,0,0,0,0,0
2640,0,0,0,0,0,0,0,0,0,0,0,0,0,0,0,0,0,0,0,0,0,0,0,0,0,0,0,0,0,0,0,0,0,0,0,0,0,0,0,0,0,0,0,0,0,0,0,0,0,0,0,0,0,0
2641,0,0,0,0,0,0,0,0,0,0,0.999325778467116,0,0,0,0,0,0,0,0,0,0,0,0,0,0,0,0,0,0,0,0,0,0,0,0,0,0,0,0,0,0,0,0,0,0,0,0,0,0,0,0,0,0,0
2643,0,0,0,0,0,0,0,0,0,0,0,0,0,0,0,1.08142862941642,0,0,0,0,0,0,0,0,0,0,0,0,0,0,0,0,0,0,0,1.12182576823647,0,0,0,0,0,0,0,0,0,0,0,0,0,0,0,0,0,0
2644,0,0,0,0,0,0,0,0,0,0,0,0,0,0,0,0,0,0,0,0,0,0,0,0,0,0,0,0,0,0,0,0,0,0,0,0,0,0,0,0,0,0,0,0,0,0,0,0,0,0,0,0,0,0
2645,0,0,0,0,0,0,0,0,0,0,0,0,0,0,0,0,0,0,0,0,0,0,0,0,0,0,0,0,0,0,0,0,0,0,0,0,0,0,0,0,0,0,0,0,0,0,0,0,0,0,0,0,0,0
2646,0,0,0,0,0,0,0,0,0,0,0,0,0,0,0,0,0,0,0,0,0,0,0,0,0,0,0,0,0,0,0,0,0,0,0,0,0,0,0,0,0,0,0,0,0,0,0.824063590163226,0,0,0,0,0,0,0
2647,0,0,0,0,0,0,0,0,0,0,0,0,0,0,0,0,0,0,0,0,0,0,0,0,0,0,0,0,0,0,0,0,0,0,0,0,0,0,0,0,0,0,0,0,0,0,0,0,0,0,0,0,0,0
2648,0,1.75307996054507,0,0,1.0589770556706,1.79999099787746,0,0,0,0,0,0.663015201117883,1.87454705339752,0,2.19920170860911,0,0,0,0,0,0,1.03070786942743,0,0,0,0,0,1.1513605585278,0,1.05463621574846,0,0,0.961078869798163,0.819310587695601,0,0,0,1.57144713460744,0,0,0,0.972523513890737,0,0,0,1.07013972156618,0,3.25274824881811,0,1.30340029874147,0,4.42520170735808,0,0
2649,0,0,0,0,0,0,0,0,0,0,0,0,0,0,0,0,0,0,0,0,0,0,0,0,0,0,0,0,0,0,0,0,0,0,0,0,0,0,0,0,0,0,0,0,0,0,0,0,0,0,0,0,0,0
2650,0,0,0,0,0,0,0,0,0.910272793242405,0.902166122317409,1.99865155693423,0,0,0,1.09960085430456,2.16285725883284,0,0,0,0.958710443694007,0.844048885129189,0,1.08216648605602,3.6840723971684,0,0,0,2.30272111705559,0,1.05463621574846,0,0,0,0,0,0,0,0,0,0,0.943096182561662,0.972523513890737,2.45128158122089,0,0,0,0,0,0,1.30340029874147,0,0,1.09678960865664,0
2651,0,0.876539980272536,0,2.9355922083562,0,0,0,0,0,0,0,0,0,0,0,0,0,0,0,0.958710443694007,0,0,0,0,0,0,0,0,0,0,0,0,0,0,0,0,0,0,0,0,0,0,0,0,0,0,0,0,0,0,0,0,0,0
2653,0.903309295076332,0.876539980272536,4.1722754244407,0.978530736118733,0,4.49997749469364,0.907096792539785,0,2.73081837972721,8.11949510085668,0,5.96713681006095,3.74909410679505,1.21088559634316,0,0,0,4.75658428529004,4.08958272718169,0.958710443694007,5.06429331077513,1.03070786942743,0,0,0,0,0,5.75680279263899,0,0,0,0,0,2.4579317630868,0,0,0,0.785723567303718,2.49843528380182,0,0,0,1.22564079061044,1.87066413159492,1.56209250666957,0,1.64812718032645,0,0.796968882581562,0.651700149370734,0,0,2.19357921731328,3.63469992339175
2658,0,0,0,0,0,0,0,0,0,0,0,0,0,0,0,0,0,0,0,0,0,0,0,0,0,0,0,0,0,0,0,0,0,0,0,0,0,0,0,0,0,0,0,0,0,0,0.824063590163226,0,0,0,0,0,0,0
2662,0,0,0,0,0,0,0,0,0,0,0,0,0,0,0,0,0,0,0,0,0,0,0,0,0,0,0,0,0,0,0,0,0,0,0,0,0,0,0,0,0,0,0,0,0,0,0,0,0,0,0,0,0,0
2663,0,0,0,0,0,0,0,0,0,0.902166122317409,0,0,0,0,0,0,0,0,0,0,0,0,0,0,0,0,0,0,0,0,0,0,1.92215773959633,0,0,0,0,0,0,0,0,0,0,0,0,0,0,0,0,0,0,0,0,0
2664,0,0,0,0,0,0,0,0,0,0,0.999325778467116,0,0.937273526698761,0,0,0,0,0.951316857058008,0,0.958710443694007,0,0,0,0,0,0.886581760591582,0,0,0,0,0,0,0,0,0,0,0,0,0,2.50771802379443,0,0,0,0,0,0,0.824063590163226,0.813187062204528,0,1.30340029874147,3.71721093020283,0,0,0
2666,0,0,0,0,0,0,0,0,0,0,0,0,0,0,0,0,0,0,0,0,0,0,0,0,0,0,0.927244667958238,0,0,0,0,0,0,0,0,0,0,0,0,0,0,0,0,0,0,0,0,0,0,0,0,0,0,0
2667,0,0,0,0,0,0,0,0,0,0,0,0,0,0,0,0,0,0,0,0.958710443694007,0,1.03070786942743,0,0,0,0,0,0,0,0,0,0,0,0,0,0,0,0,0,0,0,0,0,0,0,0,0,0,0,0,0,0,0,0
2668,0,0,0,0,0,0,0,0,0,0,0,0,0,0,0,0,0,0,0,0,0,0,0,0,0,0,0,0,0,0,0,0,0,0,0,0,0,0,0,0,0,0,0,0,0,0,0,0,0,0,0,0,0,0
2670,0,0,0,0,0,0,0.907096792539785,0,0,0,0,0,0,0,0,0,0,0,0,0,0,0,0,0,0,0,0,0,0,0,0,0,0,0,0,0,0,0,0,0,0,0,0,0,0,1.07013972156618,0,0,0.796968882581562,0,0,0,0,0
2671,0,0,0,0,0,0,0,0,0,0,0,0,0,0,0,0,0,0,0,0,0,0,0,0,0,0,0,0,0,0,0,0,0,0,0,1.12182576823647,0,0,0,0,0.943096182561662,0,0,0,1.56209250666957,0,0,0,0,0,0,0,0,0
2673,0,0,0,0,0,0,0,0,0,0,0,0,0,0,0,0,0,0,0,0,0,0,0,0,0,0,0,0,0,0,0,0,0,0,0,0,0,0,0,0,0,0,0,0,0,0,0,0,0,0,0,0,0,0
2674,3.61323718030533,32.4319792700838,21.9044459783137,0.978530736118733,15.8846558350589,13.4999324840809,0,27.6050551872801,2.73081837972721,1.80433224463482,0,1.98904560335365,9.37273526698761,2.42177119268632,4.39840341721822,3.24428588824926,2.23220757565714,15.2210697129281,7.15676977256795,3.83484177477603,124.075186113991,6.18424721656456,2.16433297211204,22.1044343830104,21.6680148919672,14.1853081694653,0,3.45408167558339,0.942897354152491,0,0,1.43407603414644,0.961078869798163,7.3737952892604,4.94702117892456,0,17.0610521867958,14.1430242114669,2.49843528380182,0,29.2359816594115,0,1.22564079061044,3.74132826318984,0,0,1.64812718032645,0.813187062204528,1.59393776516312,3.9102008962244,0,1.47506723578603,2.19357921731328,6.36072486593557
2675,0.903309295076332,0.876539980272536,1.04306885611018,0,0,1.79999099787746,1.81419358507957,1.02240945138075,0,0,1.99865155693423,2.65206080447153,3.74909410679505,0,3.29880256291367,2.16285725883284,0,1.90263371411602,5.11197840897711,0,2.53214665538757,1.03070786942743,2.16433297211204,1.22802413238947,1.08340074459836,0,1.85448933591648,0,0,3.16390864724539,2.15406553226468,0,1.92215773959633,3.2772423507824,0,5.60912884118237,6.09323292385563,0.785723567303718,1.66562352253455,6.26929505948607,3.77238473024665,3.89009405556295,6.12820395305221,2.80599619739238,6.2483700266783,2.14027944313237,1.64812718032645,6.50549649763622,3.98484441290781,2.60680059748294,0.929302732550708,0,4.38715843462657,6.36072486593557
2676,0,0,0,0,0,0,0,0,0,0,0,0,0,0,0,0,0,0,0,0,1.68809777025838,0,0,0,0,0,0,0,0,0,0,0,0,0,0,0,0,0,0,0,0,0,0,0,0,0,0,0,0,0,0,0,0,0
2677,4.51654647538166,5.25923988163522,3.12920656833053,5.8711844167124,7.41283938969417,8.09995949044855,4.53548396269892,3.06722835414224,7.28218234593924,6.31516285622187,26.9817960186121,3.31507600558942,4.68636763349381,9.68708477074527,6.59760512582734,1.08142862941642,4.46441515131428,1.90263371411602,5.11197840897711,0.958710443694007,1.68809777025838,1.03070786942743,0,2.45604826477893,1.08340074459836,0,1.85448933591648,2.30272111705559,0,3.16390864724539,2.15406553226468,5.73630413658576,3.84431547919265,3.2772423507824,0.989404235784912,0,2.43729316954225,5.50006497112603,1.66562352253455,3.76157703569164,0.943096182561662,0,2.45128158122089,7.48265652637968,15.6209250666957,0,0.824063590163226,10.5714318086589,3.18787553032625,1.30340029874147,2.78790819765212,8.85040341471617,69.0977453453684,5.45204988508763
2679,0,0,0,0,0,0,0,0,0,0,0,0,0,0,0,0,0,0,0,0,0,0,0,0,0,0,0,0,0,0,0,0,0,0,0,0,0,0,0,0,0,0,0,0,0,0,0,0,0,0,0,0,0,0
2681,0,0,1.04306885611018,12.7208995695435,0,0,0,0,0,0.902166122317409,0,0,0,0,0,1.08142862941642,0,0,0,0,0,0,0,0,0,0,0,0,0,0,0,0,0,0,0,0,0,0,0,0,0,0,0,2.80599619739238,0,1.07013972156618,0,0,0,0,0,0,0,0
2683,0,0,0,0,0,0,0,0,0,0,0,0,0,0,0,0,0,0,0,0,0,0,0,0,0,0,0,0,0,0,0,0,0,0,0,0,0,0,0,0,0,0,0,0,0,0,0,0,0,0,0,0,0,0
2687,0,0,0,0,0,0,0,0,0,0,0,0,0,0,0,0,0,0,0,0,0,0,0,0,0,0,0,0,0,0,0,0,0,0,0,0,0,0,0,0,0,0,0,0,0,0,0,0,0,0,0,0,0,0
2688,0,0,0,0,0,0,0,0,0,0,0,0,0,0,0,0,0,0,0,0,0,0,0,0,0,0,0,0,0,0,0,0,0,0,0,0,0,0,0,0,0,0,0,0,0,0,0,0,0,0,0,0,0,0
2689,0,0,0,0,0,0,0,0,0,0,0,0,0,0,0,0,0,0,0,0,0,0,0,0,0,0,0,0,0,0,0,0,0,0,0,0,0,0,0,0,0,0,0,0,0,0,0,0,0,0,0,0,0,0
2690,0.903309295076332,0,0,0,0,0,0,0,0,0,0,0,0,0,0,0,0,0,0,0,0,0,0,0,0,0,0,0,0,0,0,0,0,0,0,0,0,0,0,0,0,0,0,0,0,0,0,0,0,0,0,0,0,0
2691,0,0,0,0,0,0,0,0,0,0,0,0,0,0,0,0,0,0,0,0,0,0,0,0,0,0,0,0,0,0,0,0,0,0,0,0,0,0,0,0,0,0,0,0,0,0,0,0,0,0,0,0,0,0
2692,0,0,1.04306885611018,1.95706147223747,2.11795411134119,0.899995498938728,3.62838717015914,6.13445670828447,0.910272793242405,0,0.999325778467116,3.31507600558942,0.937273526698761,2.42177119268632,0,3.24428588824926,6.69662272697142,0,4.08958272718169,2.87613133108202,1.68809777025838,0,7.57516540239216,6.14012066194733,2.16680148919672,3.54632704236633,5.56346800774943,2.30272111705559,7.54317883321993,4.21854486299386,1.07703276613234,8.60445620487864,0,0.819310587695601,0,0,3.65593975431338,0.785723567303718,0,1.25385901189721,23.5774045640415,2.91757054167221,4.90256316244177,6.54732446058222,0,2.14027944313237,0,0,0,0,0,2.95013447157206,1.09678960865664,1.81734996169588
2696,0,0,0,0,0,0,0,0,0.910272793242405,0,0,0,0,0,0,0,0,0,0,0,0,0,0,0,0,0,0,0,2.82869206245747,0,0,0,0,0,0,0,1.21864658477113,0,0,0,0,0,0,0,0,0,0,0,0,0,0,0,0,0
2698,0,6.13577986190775,1.04306885611018,0,0,0.899995498938728,0,3.06722835414224,2.73081837972721,0,0,0.663015201117883,0,0,0,0,0,0.951316857058008,0,0,0,0,0,2.45604826477893,0,0.886581760591582,0,0,0,0,0,0,1.92215773959633,5.7351741138692,0,0,1.21864658477113,1.57144713460744,0,0,3.77238473024665,0,0,0.93533206579746,0,0,1.64812718032645,0,0,0,0,0,0,0
2699,0.903309295076332,0,0,0,0,0,0,0,0.910272793242405,0,6.99528044926981,0,0,1.21088559634316,0,0,0,0.951316857058008,0,0,0.844048885129189,2.06141573885485,0,2.45604826477893,7.58380521218852,0,0,1.1513605585278,0,1.05463621574846,0,1.43407603414644,0.961078869798163,0.819310587695601,0,1.12182576823647,1.21864658477113,0,0.832811761267273,0,0,0,3.67692237183133,0.93533206579746,1.56209250666957,0,0,0,0.796968882581562,0.651700149370734,0.929302732550708,0,2.19357921731328,2.72602494254382
2703,0,0,0,0,0,0,0,0,0,0,0,0,0,0,0,0,0,0,0,0,0,1.03070786942743,0,0,0,0,0,0,0,0,0,1.43407603414644,0,0,0,1.12182576823647,0,0,0,0,0,0,0,0,0,0,0,0,0,0,0,0,0,0
2706,0,7.88885982245283,0,0,1.0589770556706,0,0,0,0,0,1.99865155693423,0,0,1.21088559634316,0,0,0,0.951316857058008,1.02239568179542,0,0,0,0,0,0,0,0,0,0,0,0,0,0.961078869798163,0,0,0,0,0,0,1.25385901189721,1.88619236512332,0,0,0.93533206579746,0,0,0,0,0,0,0,0,0,0.908674980847939
2710,0,0,0,0,0,0,0,1.02240945138075,0,0,0,0.663015201117883,0,0,0,0,0,0,0,0,0,0,0,0,0,1.77316352118316,0,0,0,0,0,0,0,0,0,0,0,0,0,0,0,0,0,0,0,0,0,0,0,0,0,0,0,0
2715,0,0,0,0,0,0,0,0,0,0,0,0,0,0,0,0,0,0,0,0,0,0,0,0,0,0,0,0,0,0,0,0,0,0,0,0,0,0,0,0,0,0,0,0,0,0,0,0,0,0,0,0,0,0
2716,0,0,0,0,0,0,0,0,0,0,0,0,0,0,0,0,0,0,1.02239568179542,0,0,0,0,0,0,0,0,0,0,0,0,0,0,0,0,0,0,0,0,0,0,0,0,0,0,0,0,0,0,0,0,0,0,0
2718,0.903309295076332,0,0,0,0,0,0,0,1.82054558648481,0,0,0,0,0,0,0,0,0,0,0,0,0,0,0,0,0,0,0,0,0,0,0,0,0,0,0,0,0,0,0,0,0,0,0,0,0,0,0,0,0,0,0,0,0
2721,2.709927885229,5.25923988163522,3.12920656833053,0,0,0.899995498938728,0.907096792539785,1.02240945138075,3.64109117296962,7.21732897853927,0.999325778467116,0.663015201117883,0,0,2.19920170860911,4.32571451766568,0,0,2.04479136359084,2.87613133108202,2.53214665538757,4.12283147770971,0,0,0,0.886581760591582,0,4.60544223411119,2.82869206245747,5.27318107874232,0,0,2.88323660939449,0,1.97880847156982,0,0,1.57144713460744,3.33124704506909,2.50771802379443,0.943096182561662,2.91757054167221,1.22564079061044,1.87066413159492,0,0,1.64812718032645,0,0.796968882581562,0,0.929302732550708,0,0,0
2724,2.709927885229,5.25923988163522,0,7.82824588894986,0,0.899995498938728,0,1.02240945138075,0.910272793242405,6.31516285622187,0.999325778467116,9.28221281565036,38.4282145946492,6.05442798171579,23.0916179403957,4.32571451766568,26.7864909078857,3.80526742823203,27.6046834084764,1.91742088738801,10.9726355066795,5.15353934713713,1.08216648605602,3.6840723971684,8.66720595678687,2.65974528177475,32.4535633785383,20.7244900535004,8.48607618737242,10.5463621574846,30.1569174517055,10.0385322390251,2.88323660939449,18.0248329293032,1.97880847156982,19.07103806002,6.09323292385563,7.07151210573346,8.32811761267273,115.355029094544,25.4635969291649,49.5986992084276,1.22564079061044,14.9653130527594,14.0588325600262,17.122235545059,14.8331446229381,108.967066335407,26.2999731251915,25.4163058254586,15.798146453362,23.6010757725764,39.4844259116391,9.08674980847939
2727,0,0,0,0.978530736118733,0,0,0,0,0,0,0,0,0,0,0,0,0,0,0,0,0,0,0,0,0,0,0,0,0,0,0,0,0,0,0,1.12182576823647,1.21864658477113,0,0,0,0,0,0,0,0,0,0,0.813187062204528,0,0,0,0,0,0.908674980847939
2729,0,0,0,0,0,0,0,0,0,0,0,0,0,0,0,0,0,0,0,0,0,0,0,0,0,0,0,0,0,0,0,0,0,0,0,0,0,0,0,0,0,0,0,0,0,0,0,0,0,0.651700149370734,0,0,0,0
2730,0,0,0,0,0,0,0,0,0,0,0,0,0,0,0,0,0,0,0,0,0,0,0,0,0,0,0,0,0,0,0,0,0,0,0,0,0,0,0,0,0,0,0,0,0,0,0,0,0,0,0,0,0,0
2731,0,0,0,0,0,0,0,0,0,0,0,0,0,0,0,0,0,0,0,0,0,0,0,0,0,0,0,0,0,0,0,0,0,0,0,0,0,0,0,0,0,0,0,0,0,0,0,0,0,0,0,0,0,0
2732,0,0,0,0,0,0,0,0,0,0,0,0,0,0,0,0,0,0,0,0,0,0,0,0,0,0,0,0,0,0,0,0,0,0,0,0,0,0,0,0,0,0,0,0,0,0,0,0,0,0,0,0,0,0
2734,0,0.876539980272536,0,0,0,0,0,0,0,0,0,0,0,0,0,0,0,0,0,0,0,0,0,0,0,0,0,0,0,0,0,0,0.961078869798163,0,0,0,0,0.785723567303718,0,0,0,0,0,0,0,0,0,0,0,0,0,0,0,0
2735,0,0,0,0,0,0,0,0,0,0,0,0,0,0,0,0,0,0,0,0,0,0,0,0,0,0,0.927244667958238,0,0,0,0,0,0,0,0,0,0,0,0,0,0,0,0,0,0,0,0,0,0,0,0,0,0,0
2737,0,1.75307996054507,2.08613771222035,0.978530736118733,0,0,0.907096792539785,0,0.910272793242405,0,0.999325778467116,0.663015201117883,0,0,2.19920170860911,0,0,0.951316857058008,1.02239568179542,0,0.844048885129189,1.03070786942743,1.08216648605602,0,1.08340074459836,0,0,0,0.942897354152491,3.16390864724539,0,0,0,0.819310587695601,0.989404235784912,0,0,0,0.832811761267273,0,0.943096182561662,0,0,0.93533206579746,0,0,0,0,0.796968882581562,1.30340029874147,0.929302732550708,0,0,0
2740,0,0,0,0,0,0,0,0,0,0,0,0,0,0,0,0,0,0,0,0,0,0,0,0,0,0,0,0,0,0,1.07703276613234,0,0,0,0,0,0,0,0,1.25385901189721,0,0,0,0,0,0,0.824063590163226,0,0,0.651700149370734,0.929302732550708,0,0,0
2741,0,0,0,0,0,0,0,0,0,0,0,0,0,0,0,0,0,0,0,0,0,0,0,0,0,0,0,0,0,0,0,0,0,0,0,0,0,0,0,0,0,0,0,0,0,0,0,0,0,0,0,0,0,0
2744,0.903309295076332,0,0,1.95706147223747,0,0.899995498938728,0.907096792539785,2.04481890276149,0,0,1.99865155693423,0.663015201117883,0.937273526698761,0,2.19920170860911,0,1.11610378782857,0.951316857058008,1.02239568179542,2.87613133108202,2.53214665538757,0,2.16433297211204,0,0,0,1.85448933591648,0,0,1.05463621574846,1.07703276613234,0,0,0.819310587695601,0.989404235784912,3.36547730470942,0,0,3.33124704506909,1.25385901189721,2.82928854768498,3.89009405556295,3.67692237183133,0.93533206579746,0,1.07013972156618,1.64812718032645,3.25274824881811,5.57878217807093,3.25850074685367,0,2.95013447157206,0,0
2745,0,0,0,0,0,0,0,0,0,0,0,0,0,0,0,0,0,0,0,0,0,0,0,0,0,0,0,0,0,0,0,0,0,0,0,0,0,0,0,0,0,0,0,0,0,0,0,0,0,0,0,0,0,0
2748,0,0,0,0,0,0,0,0,0,0,0,0,0,0,0,0,0,0,0,0,0,0,0,0,0,0,0,0,0,0,0,0,0,0,0,0,0,0,0,0,0,0,0,0,0,0,0,0,0,0,0,0,0,0
2749,0,0,0,0,0,0,0,0,0,0,0,0,0,0,0,0,0,0,0,0.958710443694007,0,2.06141573885485,0,1.22802413238947,0,0,0,0,0,0,0,0,0,0,0,0,0,0,0,0,0,0,0,0,0,0,0,0,0,0,0,2.95013447157206,0,0
2750,0,0,0,0,0,0,0,0,0,0,0,0,0,0,0,0,0,0,0,0,0,0,0,0,0,0,0,0,0,0,0,0,0,0,0,0,0,0,0,1.25385901189721,0,0,0,0,0,0,0,0,0,0,0,0,0,0
2754,0,0,0,0,0,0,0,0,0,0,0,0,0,0,0,0,0,0,0,0,0,0,0,0,0,0,0.927244667958238,0,0,0,0,0,0,0,0,0,0,0,0,0,0,0,0,0,0,0,0,0,0,0,0,0,0,0
2755,0.903309295076332,0,0,0,0,0,0,0,0,0,0,0,0,0,0,0,0,0,0,0,0,0,0,0,0,0,0,0,0,0,0,0,0,0,0,0,0,0,0,0,0,0,0,0,0,0,0,0,0,0,0,1.47506723578603,1.09678960865664,0
2756,0,0,0,0,0,0,0,0,0,0,0,0,0,0,0,0,0,0,0,0,0,0,0,0,0,0,0,0,0,0,0,0,0,0,0,0,0,0,0,0,0,0,0,0,0,0,0,0,0,0,0,0,0,0
2758,0,0,0,0,0,0,0,0,0,0,0,0,0,0,0,0,0,0,0,0,0,0,0,0,0,0,0,0,0,0,0,0,0,0,0,0,0,0,0,0,0,0,0,0,0,0,0,0,0,0,0,0,0,0
2761,0,0,0,0,0,0,0,0,0,0,0,0,0,0,0,0,0,0,0,0,0,0,0,0,0,0,0,0,0,0,0,0,0,0,0,0,0,0,0,0,0,0,0,0,0,0,0,0,0,0,0,0,0,0
2763,0,0,0,0,0,0,0,0,0,0,0,0,0,0,0,0,0,0,0,0,0,0,0,0,0,0,0,0,0,0,0,0,0,0,0,0,0,0,0,0,0,0,0,0,0,0,0,0,0,0,0,0,0,0
2764,0,0,0,0,0,0,0,0,0,0,0,0,0,0,0,0,0,0,0,0,0,0,0,0,0,0,0,0,0,0,0,0,0,0,0,0,0,0,0,0,0,0,0,0,0,0,0,0,0,0,0,0,0,0
2765,0,0,0,0,0,0,0,0,0,0,0,0,0,0,0,0,0,0,0,0,0,0,0,0,0,0,0,0,0,0,0,0,0,0,0,0,0,0,0,0,0,0,0,0,0,0,0,0,0,0,0,0,0,0
2766,3.61323718030533,0,1.04306885611018,0,0,0.899995498938728,0,0,0,1.80433224463482,0,0,0,0,0,0,0,0,1.02239568179542,1.91742088738801,0,0,0,0,1.08340074459836,0,0,2.30272111705559,0.942897354152491,0,0,2.86815206829288,0.961078869798163,0,0,0,1.21864658477113,0,0,0,0.943096182561662,0.972523513890737,1.22564079061044,0,0,2.14027944313237,0,1.62637412440906,0.796968882581562,0.651700149370734,0,0,1.09678960865664,0
2770,0,0,0,0,0,0,0,0,0,0,0,0,0,0,0,0,0,0,0,0,0,0,0,0,0,0,0,0,0,0,0,0,0,0,0,0,0,0,0,0,0,0,0,0,0,0,0,0,0,0,0,0,0,0
2772,0,0,0,0,0,0,0,0,0,0,0,0,0,0,0,0,0,0,0,0,0,0,1.08216648605602,0,0,0,0,0,0,0,0,0,0,0,0,0,0,0,0,0,0,0,0,0,0,0,0,0,0,0,0,0,0,0
2773,0,0,0,0,0,0,0,0,0,0,0,0,0,0,0,0,0,0,0,0,0,0,0,0,0,0,0,0,0,0,0,0,0,0,0,0,0,0,0,0,0,0,0,0,0,0,0,0,0,0,0,0,0,0
2776,0,0,0,0,0,0,0,0,0,0,0,0,0,0,0,0,0,0.951316857058008,0,0,0,0,1.08216648605602,0,0,0,0,0,0,0,0,0,0,0.819310587695601,0,0,0,0,0,0,0,0,0,0,4.68627752000872,0,0.824063590163226,0,0,1.30340029874147,0,0,0,0
2777,0,0,0,0,0,0,0,0,0,0,0,0,0,0,0,0,0,0,0,0,0,0,0,2.45604826477893,0,0,0,0,0,0,0,1.43407603414644,0,0,0,0,0,0,0,0,0,0,0,0,0,0,0,0,0,0,0,0,0,0
2781,0,0,0,0,0,0,0,0,0,0,0,0,0,0,0,0,0,0,0,0,0,0,0,0,0,0,0,0,0,0,0,0,0,0,0,0,0,0,0,0,0,0,0,0,0,0,0,0,0,0,0,0,0,0
2782,0,0,0,0,0,0,0,0,0,0,0,0,0,0,0,0,0,0,0,0,0,0,0,0,0,0,0,0,0,0,0,0,0,0,0,0,0,0,0,0,0,0,0,0,0,0,0,0,0,0,0,0,0,0
2787,0,0,0,0,0,0,0,0,0,0,0,0,0,0,0,0,0,0,0,0,0,0,0,0,0,0,0,0,0,0,0,0,0,0,0,0,0,0,0,0,0,0,0,0,0,0,0,0,0,0,0,0,0,0
2788,0,0,0,0,0,0,0,0,0,0,0,0,0,0,0,0,0,0,0,0,0,0,0,0,0,0,0,0,0,0,0,0,0,0,0,0,0,0,0,0,0,0,0,0,0,0,0,0,0,0,0,0,0,0
2793,0,0,0,0,0,0,0,0,0,0,0,0,0,0,0,0,0,0,0,0,0,0,0,0,0,0,0,0,0,0,0,0,0,0,0,0,0,0,0,0,0,0,0,0,0,0,0,0,0,0,0,0,0,0
2795,0,0,0,0,0,0,0,0,0,0,0,0,0,0,0,0,0,0,0,0,0,0,0,0,0,0,0,0,0,0,0,0,0,0,0,0,0,0,0,0,0,0,0,0,0,0,0,0,0,0,0,0,0,0
2797,0,0,0,0,0,0,0,0,0.910272793242405,0,0,0,0,0,0,0,0,0,0,0,0,0,0,0,0,0,0,0,0,0,0,0,0,0,0,0,0,0,0,0,0,0,0,0,0,0,0,0,0,0,0,0,0,0
2798,0,0,0,0,0,0,0,0,0,0,0,0,0,0,0,0,0,0,1.02239568179542,0,0,0,0,0,0,0,0,0,0,0,0,0,0,0,0,0,0,0,0,0,0,0,0,0,0,0,0,0,0,0,0,0,0,0
2800,0,0.876539980272536,0,0.978530736118733,0,0,0,0,0,0,1.99865155693423,0,0,0,0,3.24428588824926,0,0,0,0,0.844048885129189,0,2.16433297211204,0,0,0.886581760591582,5.56346800774943,0,0,0,0,0,0,0,0,1.12182576823647,0,0,0.832811761267273,1.25385901189721,0.943096182561662,0,0,0,0,0,0.824063590163226,4.06593531102264,9.56362659097874,0,0.929302732550708,0,2.19357921731328,1.81734996169588
2804,0,0,0,0,0,0,0,0,0,0,0,0,0,0,0,0,0,0,0,0,0,0,0,0,0,0,0,0,0,0,0,0,0,0,0,0,0,0.785723567303718,0,0,0.943096182561662,0,0,0,0,0,0,0,0,0.651700149370734,0,0,0,0
2806,0,0,0,0,0,0,0,0,0,0,0,0,0,0,0,0,0,0,0,0,0,0,0,0,0,0,0,0,0,0,0,0,0,0,0,0,0,0,0,0,0,0,0,0,0,0,0,0,0,0,0,0,0,0
2807,0,0,0,0,0,0,0,0,0,0,0,0,0,0,0,0,0,0,0,0,0,0,0,0,0,0,0,0,0,0,0,0,0,0,0,0,0,0,0,0,0,0,0,0,0,0,0,0,0,0,0,0,0,0
2809,0,0,0,0,0,0,0,0,0,0,0,0,0,0,0,0,0,0,0,0,0.844048885129189,0,0,0,0,0,0,0,0,0,0,0,0,0,0,0,0,0,0,0,0,0,0,0,0,0,0,0,0,0,0,0,0,0
2812,0,0,0,0,0,0,0,0,0,0,0,0,0,0,0,0,0,0,0,0,0,0,0,0,0,0,0,0,0,0,0,0,0,0,0,0,0,0,0,0,0,0,0,0,0,0,0,0,0,0,0,0,0,0
2813,0,0,0,0,0,0,0,0,0,0,0,0,0,0,0,0,0,0,0,0,0,0,0,0,0,0,0,0,0,0,0,0,0,0,0,0,0,0,0,0,0,0,0,0,0,0,0,0,0,0,0,0,0,0
2814,0,0,0,0,0,0,0,0,0,0,0,0.663015201117883,0,0,0,0,0,0,0,0,0,0,0,0,0,0,0,0,0,0,0,0,0,0,0,0,0,0,0,0,0,0,0,0,0,0,0,0,0,0,0,0,1.09678960865664,0
2815,0,0,0,0,0,0,0,0,0,0,0,0,0,0,0,0,0,0,0,0,0,0,0,0,0,0,0,0,0.942897354152491,0,0,0,0,0,0,0,0,0,0,0,0,0,0,0,0,0,0,0,0,0,0,0,0,0
2817,0,0,0,0,0,0,0,0,0,0,0,0,2.81182058009628,0,1.09960085430456,0,0,0,3.06718704538627,0,0.844048885129189,0,0,0,0,0.886581760591582,0,0,0,0,0,0,0,0,0,0,0,0,0,2.50771802379443,0.943096182561662,0,0,0.93533206579746,0,0,0,0,0,0,0,1.47506723578603,0,0
2819,0,0,0,0,0,0,0,0,0,0,0,0,0.937273526698761,0,0,0,0,0,0,0,0,0,0,0,0,0,0,0,0,0,2.15406553226468,0,0,0,0,0,0,0,0,0,0,0,0,0,0,0,0,0,0,0,0,0,0,0
2820,0,0,0,0,0,0,0,0,0,0,0,0,0,0,0,0,0,0,0,0,0,0,0,0,0,0,0,0,0,0,0,0,0,0,0,0,0,0,0,0,0,0,0,0,0,0,0,0,0,0,0,0,0,0
2821,0,0,0,0,0,0,0,0,0,0,0,0,0,0,0,0,0,0,0,0,0,0,0,0,0,0,0,0,0,0,0,0,0,0,0,0,0,0,0,0,0,0,0,0,0,0,0,0,0,0,0,0,0,0
2822,0,0,0,0,0,0,0,0,0,0,0,0,0,0,0,0,0,0,0,0,0,0,0,0,2.16680148919672,0,0,1.1513605585278,0,0,0,0,0,0,0,0,0,0,0,0,0,0,0,0,0,0,0,0,0,0,0,0,0,0
2823,0,0,0,0,0,0,0,0,0,0,0,0,0.937273526698761,0,0,0,0,0,0,0,0,0,0,0,0,0,0,1.1513605585278,0.942897354152491,0,0,0,0,0,0,0,0,0,0,0,0,0,0,0,0,0,0,0,0,0,0,0,0,0
2824,0,0,0,0,0,0,0,0,0,0,0,0,0,0,0,0,2.23220757565714,0,0,0,0,0,0,0,0,0,0,0,0,0,0,0,0,0,0,0,0,0,0,0,0,0,0,0,0,0,0,0,0,0,0,0,0,0
2825,0,0,0,0,0,0,0,0,0,0,0,0,0,0,0,0,0,0,0,0,0,0,0,0,0,0,0,0,0,0,0,0,0,0,0,0,0,0,0,0,0,0,0,0,0,0,0,0,0,0,0,0,0,0
2826,0,0,0,0,0,0,0,0,0,0,0,0,0,0,0,0,0,0,0,0,0,0,0,0,0,0,0,0,0,0,0,0,0,0,0,0,0,0,0,0,0,0,0,0,0,0,0,0,0,0,0,0,0,0
2827,0,0,0,0,0,0,0,0,0,0,0,0,0,0,0,0,0,0,0,0,0,0,0,0,0,0,0,0,0,0,0,0,0,0,0,0,0,0,0,0,0,0,0,0,0,0,0,0,0,0,0,0,0,0
2828,0,0,0,0,0,0,0,0,0,0,0,0,0,0,0,0,0,0,0,0,0,0,0,0,0,0,0,0,0,0,0,0,0,0,0,0,0,0,0,0,0,0,0,0,0,0,0,0,0,0,0,0,0,0
2829,0,0,0,0,0,0,0,5.11204725690373,0,0,0.999325778467116,0,0,1.21088559634316,1.09960085430456,0,0,0,0,0,0,0,1.08216648605602,0,1.08340074459836,0,0.927244667958238,0,0,0,1.07703276613234,0,0,0.819310587695601,0,0,0,0,0,5.01543604758885,0.943096182561662,0,2.45128158122089,0.93533206579746,1.56209250666957,0,0,2.43956118661358,0,0.651700149370734,0.929302732550708,0,0,4.54337490423969
2830,0,0,0,0,0,0,0,0,0,0,0,0,0,0,0,0,1.11610378782857,0,0,0,0,0,0,0,0,0,0,0,0,0,0,0,0,0,0,0,0,0,0,0,0,0,0,0,0,0,0.824063590163226,0,0,0,0,0,0,0
2832,0,0,0,0,0,0,0,0,0,0,0,0,0,0,0,0,0,0,0,0,0,0,0,0,0,0,0,0,0,0,0,0,0,0,0,0,0,0,0,0,0,0,0,0,0,0,0,0,0,0,0,0,0,0
2836,9.03309295076332,4.38269990136268,8.34455084888141,1.95706147223747,0,3.59998199575491,0,3.06722835414224,6.37190955269683,7.21732897853927,0,0,0.937273526698761,2.42177119268632,6.59760512582734,3.24428588824926,1.11610378782857,3.80526742823203,1.02239568179542,0,0,10.3070786942743,2.16433297211204,0,1.08340074459836,4.43290880295791,0,0,0.942897354152491,0,6.46219659679403,1.43407603414644,0,2.4579317630868,0.989404235784912,0,0,0,0.832811761267273,2.50771802379443,0,0,1.22564079061044,0,0,0,0.824063590163226,4.87912237322717,0,2.60680059748294,0,0,0,0
2837,0,0,0,0,0,0,0,0,0,0,0,0,0,2.42177119268632,0,0,0,0.951316857058008,0,0,0,1.03070786942743,0,0,0,0,0,0,0,0,0,0,0,0,0,0,0,0,0,0,0,0,0,0,0,0,0,2.43956118661358,0,0,0,0,0,0
2839,0,0,0,0,0,0,0,0,0,0,0,0,0,0,0,0,0,0,0,0,0,0,0,0,0,0,0,0,0,0,0,0,0,0,0,0,0,0,0,0,0,0,0,0,0,0,0,0,0,0,0,0,0,0
2841,2.709927885229,1.75307996054507,2.08613771222035,0.978530736118733,0,0.899995498938728,0,0,1.82054558648481,0.902166122317409,0,0,0,0,3.29880256291367,3.24428588824926,1.11610378782857,0,0,0,0,0,2.16433297211204,1.22802413238947,0,0,0,1.1513605585278,3.77158941660996,1.05463621574846,0,0,0.961078869798163,0,0.989404235784912,3.36547730470942,0,0.785723567303718,0.832811761267273,0,0,0.972523513890737,2.45128158122089,0,0,0,1.64812718032645,2.43956118661358,0.796968882581562,0,0.929302732550708,0,0,0
2844,0,0,0,0,0,0,0,0,0,0,0,0,0,0,0,0,0,0,0,0,0,0,0,0,0,0,0,0,0,0,0,0,0,0,0,0,0,0,0,0,0,0,0,0,0,0,0,0,0,0,0,0,0,0
2845,0,0,0,0,0,0,0,0,0,0,0,0,0,0,0,0,0,0,0,0,0,0,0,0,0,0,0,0,0,0,0,0,0,0,0,0,0,0,0,0,0,0,0,0,0,0,0,0,0,0,0,0,0,0
2846,0,0,0,0,0,0,0,0,0,0,0,0,0,0,0,0,0,0,0,0,0,0,0,0,0,0,0,0,0,0,0,0,0,0,0,0,0,0,0,0,0,0,0,0,0,0,0,0,0,0,0,0,0,0
2847,0,0,0,0,0,0,0,0,0,0,0.999325778467116,0,0,0,0,0,0,0,0,0,0,0,0,0,0,0,0,0,0,0,0,0,0,0,0,0,0,0,0,0,0,0,0,0,0,0,0,0,0,0,0,0,0,0
2848,0,0,0,0,0,0,0,0,0,0,0,0.663015201117883,0,0,0,0,0,0,0,0,0,0,0,0,0,0,0,0,0,0,0,0,0,0,0,0,0,0,0,0,0,0,0,0,0,0,0,0,0,0,0,0,0,0
2849,0,0,0,0,0,0,0,0,0,0,0,0,0,0,0,0,0,0,0,0,0,0,0,0,0,0,0,0,0,0,0,0,0,0,0,0,0,0,0,0,0,0,0,0,0,0,0,0,0,0,0,0,0,0
2850,0,0,0,0,0,0,0,0,0,0,0,0,0,0,0,0,0,0,0,0,0,0,0,0,0,0,0,0,0,0,0,0,0,0,0,0,0,0,0,0,0,0,0,0,0,0,0,0,0,0,0,0,0,0
2852,2.709927885229,0.876539980272536,1.04306885611018,2.9355922083562,0,1.79999099787746,0.907096792539785,0,0,0,0,0,0.937273526698761,0,0,0,0,2.85395057117402,1.02239568179542,1.91742088738801,0,0,9.7394983745042,1.22802413238947,1.08340074459836,0.886581760591582,1.85448933591648,0,1.88579470830498,0,5.38516383066169,0,1.92215773959633,3.2772423507824,2.96821270735474,0,3.65593975431338,0,0.832811761267273,0,0,0,12.2564079061044,8.41798859217714,10.934647546687,6.42083832939711,4.12031795081613,8.13187062204527,5.57878217807093,0,3.71721093020283,0,6.58073765193985,8.17807482763145
2855,0,0,0,0,0,0,0,0,0,0,0,0,0,0,0,0,0,0.951316857058008,0,0,0,0,0,0,0,0,0,0,0,0,0,0,0,0,0,0,0,0,0,0,0,0,0,0,0,0,0,0,0,0,0,0,0,0
2856,0,0,0,0,0,0,0,0,0,0,0,2.65206080447153,0,0,0,0,0,0,0,0,0,0,0,0,0,0,0,0,0,0,0,0,0,0,0,0,0,0,0,0,0,0,0,0,0,0,0,0,0,0,0,0,0,0
2858,0,0,0,0,0,0,0,0,0,0,0,0,0,0,0,0,0,0,0,0,0,0,0,0,0,0,0,0,0,0,0,0,0,0,0,0,0,0,0,0,0,0,0,0,0,0,0,0,0,0,0,0,0,0
2860,0,0,0,0,0,0,0,0,0,0,0,0,0,0,0,0,0,0,0,0,0,0,0,0,0,0,0,0,0,0,0,0,0,0,0,0,0,0,0,0,0,0,0,0,0,0,0,0,0,0,0,0,0,0
2862,0,0,0,0,0,0,0,0,0,0.902166122317409,0,0,0,0,0,0,0,0,0,0,0,0,0,0,0,0,0,0,0,0,0,0,1.92215773959633,0,0,0,0,0,0.832811761267273,0,0.943096182561662,0,0,0,0,0,0,0.813187062204528,0,0,0,0,0,0
2863,0,0,0,0,0,0,0,0,0,0,0,0,0,0,0,0,0,0,0,0,0,0,0,0,0,0,0,0,0,0,1.07703276613234,0,0,0,0,0,0,0,0,0,0,0,0,0,0,0,0,0,0,0,0,0,0,0
2864,0,0,0,0,0,0,0,0,0,0,0,0,0,0,0,0,0,0,0,0,0,0,0,0,0,0,0,0,0,0,0,0,0,0,0,0,0,0,0,0,0,0,0,0,0,0,0,0,0,0,0,0,0,0
2865,0,0,0,1.95706147223747,0,0,0.907096792539785,0,0,0.902166122317409,0,0,0,0,0,0,0,0,0,0.958710443694007,0,0,0,0,0,0.886581760591582,0,0,0,0,0,0,0,0,0,0,0,0,0,0,0,0,0,0,0,0,0,0,0,0,0,0,0,0
2866,0,0,0,0,0,0,0,0,0,0,0,0,0,0,0,0,0,0,0,0,0,0,0,0,0,0,0,0,0,0,0,0,0,0,0,0,0,0,0,0,0,0,0,0,0,0,0,0,0,0,0,0,0,0
2867,0,0,0,0,0,0,0,0,0,0,0.999325778467116,0,0.937273526698761,0,0,0,1.11610378782857,0,0,0,0,0,0,0,0,0,0,0,0,0,0,0,0.961078869798163,0,0,0,0,0,0.832811761267273,0,0,0,2.45128158122089,1.87066413159492,0,0,0,0,0,0,0,0,0,0
2869,5.41985577045799,0,0,0,5.29488527835298,0.899995498938728,1.81419358507957,0,0,1.80433224463482,0,0,0,2.42177119268632,0,1.08142862941642,2.23220757565714,0,1.02239568179542,0,0,3.09212360828228,0,0,0,0,0,0,0,2.10927243149693,0,0,0,0,0.989404235784912,0,3.65593975431338,0.785723567303718,0,1.25385901189721,0,0.972523513890737,7.35384474366266,4.6766603289873,0,5.35069860783092,0,0.813187062204528,2.39090664774469,0,0,1.47506723578603,0,0.908674980847939
2871,0,0,0,0,0,0,0,0,0,0,0,0,0,0,0,0,0,0,0,0,0,0,1.08216648605602,0,0,0,0,0,0.942897354152491,0,0,0,0,0,0,0,0,0,0,0,0,0,0,0,0,0,0,0,0,0,0,0,0,0
2872,0,0,0,0,0,0,0,0,0,0,0,0,0,0,0,0,0,0,0,0,0,0,0,0,0,0,0,0,0,0,0,0,0,0,0,0,0,0,0,0,0,0,0,0,0,0,0,0,0,0,0,0,0,0
2873,0,0,0,0,0,0,0,0,0,0,0,0,0,0,0,0,0,0,0,0,0,0,0,0,0,0,0,0,0,0,0,0,0,0,0,0,0,0,0,0,0,0,0,0,0,0,0,0,0,0,0,0,0,0
2875,0,0,0,0,0,0,0,0,0,0,0,0,0,0,0,0,0,0,0,0,0,0,0,0,0,0,0,0,0,0,0,0,0,0,0,0,0,0,0,0,0,0,0,0,0,0,0,0,0,0,0,0,0,0
2876,0,0,0,0,0,0,0,0,0,0,0,0,0,0,0,0,0,0,0,0,0,0,0,0,0,0,0,0,0,0,0,0,0,0,0,0,0,0,0,0,0,0,0,0,0,0,0,0,2.39090664774469,0,0,0,0,0.908674980847939
2878,0,0,0,0,0,0,0,0,0,0,0,0,0,0,0,0,0,0,0,0,0,0,0,0,0,0,0,0,0,0,0,0,0,0,0,0,0,0,0,0,0,0,0,0,0,0,0,0,0,0,0,0,0,0
2879,0,0,0,0,0,0,0.907096792539785,0,0,0,0,0,0,0,0,0,0,0,0,0,0,0,3.24649945816807,0,0,0,0,0,0,0,0,1.43407603414644,0,0,0,0,0,0.785723567303718,0,0,0,0,0,0,0,1.07013972156618,0.824063590163226,1.62637412440906,0.796968882581562,0,1.85860546510142,0,0,0.908674980847939
2885,0.903309295076332,0,1.04306885611018,0,4.23590822268238,0,0,0,0,0,0,0,0.937273526698761,0,0,3.24428588824926,0,0.951316857058008,2.04479136359084,0,0,0,0,1.22802413238947,0,0,0.927244667958238,0,0,0,0,0,0,0,0,1.12182576823647,1.21864658477113,0,0.832811761267273,0,0.943096182561662,0,0,0,1.56209250666957,0,0.824063590163226,0,0,0.651700149370734,0,5.90026894314411,0,0
2886,0,0,0,0,0,0,0,0,0,0,0,0,0,0,0,0,0,0,0,0,0,0,0,0,0,0,0,0,0,0,0,0,0,0,0,0,0,0,0,0,0,0,0,0,0,0,0,0,0,0,0,0,0,0
2890,0,0,0,0,0,0,0,0,0,0,0,0,0,0,0,0,0,0,0,0,0,0,0,0,0,0,0,0,0,0,0,0,0,0,0,0,0,0,0,0,0,0,0,0,0,0,0,0,0,0,0,0,0,0
2891,3.61323718030533,0,1.04306885611018,0,3.17693116701179,0.899995498938728,0,0,1.82054558648481,0,3.99730311386846,0,1.87454705339752,0,0,0,0,1.90263371411602,0,0,0,0,0,0,0,0,0,0,0.942897354152491,0,4.30813106452935,1.43407603414644,0.961078869798163,0,0,2.24365153647295,1.21864658477113,0,0,2.50771802379443,0,1.94504702778147,1.22564079061044,1.87066413159492,0,0,0.824063590163226,0.813187062204528,0.796968882581562,0,0,0,2.19357921731328,0
2895,0,0,0,0,0,0,0,0,0,0,0,0,0,0,0,0,0,0,0,0,0,0,0,0,0,0,0,0,0,0,0,0,0,0,0,0,0,0,0,0,0,0,0,0,0,0,0,0,0,0,0,0,0,0
2897,0,0,0,0,0,0,0,0,0,0,0,0,1.87454705339752,0,0,0,0,0,0,0,0,0,0,0,1.08340074459836,0,0.927244667958238,0,0,0,0,0,0,0,0,0,0,0,0,0,0,0,0,0,0,0,0,0,0,1.30340029874147,0,0,0,0
2898,0,0,0,0,0,0,0,0,0,0,0,0,0,0,0,0,0,0,0,0,0,0,0,0,0,0,0,0,0,0,0,0,0,0.819310587695601,0,0,0,0,0,0,0,0,0,0,0,0,0,0.813187062204528,0,0,0,0,0,0
2899,0,0,0,1.95706147223747,0,0,0.907096792539785,0,0,0,0,0,0,0,0,0,0,0,0,0,0,0,0,0,0,0,2.78173400387471,1.1513605585278,0,0,0,0,0,0,0,2.24365153647295,0,0,0,0,0.943096182561662,0,0,0,0,0,0,0,0,0,0,0,0,0
2900,0,0,0,0,0,0,0,0,0.910272793242405,0,0,0,0,0,0,0,0,0,0,0,0,0,0,0,0,0,0,0,0,0,0,0,0,0,0,0,0,0,0,0,0,0,0,0,0,0,0,0,0,0,0,0,0,0
2902,0,0,0,0,1.0589770556706,0,0,0,0,0,0.999325778467116,0,0,0,0,0,0,0,0,0,0,0,0,0,0,0,0,0,0,0,0,0,0,0,0,0,0,0,0,0,0,0,0,0,0,0,0,0,0,0,0,0,0,0
2903,0,0,0,0,0,0,0,0,0,0.902166122317409,0,0,0,0,0,0,0,0,0,0,0,0,0,0,0,0,0,0,0,0,0,0,0,0,0,0,0,0,0,0,0,0,0,0,0,0,0,0,0,0,0,0,0,0
2907,0,0,0,0,0,0,0,0,0,0,0,0,0,0,0,0,0,0,0,0,0,0,0,0,0,0,0,0,0,0,0,0,0,0,0,0,0,0,0,0,0,0,0,0,0,0,0,0,0,0,0,0,0,0
2909,514.886298193509,312.924772957295,265.982558308095,371.841679725119,142.96190251553,277.198613673128,197.747100773673,184.033701248534,520.676037734656,423.115911366865,1204.18756305288,257.249898033739,555.803201332365,402.014017985928,578.390049364196,513.678598972799,366.082042407771,182.652836555137,401.801502945601,206.122745394211,230.425345640268,194.803787321784,608.177565163484,251.744947139841,143.008898286983,199.480896133106,320.82665511355,377.646263197117,250.810696204563,878.511967718471,399.579156235098,216.545481156112,211.437351355596,289.216637456547,136.537784538318,210.903244428457,403.372019559243,233.359899489204,323.130963371702,1574.8469189429,415.905416509693,380.256693931278,764.799853340916,507.885311728021,1474.61532629608,490.123992477313,375.772997114431,1214.90147093356,557.878217807093,314.771172146064,353.135038369269,904.216215536835,683.299926193088,846.885082150279
2910,3.61323718030533,0.876539980272536,0,0.978530736118733,2.11795411134119,4.49997749469364,0,0,0,0,1.99865155693423,1.32603040223577,1.87454705339752,6.05442798171579,3.29880256291367,4.32571451766568,0,0,1.02239568179542,0,1.68809777025838,1.03070786942743,3.24649945816807,4.91209652955787,0,0.886581760591582,4.63622333979119,0,0,2.10927243149693,3.23109829839702,4.30222810243932,0,0,0,3.36547730470942,2.43729316954225,0,0,22.5694622141498,3.77238473024665,3.89009405556295,8.5794855342731,3.74132826318984,9.37255504001745,2.14027944313237,6.59250872130581,21.9560506795222,5.57878217807093,1.30340029874147,0,7.37533617893014,0,2.72602494254382
2912,0,0,0,0,0,0,0,0,0,0,0,0,0,0,0,0,0,0,0,0,0,0,0,0,0,0,0,0,0,0,0,0,0,0,0,0,0,0,0,0,0,0,0,0,0,0,0,0,0,0,0,0,0,0
2914,0,0.876539980272536,6.25841313666105,0.978530736118733,2.11795411134119,0,0.907096792539785,0,0,0.902166122317409,3.99730311386846,0,4.68636763349381,2.42177119268632,0,3.24428588824926,0,0,2.04479136359084,1.91742088738801,0.844048885129189,0,0,1.22802413238947,0,0,2.78173400387471,2.30272111705559,0,2.10927243149693,1.07703276613234,2.86815206829288,0,1.6386211753912,0,0,0,0,0,0,0.943096182561662,0,0,0.93533206579746,0,0,0.824063590163226,0,0,7.8204017924488,0,7.37533617893014,0,0
2916,0.903309295076332,0,0,0,0,0,0,0,0,0.902166122317409,0,0.663015201117883,0,0,0,0,0,0,0,0,0,0,0,0,0,0,0.927244667958238,0,0,1.05463621574846,0,0,0,0.819310587695601,0,0,0,0,0,0,0,0,0,0,0,0,0.824063590163226,0,0,0,0,0,0,0
2917,0,0,0,0,0,0,0,0,0.910272793242405,0,0,0.663015201117883,0,0,0,0,1.11610378782857,0,1.02239568179542,0,0,0,0,0,0,0,0.927244667958238,0,0.942897354152491,0,0,0,0,0,0,0,0,0,0,0,0,0,0,0,0,0,0,0.813187062204528,0,0,0,0,0,0
2921,0,2.62961994081761,0,0.978530736118733,0,0.899995498938728,0,0,0,0.902166122317409,0,0,2.81182058009628,2.42177119268632,0,0,4.46441515131428,0.951316857058008,0,0,1.68809777025838,0,0,0,0,0,1.85448933591648,0,0,0,0,1.43407603414644,0,0,0,2.24365153647295,0,0.785723567303718,0,0,0,0,0,0,1.56209250666957,3.21041916469855,0,0,0,0,0,0,0,0
2924,1.80661859015266,1.75307996054507,0,2.9355922083562,0,0,0,0,0,0,0,0,0,0,0,0,0,0,0,0,0,0,0,0,0,0,0,0,0,0,1.07703276613234,1.43407603414644,1.92215773959633,0,0,0,0,0,0,0,0.943096182561662,0,0,0,1.56209250666957,0,0,0,0,0,0,0,0,0
2926,0.903309295076332,0,1.04306885611018,0,0,0,0,0,0,0,0,0,0,0,0,0,0,0,0,0,0,0,0,0,0,0,0,0,1.88579470830498,0,0,0,0,0,0,0,0,0,0,0,0.943096182561662,0,0,0,0,2.14027944313237,0,0,0,0,0,0,0,0
2930,0,0.876539980272536,0,0,0,0,0,0,0,0,0,0,0,0,0,0,1.11610378782857,0,0,0,0,0,0,0,0,0,0,0,0,0,0,0,0,0,0,0,0,0,0,0,0,0,0,0,0,0,0,0,0,0,0,0,0,0
2932,0,0,0,0,0,0,0,0,0,0,0,0,0,0,0,0,0,0,0,0,0,0,0,0,0,0,0,0,0,0,0,0,0,0,0,0,0,0,0,0,0,0,0,0,0,0,0,0,0,0,0,0,0,0
2933,0,0,0,0,0,0,0,0,0,0,0,0,0,0,0,0,0,0,0,0,0,0,0,0,0,0,0,0,0,0,0,0,0,0,0,0,0,0,0,0,0,0,0,0,0,0,0,0,0,0,0,0,0,0
2934,0,0,0,0,0,0,0,0,0,0,0,0,0,0,0,0,0,0,0,0,0,0,0,0,0,0,0,0,0,0,0,0,0,0,0,0,0,0,0,0,0,0,0,0,0,0,0,0,0,0,0,0,0,0
2937,0,0,0,0,0,0,0,0,0,0,0,0,0.937273526698761,0,0,0,0,0,0,0,0,0,0,0,0,0,0,0,0,0,0,0,0,0,0,0,0,0,1.66562352253455,0,0,0,0,0,1.56209250666957,0,0,0,0.796968882581562,0,0,0,0,0
2938,0,0,0,0,0,0,0,0,0,0,0,0,0,0,0,0,0,0,0,0,0,0,0,0,0,0,0.927244667958238,0,0,0,0,0,0,0,0,0,0,0,0,0,4.71548091280831,0,0,0,0,0,0,0,0,0,0,0,0,0
2939,0,0,0,0,0,0,0,0,0,0,0,0,0,0,0,0,0,0,0,0,0,0,0,0,0,0,0,0,0,0,0,0,0,0,0,0,0,0,0,0,0,0,0,0,0,0,0,0,0,0,0,0,0,0
2940,0,1.75307996054507,0,0,0,0,0,0,0,0,0,0,0,0,2.19920170860911,0,0,0,1.02239568179542,0,0,0,0,0,0,0,0,1.1513605585278,0,1.05463621574846,0,0,0,0.819310587695601,0,0,0,0,0,0,0,0,0,0,0,0,0,0,0,0,0,0,0,0
2941,0,0,0,0,0,0,0,0,0,0,0,0,0,0,0,0,0,0,0,0,0,0,0,0,0,0,0,0,0,0,0,0,0,0,0,0,0,0,0,0,0,0,0,0,0,0,0,0,0,0,0,0,0,0
2946,0,0,0,0,0,0,0,0,0,0,0,0,0,0,0,0,0,0,0,0,0,0,0,0,0,0,0,0,0,0,0,0,0,0,0,0,0,0,0,0,0,0,0,0,0,0,0,0,0,0,0,0,0,0
2948,0,0,0,0,0,1.79999099787746,0,0,0,0,0,1.32603040223577,0,0,1.09960085430456,1.08142862941642,0,0,0,0,0.844048885129189,0,0,0,0,0,0.927244667958238,0,0,0,0,0,0,0,0,0,0,0.785723567303718,0,0,0,0,0,0,0,1.07013972156618,0,0,0.796968882581562,0,0,0,0,0.908674980847939
2952,0,0,0,0,0,0,0,0,0,0,0,1.32603040223577,0,0,3.29880256291367,0,0,0,0,0,0,0,0,0,0,0,0,0,1.88579470830498,0,1.07703276613234,0,0,0,0,0,0,0.785723567303718,0,0,0,0.972523513890737,0,0,0,0,0,0,0,0,0.929302732550708,0,0,1.81734996169588
2953,1.80661859015266,3.50615992109015,4.1722754244407,0.978530736118733,5.29488527835298,6.2999684925711,2.72129037761935,0,0.910272793242405,3.60866448926964,1.99865155693423,1.98904560335365,7.49818821359009,0,12.0956093973501,17.3028580706627,4.46441515131428,4.75658428529004,2.04479136359084,8.62839399324606,5.06429331077513,6.18424721656456,1.08216648605602,12.2802413238947,0,7.97923584532424,1.85448933591648,4.60544223411119,0.942897354152491,0,1.07703276613234,0,3.84431547919265,2.4579317630868,1.97880847156982,4.48730307294589,4.87458633908451,4.71434140382231,3.33124704506909,0,2.82928854768498,2.91757054167221,0,0,1.56209250666957,4.28055888626474,2.47219077048968,0,1.59393776516312,1.30340029874147,6.50511912785496,1.47506723578603,1.09678960865664,2.72602494254382
2955,2.709927885229,3.50615992109015,1.04306885611018,2.9355922083562,0,5.39997299363237,0,4.08963780552298,9.10272793242405,7.21732897853927,0.999325778467116,4.64110640782518,11.2472823203851,1.21088559634316,4.39840341721822,2.16285725883284,2.23220757565714,10.4644854276381,2.04479136359084,8.62839399324606,11.8166843918086,10.3070786942743,18.3968302629524,0,5.4170037229918,8.86581760591582,1.85448933591648,12.6649661438058,1.88579470830498,5.27318107874232,4.30813106452935,4.30222810243932,8.64970982818347,3.2772423507824,0.989404235784912,3.36547730470942,3.65593975431338,2.35717070191115,1.66562352253455,2.50771802379443,2.82928854768498,2.91757054167221,0,0,3.12418501333915,1.07013972156618,1.64812718032645,6.50549649763622,3.98484441290781,1.30340029874147,2.78790819765212,4.42520170735808,6.58073765193985,3.63469992339175
2957,0,0,0,0,0,0,0,0,0,0,0,0,0,0,0,0,0,0,1.02239568179542,0,0,0,0,0,0,0,0,1.1513605585278,0,0,0,0,0,0,0,1.12182576823647,0,0,0,0,0,0,0,0,0,0,0,0,0,0,0,0,0,0
2959,0,0,0,0,0,0,0,0,0.910272793242405,0,0,0,0,0,0,0,1.11610378782857,0,0,0,0,0,0,0,0,0,0.927244667958238,0,0,0,0,0,0,0,0,0,0,0,0,0,0,0,0,0,0,0,0,0,0,0,0,0,0,0
2962,0,0,0,0,0,0,0,0,0,0,0,0,0,0,0,0,0,0,0,0,0,0,0,0,0,0,0,0,0,0,0,0,0,0,0,0,0,0,0,0,0,0,0,0,0,0,0,0,0,0,0,0,0,0
2963,0,0,0,0,0,0,0,0,0,0,0,0,0,0,0,0,0,0,0,0,0,0,0,0,0,0,0,0,0,0,0,0,0,0,0,0,0,0,0,0,0,0,0,0,0,0,0,0,0,0,0,0,0,0
2964,0,0,0,0,0,0,0,0,0,0,0,0,0,0,0,0,0,0,1.02239568179542,0,0,0,0,0,0,0,0,0,0,0,0,0,0,0,0,0,0,0,0,0,0,0,0,0,0,0,0,0,0,0,0,0,0,0
2965,0,0,0,0,0,0,0,0,0,0,0,0,0,0,0,0,0,0,0,0,0,0,0,0,0,0,0.927244667958238,0,0,0,0,0,0,0,0,0,0,0,0,0,0,0,0,0,0,0,0,0,0,0,0,0,2.19357921731328,0
2966,0,0,0,0,0,0,0,0,0,0,0,0,0,0,0,0,0,0,0,0,0,0,0,0,0,0,1.85448933591648,0,0,0,0,1.43407603414644,0,0,0,0,0,0,0,0,0,0,0,0,0,0,0,0,0,0,0,1.47506723578603,0,0
2969,0,0,0,0,0,0,0,0,0,0,0,0,0,0,0,0,0,0,0,0,0,0,0,0,0,0,0,0,0,0,0,0,0,0,0,0,0,0,0,0,0,0,0,0,0,0,0,0,0,0,0,0,0,0
2970,0,0,0,0,0,0,0,0,0,0,0,0,0,0,0,0,0,0,0,0,0,0,0,0,0,0,0,0,0,0,0,0,0,0,0,0,0,0,0,0,0,0,0,0,0,0,0,0,0,0,0,0,0,0
2971,0,0,0,0,0,0,0,0,0,0,0,0,0,0,0,0,0,0,0,0,0,0,1.08216648605602,0,0,0,0,0,0,0,0,0,0,0,0,0,0,0,0,0,0,0,0,0,0,0,0,0,0,0,0.929302732550708,0,0,0
2972,0,0.876539980272536,0,0,0,0,0,0,0,0,0,0,0.937273526698761,0,0,1.08142862941642,2.23220757565714,0,0,0,0,0,0,1.22802413238947,1.08340074459836,0.886581760591582,0,0,0,0,0,1.43407603414644,0,0,0,1.12182576823647,0,0,0,0,0,0,0,0,0,0,0,0,0.796968882581562,0,0.929302732550708,4.42520170735808,1.09678960865664,0
2976,0,3.50615992109015,1.04306885611018,0,0,0,0,0,0.910272793242405,0,0.999325778467116,0,0,0,3.29880256291367,1.08142862941642,0,0,3.06718704538627,0,0.844048885129189,0,0,0,1.08340074459836,0,0.927244667958238,0,0,0,1.07703276613234,2.86815206829288,0,0,0,0,0,0.785723567303718,0,0,1.88619236512332,0,0,0,1.56209250666957,0,0,0,0,0,0.929302732550708,0,0,0
2977,0,0,0,0,0,0,0,0,0,0,0,0,0,0,0,0,0,0,0,0,0,0,0,0,0,0,0,0,0,0,0,0,0,0,0,0,0,0,0,0,0,0,0,0,0,0,0,0,0,0,0,0,0,0
2978,0,0,0,0,0,0,0,0,0,0,0,0,0,0,0,0,0,0,0,0,0,0,0,0,0,0,0,0,0,0,0,0,0,0,0,0,0,0,0,0,0,0,0,0,0,0,0,0,0,0,0,0,0,0
2981,11.7430208359923,1.75307996054507,3.12920656833053,4.89265368059366,3.17693116701179,1.79999099787746,1.81419358507957,6.13445670828447,2.73081837972721,3.60866448926964,7.99460622773693,3.31507600558942,19.682744060674,3.63265678902947,12.0956093973501,17.3028580706627,7.8127265148,3.80526742823203,7.15676977256795,1.91742088738801,3.37619554051675,2.06141573885485,3.24649945816807,13.5082654562841,7.58380521218852,9.75239936650741,5.56346800774943,6.90816335116678,10.3718708956774,4.21854486299386,7.53922936292637,7.1703801707322,3.84431547919265,9.83172705234721,7.91523388627929,6.73095460941884,8.53052609339789,0.785723567303718,8.32811761267273,7.52315407138328,7.54476946049329,10.6977586527981,9.80512632488354,13.0946489211644,1.56209250666957,5.35069860783092,14.0090810327748,9.75824474645433,3.98484441290781,5.8653013443366,3.71721093020283,0,1.09678960865664,3.63469992339175
2982,20.7761137867556,12.2715597238155,16.6891016977628,3.91412294447493,0,10.7999459872647,0.907096792539785,4.08963780552298,9.10272793242405,9.02166122317409,14.9898866770067,5.96713681006095,36.5536675412517,9.68708477074527,36.2868281920503,12.977143552997,10.0449340904571,10.4644854276381,13.2911438633405,16.2980775427981,5.90834219590432,11.3377865637017,14.0681643187283,14.7362895886736,18.4178126581721,14.1853081694653,5.56346800774943,20.7244900535004,7.54317883321993,17.9288156677239,28.0028519194408,1.43407603414644,24.9880506147522,19.6634541046944,4.94702117892456,7.85278037765532,19.498345356338,11.7858535095558,6.66249409013819,12.5385901189721,11.3171541907399,10.6977586527981,4.90256316244177,14.0299809869619,17.1830175733653,14.9819561019266,23.0737805245703,12.1978059330679,10.3605954735603,9.12380209119027,10.2223300580578,17.7008068294323,5.48394804328321,17.2648246361108
2983,0,0,0,0,0,0,0,1.02240945138075,0.910272793242405,0,0,0,0,0,0,0,0,0,1.02239568179542,0,0,0,2.16433297211204,0,1.08340074459836,0,0,0,0.942897354152491,1.05463621574846,0,0,0,0,0,0,0,0,0,0,0,0,0,0,0,0,0,0,0.796968882581562,0,0,0,1.09678960865664,0
2984,29.809206737519,34.1850592306289,56.3257182299495,26.4203298752058,16.9436328907295,40.4997974522428,11.7922583030172,25.5602362845186,35.5006389364538,34.2823126480616,21.9851671262766,23.2055320391259,18.7454705339752,23.00682633052,34.0876264834412,34.6057161413254,24.5542833322286,29.4908225687982,27.6046834084764,22.0503402049622,46.4226886821054,53.5968092102262,16.2324972908403,24.5604826477893,9.75060670138524,35.4632704236633,7.41795734366591,11.513605585278,32.0585100411847,33.7483589039509,18.3095570242498,11.4726082731715,35.559918182532,40.1462187970844,23.7457016588379,3.36547730470942,19.498345356338,29.0717719902376,26.6499763605527,12.5385901189721,25.4635969291649,10.6977586527981,26.9640973934297,13.0946489211644,18.7451100800349,21.4027944313237,16.4812718032645,16.2637412440905,16.7363465342128,29.9782068710538,13.9395409882606,25.0761430083625,5.48394804328321,38.1643491956134
2985,0,0,0,0,0,0,0,0,0,0,0.999325778467116,0.663015201117883,0,0,0,1.08142862941642,1.11610378782857,0,1.02239568179542,0,0.844048885129189,0,0,0,0,0,0,0,0,0,0,0,0,1.6386211753912,0,1.12182576823647,0,1.57144713460744,0.832811761267273,0,0.943096182561662,0,0,0,1.56209250666957,0,0,0,1.59393776516312,0.651700149370734,0,0,2.19357921731328,0
2986,0.903309295076332,0.876539980272536,0,0.978530736118733,0,0,0,2.04481890276149,3.64109117296962,0,0.999325778467116,0.663015201117883,3.74909410679505,1.21088559634316,2.19920170860911,4.32571451766568,0,0,0,5.75226266216404,1.68809777025838,0,0,0,0,0.886581760591582,0,0,0,0,0,0,0.961078869798163,2.4579317630868,0,1.12182576823647,1.21864658477113,0,0,0,0,0,0,0,0,2.14027944313237,0,0.813187062204528,0,3.25850074685367,0,2.95013447157206,0,1.81734996169588
2989,0,0.876539980272536,0,0,0,0,0,0,0.910272793242405,0,3.99730311386846,0,0,0,0,1.08142862941642,0,0,1.02239568179542,0,0,0,0,0,0,0,0,0,0,0,0,0,0.961078869798163,0,0,2.24365153647295,0,0,0,1.25385901189721,0,0,0,0,0,0,0,0,0,0,0,2.95013447157206,0,1.81734996169588
2991,0,0,0,0,0,0,0,0,0,0,0,0,0,0,0,0,0,0,0,0,0,0,0,0,0,0,0,0,0.942897354152491,0,0,0,0,0,0,0,0,0,0,0,0,0,0,0,0,0,0,0,0,0,0,0,0,0
2993,0,0,0,0,0,0,0,0,0,0,0,0,0,0,0,0,0,0,0,0,0,0,0,0,0,0,0,0,0,0,0,0,0,0,0,0,0,0,0,0,0,0,0,0,0,0,0.824063590163226,0,0,0,0,0,0,0
2997,0,2.62961994081761,0,0,0,0,0,0,0,0,0,0,0,0,0,0,0,0,0,0,0,0,0,0,1.08340074459836,0,0,0,0,0,0,0,0,0,0,0,0,0,0,0,0,0,0,0,0,0,0,0,0,0,0,0,0,0
2998,19.8728044916793,9.6419397829979,6.25841313666105,5.8711844167124,6.35386233402358,8.99995498938728,9.07096792539785,6.13445670828447,16.3849102783633,15.336824079396,4.99662889233558,5.30412160894306,3.74909410679505,0,12.0956093973501,3.24428588824926,1.11610378782857,2.85395057117402,4.08958272718169,6.71097310585805,5.90834219590432,11.3377865637017,8.65733188844818,11.0522171915052,2.16680148919672,10.638981127099,1.85448933591648,8.05952390969458,8.48607618737242,8.43708972598772,4.30813106452935,0,9.61078869798163,9.83172705234721,6.92582965049438,4.48730307294589,7.31187950862676,4.71434140382231,5.82968232887091,11.2847311070749,4.71548091280831,1.94504702778147,6.12820395305221,4.6766603289873,9.37255504001745,7.49097805096329,11.5368902622852,5.69230943543169,8.76665770839718,3.25850074685367,13.9395409882606,1.47506723578603,6.58073765193985,9.08674980847939
3002,0,0,0,0,0,0,0,0,0,0,0,0,0,0,0,0,0,0,0,0,0,0,0,0,0,0,0,0,0,0,0,0,0,0,0,0,0,0,0,0,0,0.972523513890737,0,0,0,0,0,0,0,0,0,0,0,0
3003,0,0,0,0,0,0,0,0,0,0,0,0,0,0,0,0,0,0,0,0,0,0,0,0,0,0,0,0,0,0,0,0,0,0,0,0,0,0,0,0,0,0,0,0,0,0,0,0,0,0,0,0,0,0
3004,0,0,0,0,0,0,0,0,0,0,0,0,0,0,0,0,0,0,0,0,0,0,0,0,0,0,0,0,0,0,0,0,0,0,0,0,0,0,0,0,0,0,0,0,0,0,0,0,0,0,0,0,0,0
3005,0,1.75307996054507,0,0.978530736118733,0,1.79999099787746,0,0,0,0,0,0,0,0,0,0,0,0,0,0,0.844048885129189,0,0,0,0,0,0,1.1513605585278,0,0,0,0,0,0,0,0,0,0,0,0,0,0,0,0,0,1.07013972156618,0,0,0,0,0,0,0,0
3016,6.32316506553433,0.876539980272536,2.08613771222035,0.978530736118733,1.0589770556706,0.899995498938728,0,2.04481890276149,2.73081837972721,3.60866448926964,1.99865155693423,4.64110640782518,1.87454705339752,0,6.59760512582734,6.48857177649852,8.92883030262857,6.65921799940605,3.06718704538627,6.71097310585805,7.5964399661627,0,2.16433297211204,3.6840723971684,2.16680148919672,5.31949056354949,0.927244667958238,1.1513605585278,1.88579470830498,3.16390864724539,2.15406553226468,0,0,4.9158635261736,0.989404235784912,0,7.31187950862676,7.07151210573346,2.49843528380182,1.25385901189721,1.88619236512332,1.94504702778147,1.22564079061044,1.87066413159492,0,1.07013972156618,7.41657231146904,7.31868355984075,5.57878217807093,1.30340029874147,5.57581639530425,0,3.29036882596993,4.54337490423969
3017,0,0,0,0,0,0.899995498938728,0,0,0,0,0,0,0,0,0,0,0,0,0,0,0,0,0,0,0,0,0,0,0,0,0,0,0,0,0,0,0,0,0,0,0,0,0,0,0,0,0,0,0,0,0,0,0,0
3018,0,0,0,0,0,0,0,0,0,0,0.999325778467116,0,0,0,0,0,0,0,0,0,0,0,0,0,0,0,0,0,0,0,0,0,0,0,0,0,0,0,0,0,0,0,0,0,0,0,0,0.813187062204528,0,0,0,0,0,0
3020,0,0,0,0,0,0,0,0,0,0,0,0,0,0,0,0,0,0,0,0,0,0,0,0,0,0,0,0,0,0,0,0,0,0,0,0,0,0.785723567303718,0,0,0,0,0,0.93533206579746,0,0,0,0,0,0,0,0,0,0
3024,0,0,0,0,0,0,0,0,0,0,0,0,0,0,0,0,0,0,0,0,0,0,0,0,0,0,0,0,0,0,0,0,0,0,0,0,0,0,0,0,0,0,0,0,0,0,0,0,0,0,0,0,0,0
3025,0,0,0,0,0,0,0,0,0,0,0,0,0,0,0,0,0,0,0,0,0,0,0,0,0,0,0,0,0,0,0,0,0,0,0,0,0,0,0,0,0,0,0,0,0,0,0,0,0,0,0,0,0,0
3026,0,0,0,0,0,0,0,0,0,0,0,0,0,0,0,0,0,0,0,0,0,0,0,0,0,0,0,0,0,0,0,0,0,0,0,0,0,0,0,0,0,0,0,0,0,0,0,0,0,0,0,0,0,0
3027,0,0,0,0,0,0,0,0,0,0,0,0,0,0,0,0,0,0,0,0,0,0,0,0,0,0,0,0,0,0,0,0,0,0.819310587695601,0,0,0,0,0,0,0,0,0,0,0,0,0,0,0,0,0,0,0,0
3030,0,0,0,0,0,0,0,0,0,0,0,0,0,0,0,0,0,0.951316857058008,0,0,0,0,0,0,0,0,0,0,0,0,0,0,0,0,0,0,0,0,0,0,0,0,0,0,0,0,0,0,0.796968882581562,0,0,0,0,0
3031,0,0,0,0,0,0,0,0,0,0,0,0,0,0,0,0,0,0,0,0,0,0,0,0,0,0,0,0,0,0,0,0,0,0,0,0,0,0,0,0,0,0,0,0,0,0,0,0,0,0,0,0,0,0
3032,0,0,0,0,0,0,0,1.02240945138075,0,0,0,0,0,0,0,0,0,0,0,0,0,0,0,0,0,0,0,0,0,0,0,0,0,0,0,0,0,0,0,0,0,0,0,0,0,0,0,0.813187062204528,0,0,0,0,0,0
3033,0,0,0,0,0,0,0,0,0,0,0,0,0,0,0,0,0,0,0,0,0,0,0,0,0,0,0,0,0,0,0,0,0,0,0,0,0,0,0,0,0,0,0,0.93533206579746,0,0,0,0,0,0,0,0,0,0
3035,0,0,0,0,0,0,0,0,0,0,0,0,0,0,0,0,0,0,0,0,0,0,0,0,0,0,0,0,0,0,0,0,0,0,0,0,0,0,0,0,0,0,0,0,0,0,0,0,0,0,0,0,0,0
3037,0,0,0,0,0,0,0,0,0,0,0,0,0,0,0,0,0,0,0,0,0,0,0,0,0,0,0,0,0,0,0,0,0,0,0,0,0,0,0,0,0,0,0,0,0,0,0,0,0,0,0,0,0,0
3038,0,0,0,0,0,0,0,0,0,0,0,0,0,0,0,0,0,0,0,0,0,0,0,0,0,0,0,0,0,0,0,0,0,0,0,0,0,0,0,0,0,0,0,0,0,0,0,0,0.796968882581562,0,0,0,0,0
3042,0,0,0,0.978530736118733,0,0,0,1.02240945138075,0,0,0,0,0,0,0,0,0,0,0,0,0.844048885129189,1.03070786942743,1.08216648605602,0,0,0,0,1.1513605585278,0,0,0,0,0,0,0,0,0,0,0,0,0,0,0,0,0,0,0,0,1.59393776516312,0,0,0,0,0
3043,0,0,0,0,0,0,0,0,0,0,0,0,0,0,0,0,0,0,0,0,0,0,0,0,0,0,0,0,0,0,0,0,0,0,0,0,0,0,0,0,0,0,0,0,0,0,0,0,0,0,0,0,0,0
3046,0,0,0,0,0,0,0,0,0,0,0,0,0,0,0,0,0,0,0,0,0,0,0,0,0,0,0,1.1513605585278,0,0,0,0,0,0,0,0,0,0,0,0,0,0,0,0,0,0,0,0,0,0,0,0,0,0
3050,0,0,2.08613771222035,0,0,0,0,0,0.910272793242405,0,1.99865155693423,0,0,0,1.09960085430456,0,0,0,0,0.958710443694007,0,0,0,0,0,0,6.49071267570767,0,0,0,1.07703276613234,0,0,0,0,0,0,0,0,2.50771802379443,0,0,3.67692237183133,0.93533206579746,0,0,1.64812718032645,1.62637412440906,0.796968882581562,0,0.929302732550708,0,2.19357921731328,0.908674980847939
3052,28.9058974424426,17.5307996054507,15.6460328416526,12.7208995695435,6.35386233402358,12.5999369851422,3.62838717015914,14.3137323193304,15.4746374851209,24.3584853025701,38.9737053602175,27.1836232458332,54.3618645485282,19.3741695414905,97.8644760331055,33.524287511909,15.6254530296,22.8316045693922,40.8958272718169,29.7200237545142,20.2571732431005,12.3684944331291,60.6013232191372,29.4725791773472,10.8340074459836,25.7108710571559,24.1083613669142,17.270408377917,18.8579470830498,31.6390864724539,38.7731795807642,5.73630413658576,24.0269717449541,58.1710517263876,8.90463812206421,26.9238184376754,35.3407509583627,22.0002598845041,34.9780939732255,102.816438975572,52.813386223453,45.7086051528646,15.9333302779358,23.3833016449365,95.287642906844,37.4548902548165,41.2031795081613,105.714318086589,49.4120707200568,61.9115141902197,57.6167694181439,29.5013447157206,25.2261609991028,52.7031488891804
3054,0,1.75307996054507,0,0,0,0,0,0,0,1.80433224463482,0,0,0,1.21088559634316,0,0,0,0,0,0,0,0,0,1.22802413238947,0,0,0,0,0,0,0,0,0,0,0.989404235784912,0,0,0,0,0,0.943096182561662,0,0,0,0,0,0.824063590163226,0,0,0,0,0,0,0
3055,0,0,0,0,0,0,0,0,0,0,0,0,0,0,0,0,0,0,0,0,0,0,0,0,0,0,0,0,0,0,0,0,0,0,0,0,0,0,0,0,0,0,0,0,0,0,0,0,0,0,0,0,0,0
3058,0,0,0,0,0,0,0,0,0,0,0,0,0,0,0,0,0,0,0,0,0,0,0,0,0,0,0,0,0,0,0,0,0,0,0,0,0,0,0,0,0,0,0,0,0,0,0,0,0,0,0,0,0,0
3064,0,0,0,0,0,0,0,0,0,0,0,0,0,0,0,0,0,0,0,0,0,0,0,0,0,0,0,0,0,0,0,0,0,0,0,0,0,0,0,0,0.943096182561662,0,0,0,0,0,0.824063590163226,0,0,0,0,0,0,0
3066,0,0,0,0,0,0,0,0,0,0,0,0,0,0,0,0,0,0,0,0,0,0,0,0,0,0,0,0,0,0,0,0,0,0,0,0,0,0,0,0,0,0,0,0,0,0,0,0,0.796968882581562,0,0,0,0,0
3068,0,0,0,0,0,0,0,0,0,0,0,0,0,0,1.09960085430456,0,0,0,0,0,0,0,0,0,1.08340074459836,0,0,0,0,0,0,0,0,0,0,0,0,0,0,0,0,0,0,0,0,0,0,0,0,0,0,0,0,0
3069,0,0,0,0,0,0,0,0,0,0,0,0,0,0,0,0,0,0,0,0,0,0,0,0,0,0,0,0,0,0,0,0,0,0,0,0,0,0,0,0,0,0,0,0,0,0,0,0,0,0,0,0,0,0
3070,0,0.876539980272536,0,0,0,0,0,0,0,0,0,0,0.937273526698761,0,0,0,0,0,0,0,0.844048885129189,0,0,0,0,0,0,0,0,0,0,0,0,0,0,0,0,0.785723567303718,0,0,0,0,0,0,0,0,0,0,0,0,0.929302732550708,0,0,0
3072,0,0,0,0,0,0,0,0,0,0,0,0,0.937273526698761,0,0,0,0,0,0,0,0,0,0,0,0,0,0,0,0,0,0,0,0,0,0,0,0,0,0,0,0,0,0,0,0,0,0,0,0,0.651700149370734,0,0,0,0
3074,0,0.876539980272536,0,0,0,0,0,0,0,0,0,0,0,0,0,0,0,0,0,0,0,0,0,0,0,0,0,0,0,0,0,0,0,0,0,0,0,0,0,0,0,0,0,0,0,0,0,0,0,0,0,0,0,0
3076,0,0,0,0,0,0,0,0,0,0,0,0,0,0,0,0,0,0,0,0,0,0,0,0,0,0,0,0,0,0,0,0,0,0,0,0,0,0,0,0,0,0,0,0,0,0,0.824063590163226,0.813187062204528,0,0,0,0,0,0
3078,0,0,0,0,0,0,0,0,0.910272793242405,0,0,0.663015201117883,0,0,0,0,0,0,0,0,0,0,0,0,1.08340074459836,0.886581760591582,1.85448933591648,2.30272111705559,0,0,0,1.43407603414644,0,0,1.97880847156982,0,0,2.35717070191115,0,1.25385901189721,0,0.972523513890737,0,0,0,0,0,0,0,0.651700149370734,0,0,0,0
3081,0,0,0,0,0,0,0,0,0,0.902166122317409,0,0.663015201117883,0,0,0,0,0,0,0,0,0,0,0,0,0,0,0,0,0.942897354152491,0,0,0,0,0,0.989404235784912,0,0,0,0,0,0,0,0,0,0,0,0,0,0,0,3.71721093020283,0,0,0
3083,0,1.75307996054507,0,0.978530736118733,0,0,0,0,0,0,0,0,0.937273526698761,0,1.09960085430456,1.08142862941642,0,0,0,0,0,0,0,0,0,0.886581760591582,0,1.1513605585278,0,0,0,0,0,0,0,0,0,0,0,0,0,0,0,0,0,0,2.47219077048968,0,0,0.651700149370734,0,0,2.19357921731328,0
3085,0,0.876539980272536,0,0,0,0,0,0,0,0,0,0,0,0,0,0,1.11610378782857,0,0,0,0,0,0,0,0,0,0.927244667958238,0,0,0,1.07703276613234,0,0,0.819310587695601,0,0,0,0,0,0,0.943096182561662,0,0,0,0,0,0,0,0,0,0,0,0,0
3087,0,0,0,0,0,0,0,0,0.910272793242405,0.902166122317409,0,0,0,0,0,1.08142862941642,0,0,0,0,0.844048885129189,0,0,0,0,0,0,0,0,0,2.15406553226468,0,0,0,0,0,0,0,0,0,0,0,0,0,0,1.07013972156618,0,0.813187062204528,0,0,0.929302732550708,0,0,1.81734996169588
3088,0,0,0,0,0,0,0,0,0,0,0,0,0,0,0,0,0,0,0,0,0,0,0,0,0,0,0,0,0,0,0,0,0,0,0,0,0,0,0,0,0,0,0,0,0,0,0,0,0,0,0,0,0,0
3089,0,0.876539980272536,0,0,0,0.899995498938728,0,0,0,0.902166122317409,0,0,0,0,0,0,1.11610378782857,0.951316857058008,0,0,0,0,0,0,3.25020223379508,0.886581760591582,0,1.1513605585278,0,0,0,2.86815206829288,0,0,0,1.12182576823647,2.43729316954225,0,0,0,0,1.94504702778147,0,0,0,1.07013972156618,0,0,0,0.651700149370734,0,2.95013447157206,0,0
3090,17.1628766064503,6.13577986190775,4.1722754244407,1.95706147223747,3.17693116701179,5.39997299363237,5.44258075523871,8.17927561104597,6.37190955269683,18.0433224463482,1.99865155693423,5.30412160894306,5.62364116019257,4.84354238537263,7.69720598013189,5.4071431470821,1.11610378782857,1.90263371411602,5.11197840897711,10.5458148806341,6.75239108103351,8.24566295541942,11.9038313466162,6.14012066194733,5.4170037229918,8.86581760591582,0,4.60544223411119,4.71448677076245,10.5463621574846,0,0,5.76647321878898,10.6510376400428,4.94702117892456,2.24365153647295,3.65593975431338,5.50006497112603,8.32811761267273,3.76157703569164,16.9757312861099,6.80766459723516,4.90256316244177,4.6766603289873,7.81046253334787,9.63125749409566,8.24063590163226,4.06593531102264,3.18787553032625,3.25850074685367,10.2223300580578,5.90026894314411,3.29036882596993,5.45204988508763
3092,0.903309295076332,1.75307996054507,0,6.84971515283113,8.47181644536477,0,1.81419358507957,0,0.910272793242405,3.60866448926964,7.99460622773693,0,2.81182058009628,15.7415127524611,1.09960085430456,1.08142862941642,3.34831136348571,2.85395057117402,2.04479136359084,0,1.68809777025838,0,1.08216648605602,6.14012066194733,2.16680148919672,3.54632704236633,2.78173400387471,1.1513605585278,0,7.38245351023925,3.23109829839702,17.2089124097573,2.88323660939449,2.4579317630868,0.989404235784912,0,21.9356385258803,18.0716420479855,0.832811761267273,6.26929505948607,2.82928854768498,0.972523513890737,1.22564079061044,6.54732446058222,6.2483700266783,0,1.64812718032645,11.3846188708634,0,1.30340029874147,0,4.42520170735808,0,3.63469992339175
3093,0,0,0,0,0,0,0,0,0,0,0,0,0,0,0,0,0,0,0,0,0,0,0,0,0,0,0,0,0,0,0,0,0,0,0,0,0,0,0,0,0,0,0,0,0,0,0,0,0,0,0,0,0,0
3095,4.51654647538166,0.876539980272536,3.12920656833053,0,0,0.899995498938728,0,0,0,0,0.999325778467116,0,4.68636763349381,1.21088559634316,0,0,3.34831136348571,0.951316857058008,2.04479136359084,2.87613133108202,0,0,7.57516540239216,2.45604826477893,3.25020223379508,0.886581760591582,0,0,1.88579470830498,0,3.23109829839702,0,0.961078869798163,1.6386211753912,0,0,6.09323292385563,0.785723567303718,0.832811761267273,16.3001671546638,0,0.972523513890737,2.45128158122089,4.6766603289873,17.1830175733653,3.21041916469855,2.47219077048968,12.1978059330679,8.76665770839718,0,0.929302732550708,1.47506723578603,3.29036882596993,9.99542478932733
3097,0,0,0,0,0,0,0,0,0,0,0,0,0,0,0,0,0,0,0,0,0,0,0,0,0,0,0,0,0,0,0,0,0,0,0,0,0,0,0.832811761267273,1.25385901189721,0,0,0,0,0,0,0,0,0,0,0,0,0,0
3099,0,0,0,0,0,0,0,0,0,0,0,0,0,0,0,0,0,0,0,0,0,0,0,0,0,0,0,0,0,0,0,0,0,0,0,0,0,0,0,0,0,0,0,0,0,0,0,0,0,0,0,0,0,0
3100,0,0,0,0,0,0,0,0,0,0,0,0,0,0,1.09960085430456,1.08142862941642,0,0,0,0,0,0,0,0,0,0,0,0,0,0,0,0,0,0,0,0,0,0,0,0,0,0,0,0,0,0,0,0,0,0.651700149370734,0,0,0,0.908674980847939
3101,0,0,0,0,0,0,0,0,0,0,0,0,0,0,0,0,0,0,1.02239568179542,0,0,0,0,0,0,0,0,0,0,0,0,0,0,0,0,0,0,0,0,0,0,0,0,0,0,1.07013972156618,0,0,0,0,0,2.95013447157206,0,0
3102,0,0,0,0,0,0,0,0,0,0,0,0,0,0,0,0,0,0,0,0,0,0,0,0,0,0,0,0,0,0,0,1.43407603414644,0,0,0.989404235784912,0,0,0,0.832811761267273,0,0,0,0,0.93533206579746,0,0,0,0,0,0,0,0,0,0
3103,1.80661859015266,0,0,0,0,0,0,0,0,0,0,0,0,0,0,0,0,0,0,0,0,0,0,0,0,0,0,0,0,0,0,1.43407603414644,0,0,0.989404235784912,1.12182576823647,2.43729316954225,0,0.832811761267273,0,0.943096182561662,0,0,0,0,0,0,0,0,0,0.929302732550708,0,0,0.908674980847939
3104,7.22647436061066,14.0246396843606,2.08613771222035,4.89265368059366,4.23590822268238,7.19996399150982,4.53548396269892,4.08963780552298,10.0130007256665,18.0433224463482,47.9676373664216,7.9561824134146,22.4945646407703,10.8979703670884,20.8924162317866,18.3842867000791,8.92883030262857,20.9289708552762,14.3135395451359,14.3806566554101,8.44048885129189,6.18424721656456,7.57516540239216,8.59616892672627,8.66720595678687,14.1853081694653,9.27244667958238,6.90816335116678,2.82869206245747,21.0927243149693,20.4636225565144,4.30222810243932,19.2215773959633,22.1213858677812,13.8516593009888,10.0964319141283,14.6237590172535,26.7146012883264,25.8171645992855,22.5694622141498,9.43096182561662,31.1207524445036,36.7692237183133,27.1246299081263,53.1111452267655,37.4548902548165,18.129398983591,21.9560506795222,14.3454398864681,11.0789025393025,15.798146453362,5.90026894314411,17.5486337385063,22.7168745211985
3107,0,0,0,0,0,0,0,0,0,0,0.999325778467116,0,0,0,0,0,0,0,0,0,0,0,0,0,0,0,0,0,0,0,0,0,0,0,0,0,0,0,0,0,0,0,1.22564079061044,0,0,0,0.824063590163226,0,0.796968882581562,0,0,0,0,0.908674980847939
3109,0,0,0,0,0,0,0,0,0,0,0,0,0,0,0,0,0,0,1.02239568179542,0,0,0,0,0,0,0,0,0,0,0,0,0,0,0,0,0,0,0,0,0,0,0,0,0,0,0,0,0,0,0,0,0,0,0
3110,0,0,0,0,0,0,0,0,0,0,0,0,0,0,0,0,0,0,0,0,0,0,0,0,0,0,0,0,0,0,0,0,0,0,0,0,0,0,0,0,0,0,0,0,0,0,0,0,0,0,0,0,0,0
3112,0,0,0,0,0,0,0,0,0,0,0,0,0,0,0,0,0,0,0,0,0,0,0,0,0,0,0,0,0,0,0,0,0,0,0,0,0,0,0,0,0,0,0,0,0,0,0,0,0,0,0,0,0,0
3113,0,1.75307996054507,1.04306885611018,0,3.17693116701179,0,0,0,0,0,0,0,1.87454705339752,0,0,2.16285725883284,1.11610378782857,0,2.04479136359084,0.958710443694007,0,0,0,1.22802413238947,0,0.886581760591582,0,0,1.88579470830498,1.05463621574846,0,1.43407603414644,0,0,0,0,2.43729316954225,3.14289426921487,0,3.76157703569164,1.88619236512332,0,0,0,0,2.14027944313237,0,0,0,0,0.929302732550708,2.95013447157206,0,0
3118,0.903309295076332,0,0,0.978530736118733,0,0,0,0,0,0,0,0,0,0,0,0,0,0,0,0,0,0,0,0,0,0,0,0,0,1.05463621574846,0,0,0,0,0,0,0,0,0,0,0,0,2.45128158122089,0,0,0,0,0.813187062204528,0,0,0,0,1.09678960865664,0
3120,1.80661859015266,0,0,0,0,0,0,0,0,0,0,0,0,0,0,0,0,0,1.02239568179542,0,0,0,1.08216648605602,2.45604826477893,0,0,0,0,0,0,0,0,0,0.819310587695601,0,0,0,0,0,0,0,0,1.22564079061044,2.80599619739238,3.12418501333915,0,0,0.813187062204528,1.59393776516312,0,0,0,0,0
3122,0,0.876539980272536,0,0.978530736118733,0,0,0,0,0,0,1.99865155693423,0.663015201117883,0.937273526698761,0,2.19920170860911,0,0,0,0,0,0.844048885129189,0,0,0,2.16680148919672,0,0,0,0,1.05463621574846,0,0,0,0,0,0,1.21864658477113,0,0,0,0,0,0,0,0,0,0,0,0,0,0,2.95013447157206,0,0
3123,0.903309295076332,0,1.04306885611018,0,1.0589770556706,0,0,0,0,2.70649836695223,0.999325778467116,0,0,0,2.19920170860911,0,3.34831136348571,3.80526742823203,0,0,0,2.06141573885485,0,0,9.75060670138524,1.77316352118316,2.78173400387471,5.75680279263899,0.942897354152491,0,1.07703276613234,4.30222810243932,1.92215773959633,0,0.989404235784912,0,1.21864658477113,8.6429592403409,0.832811761267273,0,0.943096182561662,0,2.45128158122089,0.93533206579746,1.56209250666957,0,0,3.25274824881811,0.796968882581562,0,1.85860546510142,1.47506723578603,0,0.908674980847939
3126,0,0,0,0,0,0,0,0,0,0,0,0,0,0,0,0,0,0,0,0,0,0,0,0,0,0,0,0,0,0,0,0,0,0,0,0,0,0,0,0,0,0,0,0,0,0,0,0,0,0,0,0,0,0
3129,0,0,0,0,0,0,0,0,0,0,0,0,0,0,0,0,0,0,0,0,0,0,0,0,0,0,0,0,0,0,0,0,0,0,0,0,0,0,0,0,0,0,0,0,0,1.07013972156618,0,0.813187062204528,0,0,0,0,0,0
3136,0,0,0,0,0,0,0,0,0,0,0,0,0,0,0,0,0,0,0,0,0,0,0,0,0,0,0,0,0,0,0,0,0,0,0,0,0,0,0,0,0,0,0,0,0,0,0,0,0,0,0,0,0,0
3138,0,0,0,0,0,0,0,0,0,0,0,0,0,0,0,0,0,0,0,0,0,0,0,0,0,0,0,0,0,0,0,0,0,0,0,0,0,0,0,0,0,0,0,0,0,0,0,0,0,0,0,0,0,0
3142,0,0,0,0,0,0,0,0,0,0,0,0,0,0,0,0,0,0,0,0,0,0,0,0,0,0,0,0,0,0,0,0,0,0,0,0,0,0,0,0,0,0,0,0,0,0,0,0,0,0,0,0,0,0
3145,1.80661859015266,0.876539980272536,1.04306885611018,0,0,0.899995498938728,0.907096792539785,0,0,0.902166122317409,1.99865155693423,0.663015201117883,0,0,1.09960085430456,0,0,0.951316857058008,0,2.87613133108202,0.844048885129189,2.06141573885485,2.16433297211204,0,1.08340074459836,1.77316352118316,0,0,0.942897354152491,1.05463621574846,0,0,0.961078869798163,1.6386211753912,1.97880847156982,1.12182576823647,0,1.57144713460744,1.66562352253455,0,1.88619236512332,1.94504702778147,0,2.80599619739238,0,0,0,0,0,0.651700149370734,1.85860546510142,0,0,1.81734996169588
3149,0,0,0,0,0,0,0,0,0,0,0,0,0,0,0,0,0,0,0,0,0.844048885129189,0,0,0,0,0.886581760591582,0,0,0,0,0,0,0,0,0,0,0,0,0,0,0,0,0,0,0,0,0,0,0,0,0,1.47506723578603,0,0
3150,0,0,0,0,0,0,0,0,0,0,0,0,0.937273526698761,0,0,0,0,0.951316857058008,0,0,0,0,0,0,0,0,0,0,0,0,0,0,0,0,0.989404235784912,0,0,0,0,0,0,0,3.67692237183133,0,0,0,0,0,0,4.56190104559514,0,0,0,0
3151,0,0,0,0,0,0,0,0,0,0,0,0,0.937273526698761,0,0,0,0,0,0,0,0,0,0,0,0,0,0,0,0,0,0,0,0,0,0,0,0,0,0,0,0,0,0,0,0,0,0,0,0,0,0,0,0,0
3155,0,0,0,0,0,0,0,0,0,0,0,0,0,0,0,0,0,0,0,1.91742088738801,0,0,0,0,0,0,0,0,0,0,0,0,0,0,0,0,0,0,1.66562352253455,1.25385901189721,0,0,0,0,0,0,0,0,0,0,0,0,0,0
3156,9.03309295076332,3.50615992109015,1.04306885611018,0,18.0026099464001,0,1.81419358507957,1.02240945138075,9.10272793242405,0,26.9817960186121,0,0,20.5850551378337,1.09960085430456,1.08142862941642,0,3.80526742823203,0,0.958710443694007,4.22024442564594,0,2.16433297211204,0,14.0842096797787,0.886581760591582,0,4.60544223411119,0.942897354152491,0,6.46219659679403,17.2089124097573,0,0,0.989404235784912,0,6.09323292385563,0,0.832811761267273,0,0.943096182561662,0,0,6.54732446058222,15.6209250666957,0,1.64812718032645,31.7142954259766,0,1.30340029874147,0.929302732550708,0,1.09678960865664,0
3158,0,0,0,0,0,0,0,0,0,0,0,0,0,0,0,0,0,0,0,0,0,0,0,0,0,0,0,0,0,0,0,0,0,0,0,0,0,0,0,0,0,0,0,0,0,0,0,0,0,0,0,0,0,0
3162,0,0,0,0,0,0,0,0,0,0,0,0,0.937273526698761,0,0,0,0,0,0,0,0,0,0,0,0,0,0,0,0,0,0,0,0,0,0,0,0,0,0,0,0,0.972523513890737,0,0,0,0,0,1.62637412440906,0,0.651700149370734,0,0,0,0
3165,0,0,0,0.978530736118733,0,0,0,1.02240945138075,0,0,0,0,0,0,0,0,0,0,0,0,0.844048885129189,0,0,0,0,0,0,2.30272111705559,0,0,0,0,0,0,0,0,0,0,0,0,0,0,0,0,0,0,0,0,0.796968882581562,1.30340029874147,0,1.47506723578603,0,0
3166,0,0,0,0,0,0,0,0,0,0,0,0,0,0,0,0,0,0,0,0,0,0,0,0,0,0.886581760591582,0,0,0,0,0,0,0,0,0,0,0,0.785723567303718,0,0,0.943096182561662,0,0,0,0,0,0,0,0,0,0,0,0,0
3167,9.93640224583965,10.5184797632704,4.1722754244407,0.978530736118733,0,8.09995949044855,4.53548396269892,5.11204725690373,2.73081837972721,0,0,0.663015201117883,0,1.21088559634316,2.19920170860911,0,1.11610378782857,0,4.08958272718169,0,4.22024442564594,0,0,1.22802413238947,0,3.54632704236633,2.78173400387471,1.1513605585278,0,3.16390864724539,0,0,2.88323660939449,3.2772423507824,0.989404235784912,0,0,0.785723567303718,1.66562352253455,1.25385901189721,1.88619236512332,0,0,0.93533206579746,0,0,0.824063590163226,0,0.796968882581562,0.651700149370734,0,2.95013447157206,0,2.72602494254382
3170,0,0,0,0,0,0,0,0,0,0,0,0,0,0,0,0,0,0,0,0,0,0,0,0,0,0,0,0,0,0,0,0,0,0,0,0,0,0,0.832811761267273,0,0,0,0,0,0,0,0,0,0,0.651700149370734,0,0,0,0
3171,1.80661859015266,2.62961994081761,0,0,0,0,0,1.02240945138075,0,0,4.99662889233558,0,0.937273526698761,0,0,0,0,0,2.04479136359084,0,0,1.03070786942743,0,1.22802413238947,0,0,0,0,0,0,4.30813106452935,1.43407603414644,0,0,0,0,0,0,1.66562352253455,0,0,0,3.67692237183133,0.93533206579746,0,0,3.29625436065291,1.62637412440906,2.39090664774469,0,1.85860546510142,0,1.09678960865664,0.908674980847939
3172,0,0,0,0,0,0,0,0,0,0,0,0,0,0,0,0,0,0,0,0,0,0,0,0,1.08340074459836,0,0,0,0,0,0,0,0,0,0,0,0,0,0,0,0,0,0,0,0,1.07013972156618,0,0,0,0,0,0,0,0
3173,0,0,0,0,0,0,0,0,0,0,0,0,0,0,0,0,0,0,0,0,0,0,0,1.22802413238947,0,0,0,0,0,0,0,0,0,0,0,0,0,0,0,0,0,0,0,0,0,1.07013972156618,0,0,0,0,0,0,0,0
3175,2.709927885229,4.38269990136268,5.21534428055088,2.9355922083562,1.0589770556706,11.6999414862035,1.81419358507957,0,10.0130007256665,9.9238273454915,1.99865155693423,0.663015201117883,1.87454705339752,2.42177119268632,4.39840341721822,6.48857177649852,1.11610378782857,0,0,1.91742088738801,1.68809777025838,1.03070786942743,6.49299891633613,2.45604826477893,1.08340074459836,7.09265408473266,0,0,2.82869206245747,5.27318107874232,2.15406553226468,4.30222810243932,6.72755208858714,0.819310587695601,1.97880847156982,1.12182576823647,2.43729316954225,2.35717070191115,0,5.01543604758885,0.943096182561662,0.972523513890737,0,15.9006451185568,0,1.07013972156618,0.824063590163226,1.62637412440906,1.59393776516312,1.9551004481122,0,7.37533617893014,3.29036882596993,16.3561496552629
3176,3.61323718030533,0,1.04306885611018,0.978530736118733,0,0,0,1.02240945138075,0,0,0.999325778467116,0,0,0,0,0,0,0,0,2.87613133108202,0,0,0,0,0,0,0,0,0,0,0,4.30222810243932,0,0.819310587695601,0.989404235784912,0,0,0.785723567303718,0,0,0.943096182561662,0,0,0,0,2.14027944313237,0.824063590163226,0,0,0,0,0,0,0.908674980847939
3177,0,0,0,0,0,0,0,0,0,0,0,0,0,0,0,0,0,0,0,0,0,0,0,0,0,0,0,0,0,0,0,0,0.961078869798163,0,0,0,0,0,0,0,0,0,0,0,0,0,0,0,0,1.30340029874147,0,0,0,0
3178,0,0,0,0,0,0,0,1.02240945138075,0,0,0,0,0,0,0,0,0,0,0,0,0,0,0,0,0,0,0,0,1.88579470830498,0,0,0,0,0,0,0,0,0.785723567303718,0.832811761267273,0,0,0,0,0,0,0,0.824063590163226,0,0,0,0,0,0,0
3180,0,0,0,0,0,0,0,0,0,0,0,0,0,0,0,0,0,0,0,0,0,0,0,0,0,0,0,0,0,0,0,0,0,0,0,0,0,0,0,0,0,0,0,0,0,0,0,0,0,0,0,0,0,0
3182,0.903309295076332,1.75307996054507,1.04306885611018,0.978530736118733,0,1.79999099787746,0.907096792539785,5.11204725690373,0.910272793242405,3.60866448926964,0,1.98904560335365,0,1.21088559634316,2.19920170860911,1.08142862941642,1.11610378782857,3.80526742823203,4.08958272718169,4.79355221847003,3.37619554051675,4.12283147770971,1.08216648605602,1.22802413238947,2.16680148919672,3.54632704236633,2.78173400387471,3.45408167558339,2.82869206245747,3.16390864724539,0,0,2.88323660939449,4.096552938478,0.989404235784912,0,0,0,0,2.50771802379443,0,0.972523513890737,2.45128158122089,1.87066413159492,0,1.07013972156618,0.824063590163226,2.43956118661358,3.98484441290781,0,1.85860546510142,0,0,0
3183,0,0,0,0,0,0,0,0,0,0,0,0,0,0,0,0,0,0,0,0,0,0,0,0,0,0,0,0,0,0,0,0,0,0,0,0,0,0,0,0,0,0,0,0,0,0,0,0,0,0,0,0,0,0
3184,0,0,0,0,0,0,0,0,0,0,0,0,0,0,0,0,0,0,0,0,0,0,0,0,0,0,0,1.1513605585278,0,0,0,0,0,0,0,0,0,0,0,0,0,0,0,0,0,0,0,0,0,0,0,0,0,0
3185,0,0,0,0,0,0,0,0,0,0,0,0,0,0,0,0,0,0,0,0,0,0,0,0,0,0,0,0,0,0,0,0,0,0,0,0,0,0,0,0,0,0,0,0,0,0,0,0,0,0,0,0,0,0
3187,0,0,0,0,0,0,0,0,0,0,0,0,0,0,0,0,0,0,0,0,0,1.03070786942743,0,0,1.08340074459836,0,0,0,0,0,0,0,0,0,0,0,0,0,0.832811761267273,0,0,1.94504702778147,0,0,0,0,0,0,0,0,0,0,0,0
3189,0,0,0,0,0,0,0,0,0,0,0,0,0,0,0,0,0,0,0,0,0,0,0,0,0,0,0,0,0,0,0,0,0,0,0,0,0,0,0,0,0.943096182561662,0,0,0,0,0,0,0,0,0,0,0,0,0
3191,0,0,2.08613771222035,1.95706147223747,0,0,0,0,0,0,0,0,0.937273526698761,0,2.19920170860911,0,0,0,0,0,0,0,0,0,0,0,0,1.1513605585278,0,0,0,0,0,0.819310587695601,0,0,0,0,0.832811761267273,0,0,0,0,0,0,1.07013972156618,0,0,0,0,0,0,0,0
3193,0,0,0,0,0,0,0,0,0,0,0,0,0,1.21088559634316,0,0,0,0,0,0,0,0,0,0,0,0,0,0,0,0,0,0,0,0,0,0,0,0,0,0,0,0,0,0,0,0,0,0,0,0,0,0,0,0
3194,0,0,0,0,0,0,0,0,0,0,0.999325778467116,1.32603040223577,0,0,1.09960085430456,0,0,0,0,0,0,0,0,0,0,0,0,0,0.942897354152491,0,0,0,0,0,0,0,0,0,0,0,0,0,0,0,0,0,0,0,0.796968882581562,0,0,0,0,1.81734996169588
3196,0,0,1.04306885611018,0,0,1.79999099787746,0,0,0,2.70649836695223,0,0,0,15.7415127524611,0,2.16285725883284,0,1.90263371411602,1.02239568179542,0.958710443694007,0,0,0,1.22802413238947,0,0,4.63622333979119,0,0,0,1.07703276613234,0,0,1.6386211753912,1.97880847156982,0,4.87458633908451,0,0.832811761267273,5.01543604758885,0.943096182561662,12.6428056805796,1.22564079061044,0.93533206579746,4.68627752000872,6.42083832939711,2.47219077048968,3.25274824881811,2.39090664774469,3.25850074685367,5.57581639530425,8.85040341471617,0,0.908674980847939
3199,27.09927885229,21.0369595265409,11.4737574172119,11.7423688334248,5.29488527835298,12.5999369851422,7.25677434031828,8.17927561104597,10.9232735189089,27.0649836695223,30.9790991324806,32.4877448547763,50.6127704417331,14.5306271561179,56.0796435695324,29.1985729942433,32.3670098470286,18.0750202841021,24.5374963630901,21.0916297612681,25.3214665538757,7.21495508599199,25.9719956653445,38.0687481040735,8.66720595678687,14.1853081694653,19.472138027123,20.7244900535004,7.54317883321993,34.8029951196993,21.5406553226468,2.86815206829288,9.61078869798163,17.2055223416076,1.97880847156982,7.85278037765532,13.4051124324824,12.5715770768595,16.6562352253455,42.6312064045053,20.7481160163566,26.2581348750499,14.7076894873253,6.54732446058222,21.869295093374,23.5430738744561,23.8978441147336,17.8901153684996,19.1272531819575,68.4285156839271,23.2325683137677,25.0761430083625,20.8390025644762,21.8081995403505
3200,0,0,0,0,0,0,0,0,0,0,0,0,0,0,0,0,0,0,0,0,0,0,0,0,0,0,0,0,0,0,0,0,0,0,0,0,0,0,0,0,0,0,0,0,0,0,0,0,0,0,0,0,0,0
3203,0,0,0,0,0,0,0,0,0,0,0,0,0,1.21088559634316,0,0,0,0,0,0,0,0,0,0,0,0,0,0,0.942897354152491,0,0,0,0,0,0,0,0,0,0,0,0,0,0,0,0,0,0,0,0,0,0,0,0,0
3204,0,0,0,0,0,0,0,0,0,0,0,0,0,0,0,0,0,0,0,0,0,0,0,0,0,0,0,0,0,0,0,0,0,0,0,0,0,0,0,0,0,0,0,0,0,0,0,0,0,0,0,0,0,0
3209,0,0,0,0,0,0,0,0,0,0,0.999325778467116,0,0,0,0,0,0,0,0,0,0,0,0,0,0,0,0,0,0,0,0,0,0,0,0,0,0,0,0,0,0,0,0,0,0,0,0,0,0,0,0,0,0,0.908674980847939
3213,28.9058974424426,30.6788993095388,18.7752394099832,25.4417991390871,13.7667017237177,26.0998694692231,13.6064518880968,21.4705984789957,13.6540918986361,18.9454885686656,16.988538233941,23.8685472402438,17.8081970072765,14.5306271561179,26.3904205033093,36.7685734001583,17.8576606052571,11.4158022846961,18.4031222723176,29.7200237545142,16.0369288174546,16.4913259108388,28.1363286374566,11.0522171915052,7.58380521218852,31.916943381297,11.1269360154989,27.6326534046671,17.9150497288973,21.0927243149693,29.0798846855731,1.43407603414644,13.4551041771743,36.868976446302,10.883446593634,5.60912884118237,26.8102248649648,9.42868280764462,9.99374113520728,5.01543604758885,25.4635969291649,16.5328997361425,26.9640973934297,11.2239847895695,10.934647546687,9.63125749409566,23.8978441147336,11.3846188708634,15.1424087690497,14.3374032861561,17.6567519184635,8.85040341471617,12.0646856952231,19.0821745978067
3215,8.12978365568699,0,7.30148199277123,0.978530736118733,9.53079350103536,0.899995498938728,0.907096792539785,4.08963780552298,2.73081837972721,0,24.9831444616779,0,6.56091468689133,3.63265678902947,9.896407688741,0,0,0,2.04479136359084,1.91742088738801,1.68809777025838,1.03070786942743,0,3.6840723971684,14.0842096797787,2.65974528177475,3.70897867183295,0,0,15.819543236227,4.30813106452935,67.4015736048826,4.80539434899081,4.9158635261736,1.97880847156982,47.1166822659319,8.53052609339789,4.71434140382231,10.8265528964746,30.0926162855331,7.54476946049329,7.7801881111259,1.22564079061044,11.2239847895695,15.6209250666957,14.9819561019266,0.824063590163226,13.824180057477,3.98484441290781,3.25850074685367,2.78790819765212,8.85040341471617,7.67752726059649,20.8995245595026
3221,0,0,0,0,0,0,0,0,0,0,0,0,0,0,0,0,0,0,0,0,0,0,0,0,0,0,0,0,0,0,0,0,0,0,0,0,0,0,0,0,0,0,0,0,0,0,0,0,0,0,0,0,0,0
3222,0,0,0,0,0,0,0,0,0,0,0,0,0,0,0,0,0,0,0,0,0,0,0,0,0,0.886581760591582,0,1.1513605585278,0,0,0,0,0,0,0,0,0,0,0,0,0,0,0,0,0,0,0,0,0,0,0,0,0,0
3224,0,0,0,0,0,0,0,0,0,0,0,0,0,0,0,0,0,0,0,0,0,0,0,0,0,0,0,0,0,0,0,0,0,0,0,0,0,0,0,0,0,0,0,0,0,0,0,0,0,0,0,0,0,0
3226,0,0,0,0,0,0,0,0,0,0,0,0,0,0,0,0,0,0,0,0,0,0,0,0,0,0,0,0,0,0,0,0,0,0,0,0,0,0,0,0,0,0,0,0,0,0,0,0,0,0,0,0,0,0
3231,0,0,0,0,0,0,0,0,0,0,0,0,0,0,0,0,0,0,0,0,0,0,0,0,0,0,0,0,0,0,0,0,0,0,0,0,0,0,0,0,0,0,0,0,0,0,0,0,0,0,0,0,0,0
3232,0,0,0,0,0,0,0,0,0,0,0,0,0,0,0,0,0,0,0,0,0,0,0,0,0,0,0,0,0,0,0,0,0,0,0,0,0,0,0,0,0,0,0,0,0,0,0,0,0,0,0,0,0,0
3233,0,0,0,0,0,0,0,0,0,0,0,0,0,0,0,0,0,0,0,0,0,0,0,0,0,0,0,0,0,0,0,0,0,0,0,0,0,0,0,0,0,0,0,0,0,0,0,0,0,0,0,0,0,0
3234,0,0,0,0,0,0,0,0,0,0,0,0,0,0,1.09960085430456,1.08142862941642,0,0,0,0,0,0,0,0,0,0,0,0,0.942897354152491,0,0,0,0,0.819310587695601,0,0,0,0,0,0,0,0,0,0,0,2.14027944313237,0,0,0,0,0,0,0,0
3236,0,0,1.04306885611018,0.978530736118733,0,1.79999099787746,0,0,0,0,0,0,0,0,0,0,0,0,0,0,0,0,0,0,0,0,0,0,0,0,0,0,0.961078869798163,0,0,0,0,0,0,0,0,0,0,0,0,0,0.824063590163226,3.25274824881811,0,0.651700149370734,0,0,0,0
3238,0,0,0,0,0,0,0,0,0,0,0,0,0,0,0,0,0,0,0,0,0,0,0,0,0,0,0,0,0,0,0,0,0,0,0,0,0,0,0,0,0.943096182561662,0,0,0,0,0,0,0,0,0,0,0,0,0
3241,0,0,0,0,0,0,0,0,0,0,0,0,0,0,0,0,0,0,0,0,0,0,0,0,0,0,0,0,0,0,0,0,0,0,0,0,0,0,0,0,0,0,0,0,0,0,0,0,0,0.651700149370734,0,0,0,0
3244,0,0,0,0,0,0,0,0,0,0,0,0,0,0,0,0,0,0,0,0,0,0,0,0,0,0,0,0,0,0,0,0,0,0,0,0,0,0,0,0,0,0,0,0,0,0,0,0,0,0,0,0,0,0
3245,0,0,0,0,1.0589770556706,0,0.907096792539785,0,0,1.80433224463482,4.99662889233558,0,2.81182058009628,2.42177119268632,0,2.16285725883284,2.23220757565714,0,2.04479136359084,0.958710443694007,0,0,0,0,13.0008089351803,0,0,0,0.942897354152491,0,2.15406553226468,4.30222810243932,0,2.4579317630868,0,1.12182576823647,6.09323292385563,0,3.33124704506909,3.76157703569164,0,2.91757054167221,0,3.74132826318984,0,3.21041916469855,1.64812718032645,5.69230943543169,0.796968882581562,1.9551004481122,4.64651366275354,4.42520170735808,4.38715843462657,0.908674980847939
3247,0,0,0,0,0,0,0,0,0,0,0,0,0,0,0,0,0,0,0,0,0,0,0,0,0,0,0,0,0,0,0,0,0,0,0,0,0,0,0,0,0,0,0,0,0,0,0,0.813187062204528,0,0,0,0,0,0
3250,0,0,0,0,1.0589770556706,0,0,0,0.910272793242405,0,0,0,0,0,0,0,1.11610378782857,0,0,0,0,0,0,0,0,0,0,0,0,0,0,1.43407603414644,0,0,0,0,0,0,0,0,0,0,0,0,0,0,0.824063590163226,0,0,0,0,0,0,0.908674980847939
3253,0,0,0,0,0,0,0,0,0,0,0,0,0,0,0,0,0,0,0,0,0,0,0,0,0,0,0,0,0,0,0,0,0,0,0,0,0,0,0,0,0,0,0,0,0,0,0,0,0,0,0,0,0,0
3254,0,0,0,0.978530736118733,0,0,0,0,0,0,0,0,0,0,0,0,0,0,0,0,0,0,0,0,0,0,0,0,0,0,0,0,0,0,0,0,0,0,0,0,0,0,0,0,0,2.14027944313237,0,0,0,0,0,0,0,0
3255,0,0,0,0,0,0,0,0,0,0,0,0,0,0,0,0,0,0,0,0,0,0,0,0,0,0,0,0,0,0,0,0,0,0,0,0,0,0,0,0,0,0,0,0,0,0,0,0,0,0,0,0,0,0
3256,0,0,0,0,0,0.899995498938728,0,0,0,0,4.99662889233558,0,0.937273526698761,0,0,0,0,0,0,0,0,0,0,0,1.08340074459836,0,0.927244667958238,0,0,0,0,0,0,0,0,0,0,0.785723567303718,1.66562352253455,0,2.82928854768498,0,0,0,0,0,0.824063590163226,1.62637412440906,1.59393776516312,0,0,1.47506723578603,0,0.908674980847939
3257,0,0,0,0,0,0,0,0,0,0,0,0,0,0,0,0,0,0,0,0,0,0,0,0,0,0,0,0,0,0,0,0,0,0,0,0,0,0,0,0,0,0,0,0,0,0,0,0,0,0,0,0,0,0
3258,0,0,0,0,0,0,0,0,0,0,0,0,0,0,0,0,0,0,0,0,0,0,0,0,0,0,0,0,0,0,0,0,0,0,0,0,0,0,0,0,0,0,0,0,0,0,0,0,0,0,0,0,0,0
3261,0,0,0,0,0,0,0,0,0,0,0,0,0,0,0,0,0,0,0,0,0,0,0,0,0,0,0,0,0,0,0,0,0,0,0,0,0,0,0,0,0,0,0,0,0,0,0,0,0,0,0,0,0,0
3263,0,0,0,0,0,0,0,0,0,0,0,0,0,0,0,0,0,0,0,0,0,0,0,0,0,0,0,0,0,0,0,0,0,0,0,0,0,0,0,0,0,0,0,0,0,0,0,0,0,0,0,0,0,0
3269,0,0,0,0,0,0,0,0,0,0,0,0,0,0,0,0,0,0,0,0,0,0,0,0,0,0.886581760591582,0,0,0,0,0,0,0,0,0,0,0,0,0,0,0,0,0,0,0,0,0,0,0,0,0,0,0,0
3274,0,0,0,0,0,0,0,0,0,0,0,0,0,0,0,0,0,0,0,0,0,0,0,0,0,0,0.927244667958238,0,0,0,0,0,0.961078869798163,0,0,0,0,0,0,0,0,0,0,0,0,0,0,0,0,0,0,0,0,0
3275,0,0,0,0,0,0,0,0,0,0,0,0,0,0,0,0,0,0,0,0,0,0,0,0,1.08340074459836,0.886581760591582,0,0,0,0,0,0,0,0,0,0,0,0,0,0,0,0,0,0,0,0,0,0,0,0.651700149370734,0,0,0,0
3276,0,0,0,0,0,0,0,0,0,0,0,0,0,0,0,0,0,0,0,0,0,0,0,0,0,0,0,0,0,0,0,0,0,0,0,0,0,0,0,0,0,0,0,0,0,0,0,0,0,0,0,0,0,0
3279,0,0,0,0,0,0,0,0,0,0,0,0,0,0,0,0,0,0,0,0,0,0,0,0,0,0,0,0,0,0,0,0,0,0,0,0,0,0,0,0,0,0,0,0,0,0,0,0,0,0,0,0,0,0
3283,0,0,0,0,0,0,0,0,0,0,0,0,0,0,0,0,0,0,0,0,0,0,0,0,0,0,0,0,0,0,0,0,0,0,0,0,0,0,0,0,0,0,0,0,0,0,0,0,0,0,0,0,0,0
3284,0,0,0,0,0,0,0,0,0,0,0,0,0,0,0,0,0,0,0,0,0,0,0,0,0,0,0,0,0,0,0,0,0,0,0,0,0,0,0,0,0,0,0,0,0,0,0,0,0,0,0,0,0,0
3286,0,0,0,0,0,0,0,0,0,0,0,0,0,0,0,0,0,0,0,0.958710443694007,0,0,0,0,0,0,0,0,0,0,0,0,0,1.6386211753912,0,2.24365153647295,0,0.785723567303718,0,0,0.943096182561662,0,0,0,0,0,0,1.62637412440906,0,0,0,0,0,0
3288,0,0,0,0,0,0,0,0,0,0,0,0,1.87454705339752,0,1.09960085430456,0,0,0,0,0,0,0,0,0,0,0,0.927244667958238,0,0,0,0,0,0,0,0,0,0,0,0,0,0,0,0,0,3.12418501333915,0,0,0,0,0,0,1.47506723578603,0,0
3289,0,0,0,0,0,0,0,0,0,0,0,0,0,0,0,0,0,0,0,0,0,0,0,0,0,0,0,0,0,0,0,0,0,0,0,0,0,0,0,0,0,0,0,0,0,0,0,0,0,0,0,0,0,0
3290,0,0,0,0,0,0,0,0,0,0,0,0,0,0,0,0,0,0.951316857058008,0,0,0,0,0,0,0,0,0,0,0,0,0,0,0,0,0,0,0,0,0,0,0,0,0,0,0,0,0,0,0,0,0,0,0,0
3291,0,0,0,0,0,0,0,0,0,0,0,0,0,0,0,0,0,0,0,0,0,0,0,0,0,0,0,0,0,0,0,0,0,0,0,0,0,0,0,0,0,0,0,0,0,1.07013972156618,0,0,0,0,0,0,0,0
3292,0,0,0,0,0,0,0,0,0,0,0,0,0,0,0,0,0,0,0,0,0,0,0,0,0,0,0,0,0,0,0,0,0,0,0,0,0,0,0,0,0,0,0,0,0,0,0,0,0,0,0,0,0,0
3294,0.903309295076332,0,0,0,0,0,0,2.04481890276149,0,0,0,0,0,0,0,0,0,0,0,0,0.844048885129189,0,0,0,0,0,0,0,0,1.05463621574846,0,0,0,0,0,0,0,0,0,0,0,0,0,0,0,0,0,0,0,0,0,0,0,0
3297,0,0,0,0,0,0,0,1.02240945138075,0,0,0.999325778467116,0,0,0,0,0,0,0,0,0,0,0,0,0,0,0,1.85448933591648,0,0.942897354152491,1.05463621574846,1.07703276613234,0,0,0,0,0,2.43729316954225,0,0,0,0,0,0,0,0,0,0,0,0,0,0,0,0,0
3300,0,0,0,0,0,0,0,0,0,0,0,0,0,0,0,2.16285725883284,0,0,1.02239568179542,0,0,0,0,0,0,0,0.927244667958238,0,0,0,0,0,0.961078869798163,0,0,0,0,0,0,0,0.943096182561662,0,1.22564079061044,0,0,0,0,0,0,0,0,0,1.09678960865664,0.908674980847939
3301,0,0,0,0,0,0,0,0,0,0,0.999325778467116,0,0.937273526698761,0,0,0,0,0.951316857058008,0,0,0,0,0,0,0,0.886581760591582,0,0,0,0,0,0,0,0.819310587695601,0,0,0,0,0,0,0,0,0,0,0,0,0,0,0.796968882581562,0,0.929302732550708,0,0,0
3302,0,0,0,0,0,0,0,0,0,0,0,0,0,0,0,0,0,0,0,0,0,0,0,0,0,0,0,0,0,0,0,0,0.961078869798163,0,0,0,0,0,0,0,0,0.972523513890737,0,0,0,1.07013972156618,0,1.62637412440906,0,0,0,1.47506723578603,0,0
3305,0,0,0,0,0,0,0,0,0,0,0,0,0,0,0,0,0,0,0,0,0,0,0,0,0,0,0,0,0,0,0,0,0,0,0,0,0,0,0,0,0,0,0,0,0,0,0,0,0,0,0,0,0,0
3306,0,0,0,0,0,0,0,0,0,0,0,0,0,0,0,0,0,0,0,0,0,0,0,0,0,0,0,0,0,0,0,0,0,0,0,0,0,0,0,0,0,0,0,0,0,0,0,0,0,0,0,0,0,0
3307,0,0,0,0,0,0,0,0,0,0,0,0,0,0,0,0,0,0,0,0,0,0,0,0,0,0,0,0,0,0,0,0,0,0,0,0,0,0,0,0,0,0,0,0,0,0,0,0,0,0,0,0,0,0
3308,0,0,0,0,0,0,0,0,0,0,0,0,0,0,0,0,0,0,0,0,0,0,0,0,0,0.886581760591582,0,0,0,0,0,0,0,0,0,0,0,0,0,0,0,0,0,0,0,0,0,0,0,0,0,0,0,0
3313,0,0,0,0,0,0,0,0,0,0,0,0,0,0,0,0,0,0,0,0,0,0,0,0,0,0,0,0,0,0,0,0,0,0,0,0,0,0,0,0,0,0,0,0,0,0,0,0,0,0,0,0,0,0
3314,0,1.75307996054507,0,0,0,0,0,0,0,0,0,0,0.937273526698761,0,0,0,0,0,0,0,0,0,0,0,0,0,0,0,0,0,0,0,0.961078869798163,0,0,0,0,0,0,0,0,0,0,0,0,0,0,0,0,0,0,0,0,0
3315,0,0,0,0,0,0,0,0,0,0,0,0,0,0,0,0,0,0,0,0,0,1.03070786942743,0,0,0,0,0,0,0,0,0,0,0,0,0,0,0,0,0,0,0,0,0,0,0,0,0,0,0,0,0,0,0,0
3316,0,0,0,0,0,0.899995498938728,0,0,0,0,0,0,0,0,0,0,0,0,0,0.958710443694007,0,0,1.08216648605602,0,0,0,0,0,0,0,0,0,0,0,0.989404235784912,1.12182576823647,0,0,0,0,0,0.972523513890737,0,0,0,0,0.824063590163226,0,0,0.651700149370734,0,0,0,0
3317,121.043445540229,167.419136232054,61.5410625105004,75.3468666811424,115.428499068095,52.1997389384462,103.409034349535,43.9636064093721,114.694371948543,336.507963624394,147.900215213133,266.532110849389,717.014247924552,162.258669909983,245.210990509916,114.63143471814,176.344398476914,1144.43417904078,828.140502254292,630.831471950656,947.866898000079,41.2283147770971,1782.32820253427,14.7362895886736,370.523054652639,71.8131226079182,1141.43818625659,1178.99321193246,37.7158941660996,105.463621574846,334.957190267157,63.0993455024433,135.512120641541,640.70087957796,30.6715313093323,79.6496295447896,116.990072138028,165.787672701085,201.54044622668,13.7924491308694,390.441819580528,197.42227331982,55.1538355774699,31.8012902371136,79.6667178401483,69.559081901802,129.377983655627,484.659489073898,139.469554451773,620.418542200939,58.5460721506946,51.627353252511,495.748903112802,67.2419485827475
3318,0,0,0,0,0,0,0,0,0,0,2.99797733540135,0,0.937273526698761,0,0,0,0,0,0,0,0,0,0,0,0,0.886581760591582,0,6.90816335116678,0,0,0,27.2474446487823,0,0,0,1.12182576823647,0,0,0,0,0,0,0,0,0,0,0,0,0,0,0,0,0,0
3319,1.80661859015266,0.876539980272536,0,0,0,0,0,0,0,0,0,0,0,0,0,1.08142862941642,0,0,0,0,0,0,2.16433297211204,0,0,0,0,1.1513605585278,0,0,0,0,0,0,0,0,0,0,0,0,0,0,0,0,0,0,0,0,0,0,0,1.47506723578603,0,0
3320,9.93640224583965,0.876539980272536,3.12920656833053,0.978530736118733,2.11795411134119,0.899995498938728,2.72129037761935,1.02240945138075,6.37190955269683,0.902166122317409,1.99865155693423,0.663015201117883,2.81182058009628,0,0,1.08142862941642,0,0.951316857058008,0,0,0,0,0,0,2.16680148919672,0,0,3.45408167558339,1.88579470830498,0,0,0,0,0,0,0,0,0,0,0,9.43096182561662,0,0,0,0,0,0.824063590163226,0,0.796968882581562,0,1.85860546510142,0,0,0.908674980847939
3321,0,0,0,0,0,0,0,0,0,0,0,0,0,0,0,0,0,0,0,0.958710443694007,0,0,0,0,0,0,0.927244667958238,0,0,0,0,0,0,0,0,0,0,0,0,0,0,0,0,0,0,0,0,0,0,0,0,0,0,0
3322,0,0,0,0,0,0,0,0,0,0.902166122317409,0,0,0,0,0,0,0,0,0,0,0,0,0,0,2.16680148919672,0,0,0,0,0,0,0,0,0,0,0,0,1.57144713460744,0,0,0,0,0,0,0,0,0,0.813187062204528,0,0,0,0,0,0
3323,0,0.876539980272536,0,0,0,0,0,0,0,0,0,0,0,0,0,0,0,0,0,0,0,0,0,0,0,0,0,0,0,0,0,0,0,0,0,0,0,0,0,0,0,0,0,0,0,0,0,0,0,0,0,0,0,0
3326,0,0,0,0,0,0.899995498938728,0,0,0,0,0,0,0,0,0,0,0,0,0,0,0,0,0,0,0,0,0,0,0,0,0,0,0,0,0,0,0,0,0,0,0,0,0,0,0,0,0,0,0,0,0,0,0,0
3328,0,0,0,0,0,0,0,0,0,0,0,0,0,0,0,0,0,0,0,0,0,0,0,0,0,0,0,0,0,0,0,0,0,0,0,0,0,0,0,0,0,0,0,0,0,0,0,0,0,0,0,0,0,0
3334,0,0,0,0,0,0.899995498938728,0,0,0,0,0,0,0,0,0,0,0,0,0,0,0,0,0,0,0,0,0,0,1.88579470830498,0,0,0,0,0.819310587695601,0.989404235784912,0,0,0,0,0,0,0,0,0,1.56209250666957,0,0,0,0,0,0,0,1.09678960865664,0
3335,0,1.75307996054507,0,0,0,0,0,4.08963780552298,0,1.80433224463482,0,0.663015201117883,0,0,1.09960085430456,1.08142862941642,2.23220757565714,1.90263371411602,2.04479136359084,0.958710443694007,0.844048885129189,2.06141573885485,1.08216648605602,3.6840723971684,0,0.886581760591582,0,1.1513605585278,0,2.10927243149693,0,0,0,1.6386211753912,0,0,3.65593975431338,1.57144713460744,0.832811761267273,0,2.82928854768498,0,1.22564079061044,0.93533206579746,0,1.07013972156618,2.47219077048968,0,0,1.30340029874147,1.85860546510142,0,0,0
3338,0,0,0,0,0,0,0,0,0,0,0,0,0,0,0,0,0,0,0,0,0,0,0,0,0,0,0,0,0,0,0,0,0,0,0,0,0,0,0,0,0,0,0,0,0,0,0,0,0,0,0,0,0,0
3339,0,0,0,0,0,0,0,0,0,0,0,0,0,0,0,0,0,0,0,0,0,0,0,0,0,0,1.85448933591648,1.1513605585278,0,0,0,0,0,0,0,0,0,0,0,0,0,0,0,0,0,1.07013972156618,0.824063590163226,0,0,0,0,0,0,0
3340,0.903309295076332,1.75307996054507,3.12920656833053,0,0,0.899995498938728,0,1.02240945138075,2.73081837972721,0,1.99865155693423,3.31507600558942,1.87454705339752,1.21088559634316,1.09960085430456,0,0,1.90263371411602,1.02239568179542,0.958710443694007,0.844048885129189,0,1.08216648605602,0,2.16680148919672,0,4.63622333979119,0,0,0,2.15406553226468,1.43407603414644,0,0.819310587695601,0.989404235784912,0,1.21864658477113,1.57144713460744,0,0,0.943096182561662,0,1.22564079061044,0,1.56209250666957,4.28055888626474,0.824063590163226,0,0,1.9551004481122,0,0,1.09678960865664,0.908674980847939
3341,21.679423081832,34.1850592306289,35.464341107746,9.78530736118733,14.8256787793883,24.2998784713457,23.5845166060344,3.06722835414224,16.3849102783633,24.3584853025701,16.988538233941,55.6932768939022,17.8081970072765,23.00682633052,16.4940128145683,14.0585721824135,10.0449340904571,9.51316857058008,17.3807265905222,25.8851819797382,44.734590911847,15.4606180414114,19.4789967490084,24.5604826477893,8.66720595678687,29.2571980995222,8.34520201162414,74.8384363043068,16.9721523747448,11.6009983732331,8.61626212905871,5.73630413658576,2.88323660939449,11.4703482277384,10.883446593634,5.60912884118237,2.43729316954225,20.4288127498967,8.32811761267273,7.52315407138328,14.1464427384249,16.5328997361425,11.030767115494,3.74132826318984,9.37255504001745,8.56111777252948,4.94438154097936,4.06593531102264,8.76665770839718,10.4272023899317,13.9395409882606,5.90026894314411,8.77431686925313,8.17807482763145
3342,0,0,0,0,0,0,0,0,0,0,0,0,0,0,0,0,0,0,0,0,0,0,0,0,0,0,0,0,0,0,0,0,0,0,0,0,0,0,0,0,0,0,0,0,0,0,0,0,0,0,0,0,0,0
3344,0,7.01231984218029,2.08613771222035,5.8711844167124,0,2.69998649681618,2.72129037761935,5.11204725690373,10.9232735189089,1.80433224463482,1.99865155693423,7.9561824134146,5.62364116019257,3.63265678902947,5.49800427152278,2.16285725883284,3.34831136348571,2.85395057117402,4.08958272718169,4.79355221847003,3.37619554051675,2.06141573885485,3.24649945816807,8.59616892672627,1.08340074459836,4.43290880295791,0.927244667958238,6.90816335116678,2.82869206245747,3.16390864724539,5.38516383066169,1.43407603414644,1.92215773959633,4.096552938478,3.95761694313965,0,0,5.50006497112603,3.33124704506909,2.50771802379443,0.943096182561662,1.94504702778147,1.22564079061044,4.6766603289873,4.68627752000872,2.14027944313237,3.29625436065291,7.31868355984075,2.39090664774469,0.651700149370734,4.64651366275354,4.42520170735808,2.19357921731328,3.63469992339175
3346,0.903309295076332,0,0,0,0,0,0,0,0,0,0,0,0,1.21088559634316,0,0,0,0,0,0,0.844048885129189,0,0,0,1.08340074459836,0,0,0,0,0,1.07703276613234,0,0,0,0,0,0,0,0,2.50771802379443,0,3.89009405556295,0,0,0,0,0,2.43956118661358,0,0.651700149370734,0,0,1.09678960865664,0.908674980847939
3349,0,0,0,0,0,0,0,0,0,0,0,0,0,0,0,0,0,0,0,0,0,0,0,0,0,0,0,0,0,0,0,0,0,0,0,0,0,0,0,0,0,0,0,0,0,0,0,0,0,0,0,0,0,0
3350,0,0,0,0,0,0,0,0,0,0,0,0,0,0,0,0,0,0,0,0,0,0,0,0,0,0,0,0,0,0,0,0,0,0,0,0,0,0,0,0,0,0,0,0,0,0,0,0,0,0,0,0,0,0
3351,0,0,0,0,0,0,0,0,0,0,0,0,0,0,0,0,0,0,0,0,0,0,0,0,0,0,0,0,0,0,0,0,0,0,0,0,0,0,0,0,0,0,0,0,0,0,0,0,0,0,0,0,0,0
3353,0,0,0,0,0,0,0,0,0,0.902166122317409,0,0,0,0,0,0,0,0,0,0,0,0,0,0,0,0,0,0,0,0,0,0,0,0,0,0,0,0,0,0,0,0,0,0,0,0,0,0,0,0,0,0,0,0
3355,0,0,0,0,0,0,0,0,0,0,0,0,0,0,0,0,0,0,0,0,0,0,0,0,0,0,0,0,0,0,0,0,0,0,0,0,0,0,0,0,0,0,0,0,0,0,0,0,0,0,0,0,0,0
3358,0,0,0,0,0,0,0,0,0,0,0,0,0,0,0,0,0,0,0,0,0,0,0,0,0,0,0,0,0,0,0,0,0,0,0,0,0,0,0,0,0,0,0,0,0,0,0,0,0,0,0,0,0,0
3363,0,0,0,0,0,0,0,0,0,3.60866448926964,0.999325778467116,0,0.937273526698761,0,0,0,0,0,0,0,0.844048885129189,0,0,0,0,0,0,0,0,0,0,2.86815206829288,0,0,0,1.12182576823647,1.21864658477113,0,0,0,0,0,0,0,0,0,0.824063590163226,0,0,0,0,0,0,0
3364,0.903309295076332,0,0,0,0,0,0,0,0,0,0,0,0,0,0,0,0,0,0,0,0,0,0,0,0,0,0,0,0,0,0,0,0,0,0,0,0,0,0,0,0,0,0,0,0,0,0,0,0,0,0,0,1.09678960865664,0
3365,0.903309295076332,0,0,0.978530736118733,0,0,0,1.02240945138075,0,0,1.99865155693423,0.663015201117883,0,2.42177119268632,0,0,0,0,0,0,0,0,1.08216648605602,0,1.08340074459836,0,2.78173400387471,0,0.942897354152491,0,0,0,0.961078869798163,0,0,0,0,0,0,1.25385901189721,0,0.972523513890737,1.22564079061044,1.87066413159492,0,0,0,1.62637412440906,0,0.651700149370734,3.71721093020283,0,0,3.63469992339175
3366,0,0,0,0,0,0,0,0,0.910272793242405,0,0.999325778467116,0,0.937273526698761,0,0,0,1.11610378782857,2.85395057117402,4.08958272718169,0,0.844048885129189,0,1.08216648605602,0,4.33360297839344,0,3.70897867183295,0,0,0,0,0,0,0,0,0,0,0,0,0,0,0,0,0,0,0,0,0,0,0,0,1.47506723578603,3.29036882596993,0
3367,0,0,0,0,0,0,0,0,0,0,0,0,0,0,0,0,0,0,0,0,0,0,0,0,0,0,0,0,0,0,0,0,0.961078869798163,0,0,0,0,0,0,0,0,1.94504702778147,0,0,0,0,0.824063590163226,0,0,0,0,0,1.09678960865664,0
3370,0.903309295076332,0,0,0,0,0,0,0,0,0,0,0.663015201117883,0,0,0,0,0,0,0,0,0,0,0,0,0,0.886581760591582,0,0,0,0,0,0,0,0.819310587695601,0,0,2.43729316954225,0,0.832811761267273,0,0.943096182561662,0,0,0,0,0,0,0.813187062204528,0,0,0,0,2.19357921731328,0
3371,0,0,0,0,0,0,0,0,0,0,0,0,0,0,0,0,0,0,0,0,0,0,0,0,0,0,0,0,0,0,0,0,0,0,0,0,0,0,0,0,0,0,0,0,0,0,0,0,0,0,0,0,0,0
3372,0.903309295076332,0,0,0,0,0.899995498938728,0,0,3.64109117296962,0,0,1.32603040223577,0.937273526698761,0,1.09960085430456,0,0,1.90263371411602,3.06718704538627,0.958710443694007,0.844048885129189,2.06141573885485,3.24649945816807,1.22802413238947,0,0,0,2.30272111705559,0.942897354152491,0,1.07703276613234,0,0,0,0.989404235784912,0,0,0,0,1.25385901189721,0.943096182561662,0.972523513890737,0,0,1.56209250666957,1.07013972156618,0.824063590163226,1.62637412440906,1.59393776516312,0.651700149370734,0,0,0,0
3375,0,0,0,0,0,0,0,0,0,0,0,0,0,0,1.09960085430456,0,0,0,0,0,0,0,0,0,0,0,0,0,0,0,0,0,0,0,0,0,0,0,0,0,0,0,0,0,0,0,0,0,0,0,0,0,0,0
3379,1.80661859015266,0.876539980272536,0,0.978530736118733,3.17693116701179,0,0,0,0,0,2.99797733540135,0,0,0,0,0,0,0,1.02239568179542,0,0.844048885129189,0,0,2.45604826477893,2.16680148919672,1.77316352118316,0.927244667958238,0,0,0,0,40.1541289561003,0.961078869798163,0,0,0,0,1.57144713460744,5.82968232887091,0,1.88619236512332,0,1.22564079061044,0,0,0,1.64812718032645,0.813187062204528,0,1.30340029874147,1.85860546510142,0,3.29036882596993,0
3380,1.80661859015266,0.876539980272536,1.04306885611018,0,0,0.899995498938728,0.907096792539785,1.02240945138075,1.82054558648481,0,0.999325778467116,0,0.937273526698761,3.63265678902947,0,1.08142862941642,1.11610378782857,0,1.02239568179542,0,2.53214665538757,0,1.08216648605602,3.6840723971684,3.25020223379508,4.43290880295791,0.927244667958238,3.45408167558339,5.65738412491494,1.05463621574846,0,34.4178248195145,8.64970982818347,1.6386211753912,0.989404235784912,0,1.21864658477113,2.35717070191115,3.33124704506909,0,1.88619236512332,0,0,0,0,1.07013972156618,0,1.62637412440906,0,0,0.929302732550708,0,1.09678960865664,2.72602494254382
3382,0.903309295076332,0,1.04306885611018,0,0,0,0,0,1.82054558648481,1.80433224463482,1.99865155693423,1.32603040223577,0.937273526698761,1.21088559634316,0,0,3.34831136348571,0,0,0,0,0,1.08216648605602,0,4.33360297839344,1.77316352118316,1.85448933591648,1.1513605585278,0,0,1.07703276613234,71.703801707322,1.92215773959633,0.819310587695601,0.989404235784912,0,1.21864658477113,1.57144713460744,1.66562352253455,0,0,0,0,0,0,0,0,0.813187062204528,0,1.30340029874147,0,0,0,0
3383,0,0.876539980272536,0,0,0,0,0,0,0,0,0,0,0,0,0,0,0,0.951316857058008,0,0,0,1.03070786942743,0,0,0,0,0,0,0,0,0,0,0,0,0,0,0,0,0,0,0,0,0,0,1.56209250666957,0,0,0,0,0,0,0,0,0
3385,0,0,0,0,0,0,0,0,0,0,0,0,0,0,0,0,0,0,0,0,0,0,0,0,0,0,0,0,0,0,0,0,0,0,0,0,0,0,0,0,0,0,0,0,0,0,0,0,0,0,0,0,0,0
3386,0,0,0,0,0,0,0,0,0,0,0,0,0,0,0,0,0,0,0,0,0,0,0,0,0,0,0,0,0,0,0,0,0,0,0,0,0,0,0,0,0,0,0,0,0,0,0,0,0,0,0,0,0,0
3387,14.4529487212213,11.395019743543,7.30148199277123,0.978530736118733,0,4.49997749469364,8.16387113285806,2.04481890276149,7.28218234593924,9.9238273454915,11.9919093416054,7.29316721229671,35.6163940145529,20.5850551378337,70.3744546754916,12.977143552997,13.3932454539428,19.9776539982182,17.3807265905222,17.2567879864921,13.504782162067,9.27637082484684,113.627481035882,13.5082654562841,4.33360297839344,18.6182169724232,14.8359146873318,23.0272111705559,9.42897354152491,10.5463621574846,24.7717536210438,4.30222810243932,12.4940253073761,35.2303552709108,8.90463812206421,5.60912884118237,13.4051124324824,14.9287477787706,16.6562352253455,31.3464752974303,56.5857709536997,14.5878527083611,14.7076894873253,6.54732446058222,12.4967400533566,18.1923752666251,43.675370278651,25.2087989283404,22.3151287122837,46.2707106053221,13.9395409882606,2.95013447157206,24.1293713904461,29.077599387134
3388,0,0,0,0,0,0,0,0,0,0,0,0,0,0,0,0,0,0,0,0,0,0,0,0,0,0,0,0,0,0,0,0,0,0,0,0,0,0,0,0,0,0,0,0,0,0,0,0,0,0,0,0,0,0
3389,0,0,0,0,0,0,0,0,0,0.902166122317409,1.99865155693423,0,0,0,0,0,1.11610378782857,0,0,0,0,0,0,0,1.08340074459836,0,0,2.30272111705559,0,0,0,1.43407603414644,0,0,0,0,0,0,0,0,0.943096182561662,0,0,0,0,0,0,0,0,0,0,0,0,0
3392,0,0.876539980272536,0,0.978530736118733,0,0,0,0,0.910272793242405,0.902166122317409,0,0.663015201117883,0,0,1.09960085430456,0,0,0,1.02239568179542,0,0.844048885129189,0,1.08216648605602,2.45604826477893,1.08340074459836,0,0,0,0,0,1.07703276613234,0,0.961078869798163,0,0,0,0,0,0.832811761267273,0,0,0.972523513890737,0,0.93533206579746,0,0,0,1.62637412440906,0,0.651700149370734,0,1.47506723578603,0,0
3393,0,0,0,0,0,0.899995498938728,0,1.02240945138075,0,0,1.99865155693423,0.663015201117883,0,0,1.09960085430456,0,0,0,1.02239568179542,1.91742088738801,0,0,0,0,0,1.77316352118316,0,0,0,0,0,0,0.961078869798163,0.819310587695601,0.989404235784912,2.24365153647295,4.87458633908451,0,0,3.76157703569164,0.943096182561662,0.972523513890737,0,0,0,0,0,0,1.59393776516312,0,2.78790819765212,1.47506723578603,1.09678960865664,1.81734996169588
3394,0,0,0,0,0,0,0,0,0,0,0,0,0,0,0,0,0,0,0,0.958710443694007,0,0,0,0,1.08340074459836,0,0,0,0,0,0,0,0,0,0,0,0,0,0,0,0,0,0,0,0,0,0,0,0,0,0,0,0,0
3395,0,0,0,0,0,0,0,0,0,0,0,0,0,0,0,0,0,0,0,0,0.844048885129189,1.03070786942743,0,0,0,0,0,0,0,0,0,0,0,0,0,0,0,0,0,0,0,0,0,0,0,0,0,0,0,0,0,0,0,0
3397,0,0,0,0,0,0,0,0,0,0,0.999325778467116,5.96713681006095,1.87454705339752,0,9.896407688741,4.32571451766568,5.58051893914285,0.951316857058008,6.13437409077253,1.91742088738801,0,5.15353934713713,1.08216648605602,8.59616892672627,2.16680148919672,2.65974528177475,0.927244667958238,4.60544223411119,4.71448677076245,2.10927243149693,5.38516383066169,2.86815206829288,0,0.819310587695601,1.97880847156982,0,3.65593975431338,3.92861783651859,2.49843528380182,0,0,4.86261756945369,1.22564079061044,0.93533206579746,1.56209250666957,7.49097805096329,1.64812718032645,0,3.18787553032625,1.30340029874147,5.57581639530425,1.47506723578603,0,2.72602494254382
3400,0,0,0,0,0,0,0,0,0,0,0,0,0,0,0,0,0,0,0,0,0,0,0,0,0,0,0,0,0,0,0,0,0,0,0,0,0,0,0,0,0,0,0,0,0,0,0,0,0,0,0,0,0,0
3401,0,0,1.04306885611018,0,0,0,0,0,0,0,0,0,0,0,0,0,0,0,0,0,0,0,0,0,0,0,0,0,0,0,2.15406553226468,0,0,0,0,0,0,0,0,0,0,0,0,0,0,0,0,0.813187062204528,0,0.651700149370734,0,0,0,0
3403,0,0,0,0,0,0,0,0,0,0,0,0,0,0,0,0,0,0,0,0,0,0,0,0,0,0,0,0,0,1.05463621574846,0,0,0,0,0,0,0,0,0,0,0,0,0,0,0,0,0,0,0,0,0,0,0,0
3405,0,0,0,0,0,0,0,0,0,0,0,0,0,0,0,0,0,0,0,0,0,0,0,0,0,0,0,0,0,0,0,0,0,0,0,0,0,0,0,0,0,0,0,0,0,0,0,0,0,0,0,0,0,0
3406,6.32316506553433,5.25923988163522,1.04306885611018,2.9355922083562,2.11795411134119,1.79999099787746,6.34967754777849,2.04481890276149,10.0130007256665,6.31516285622187,1.99865155693423,5.96713681006095,6.56091468689133,6.05442798171579,6.59760512582734,3.24428588824926,3.34831136348571,6.65921799940605,1.02239568179542,1.91742088738801,9.28453773642107,2.06141573885485,1.08216648605602,4.91209652955787,6.50040446759016,4.43290880295791,1.85448933591648,1.1513605585278,2.82869206245747,9.49172594173618,5.38516383066169,7.1703801707322,2.88323660939449,5.7351741138692,5.93642541470947,4.48730307294589,3.65593975431338,8.6429592403409,4.16405880633637,2.50771802379443,2.82928854768498,4.86261756945369,2.45128158122089,0.93533206579746,3.12418501333915,4.28055888626474,4.12031795081613,9.75824474645433,5.57878217807093,3.9102008962244,6.50511912785496,0,2.19357921731328,0.908674980847939
3407,0,0,0,0,0,0,0,0,0,0,0,0,0,0,0,0,0,0,1.02239568179542,0,0,0,0,0,0,0,0,0,0,1.05463621574846,0,0,0,0,0,0,0,0,0,0,0,0,0,0,0,2.14027944313237,0,0,0,0,0,0,0,0
3408,0,0,0,0,0,0,0,0,0,0,0,0,0,0,0,0,0,0,0,0,0,0,0,0,0,0,0,0,0,0,0,0,0,0,0,0,0,0,0,0,0,0,0,0,0,0,0,0,0,0,0,0,0,0
3409,74.0713621962592,25.4196594279036,46.9380985249579,19.5706147223747,38.1231740041415,48.5997569426913,54.4258075523871,55.2101103745603,49.1547308350899,72.1732897853928,18.9871897908752,33.1507600558942,19.682744060674,29.0612543122358,20.8924162317866,36.7685734001583,25.6703871200571,30.4421394258562,34.7614531810443,22.0503402049622,32.9179065200384,41.2283147770971,66.0121556494174,31.9286274421261,27.085018614959,43.4425062689875,12.0541806834571,34.5408167558339,29.2298179787272,45.349357277184,19.3865897903821,4.30222810243932,47.09286462011,46.7007034986492,24.7351058946228,70.6750233988978,17.0610521867958,29.0717719902376,31.6468469281564,38.8696293688136,18.8619236512332,26.2581348750499,30.6410197652611,21.5126375133416,24.9934801067132,26.7534930391546,67.5732143933846,40.6593531102264,32.675724185844,66.4734152358149,29.7376874416227,16.2257395936463,10.9678960865664,30.8949493488299
3411,0,0.876539980272536,0,0,0,0,0,0,0,0,0,0.663015201117883,0,0,1.09960085430456,0,0,0,0,0.958710443694007,0,0,0,0,0,0,0,2.30272111705559,0,0,1.07703276613234,0,0,0.819310587695601,0,2.24365153647295,0,0.785723567303718,0,1.25385901189721,0,0,0,0,0,0,0,0,0,0,0,1.47506723578603,1.09678960865664,0.908674980847939
3413,0.903309295076332,0.876539980272536,0,0,0,1.79999099787746,0,0,0,0,0,0,0,2.42177119268632,0,1.08142862941642,1.11610378782857,1.90263371411602,0,0.958710443694007,0,0,0,0,0,0,0,0,0.942897354152491,2.10927243149693,0,0,0,0,0,0,0,0,0,0,0,0,0,0,0,0,0.824063590163226,0,0,0,0,0,0,0
3415,0,0,0,0,0,0,0,0,0,0,0,0,0,0,0,0,0,0,0,0,0,0,0,0,0,0,0,0,0,0,0,0,0,0,0,0,0,0,0,0,0,0,0,0,0,0,0,0,0,0,0,0,0,0
3417,0,0,0,0,0,0,0,0,0,0.902166122317409,0,0,0,0,0,0,0,0,0,0,0,1.03070786942743,0,0,0,0,0,0,0,0,0,0,0,0,0,0,0,0,0,1.25385901189721,0,0,0,0,0,0,0,0,0,0,0,1.47506723578603,0,0
3420,0,0,0,0,0,0,0,0,0,0,0,0,0.937273526698761,1.21088559634316,0,0,0,0,0,0,0,0,0,0,0,0,0,2.30272111705559,0,0,0,0,0,0.819310587695601,0,0,2.43729316954225,0,0,0,0,0,0,0,0,0,0,0,0,0,0,0,0,0.908674980847939
3421,0,0,0,0,0,0,0,0,0,0,0,0,0,0,0,0,0,0,0,0,0,0,0,0,0,0,0,0,0,0,0,0,0,0,0,0,0,0,0,0,0,0,0,0,0,0,0,0,0,0,0,0,0,0
3422,0,0,0,0,0,0,0,0,0,0,0,0,0,0,0,0,0,0,0,0,0,0,0,0,0,0,0,0,0,0,0,0,0,0,0,0,0,0,0,0,0,0,0,0,0,0,0,0,0,0,0,0,0,0
3423,0,0,0,0,0,0,0,0,0,0,0,0,0,0,0,0,0,0,0,0,0,0,0,0,0,0,0,0,0,0,0,0,0,0,0,0,0,0,0,0,0,0,0,0,0,0,0,0,0,0,0,0,0,0
3425,0,0,0,0,0,0,0,0,0,0.902166122317409,0,0,0,0,1.09960085430456,0,0,0,0,0,0,0,0,0,0,0,0,0,0,0,0,0,0,0,0,0,0,0,0,0,0,0,0,0,0,0,0,0,0,0,0,0,0,0
3427,0,0,0,0,0,0,0,0,0,0,0,0,0,0,0,0,0,0,0,0,0,0,0,0,0,0,0,0,0,0,0,0,0,0,0,0,0,0,0,0,0,0,0,0,0,0,0,0,0,0,0,0,0,0
3430,0,0,0,0,0,0,0,0,0,0,0,0.663015201117883,0,0,0,0,0,0,0,0,0.844048885129189,0,1.08216648605602,0,0,0,0,0,0,0,0,0,0,0,0,0,0,0,0,0,0,0,0,0,0,0,0,0,0,0,0,0,1.09678960865664,0
3431,0,0,0,0,0,0,0,1.02240945138075,0,0,5.9959546708027,0,4.68636763349381,0,1.09960085430456,0,0,5.70790114234805,5.11197840897711,1.91742088738801,0.844048885129189,0,1.08216648605602,0,0,0,0,0,0.942897354152491,0,0,0,0,0,0,0,0,0,0,1.25385901189721,0,0,1.22564079061044,1.87066413159492,0,0,0,1.62637412440906,0.796968882581562,0.651700149370734,0.929302732550708,0,0,0
3432,0,0,0,0,0,0,0,0,0,0,0,0,0,0,0,0,0,0,0,0,0,0,0,0,0,0,0,0,0,0,0,0,0,0,0,0,0,0,0,0,0,0,0,0,0,0,0,0,0,0,0,0,0,0
3433,0,0,0,0,0,0,0,0,0,0,0,0,0,0,0,0,0,0,0,0,0,0,0,0,0,0,0,0,0,0,0,0,0,0,0,0,0,0,0,0,0,0,0,0,0,0,0,0,0,0,0,0,0,0
3434,0,0,0,0,0,0,0,0,0,0,0,0,0,0,0,0,0,0,0,0,0,0,0,0,0,0,0,0,0,0,0,0,0,0,0,0,0,0,0,0,0,0,0,0,0,0,0,0,0,0,0,0,0,0
3436,0,0,0,0,0,0,0,0,0,0,0,0,0,0,0,0,0,0,0,0,0,0,0,0,0,0,0,0,0,0,0,0,0,0,0,0,0,0,0,0,0,0,0,0,0,0,0,0,0,0,0,0,0,0
3439,0,0,0,0,0,0,0,0,0,0,0,0,0,0,0,0,0,0,0,0,0,0,0,0,0,0,0,0,0,0,0,0,0,0,0,0,0,0,0,0,0,0,0,0,0,0,0,0,0,0,0,0,0,0
3441,0,0,0,0,0,0,0,0,0,0,0,0,0,0,0,0,0,0,0,0,0,0,0,0,0,0,0,0,0,0,0,0,0,0,0,0,0,0,0,0,0,0,0,0,0,0,0,0,0,0,0,0,0,0
3442,0,0,0,0,0,0,0,0,0,0,0,0,0,0,0,0,0,0,0,0,0,0,0,0,0,0,0,0,0,0,0,0,0,0,0,0,0,0,0,0,0,0,0,0,0,0,0,0,0,0,0,0,0,0
3443,0,0,0,0,0,0,0,0,0,0.902166122317409,0,0.663015201117883,1.87454705339752,1.21088559634316,2.19920170860911,0,0,0,0,0,0,0,0,0,0,0,0,0,0,0,0,0,0,0,0,0,0,0,0,0,0,0,0,0,1.56209250666957,0,0,0,0.796968882581562,0,0,1.47506723578603,0,0.908674980847939
3445,0,0,0,0,0,0,0,0,0,0,0,0,0,0,0,0,0,0,0,0,0,0,0,0,0,0,0,0,0,0,0,0,0,0,0,0,0,0,0,0,0,0,0,0,0,0,0,0,0,0,0,0,0,0
3448,0,0,0,0,0,0,0,0,0,0,0,0,0,0,0,0,0,0,0,0,0,0,0,0,0,0,0,0,0,0,0,0,0,0,0,0,0,0,0,1.25385901189721,0,0,0,0,0,0,0,0,0,0,0,0,0,0
3449,0,0,0,0,0,0,0,0,0,0,0,0,0,0,0,0,0,0,0,0,0,0,0,0,0,0,0,0,0,0,0,0,0,0,0,0,0,0,0,0,0,0,0,0,0,0,0,0,0,0,0,0,0,0
3451,0,0,0,0,0,0,0,0,0,0,0,0,0,1.21088559634316,0,0,0,0,0,0,0,0,0,0,0,0,0,0,0,1.05463621574846,0,0,0,0,0.989404235784912,0,0,0,0,0,0,0.972523513890737,0,0,0,0,0,0,0,0,0,0,0,0
3452,0,0,0,0,1.0589770556706,0,0,0,0,0.902166122317409,0,0,0,0,0,0,0,0,0,0,0,0,0,1.22802413238947,0,0,0,0,0,0,0,0,0,0,0,0,0,0,0,0,0,0,0,0,0,0,0,0,0,0,0,0,0,0
3456,0,0,0,0,0,0,0,0,0,0,0,0,0,0,0,0,0,0,0,0,0,0,0,0,0,0,0,0,0,0,0,0,0,0,0,0,0,0,0,0,0,0,0,0,0,0,0,0,0,0,0,0,0,0
3458,0,0,0,0,0,0,0,0,0,0,0,0,0,0,0,0,0,0,0,0,0,0,0,0,0,0,0,0,0,0,0,0,0,0,0,0,0,0,0,0,0,0,0,0,0,0,0,0,0,0,0,0,0,0
3459,0,0,0,0,0,0,0,0,0,0,0,0,0,0,0,0,0,0,0,0,0,0,0,0,0,0,0,0,0,0,0,0,0,0,0,0,0,0,0,0,0,0,0,0,0,0,0,0,0,0,0,0,0,0
3461,0,0,0,0,0,0,0,0,0,0,0,0,0,0,0,0,0,0,0,0,0,0,0,0,0,0,0,0,0,0,0,0,0,0,0,0,0,0,0,0,0,0,0,0,0,0,0,0,0,0,0,0,0,0
3466,0,0,0,0,0,0,0,0,0,0,0,0,0,0,0,0,0,0,0,0,0,0,0,0,0,0,0,0,0,0,0,0,0,0,0,0,0,0,0,0,0,0,0,0,0,0,0,0,0,0,0,0,0,0
3468,0,0,0,0,0,0,0,0,0,0,0,0,0,0,0,0,0,0,0,0,0,0,0,0,0,0,0,0,0,0,0,0,0,0,0,0,0,0,0,0,0,0,0,0,0,0,0,0,0,0,0,0,0,0
3470,0,0,0,0,0,0,0,0,0,0,0,0,0,0,0,0,0,0,0,0,0,0,0,0,0,0,0,0,0,0,0,0,0,0,0,0,0,0,0,0,0,0,0,0,0,0,0,0,0,0,0,0,0,0
3471,0,0,0,0,0,0,0,0,0,0,0,0,0,0,0,0,0,0,0,0,0,0,0,0,0,0,0,0,0,0,0,0,0,0,0,0,0,0,0,0,0,0,0,0,0,0,0,0,0,0,0,0,0,0
3473,0,0,0,0,0,0,0,0,0,0,0,0,0,0,0,0,0,0,0,0,0,0,0,0,0,0,0,0,0,0,0,0,0,0,0,0,0,0,0,0,0,0,0,0,0,0,0,0,0,0,0,0,0,0
3475,0,0,0,0,0,0,0,0,0,0,0,0,0,0,0,0,0,0,0,0,0,0,0,0,0,0,0,0,0,0,0,0,0,0,0,0,0,0,0,0,0,0,0,0,0,0,0,0,0,0,0,0,0,0
3478,0,0,0,0,0,0,0,0,0,0,0,0,0,0,0,0,0,0,0,0,0,0,0,0,0,0,0,0,0,0,0,0,0,0,0,0,0,0,0,0,0,0,0,0,0,0,0,0,0,0,0,0,0,0
3489,0,0,0,0,0,0,0,0,0,0,0,0,0,0,0,0,0,0,0,0,0,0,0,0,0,0,0,0,0,0,0,0,0,0,0,0,0,0,0,0,0,0,0,0,0,0,0,0,0,0,0,0,0,0
3490,0,0,0,0,0,0,1.81419358507957,0,0,0,0,0,0,0,0,0,0,0,0,0,0,0,0,0,0,0,0,0,0,0,0,0,0,0,0,0,0,0,0,0,0,0,0,0,0,0,0,0,0,0,0,0,0,0
3491,0,0,0,0,0,0,0,0,0,0,0,0,0,0,0,0,0,0,0,0,0,0,0,0,0,0,0,0,0,0,1.07703276613234,0,0,0,0,0,0,0,0,0,0,0,0,0,0,0,0,0,0.796968882581562,0.651700149370734,0,0,0,0.908674980847939
3492,0,0,0,0,0,0,0,0,0,0,0,0,0,0,0,0,0,0,0,0,0,0,0,0,0,0,0,0,0,0,0,0,0,0,0,0,0,0,0,0,0,0,0,0,0,0,0,0,0,0,0,0,0,0
3495,0,0,0,0,0,0,0,0,0,0,0,0,0,0,0,0,0,0,0,0,0,0,0,0,0,0,0,0,0,0,0,0,0,0,0,0,0,0,0,0,0,0,0,0,0,0,0,0,0,0,0,0,0,0
3497,0,0,0,0,0,0,0,0,0,0,0,0,0,0,0,0,0,0,0,0,0,0,0,0,0,0,0,0,0,0,0,0,0,0,0,0,0,0,0,0,0,0,0,0,0,0,0,0,0,0,0,0,0,0
3498,0,0,0,0,0,0,0,0,0,0,0,0,0,0,0,0,0,0,0,0,0,0,0,0,0,0,0,0,0,0,0,0,0,0,0,0,0,0,0,0,0,0,0,0,0,0,0,0,0,0,0,0,0,0
3503,21.679423081832,9.6419397829979,12.5168262733221,16.6350225140185,27.5334034474355,10.7999459872647,15.4206454731763,3.06722835414224,22.7568198310601,5.41299673390446,7.99460622773693,8.61919761453248,23.431838167469,43.5918814683537,23.0916179403957,15.1400008118299,4.46441515131428,19.0263371411602,13.2911438633405,1.91742088738801,7.5964399661627,35.0440675605325,7.57516540239216,34.3846757069051,0,7.97923584532424,12.9814253514153,6.90816335116678,15.0863576664399,29.529814040957,12.9243931935881,7.1703801707322,7.6886309583853,18.8441435169988,15.8304677725586,1.12182576823647,26.8102248649648,31.4289426921487,9.16092937394,33.8541933212248,5.65857709536997,16.5328997361425,17.1589710685462,14.0299809869619,9.37255504001745,12.8416766587942,2.47219077048968,20.3296765551132,7.96968882581562,19.551004481122,0,39.8268153662228,15.355054521193,6.36072486593557
3505,0,0,0,0,0,0,0,0,0,0,0,0,0,0,0,0,0,0,0,0,0,0,0,0,0,0,0,0,0,0,0,0,0,0,0,0,0,0,0,0,0,0,0,0,0,0,0,0,0,0,0,1.47506723578603,0,0
3506,0.903309295076332,0,0,1.95706147223747,0,2.69998649681618,0,2.04481890276149,0,2.70649836695223,1.99865155693423,0,0,0,0,0,0,0,1.02239568179542,0,0,0,1.08216648605602,0,1.08340074459836,0.886581760591582,0,0,0,0,0,0,1.92215773959633,0,0,0,0,1.57144713460744,0,0,0,0,0,0,0,1.07013972156618,0,0,0,2.60680059748294,0,0,0,5.45204988508763
3508,0.903309295076332,0,3.12920656833053,6.84971515283113,0,0.899995498938728,8.16387113285806,2.04481890276149,5.46163675945443,14.4346579570785,10.9925835631383,23.2055320391259,31.8672999077579,9.68708477074527,31.8884247748321,9.73285766474778,54.6890856036,13.3184359988121,73.6124890892704,21.0916297612681,17.725026587713,7.21495508599199,41.1223264701288,28.2445550449577,4.33360297839344,4.43290880295791,5.56346800774943,17.270408377917,9.42897354152491,30.5844502567055,16.1554914919851,11.4726082731715,0.961078869798163,3.2772423507824,1.97880847156982,6.73095460941884,6.09323292385563,11.7858535095558,14.1577999415436,31.3464752974303,6.60167327793163,19.4504702778147,4.90256316244177,13.0946489211644,4.68627752000872,10.7013972156618,14.8331446229381,28.4615471771585,9.56362659097874,18.2476041823805,11.1516327906085,8.85040341471617,9.87110647790978,20.8995245595026
3509,7.22647436061066,1.75307996054507,1.04306885611018,0.978530736118733,0,0,0,1.02240945138075,0.910272793242405,4.51083061158705,0.999325778467116,0,1.87454705339752,3.63265678902947,0,2.16285725883284,0,0,0,0,0.844048885129189,0,2.16433297211204,1.22802413238947,0,0.886581760591582,0.927244667958238,0,0,0,0,0,1.92215773959633,3.2772423507824,0,5.60912884118237,1.21864658477113,2.35717070191115,4.16405880633637,1.25385901189721,2.82928854768498,0.972523513890737,0,1.87066413159492,0,3.21041916469855,5.76844513114258,0,3.18787553032625,0,0.929302732550708,0,1.09678960865664,0
3510,5.41985577045799,0,0,0,0,0,0,0,0.910272793242405,0,1.99865155693423,0,0,0,1.09960085430456,0,0,0,0,0,0,0,1.08216648605602,0,0,0,0,0,0,0,0,0,0,1.6386211753912,1.97880847156982,0,0,0,0,0,0.943096182561662,0,0,0,0,0,0,0,0,0,0,0,0,0
3511,0,0.876539980272536,0,0,0,0,0,0,0,0,0.999325778467116,0,0,0,1.09960085430456,0,0,0,1.02239568179542,0,0,0,0,0,0,0,0,0,0.942897354152491,0,0,0,0,0,0,0,0,0,0,0,0,0,0,0,0,0,0,0,0,0,0,0,0,0
3512,0,0,0,0,0,0,0,0,0,0,0,0,0,0,0,0,0,0,0,0,0,0,0,0,0,0,0,0,0,0,0,0,0,0,0,0,0,0,0,0,0,0,0,0,0,0,0,0,0,0,0,0,0,0
3513,0,0,0,0,0,0,0,0,0,0,0,0,0,0,1.09960085430456,0,0,0,0,0,0,0,0,0,0,0,0,0,0.942897354152491,0,0,0,0,0,0,0,0,0.785723567303718,0,0,0,0,0,0,0,0,0,0,0,0,0,0,0,0
3514,0,0,0,0,0,0,0,0,0,0,0,0,0,0,0,0,0,0,0,0,0,0,0,0,0,0,0,0,0,0,0,0,0,0,0,0,0,0,0,0,0,0,0,0,0,0,0,0,0,0,0,0,0,0
3516,0,0,0,0,0,0,0,0,0,0,0,0,0,0,0,0,0,0,0,0,0,0,0,0,0,0,0,0,0,0,0,0,0,0,0,0,0,0,0.832811761267273,0,0,0,0,0,0,0,0,0,0,0,0,0,0,0
3518,0,0,0,0,0,0,0,0,0,0,0,0,0,0,0,0,0,0,0,0,0,0,0,0,0,0,0,0,0,0,0,0,0,0,0,0,0,0,0,0,0,0,0,0,0,0,0,0,0,0,0,0,0,0
3520,0,0,0,0,0,0,0,0,0,0,0,0,0,0,0,0,0,0,0,0,0,0,0,0,0,0,0,0,0,0,0,0,0,0,0,0,0,0,0,0,0,0,0,0,0,0,0,0,0,0,0,0,0,0
3521,0,0,0,0,0,0.899995498938728,0,0,0.910272793242405,0,0,0,0,0,0,0,0,0.951316857058008,0,0,0,0,0,0,0,0,0,0,0,0,0,0,0,0,0,0,0,0,0.832811761267273,0,0,0,0,0,0,0,0,0,0,0,0,0,0,0
3522,0.903309295076332,0.876539980272536,3.12920656833053,2.9355922083562,5.29488527835298,0.899995498938728,0,4.08963780552298,1.82054558648481,4.51083061158705,1.99865155693423,1.98904560335365,0.937273526698761,0,0,1.08142862941642,4.46441515131428,2.85395057117402,3.06718704538627,1.91742088738801,1.68809777025838,1.03070786942743,0,3.6840723971684,2.16680148919672,1.77316352118316,0,5.75680279263899,0.942897354152491,3.16390864724539,1.07703276613234,0,0,1.6386211753912,0.989404235784912,0,1.21864658477113,2.35717070191115,0.832811761267273,0,0,0.972523513890737,2.45128158122089,0,0,0,0,0,0,7.8204017924488,0,1.47506723578603,0,0
3523,0,0,0,0,0,0,0,0,1.82054558648481,0,0,0,0,0,0,0,0,0,0,0,0,2.06141573885485,0,0,0,0,0,0,0,0,0,0,0,0,0,0,0,0,0,0,0,0,0,0,0,0,0,0,0,0,0,0,0,0
3524,0,0,0,0,0,0,0,0,0,0,0,0,0,0,0,0,0,0,0,0,0,0,0,0,0,0,0,0,0,0,0,0,0,0,0,0,0,0,0,0,0,0,0,0,0,0,0,0,0,0,0,0,0,0
3525,0,0,0,0,0,0,0,0,0,0,0,0,0,0,0,0,0,0,0,0,0,0,0,0,0,0,0,0,0,0,0,0,0,0,0,0,0,0,0,0,0,0,0,0,0,0,0,0,0,0,0,0,0,0
3526,0,0,0,0,0,0,0,0,0,0,0,0,0,0,0,0,0,0,0,0,0.844048885129189,0,0,0,0,0,0,0,0,0,0,0,0,0,0,0,0,0,0,0,0,0,0,0,6.2483700266783,0,0,0,0,0,0,0,0,0
3527,9.03309295076332,2.62961994081761,10.4306885611018,4.89265368059366,2.11795411134119,13.4999324840809,1.81419358507957,1.02240945138075,3.64109117296962,5.41299673390446,1.99865155693423,2.65206080447153,0.937273526698761,1.21088559634316,2.19920170860911,0,0,0,4.08958272718169,1.91742088738801,8.44048885129189,3.09212360828228,3.24649945816807,1.22802413238947,0,0,0.927244667958238,0,2.82869206245747,2.10927243149693,2.15406553226468,1.43407603414644,0.961078869798163,2.4579317630868,1.97880847156982,0,2.43729316954225,0.785723567303718,0.832811761267273,1.25385901189721,0.943096182561662,1.94504702778147,4.90256316244177,1.87066413159492,0,0,0.824063590163226,2.43956118661358,1.59393776516312,1.9551004481122,0,0,0,9.08674980847939
3528,0,0,0,0.978530736118733,0,0.899995498938728,0,0,0,0,0,0,0,2.42177119268632,0,1.08142862941642,0,0,0,0,0,0,0,0,0,0,0,0,0,0,0,0,0,0,0.989404235784912,0,0,0,0,0,0,0,0,0,0,0,0,0,0,0,0,0,0,0
3529,0,0,0,0,0,0,0.907096792539785,0,0,0,0,0,0.937273526698761,0,0,0,0,0.951316857058008,0,0,0,0,1.08216648605602,0,2.16680148919672,0,0,2.30272111705559,0,1.05463621574846,0,0,0,0.819310587695601,0,0,0,0,0.832811761267273,0,0.943096182561662,0.972523513890737,0,0,0,0,0,0,0,0,0,0,1.09678960865664,0
3530,0,0,0,0,0,0,0,1.02240945138075,1.82054558648481,0,2.99797733540135,0.663015201117883,0.937273526698761,0,0,0,0,1.90263371411602,1.02239568179542,0,0,0,0,1.22802413238947,1.08340074459836,1.77316352118316,0.927244667958238,0,1.88579470830498,0,1.07703276613234,0,1.92215773959633,0.819310587695601,0,0,1.21864658477113,0,0,0,1.88619236512332,0.972523513890737,0,0,0,1.07013972156618,0,2.43956118661358,2.39090664774469,0,0,0,0,0
3533,2.709927885229,0,4.1722754244407,1.95706147223747,0,0.899995498938728,1.81419358507957,1.02240945138075,0.910272793242405,0.902166122317409,0,1.98904560335365,3.74909410679505,0,1.09960085430456,1.08142862941642,0,2.85395057117402,1.02239568179542,1.91742088738801,2.53214665538757,2.06141573885485,2.16433297211204,0,0,0,0.927244667958238,1.1513605585278,1.88579470830498,4.21854486299386,0,0,5.76647321878898,0,3.95761694313965,0,0,0,2.49843528380182,0,3.77238473024665,0,1.22564079061044,0.93533206579746,1.56209250666957,4.28055888626474,0,0,0,1.30340029874147,0,2.95013447157206,1.09678960865664,3.63469992339175
3537,0.903309295076332,0.876539980272536,0,0,0,0.899995498938728,3.62838717015914,0,2.73081837972721,0,0.999325778467116,0.663015201117883,6.56091468689133,2.42177119268632,15.3944119602638,2.16285725883284,2.23220757565714,7.61053485646406,1.02239568179542,1.91742088738801,11.8166843918086,0,3.24649945816807,0,1.08340074459836,1.77316352118316,0,1.1513605585278,0,0,0,1.43407603414644,0,3.2772423507824,0,3.36547730470942,1.21864658477113,0,0,5.01543604758885,1.88619236512332,5.83514108334442,4.90256316244177,6.54732446058222,4.68627752000872,6.42083832939711,1.64812718032645,8.9450576842498,2.39090664774469,5.21360119496587,2.78790819765212,2.95013447157206,3.29036882596993,0.908674980847939
3539,0,0,0,0,0,0,0,3.06722835414224,0.910272793242405,0,0.999325778467116,0,0,0,0,0,0,0,0,0,0,0,0,0,0,0.886581760591582,0,0,0,0,0,0,0.961078869798163,0,0,2.24365153647295,0,0,0.832811761267273,1.25385901189721,0,0.972523513890737,1.22564079061044,0,0,0,0,0,0,0,0,0,0,0
3540,0,0,0,0,0,0,0,1.02240945138075,0,0,0,0,0,0,0,0,0,0,0,0,0,0,0,0,0,0,0,0,0,1.05463621574846,0,0,0,0,0,0,0,0,0,0,0,0,0,0.93533206579746,0,0,0,0,0,0.651700149370734,0,0,0,0
3542,74.0713621962592,156.024116488511,76.1440264960428,66.5400900560738,39.182151059812,40.4997974522428,23.5845166060344,10.2240945138075,35.5006389364538,20.7498208133004,9.99325778467116,1.32603040223577,18.7454705339752,124.721216423345,15.3944119602638,49.7457169531553,3.34831136348571,0,3.06718704538627,3.83484177477603,0,4.12283147770971,3.24649945816807,12.2802413238947,18.4178126581721,2.65974528177475,10.1996913475406,1.1513605585278,42.4303809368621,2.10927243149693,11.8473604274557,110.423854629276,80.7306250630457,4.096552938478,5.93642541470947,3.36547730470942,9.74917267816901,53.4292025766528,0.832811761267273,0,10.3740580081783,5.83514108334442,1.22564079061044,12.159316855367,6.2483700266783,1.07013972156618,0,4.06593531102264,0.796968882581562,2.60680059748294,0,66.3780256103713,0,21.8081995403505
3543,0,0.876539980272536,0,0,0,0,0,0,0,0,0,0,0.937273526698761,0,0,0,0,0,1.02239568179542,0,0,0,0,0,0,0,0,0,0,0,0,5.73630413658576,5.76647321878898,0,0,0,0,0.785723567303718,0,0,0,0,0,0.93533206579746,0,0,0,0,0,0,0,0,0,0
3544,0,0,0,0,0,0,0,0,0,0,0,0,0,0,0,0,0,0,0,0,0,0,2.16433297211204,0,0,0,0,0,0,0,0,0,0,0,0,0,0,0,0,0,0,0,0,0,0,0,0,0,0,0,0,0,0,0
3545,0,0,0,0,0,0,0,0,0,0,0,0,0,0,0,0,0,0,0,0,0,0,0,0,0,0,0,0,0,0,0,0,0,0,0,0,0,0,0,0,0,0,0,0,3.12418501333915,0,0,0,0,0,0,0,0,0
3546,0,0,0,0,0,0,0,0,0,0,0,0,0,0,0,0,0,0,0,0,0,0,0,0,0,0.886581760591582,0,0,0,0,0,0,0,0,0,0,0,0,0,0,0,0,0,0,0,0,0,0,0,0,0,0,0,0
3547,175.242003244808,157.777196449057,113.694505316009,119.380749806485,23.2974952247531,84.5995769002404,66.2180658554043,70.5462521452715,117.42519032827,175.922393851895,370.7498638113,103.43037137439,310.23753733729,131.986530001404,580.589251072805,166.540008930129,231.033484080514,102.742220562265,184.031222723176,131.343330786079,118.166843918086,116.469989245299,221.844129641485,190.343740520367,60.6704416975081,132.100682328146,191.939646267355,153.130954284197,90.5181459986391,259.440509074122,159.400849387586,111.857930663422,100.913281328807,187.622124582293,70.2477007407287,75.1623264718437,227.886911352201,128.072941470506,159.899858163316,603.10618472256,225.399987632237,261.608825236608,264.738410771856,199.225730014859,574.850042454403,237.571018187693,245.570949868641,472.46168314083,298.863330968086,220.274650487308,144.97122627791,265.512102441485,302.713931989233,236.255495020464
3548,3.61323718030533,0,1.04306885611018,0,0,0.899995498938728,1.81419358507957,0,5.46163675945443,2.70649836695223,4.99662889233558,3.9780912067073,2.81182058009628,3.63265678902947,12.0956093973501,6.48857177649852,4.46441515131428,0.951316857058008,6.13437409077253,4.79355221847003,5.06429331077513,3.09212360828228,3.24649945816807,8.59616892672627,3.25020223379508,3.54632704236633,8.34520201162414,9.21088446822238,6.60028147906743,3.16390864724539,2.15406553226468,2.86815206829288,3.84431547919265,6.5544847015648,5.93642541470947,3.36547730470942,8.53052609339789,5.50006497112603,2.49843528380182,2.50771802379443,2.82928854768498,7.7801881111259,2.45128158122089,1.87066413159492,4.68627752000872,12.8416766587942,4.94438154097936,6.50549649763622,8.76665770839718,3.9102008962244,5.57581639530425,2.95013447157206,1.09678960865664,5.45204988508763
3550,0,2.62961994081761,1.04306885611018,1.95706147223747,0,2.69998649681618,3.62838717015914,0,1.82054558648481,0,0,0,0,0,0,1.08142862941642,0,0,0,0,0,0,1.08216648605602,0,0,0,0,0,0,0,0,1.43407603414644,3.84431547919265,0,1.97880847156982,0,0,0,0,0,0,0,0,0.93533206579746,0,0,0,0,0,0,0,0,0,0.908674980847939
3551,0,0,1.04306885611018,2.9355922083562,0,0,2.72129037761935,0,0,0.902166122317409,0,0,0,0,1.09960085430456,0,0,0,0,0.958710443694007,0,0,1.08216648605602,0,0,0,0,0,0,0,0,0,0,0,0,0,1.21864658477113,0,0,1.25385901189721,0,0,0,0,0,0,0,1.62637412440906,0,0.651700149370734,0.929302732550708,0,2.19357921731328,0.908674980847939
3552,13.549639426145,11.395019743543,22.9475148344239,9.78530736118733,4.23590822268238,11.6999414862035,12.699355095557,13.2913228679497,11.8335463121513,17.1411563240308,24.9831444616779,12.5972888212398,16.8709234805777,8.47619917440211,26.3904205033093,17.3028580706627,12.2771416661143,3.80526742823203,22.4927049994993,12.4632357680221,16.8809777025838,18.5527416496937,12.9859978326723,2.45604826477893,9.75060670138524,25.7108710571559,54.7074354095361,19.5731294949726,10.3718708956774,5.27318107874232,14.0014259597204,21.5111405121966,18.2604985261651,22.1213858677812,15.8304677725586,4.48730307294589,8.53052609339789,7.07151210573346,16.6562352253455,31.3464752974303,7.54476946049329,28.2031819028314,9.80512632488354,4.6766603289873,23.4313876000436,18.1923752666251,25.54597129506,33.3406695503856,10.3605954735603,7.16870164307807,14.8688437208113,5.90026894314411,7.67752726059649,30.8949493488299
3553,0,0,1.04306885611018,0.978530736118733,0,0.899995498938728,3.62838717015914,0,0,1.80433224463482,0,2.65206080447153,0.937273526698761,0,1.09960085430456,0,0,1.90263371411602,3.06718704538627,0.958710443694007,0,0,2.16433297211204,0,3.25020223379508,0.886581760591582,0,0,0,0,1.07703276613234,1.43407603414644,2.88323660939449,0.819310587695601,0.989404235784912,0,0,0.785723567303718,0.832811761267273,2.50771802379443,0.943096182561662,0.972523513890737,1.22564079061044,0,1.56209250666957,1.07013972156618,1.64812718032645,0,0.796968882581562,0,0.929302732550708,0,0,0
3555,0,0,0,0,0,0,0,0,0,0,0,0,0,0,0,0,0,0,0,0,0,0,0,0,0,0,0,0,0,0,0,0,0,0,0,0,0,0,0,0,0,0,0,0,0,0,0,0,0,0,0,0,0,0
3557,0,0,0,0,0,0,0,0,0,0,0,0,0,0,0,0,0,0,0,0,0,0,0,0,0,0,0,0,0,0,0,0,0,0,0,0,0,0,0,0,0,0,0,0,0,0,0,0,0,0,0,0,0,0
3558,0,0,0,0,0,0,0,0,0,0,0,0,0,0,0,0,0,0,0,0,0,0,0,0,0,0,0,0,0,0,0,0,0,0,0,0,0,0,0,0,0,0,0,0,0,0,0,0,0,0,0,0,0,0
3559,0,0,0,0,0,0,0,0,0,0,0,0,0,0,0,0,0,0.951316857058008,0,0,0,0,0,0,0,0,0,0,0,0,0,0,0,0.819310587695601,0,0,0,0,0,0,0,0,0,0,0,0,0,0,0,0,0,0,0,0
3561,0,0,0,0,0,0,0,0,0,0,0,0,0,0,0,0,0,0,0,0,0,0,0,0,0,0,0,0,0,0,0,0,0,0,0,0,0,0,0,0,0,0,0,0,0,0,0,0,0,0,0,0,0,0
3562,0,0,0,0,0,0,0,0,0,0,0,0,0,0,0,0,0,0,0,0,0,0,0,0,0,0,0,0,0,0,0,0,0,0,0,0,0,0,0,0,0,0,0,0,0,0,0,0,0,0,0,0,0,0
3564,0,0,0,0,0,0,0,0,0,0,0,0,0,0,0,0,0,0,0,0,0,0,0,0,0,0,0,0,0,0,0,0,0,0,0,0,0,0,0,0,0,0,1.22564079061044,0,0,0,0,0,0,0,0,0,0,0
3565,0,0,0,0,0,0,0,0,0,0,0,0,0,0,0,0,0,0,0,0,0,0,0,0,0,0,0,0,0,0,0,0,0,0,0,0,0,0,0,0,0,0,0,0,0,0,0,0,0,0,0,0,0,0
3566,0,0,0,0,0,0,0,0,0.910272793242405,0.902166122317409,0,0,0,0,0,0,0,0,0,0,0,0,0,1.22802413238947,0,0,0,0,0,0,0,0,0,0,0,0,0,0,0,0,0,0,0,0,0,4.28055888626474,0,0,0,0,0,1.47506723578603,0,0
3567,0,0,0,0,0,0,0,0,0,0,0,0,0,0,0,0,0,0,0,0,0,0,0,0,0,0,0,0,0,0,0,0,0,0,0,0,0,0,0,0,0,0,0,0,0,0,0,0,0,0,0.929302732550708,0,0,0
3568,0,0,0,0,0,0,0,0,0,0,0,0.663015201117883,0.937273526698761,2.42177119268632,1.09960085430456,1.08142862941642,0,0,0,0,0.844048885129189,0,0,0,1.08340074459836,2.65974528177475,2.78173400387471,0,0.942897354152491,2.10927243149693,0,0,0.961078869798163,0,0.989404235784912,0,0,0,0,0,0.943096182561662,0,0,0,0,0,0.824063590163226,2.43956118661358,3.98484441290781,2.60680059748294,0.929302732550708,0,0,0
3574,0,0,0,0,0,0,0,0,0,0,0,0,0,0,0,0,0,0,0,0,0,0,0,0,0,0,0,0,0,0,0,0,0,0,0,0,0,0,0,0,0,0,0,0,0,0,0,0,0,0,0,0,0,0
3577,0,0,0,0,0,0,0,0,0,0,0,0,0,0,0,0,0,0,0,0,0,0,0,0,0,0,0,0,0,0,0,0,0,0,0,0,0,0,0,0,0,0,0,0,0,0,0,0,0,0,0,0,0,0
3580,0,0,0,0,0,0,0,0,0,0,0,0,0,0,0,0,0,0,0,0,0,0,0,0,0,0,0,0,0,0,0,0,0,0,0,0,0,0,0,0,0,0,0,0,0,0,0,0,0,0,0,0,0,0
3584,0,0,0,0,0,0,0,0,0,0,0,0,0,0,0,0,0,0,0,0,0,0,0,0,0,0,0,0,0,0,0,0,0,0,0,0,0,0,0,0,0,0,0,0,0,0,0,0,0,0,0,0,0,0
3586,0,0,0,0,0,0,0,0,0,0,0,0,0,0,0,0,0,0,0,0,0,0,0,0,0,0,0,0,0,0,0,0,0,0,0,0,0,0,0,0,0,0,0,0,0,0,0,0,0,0,0,0,0,0
3587,0,0,0,0,0,0,0,0,0,0,0,0,0,0,0,0,0,0,0,0,0,0,0,0,0,0,0,0,0,0,0,0,0,0,0,0,0,0,0,0,0,0,0,0,0,0,0,0,0,0,0,0,0,0
3592,0,0,0,0,0,0,0,0,0,0,0,0,0,0,0,0,0,0,0,0,0,0,0,0,0,0,0,0,0,0,0,0,0,0,0,0,0,0,0,0,0,0,0,0,0,0,0,0,0,0,0,0,0,0
3593,0.903309295076332,0,0,0,0,0,0,0,0,0,0,0,1.87454705339752,0,0,0,0,0.951316857058008,5.11197840897711,0.958710443694007,0,0,1.08216648605602,0,0,0,5.56346800774943,0,0.942897354152491,0,0,0,0,1.6386211753912,1.97880847156982,2.24365153647295,0,0.785723567303718,1.66562352253455,2.50771802379443,1.88619236512332,0,0,0.93533206579746,0,0,1.64812718032645,0,2.39090664774469,1.30340029874147,0.929302732550708,0,0,0
3594,2.709927885229,0.876539980272536,0,0,0,0,0,0,0,0.902166122317409,2.99797733540135,0.663015201117883,1.87454705339752,0,0,0,2.23220757565714,4.75658428529004,0,1.91742088738801,2.53214665538757,0,2.16433297211204,1.22802413238947,0,2.65974528177475,0,0,0,0,1.07703276613234,0,0,0,0,2.24365153647295,0,1.57144713460744,4.16405880633637,2.50771802379443,4.71548091280831,0.972523513890737,0,3.74132826318984,1.56209250666957,3.21041916469855,2.47219077048968,2.43956118661358,0,0.651700149370734,0,1.47506723578603,1.09678960865664,2.72602494254382
3595,0,0,0,0,0,0,0,0,0,0,0,0,0,0,0,0,0,0,0,0,0,0,0,0,0,0,0,0,0,0,0,0,0,0,0,0,0,0,0,0,0,0,0,0,0,0,0,0,0,0,0,0,0,0
3597,0,0,0,0,0,0,0,0,0,0,0.999325778467116,0,1.87454705339752,0,0,0,0,1.90263371411602,0,0,0,0,0,0,2.16680148919672,0,0,2.30272111705559,1.88579470830498,0,0,0,0,0,0.989404235784912,0,0,0,0,0,0,0.972523513890737,0,0,0,0,0,1.62637412440906,0,0,0,0,4.38715843462657,0
3598,0,0,0,0,0,0,0,0,0,0,0,0,0,0,0,0,0,0,0,0,0,0,0,0,0,0,0,0,0,0,0,0,0,0,0,0,0,1.57144713460744,0,0,0,0,0,0,0,0,0,0,0,0,0,0,0,0
3599,0,0,0,0,0,0,0,0,0,0,0,0,1.87454705339752,0,0,0,0,0,0,0,0,0,0,0,0,0,0,0,0,0,0,0,0,0,0,0,0,0,0,0,0,0,0,0,0,0,0,0,0,0,0,0,0,0
3600,21.679423081832,21.0369595265409,23.990583690534,29.355922083562,15.8846558350589,9.89995048832601,4.53548396269892,15.3361417707112,35.5006389364538,13.5324918347611,2.99797733540135,31.8247296536584,0.937273526698761,4.84354238537263,19.792815377482,16.2214294412463,13.3932454539428,3.80526742823203,10.2239568179542,20.1329193175741,4.22024442564594,26.7984046051131,23.8076626932325,6.14012066194733,2.16680148919672,7.97923584532424,11.1269360154989,0,4.71448677076245,16.8741794519754,5.38516383066169,0,3.84431547919265,9.01241646465161,9.89404235784912,4.48730307294589,6.09323292385563,3.92861783651859,7.49530585140546,8.7770130832805,20.7481160163566,11.6702821666888,0,6.54732446058222,1.56209250666957,10.7013972156618,28.8422256557129,19.5164894929087,7.96968882581562,9.12380209119027,16.7274491859127,13.2756051220743,17.5486337385063,6.36072486593557
3601,0,0,0,0.978530736118733,0,0,0,1.02240945138075,0,0.902166122317409,0.999325778467116,0,0,0,1.09960085430456,1.08142862941642,0,0.951316857058008,0,0.958710443694007,0,0,0,6.14012066194733,2.16680148919672,1.77316352118316,0,0,0,1.05463621574846,1.07703276613234,1.43407603414644,0.961078869798163,2.4579317630868,0.989404235784912,0,0,0,0.832811761267273,0,0.943096182561662,2.91757054167221,0,0,0,0,0.824063590163226,0,1.59393776516312,0,0.929302732550708,0,0,0.908674980847939
3602,1.80661859015266,0.876539980272536,6.25841313666105,0.978530736118733,5.29488527835298,0.899995498938728,0,3.06722835414224,1.82054558648481,0.902166122317409,0.999325778467116,5.30412160894306,2.81182058009628,4.84354238537263,2.19920170860911,1.08142862941642,0,0,2.04479136359084,4.79355221847003,2.53214665538757,0,1.08216648605602,6.14012066194733,0,3.54632704236633,0,4.60544223411119,0,4.21854486299386,0,0,1.92215773959633,3.2772423507824,3.95761694313965,0,1.21864658477113,0,0,0,0,0.972523513890737,1.22564079061044,0.93533206579746,1.56209250666957,0,0,0,0.796968882581562,7.16870164307807,1.85860546510142,0,0,0.908674980847939
3604,3.61323718030533,0.876539980272536,2.08613771222035,1.95706147223747,0,1.79999099787746,3.62838717015914,0,0.910272793242405,1.80433224463482,0,1.32603040223577,0.937273526698761,4.84354238537263,3.29880256291367,1.08142862941642,1.11610378782857,0,10.2239568179542,0.958710443694007,0.844048885129189,1.03070786942743,3.24649945816807,0,0,2.65974528177475,0,1.1513605585278,1.88579470830498,4.21854486299386,0,11.4726082731715,0.961078869798163,0,4.94702117892456,0,2.43729316954225,3.92861783651859,0.832811761267273,2.50771802379443,0.943096182561662,0,2.45128158122089,0,1.56209250666957,0,1.64812718032645,9.75824474645433,0.796968882581562,2.60680059748294,0.929302732550708,5.90026894314411,5.48394804328321,1.81734996169588
3605,28.9058974424426,137.616776902788,209.656840078145,80.2395203617361,199.087686466072,109.799450870525,53.5187107598473,105.308173492217,42.782821282393,104.651270188819,3.99730311386846,118.679721000101,81.5427968227922,49.6463094500695,29.689223066223,33.524287511909,42.4119439374857,167.431766842209,52.1421797715665,404.575807238871,102.973963985761,69.0574272516376,60.6013232191372,51.5770135603576,60.6704416975081,39.8961792266212,26.8900953707889,154.282314842725,34.8872021036422,39.0215399826932,20.4636225565144,8.60445620487864,130.70672629255,91.7627858219073,48.4808075534607,15.7055607553106,37.7780441279049,109.215575855217,24.9843528380182,23.8233212260471,36.7807511199048,62.2415048890072,33.0923013464819,82.3092217901765,35.9281276534002,19.2625149881913,11.5368902622852,13.824180057477,45.427226307149,85.3727195675661,6.50511912785496,54.577487724083,18.6454233471629,59.063873755116
3606,0,0,0,0,0,0,0,0,0,0,0,0.663015201117883,0,1.21088559634316,0,0,0,0,0,0.958710443694007,0,0,0,0,0,0,0,0,0,0,0,0,0,0,0,0,0,0,0,0,0,0,0,0,0,0,0,0,0,0,0,0,0,0
3609,0,0,0,0,0,0,0,1.02240945138075,0,0,1.99865155693423,1.32603040223577,0,0,0,0,0,0,0,0,0.844048885129189,0,0,0,0,0,0.927244667958238,0,0,0,0,0,0,0,0,0,0,0.785723567303718,0,0,0,0,0,0,0,0,0,0,0,0,0,0,0,0
3610,0,0,0,0,0,0,0,0,0,0,0,0.663015201117883,0,0,0,0,0,0,1.02239568179542,0,0,0,0,0,1.08340074459836,0,0,0,0,0,0,0,0,0,0,0,0,0,0,0,0,0,0,0,0,0,0,0.813187062204528,0,0,0,0,0,0
3611,0,0,0,0,0,0,0,0,0,0,0,0,0,0,0,0,0,0,0,0,0,0,0,0,0,0,0,1.1513605585278,0,0,0,0,0,0,0,0,0,0,0,0,0,0,0,0,0,0,0,0,0,0,0,0,0,0
3615,0,0,0,0,0,0,0,0,0,0,0,0,0,0,0,0,0,0,0,0,0,0,0,0,0,0,0,0,0,0,0,0,0,0,0,0,0,0,0,0,0,0,1.22564079061044,0,0,0,0,0,0,0,0,0,0,0
3616,0,0,0,0,0,0,0,0,0,0,0,0,0,0,0,0,0,0,0,0,0,0,0,0,0,0,0,0,0,0,0,0,0,0,0,0,0,0,0,0,0,0,0,0,0,0,0,0,0,0,0,0,0,0
3618,0,0,0,0,0,0,0,0,0,0,0,0,0,0,0,0,0,0,0,0,0,0,0,0,0,0,0,0,0,0,0,0,0,0,0,0,0,0,0,0,0,0,0,0,0,0,0,0,0,0,0,0,0,0
3620,0,0,0,0,0,0,0,0,0,0,0,0,0,0,0,0,0,0,0,0,0,0,0,0,0,0,0,0,0,0,0,0,0,0,0,0,0,0,0,0,0,0,0,0,0,0,0,0,0,0,0,0,0,0
3621,0,0,0,0,0,0,0,0,0,0,0,0,0,0,0,0,0,0,0,0,0,0,0,0,0,0,0,0,0,0,0,0,0,0,0,0,0,0,0,0,0,0,0,0,0,0,0,0,0,0,0,0,0,0
3622,0,0,0,0,0,0,0,0,0,0,0,0,0,0,0,0,0,0,0,0,0,0,0,0,0,0,0.927244667958238,0,0,0,0,0,0,0,0,0,1.21864658477113,0,0,0,0,0,0,0,0,0,0,0,0,0,0,0,0,0
3624,0.903309295076332,0,0,0,0,0,0,0,0,0,0,0,0,0,0,0,0,0,0,0,0,0,0,0,0,0,0,0,0,0,0,0,0,0,0,0,0,0,0,0,0,0,0,0,0,0,0,0,0,0,0,0,0,0
3627,0,0,0,0,0,0,0,0,0,0,0,0,0,0,2.19920170860911,3.24428588824926,0,0,0,0,0,0,0,0,0,0.886581760591582,1.85448933591648,0,0,3.16390864724539,0,0,0.961078869798163,1.6386211753912,0.989404235784912,0,0,0,0,0,0,0.972523513890737,3.67692237183133,0.93533206579746,0,1.07013972156618,1.64812718032645,0.813187062204528,1.59393776516312,1.9551004481122,0.929302732550708,0,0,0
3628,0,0,0,0,0,0,0,0,0,0,0,0,0,0,0,0,0,0,0,0,0,0,0,0,0,0,0,0,0,0,0,0,0,0,0,0,0,0,0,0,0,0,0,0,0,0,0,0,0,0,0,0,0,0
3632,0,0,0,0,0,0,0,0,0,0,0,0,0,0,0,0,0,0,0,0,0,0,0,0,0,0,0,0,0,0,0,0,0,0,0,0,0,0,0,0,0,0,0,0,0,0,0,0,0,0,0,0,0,0
3633,0,0,0,0,0,0,0,0,0,0,0,0,0,0,0,0,0,0,0,0,0,0,0,0,0,0,0,0,0,0,0,0,0,0,0,0,0,0,0,0,0,0,0,0,0,0,0,0,0,0,0,0,0,0
3636,0,0,0,0,0,0,0,0,0,0,0,0,0,0,0,0,0,0,0,0,0,0,0,0,0,0,0,0,0.942897354152491,1.05463621574846,0,0,0,0,0,0,0,0,0.832811761267273,0,0.943096182561662,0,0,0,0,0,0,0,0,0,0,0,0,0
3637,0,0,0,0,0,0,0,0,0,0,0,0,0,0,0,0,0,0,0,0,0,0,0,0,0,0,0,0,0,0,0,0,0,0,0,0,0,0,0,1.25385901189721,0,0,0,0,0,0,0,0,0,0,0,0,0,0
3640,0,0,0,0,0,0,0,0,0,0,0,0,0,0,1.09960085430456,0,0,0.951316857058008,0,0,0,1.03070786942743,0,0,0,0,0,0,0,1.05463621574846,0,0,0,0,0,0,0,0.785723567303718,0,0,0,0,0,0,0,0,0,0.813187062204528,2.39090664774469,0,1.85860546510142,0,0,0
3642,0,0,0,0,0,1.79999099787746,0,0,0,0.902166122317409,0,0,0,0,0,0,0,0,0,0,0.844048885129189,0,0,0,0,0.886581760591582,0,0,0,0,0,0,0,0,0,2.24365153647295,0,1.57144713460744,0.832811761267273,1.25385901189721,0,0,4.90256316244177,0,0,3.21041916469855,0,0,0,0.651700149370734,0,0,0,1.81734996169588
3643,0,0,0,0,0,0,0,0,0,0,0,0,0,0,0,0,0,0,0,0,0,0,0,0,0,0,0,0,0,0,0,0,0,0,0,0,0,0,0,0,0,0,0,0,0,0,0,0,0,0,0,0,0,0
3644,0.903309295076332,0,0,0,0,0,0,0,0,0,0,0.663015201117883,0,0,0,0,0,0,0,0,0,0,0,0,0,0,0,0,0,0,0,0,0,0,0,0,0,0,0,0,0,0,0,0,0,0,0,0,0,0,0,0,0,0
3646,0,0,0,0,0,0,0,0,0,0,0,0,0,0,0,0,0,0,0,0,0,0,0,0,0,0,0,0,0,0,0,0,0,0,0,0,0,0,0,0,0,0,0,0,0,0,0,0,0,0,0,0,0,0
3648,0,0.876539980272536,0,0,0,0,0,0,0,0,0,0,0,0,0,0,0,0,0,0,0,0,0,0,0,0,0,0,0,0,0,0,0,0,0,0,0,0,0,0,0,0,0,0,0,0,0,0,0,0,0,0,0,0
3651,0,0,0,0,0,0,0,0,0,0,0,0,0,0,0,0,0,0,0,0.958710443694007,0,0,0,0,0,0,0,0,0,0,0,0,0,0,0,0,0,0,0,0,0,0,0,0,0,0,0,0,0,0,0,0,0,0
3656,0.903309295076332,0.876539980272536,0,1.95706147223747,1.0589770556706,0,0,0,1.82054558648481,0,2.99797733540135,0,0,1.21088559634316,1.09960085430456,0,0,0,0,0,0.844048885129189,0,0,0,3.25020223379508,0,1.85448933591648,0,0,0,0,2.86815206829288,2.88323660939449,1.6386211753912,0,0,1.21864658477113,0,0,1.25385901189721,0.943096182561662,3.89009405556295,2.45128158122089,0,1.56209250666957,1.07013972156618,2.47219077048968,1.62637412440906,2.39090664774469,0.651700149370734,0,0,1.09678960865664,1.81734996169588
3658,0,0,0,0,0,0,0,0,0,0,0,0,3.74909410679505,1.21088559634316,2.19920170860911,0,0,0.951316857058008,0,0,0.844048885129189,12.3684944331291,0,0,0,0,0.927244667958238,0,0,1.05463621574846,1.07703276613234,0,0,0.819310587695601,0,0,0,2.35717070191115,0,0,0.943096182561662,0.972523513890737,0,0,12.4967400533566,0,0,0,0,0,0.929302732550708,1.47506723578603,2.19357921731328,24.5342244828943
3659,7.22647436061066,3.50615992109015,7.30148199277123,0.978530736118733,0,7.19996399150982,0,2.04481890276149,2.73081837972721,13.5324918347611,14.9898866770067,7.9561824134146,23.431838167469,12.1088559634316,50.5816392980096,16.2214294412463,14.5093492417714,8.56185171352207,12.2687481815451,9.58710443694007,9.28453773642107,4.12283147770971,15.1503308047843,55.261085957526,5.4170037229918,15.0718899300569,12.9814253514153,10.3622450267502,4.71448677076245,16.8741794519754,7.53922936292637,4.30222810243932,8.64970982818347,8.19310587695601,3.95761694313965,6.73095460941884,20.7169919411091,18.0716420479855,4.16405880633637,38.8696293688136,7.54476946049329,9.72523513890737,29.4153789746506,9.3533206579746,10.934647546687,17.122235545059,9.88876308195872,8.9450576842498,9.56362659097874,11.7306026886732,18.5860546510142,5.90026894314411,5.48394804328321,9.08674980847939
3663,0,0,0,0,0,0,0,0,0,0,0,0,0,0,0,0,0,0,0,0,0,0,0,0,0,0,0,0,0,0,0,0,0,0,0,0,0,0,0,0,0,0,0,0,0,0,0,0,0,0,0,0,0,0
3672,0,0.876539980272536,0,0,0,0,0,0,0,0,0,0,0,0,1.09960085430456,0,0,0,0,0,0,0,1.08216648605602,0,0,0,0,0,0,0,0,0,0,0.819310587695601,0,0,0,0,0,0,0.943096182561662,0,0,0,0,0,0,0,0,0,0,0,0,0
3673,1.80661859015266,1.75307996054507,0,0,0,0,0,0,0,0,0.999325778467116,0,0,0,0,0,0,0,0,0.958710443694007,0.844048885129189,0,0,0,0,0,0,0,0,0,0,0,0,0,0,0,0,0,0.832811761267273,0,0,0,0,0,0,0,0,0,0,0.651700149370734,0.929302732550708,0,0,0
3674,1.80661859015266,0,0,0,0,0,0,0,1.82054558648481,0,0.999325778467116,0,0.937273526698761,0,1.09960085430456,1.08142862941642,1.11610378782857,0,0,0,0,0,1.08216648605602,0,0,0,0,0,0,0,0,0,0.961078869798163,2.4579317630868,0,0,0,0.785723567303718,0,0,0,0.972523513890737,0,0.93533206579746,0,1.07013972156618,0.824063590163226,0,0,0,0.929302732550708,0,0,0
3675,0,0,0,0,0,0,0,0,0,0,0,0,0,0,0,0,0,0,0,0,0,0,0,0,0,0,0,0,0,0,0,0,0,0,0,0,0,0,0,0,0,0,0,0,0,0,0,0,0,0,0,0,0,0
3676,0,0,0,0,0,0,0,0,0,0,0,0,0,0,0,0,0,0,0,0,0,0,0,0,0,0,0,0,0,0,1.07703276613234,0,0,0,0,0,0,0,0,0,0,0,0,0,0,0,0,0,0,0,0,0,0,0
3677,0,0,0,0,0,0,0,0,0,0,0,0,0,0,0,0,0,0,0,0,0,0,0,1.22802413238947,0,0,0,0,0.942897354152491,1.05463621574846,0,0,0,0,0,0,0,0,0,0,0,0,0,0,0,0,0,0,0,0,0,0,0,0
3678,0,0,0,0,0,0,0,0,0,0,0,0,0,0,0,0,0,0,0,0,0,0,0,0,0,0,0,0,0,0,0,0,0,0,0,0,0,0,0,2.50771802379443,0,0,0,0,0,0,0,0,0,0,0,0,0,0
3679,0,0,0,0,0,0,0,0,0,0,0,0,0,0,0,0,0,0,0,0,0,0,0,0,0,0,0,0,0,0,1.07703276613234,0,0,0,0,0,0,0,0,0,0,0,0,0,0,0,0,0,0,0,0,0,0,0
3680,0,0,0,0,0,0,0.907096792539785,0,0,0.902166122317409,0.999325778467116,0,0,0,0,0,0,0,0,0,0,0,0,0,3.25020223379508,0,0,0,0,1.05463621574846,0,0,5.76647321878898,1.6386211753912,0,0,0,1.57144713460744,0,0,0,0,0,0.93533206579746,0,0,0.824063590163226,0,0,0,0,0,0,0
3682,0,0,0,0,0,0,0,0,0,0,0,0,0,0,0,0,0,0,0,0,0,0,0,0,0,0,0,0,0,0,0,0,0,0,0,0,0,0,0,0,0,0,0,0,0,0,0,0,0,0,0,0,0,0
3683,0,0,0,0,0,0,0,0,0,0,0,0,0.937273526698761,0,0,0,0,0,0,0,0,0,0,1.22802413238947,0,0,0,0,0,0,0,0,0,0,0,0,0,0,0,0,0,0.972523513890737,0,0,0,0,0,0,0,0,0,0,0,0
3684,0,0,0,0,0,0.899995498938728,0,0,0.910272793242405,0,0,0,0.937273526698761,0,0,0,0,0,0,0,0,0,0,0,0,0,0,0,0,0,0,0,0,0,0,0,0,0,0,0,0,0.972523513890737,0,0,0,0,0.824063590163226,0,0,0.651700149370734,0,0,0,0
3687,18.0661859015266,0,5.21534428055088,1.95706147223747,1.0589770556706,10.7999459872647,6.34967754777849,6.13445670828447,11.8335463121513,2.70649836695223,141.90426054233,7.29316721229671,9.37273526698761,24.2177119268632,15.3944119602638,15.1400008118299,5.58051893914285,0,11.2463524997496,6.71097310585805,4.22024442564594,25.7676967356857,11.9038313466162,11.0522171915052,4.33360297839344,24.8242892965643,20.3993826950812,1.1513605585278,3.77158941660996,14.7649070204785,32.3109829839702,11.4726082731715,12.4940253073761,9.83172705234721,5.93642541470947,21.314689596493,9.74917267816901,22.7859834518078,14.1577999415436,12.5385901189721,11.3171541907399,48.6261756945369,12.2564079061044,6.54732446058222,10.934647546687,1.07013972156618,9.88876308195872,34.9670436747947,6.37575106065249,15.6408035848976,25.0911737788691,8.85040341471617,24.1293713904461,32.7122993105258
3688,1.80661859015266,0,2.08613771222035,4.89265368059366,5.29488527835298,1.79999099787746,0,0,0,0,71.9514560496324,1.98904560335365,2.81182058009628,0,7.69720598013189,5.4071431470821,1.11610378782857,0,0,2.87613133108202,0,1.03070786942743,9.7394983745042,8.59616892672627,3.25020223379508,3.54632704236633,17.6176486912065,1.1513605585278,0,3.16390864724539,15.0784587258527,4.30222810243932,3.84431547919265,4.9158635261736,2.96821270735474,4.48730307294589,2.43729316954225,6.28578853842975,6.66249409013819,8.7770130832805,2.82928854768498,12.6428056805796,3.67692237183133,0.93533206579746,1.56209250666957,0,3.29625436065291,4.87912237322717,3.98484441290781,3.25850074685367,14.8688437208113,4.42520170735808,5.48394804328321,7.26939984678351
3689,2.709927885229,0,0,0.978530736118733,0,0,1.81419358507957,0,0,0,0,0,0,0,0,0,0,0.951316857058008,1.02239568179542,0,0,1.03070786942743,0,0,0,0,0,0,3.77158941660996,0,1.07703276613234,2.86815206829288,0,0,1.97880847156982,0,0,0,0.832811761267273,0,1.88619236512332,0,0,2.80599619739238,0,2.14027944313237,0.824063590163226,0.813187062204528,3.98484441290781,5.21360119496587,0,0,0,1.81734996169588
3690,36.1323718030533,4.38269990136268,17.732170553873,23.4847376668496,4.23590822268238,8.09995949044855,9.07096792539785,17.3809606734727,21.8465470378177,16.2389902017134,47.9676373664216,11.271258419004,22.4945646407703,33.9047966976084,52.7808410066187,9.73285766474778,52.4568780279428,31.3934562829143,14.3135395451359,44.1006804099243,19.4131243579713,19.5834495191211,103.887982661378,40.5247963688524,0,2.65974528177475,27.8173400387471,13.8163267023336,4.71448677076245,52.7318107874232,29.0798846855731,17.2089124097573,9.61078869798163,95.0400281726897,3.95761694313965,33.6547730470942,264.446308895334,25.143154153719,48.3030821535018,644.483532115168,90.5372335259195,84.6095457084941,183.846118591566,115.981176158885,446.758456907498,234.360599022994,318.912609393169,610.7034837156,346.681463922979,128.384929426035,149.617739940664,66.3780256103713,57.0330596501454,165.378846514325
3692,123.753373425457,39.4442991122641,46.9380985249579,32.2915142919182,134.490086070166,145.799270828074,48.9832267971484,26.5826457358994,44.6033668688778,57.7386318283142,88.9399942835733,5.30412160894306,24.3691116941678,23.00682633052,17.5936136688729,15.1400008118299,53.5729818157714,36.1500405682043,25.5598920448856,1.91742088738801,30.3857598646508,13.3992023025565,19.4789967490084,54.0330618251365,27.085018614959,15.0718899300569,10.1996913475406,88.6547630066404,10.3718708956774,22.1473605307178,37.6961468146319,190.732112541476,135.512120641541,49.9779458494316,16.8198720083435,0,49.9645099756162,484.00571745909,3.33124704506909,132.909055261105,7.54476946049329,4.86261756945369,9.80512632488354,102.886527237721,821.660658508196,50.2965669136107,19.7775261639174,94.3296992157252,7.17271994323406,56.0462128458831,7.43442186040566,87.0289669113756,10.9678960865664,9.08674980847939
3694,0,0,0,0,0,0,0,0,0,0,0.999325778467116,0,0,0,0,0,0,0,0,0,0.844048885129189,1.03070786942743,1.08216648605602,0,3.25020223379508,0,0,0,0,0,0,17.2089124097573,0.961078869798163,0,0,0,0,5.50006497112603,0,0,0,0,0,1.87066413159492,3.12418501333915,0,0,0,0,0.651700149370734,0,0,1.09678960865664,0
3698,0,0,0,0,0,0,0,0,0,0,0,0.663015201117883,0,0,0,0,0,0.951316857058008,0,0.958710443694007,0,0,0,0,0,0,0.927244667958238,0,0,0,0,0,0,0,0,0,0,0,0,0,0,1.94504702778147,0,0,1.56209250666957,0,0,2.43956118661358,0,1.30340029874147,0,0,0,0
3699,1.80661859015266,0,0,0,0,0,0,0,0,1.80433224463482,0,0,58.1109586553232,0,3.29880256291367,1.08142862941642,0,0.951316857058008,8.17916545436338,0,3.37619554051675,0,0,7.3681447943368,5.4170037229918,0.886581760591582,0,6.90816335116678,0,0,2.15406553226468,0,1.92215773959633,2.4579317630868,3.95761694313965,0,3.65593975431338,33.0003898267562,0,18.8078851784582,0,0,2.45128158122089,1.87066413159492,0,0,1.64812718032645,6.50549649763622,1.59393776516312,1.30340029874147,13.9395409882606,1.47506723578603,0,79.0547233337707
3701,0,0,1.04306885611018,1.95706147223747,0,0,0,0,1.82054558648481,1.80433224463482,1.99865155693423,0.663015201117883,1.87454705339752,1.21088559634316,0,1.08142862941642,0,0.951316857058008,2.04479136359084,0,1.68809777025838,0,2.16433297211204,0,2.16680148919672,0.886581760591582,1.85448933591648,0,1.88579470830498,1.05463621574846,1.07703276613234,0,1.92215773959633,4.9158635261736,0,0,1.21864658477113,0,1.66562352253455,1.25385901189721,0,1.94504702778147,1.22564079061044,0.93533206579746,3.12418501333915,0,1.64812718032645,1.62637412440906,3.98484441290781,1.9551004481122,3.71721093020283,2.95013447157206,1.09678960865664,0
3703,0,0,0,0,0,1.79999099787746,1.81419358507957,0,0,0,0,0,0.937273526698761,0,1.09960085430456,1.08142862941642,0,0,0,0,0.844048885129189,0,0,0,1.08340074459836,0,0,1.1513605585278,0,0,0,0,0,0,0.989404235784912,0,0,0,0,1.25385901189721,0,0,1.22564079061044,0,0,0,0,0,0,0,0.929302732550708,0,0,0
3704,1.80661859015266,1.75307996054507,0,0,0,0.899995498938728,0,0,0.910272793242405,0,0.999325778467116,1.98904560335365,0.937273526698761,0,2.19920170860911,1.08142862941642,2.23220757565714,0.951316857058008,1.02239568179542,0.958710443694007,5.90834219590432,0,1.08216648605602,0,1.08340074459836,0,0,1.1513605585278,0,0,2.15406553226468,1.43407603414644,0,0,0.989404235784912,0,0,0,0.832811761267273,2.50771802379443,0.943096182561662,0,0,0,0,0,0,0.813187062204528,0,0.651700149370734,2.78790819765212,0,0,0
3710,0,0,0,0,0,0,0,0,0,0.902166122317409,0,0,0,0,0,0,0,0,0,0,0,0,0,0,0,0,0,0,0,0,1.07703276613234,0,0,0,0,0,0,0,0,0,0,0,0,0,0,0,0,0,0,0,0,0,0,0
3711,0,0,0,0,0,0,0,0,0,0,0.999325778467116,0,0,0,0,0,0,0,0,0,0,0,1.08216648605602,0,0,0,0,0,0,0,0,0,0.961078869798163,0,0,0,0,0,0,0,0,0,0,0,0,0,0,0,0,0,0.929302732550708,0,0,0
3713,0,0,0,0,0,0,0,0,0,0,0.999325778467116,0,0,0,0,0,0,0,0,0,0,0,0,0,0,0,0,0,0,3.16390864724539,0,0,0,0.819310587695601,0,0,0,0,0,0,0,0,0,0,0,0,0,0,0,0,0,0,0,0
3714,0,0,0,0,0,0,0,0,0,0,0,0,0,0,0,0,0,0,3.06718704538627,0,0,0,0,0,0,0,0,0,0,0,0,0,0,0,0,0,0,0,0,0,0,1.94504702778147,0,0,0,0,0,0,0,0,0,0,0,0
3715,4.51654647538166,7.01231984218029,2.08613771222035,0.978530736118733,4.23590822268238,8.09995949044855,5.44258075523871,4.08963780552298,6.37190955269683,0,1.99865155693423,1.32603040223577,0.937273526698761,1.21088559634316,0,2.16285725883284,0,7.61053485646406,2.04479136359084,3.83484177477603,11.8166843918086,0,4.32866594422409,3.6840723971684,0,0,0.927244667958238,3.45408167558339,2.82869206245747,3.16390864724539,1.07703276613234,0,1.92215773959633,4.096552938478,0,0,2.43729316954225,2.35717070191115,4.16405880633637,3.76157703569164,1.88619236512332,1.94504702778147,2.45128158122089,0.93533206579746,0,0,6.59250872130581,3.25274824881811,1.59393776516312,1.30340029874147,1.85860546510142,1.47506723578603,1.09678960865664,0.908674980847939
3716,3.61323718030533,2.62961994081761,4.1722754244407,0,1.0589770556706,5.39997299363237,2.72129037761935,1.02240945138075,6.37190955269683,2.70649836695223,0.999325778467116,0,1.87454705339752,2.42177119268632,0,1.08142862941642,3.34831136348571,7.61053485646406,1.02239568179542,3.83484177477603,19.4131243579713,2.06141573885485,5.41083243028011,2.45604826477893,0,0,0,0,0.942897354152491,2.10927243149693,0,0,0.961078869798163,0.819310587695601,0,1.12182576823647,1.21864658477113,0.785723567303718,0.832811761267273,0,0,2.91757054167221,1.22564079061044,0.93533206579746,0,0,1.64812718032645,1.62637412440906,0.796968882581562,0.651700149370734,0.929302732550708,0,0,0.908674980847939
3720,0,0.876539980272536,1.04306885611018,0,0,0.899995498938728,0,0,0,0,0,0,0,0,0,0,0,0,0,0,0,1.03070786942743,0,1.22802413238947,1.08340074459836,0,2.78173400387471,0,0,1.05463621574846,0,0,1.92215773959633,0.819310587695601,0.989404235784912,0,0,0,0,0,0,0.972523513890737,0,0,0,0,0,0.813187062204528,0,0,0,1.47506723578603,0,0
3722,0,0,0,0.978530736118733,0,0,0,0,0,0,0,0,0,0,0,2.16285725883284,0,0,0,0,0,0,0,0,0,0,0,0,0.942897354152491,0,0,0,0,0,0,0,0,0,0,0,0,0,0,0,0,0,0,0,0,0,0,0,0,0
3723,0,0,0,0,0,0,0,0,0,0,0,0,0,0,0,0,0,0,0,0,0,0,1.08216648605602,0,0,0,0,0,0,0,0,0,0,0,0,0,0,0,0,0,0,0,0,0,0,0,0,0,0,0,0,0,0,0
3724,0,0,0,0,0,0.899995498938728,0,0,0,0,0,0,0,0,0,0,0,0,0,0,0,0,0,0,0,0,0,0,0,0,0,0,0,0,0,0,0,0.785723567303718,0,0,0,0,0,0,0,0,0,0,0,0,0,0,0,0
3726,0,0,0,0,0,0,0,0,0,0,0,0,0,0,0,0,0,0,0,0,0,0,0,0,0,0,0,0,0,0,1.07703276613234,0,0,0,0,0,0,0,0,0,0,0,0,0,0,0,0,0,0,0,0,0,0,0
3727,0,0,0,0,0,0,0,0,0.910272793242405,0,0,0,0,0,0,0,0,0,0,0,0,0,0,0,0,0,0,0,0,0,0,0,0,0,0,0,0,0,1.66562352253455,0,0,0,0,0,0,0,0,0,0,0,0,0,0,0
3728,0,0,0,0,0,0,0,0,0,0,0,0,0,0,0,0,0,0,0,0,0,0,0,0,0,0,0,0,0,0,0,0,0,0,0,0,0,0,0,0,0,0,0,0,0,0,0,0,0,0,0,0,0,0
3730,0,0,0,0,0,0,0,0,0,0,0.999325778467116,0,0.937273526698761,0,0,0,0,0,0,0.958710443694007,0,0,0,0,1.08340074459836,0.886581760591582,0.927244667958238,0,0,0,2.15406553226468,1.43407603414644,0,0,0.989404235784912,0,0,0,0.832811761267273,0,0,0,0,0,0,0,0.824063590163226,0.813187062204528,1.59393776516312,0,1.85860546510142,0,0,0
3731,0,0,0,0,0,0,0,0,0,0,0,0,0.937273526698761,0,0,0,0,0,0,0,0,0,0,0,1.08340074459836,0,1.85448933591648,0,0.942897354152491,0,1.07703276613234,0,0,0,0,0,0,0,0,0,0,0,0,0,0,0,0,0,0,0.651700149370734,0,0,0,0
3732,0,0,0,0,0,0,0,0,0,0,0,0,0,0,0,0,0,0,0,0,0,0,0,0,0,0,0,0,0,0,0,0,0,0,0,0,0,0,0,0,0,0,0,0,0,0,0,0,0,0,0,0,0,0
3737,0,0,0,0,0,0,0,0,0,0,0,0,0,0,1.09960085430456,0,0,0,0,0.958710443694007,0,0,1.08216648605602,0,0,0,0,0,0,1.05463621574846,0,0,0,0.819310587695601,0,1.12182576823647,0,0,0,0,0.943096182561662,0,1.22564079061044,0,1.56209250666957,0,0.824063590163226,0,1.59393776516312,1.30340029874147,0,0,0,0
3738,0,0,0,0,0,0,0,0,0,0,0,0,0,0,0,0,0,0,0,0,0,0,0,0,0,0,0,0,2.82869206245747,0,0,0,0,0,0,0,0,0,0,0,0,0,0,0.93533206579746,0,0,0,0.813187062204528,0,0,0.929302732550708,0,1.09678960865664,0
3741,0,0,0,0,0,0,0,0,0,0,0,0,0,0,0,0,0,0,0,0,0,0,0,0,0,0,0,0,0,0,0,0,0,0,0,0,0,0,0,0,0,0,0,0,0,0,0,0,0,0,0,0,0,0
3742,0,0,0,0,0,0,0,0,0,0,0,0,0,0,0,1.08142862941642,0,0,0,0,0,0,1.08216648605602,0,0,0,0,0,0,0,0,0,0.961078869798163,0,0,0,0,0,0,0,0,0,0,0,0,0,0,0,0,0,0,0,0,0
3743,9.93640224583965,32.4319792700838,11.4737574172119,38.1626987086306,6.35386233402358,6.2999684925711,19.9561294358753,22.4930079303764,31.8595477634842,28.8693159141571,320.783574887944,17.9014104301828,39.365488121348,46.01365266104,107.760883721846,22.7100012177448,77.0111613601714,77.0566654216986,99.1723811341559,28.7613133108202,67.5239108103351,10.3070786942743,49.779658358577,265.253212596125,84.505258078672,44.3290880295791,34.3080527144548,24.1785717290837,89.5752486444866,62.2235367291594,75.3922936292637,108.989778595129,15.3772619167706,27.8565599816504,13.8516593009888,205.294115587275,290.037887175528,17.2859184806818,89.1108584555982,179.301838701302,53.7564824060147,32.0932759583943,156.882021198137,80.4385576585816,463.941474480864,252.55297428962,77.4619774753433,271.604478776312,160.987714281475,77.5523177751173,79.9200349993609,125.380715041812,94.3239063444712,119.945097471928
3748,0,0,0,0,0,0,0,0,0,0,0,0,0,0,0,0,0,0,0,0,0,0,0,0,1.08340074459836,0,0.927244667958238,0,0,0,0,0,0,0,0,0,0,0,0,0,0,0.972523513890737,0,0,0,0,0,0,0,0,0,0,1.09678960865664,0
3750,0,2.62961994081761,0,0,0,0,0,0,0,0,0,0,0,0,0,0,0,0,0,0,0,0,0,0,0,0,0,0,0,0,0,0,0,0,0,0,0,0,0,0,0,0,0,0,0,0,0,0,0,0,0,0,0,0
3751,46.0687740488929,37.6912191517191,17.732170553873,22.5062069307309,3.17693116701179,16.1999189808971,21.7703230209548,25.5602362845186,40.9622756959082,30.6736481587919,46.9683115879545,48.4001096816055,203.388355293631,26.6394831195495,268.302608450312,67.048575023818,58.0373969670857,33.2960899970303,113.485920679292,80.5316772702966,64.9917641549475,30.9212360828228,154.749807506011,22.1044343830104,1.08340074459836,43.4425062689875,25.0356060348724,101.319729150446,26.4011259162697,70.6606264551471,84.0085557583224,4.30222810243932,17.2994196563669,199.092472810031,14.8410635367737,28.0456442059118,95.0544336121479,52.6434790093491,81.6155526041928,273.341264593593,99.0250991689745,127.400580319687,73.5384474366266,45.8312712240756,192.137378320358,105.943832435052,128.553920065463,297.626464766857,121.139270152397,166.183538089537,192.365665637997,44.2520170735808,95.4206959531278,228.986095173681
3757,0,0,0,0,0,0,0,0,0,0,0,0,0,0,0,0,0,0,0,0,0,0,0,0,0,0,0,0,0,0,0,0,0,0,0,0,0,0,0,0,0,0,0,0,0,0,0,0.813187062204528,0,0,0,0,0,0
3758,0,0,0,0,0,0,0,0,0,0,0,0,0,0,0,0,0,0,0,0,0,0,0,0,0,0,0,0,0,0,0,0,0,0,0,0,0,0,0,0,0,0,0,0,0,0,0,0,0,0,0,0,0,0
3761,0,0,0,0,0,0,0,0,0,0,0,0,0,0,0,0,0,0,0,0,0,0,0,1.22802413238947,0,0,0,0,0,0,0,0,0,0,0,0,0,0,0,0,0,0,0,0,0,0,0,0,0,0,0,0,0,0
3769,0,0,0,0,0,0,0,0,0,0,0,0,0,0,0,0,0,0,0,0,0,0,0,0,0,0,0,0,0,0,0,0,0,0,0,0,0,0,0,0,0,0,0,0,0,0,0,0,0,0,0,0,0,0
3770,0,0,0,0,0,0,0,0,0,0,0,0,0,0,0,0,0,0,0,0,0,0,0,0,0,0,0,0,0,0,0,0,0,0,0,0,0,0,0,0,0,0,0,0,0,0,0,0,0,0,0,0,0,0
3771,0,0,0,0,0,0.899995498938728,0,0,0,0,0,0,0,0,0,0,0,0,0,0,0,0,0,0,0,0,0,0,0,0,0,0,0,0,0,0,0,0,0,0,0,0.972523513890737,0,0,0,0,0,0.813187062204528,0,0,0,0,0,0
3772,0,0,0,0,0,0,0,0,0,0,0,0,0,0,0,0,0,0,1.02239568179542,0,0,0,0,0,0,0,0,0,0,0,0,0,0,0,0,0,0,0,0,0,0,0,0,0,0,0,0,0,0,0,0,0,0,0
3775,0,0,0,0,0,0,0,0,0,0,0.999325778467116,0,0,0,0,0,0,0,1.02239568179542,0,0.844048885129189,0,2.16433297211204,1.22802413238947,0,0.886581760591582,0,0,0,0,0,0,0.961078869798163,0,0,0,0,0,0,0,0,0,0,0,0,0,0,0,0,0,0.929302732550708,1.47506723578603,0,0
3776,39.7456089833586,14.0246396843606,19.8183082660933,10.7638380973061,7.41283938969417,17.9999099787746,13.6064518880968,12.268913416569,15.4746374851209,14.4346579570785,26.9817960186121,17.238395229065,13.1218293737827,15.7415127524611,25.2908196490048,10.8142862941642,17.8576606052571,16.1723865699861,18.4031222723176,12.4632357680221,20.2571732431005,19.5834495191211,21.6433297211204,14.7362895886736,11.917408190582,23.0511257753811,8.34520201162414,5.75680279263899,8.48607618737242,17.9288156677239,12.9243931935881,10.0385322390251,15.3772619167706,16.386211753912,10.883446593634,10.0964319141283,7.31187950862676,14.1430242114669,6.66249409013819,21.3156032022526,8.48786564305495,9.72523513890737,28.1897381840402,14.0299809869619,10.934647546687,3.21041916469855,13.1850174426116,36.5934177992037,14.3454398864681,13.6857031367854,9.29302732550708,10.3254706505022,12.0646856952231,16.3561496552629
3777,0,0,0,0,0,0,0,0,0,0,0,0,0,0,0,0,0,0,0,0,0,0,0,0,0,0,0,0,0,0,0,0,0,0,0,0,0,0,0,0,0,0,0,0,0,0,0,0,0,0,0,0,0,0
3780,0,0,0,0,0,0,0,0,0,0,0,0,0,0,0,0,0,0,0,0,0,0,0,0,0,0,0,0,0,0,0,0,0,0,0,0,0,0,0,0,0,0,0,0.93533206579746,0,0,0,0,0,0,0,0,0,0
3781,0,0,0,0,0,0,0,0,0,0,0,0,0,0,0,0,0,0,0,0,0,0,0,0,0,0,0,0,0,0,0,0,0,0,0,0,0,0,0,0,0,0,0,0,0,0,0,0,0,0,0,0,0,0
3783,0,0,0,0,0,0,0,0,0,0,0,0,0,0,0,0,0,0,0,0,0,0,0,0,0,0,0,0,0,0,0,0,0,0,0,0,0,0,0,0,0,0,0,0,0,0,0,0,0,0,0,0,0,0
3784,0,0,0,0,0,0,0,0,0,0,0,0,0,0,0,0,0,0,0,0,0,0,0,0,0,0,0,0,0,0,0,0,0,0,0,0,0,0,0,0,0,0,0,0,0,0,0,0,0,0,0,0,0,0
3785,0,0,0,0,0,0,0,0,0,0,0,0,0,0,0,0,0,0,0,0,0,0,0,0,0,0,0,0,0,0,0,0,0,0,0,0,0,0,0,0,0,0,1.22564079061044,0,0,0,0,0.813187062204528,0,0,0,0,0,0
3786,0,0,0,0,0,0,0,0,0,0,0,0,0,0,0,0,0,0,0,0,0,0,0,0,0,0,0,0,0,0,0,0,0,0,0,0,0,0,0,0,0,0,0,0,0,0,0,0.813187062204528,0,0,0,0,0,0
3788,0,0,0,0,0,0,0,0,0,0,0.999325778467116,0,0,1.21088559634316,0,2.16285725883284,0,0,0,0,0,0,0,0,0,0.886581760591582,0,0,0,0,0,0,0,0.819310587695601,0,0,0,0,0,2.50771802379443,0,0,3.67692237183133,0,0,0,0.824063590163226,0.813187062204528,0,0,0,0,0,0
3790,0,0,0,0,0,0,0,0,0,0,0,0,0,0,0,0,0,0,0,0,0,0,0,0,0,0,0,0,0,0,0,0,0,0,0,0,0,0,0,0,0,0,0,0,0,0,0,0,0,0,0,0,0,0
3792,1.80661859015266,3.50615992109015,0,0,0,0,0,0,1.82054558648481,0,0.999325778467116,0,0,1.21088559634316,1.09960085430456,0,0,0,0,1.91742088738801,0.844048885129189,0,1.08216648605602,0,0,0,0,0,0,0,0,0,0,0.819310587695601,0,0,0,0,0,1.25385901189721,0,0,0,0,0,0,0,0,0,0,0,0,1.09678960865664,0.908674980847939
3795,0,0,0,0,0,0,0,0,0,0,0,0,0,0,0,0,0,0,0,0,0,0,0,0,0,0,0,0,0,0,0,0,0,0,0,0,0,0,0,0,0,0,0,0,0,0,0,0,0,0,0,0,0,0
3797,0,0,0,0,0,0,0,0,0,0,0,0,0,0,2.19920170860911,0,2.23220757565714,0,0,0,0,0,0,1.22802413238947,0,0,0,1.1513605585278,0,0,0,0,0,0.819310587695601,0,1.12182576823647,0,0,0,0,0,0,0,0,0,0,1.64812718032645,0,0,0.651700149370734,0,0,0,0.908674980847939
3799,3.61323718030533,11.395019743543,17.732170553873,1.95706147223747,5.29488527835298,10.7999459872647,4.53548396269892,29.6498740900416,12.7438191053937,10.8259934678089,0.999325778467116,15.2493496257113,29.9927528543604,4.84354238537263,9.896407688741,1.08142862941642,16.7415568174286,17.1237034270441,9.2015611361588,54.6464952905584,25.3214665538757,11.3377865637017,0,12.2802413238947,2.16680148919672,7.09265408473266,0.927244667958238,50.6598645752231,2.82869206245747,1.05463621574846,3.23109829839702,0,0,7.3737952892604,25.7245101304077,2.24365153647295,0,35.3575605286673,0.832811761267273,3.76157703569164,16.0326351035482,5.83514108334442,3.67692237183133,5.61199239478476,10.934647546687,2.14027944313237,0.824063590163226,4.06593531102264,2.39090664774469,2.60680059748294,2.78790819765212,5.90026894314411,4.38715843462657,5.45204988508763
3804,0,0,1.04306885611018,0,0,0,0,0,0,0,0,0,0,0,0,0,0,0,1.02239568179542,0,0,0,0,1.22802413238947,0,0,0,0,0.942897354152491,0,1.07703276613234,0,0,2.4579317630868,0,0,0,0,0.832811761267273,0,0,0.972523513890737,0,0,0,0,0.824063590163226,0,0.796968882581562,0,0,0,1.09678960865664,0
3806,0,0,1.04306885611018,0,0,0,0,0,0,0,0,0,0,0,0,0,0,0,0,0,0,0,0,0,0,0,0,0,0,0,0,0,0,0,0,0,0,0,0.832811761267273,0,0,0,0,0,0,0,0,0,1.59393776516312,0,0,0,0,0
3810,0,0,0,0,0,0,0,0,0,0,0,0,0,0,0,0,0,0,0,0,0,0,0,0,0,0,0,0,0,0,0,0,0,0,0,0,0,0.785723567303718,0,0,0,0,0,0,0,0,0,0.813187062204528,0,0,0,0,0,0
3811,0,0,0,0,0,0,0,0,0,0,0,0,0,0,0,0,2.23220757565714,0,0,0,0.844048885129189,0,0,1.22802413238947,2.16680148919672,0,0,0,0,0,0,2.86815206829288,0,0.819310587695601,0,0,0,0,0,0,0,1.94504702778147,0,0,0,0,0,1.62637412440906,0,0.651700149370734,0,1.47506723578603,0,0
3812,0.903309295076332,0,0,0,0,0,0,0,0,0,1.99865155693423,0,2.81182058009628,2.42177119268632,1.09960085430456,3.24428588824926,2.23220757565714,0,0,0.958710443694007,0,0,1.08216648605602,0,3.25020223379508,2.65974528177475,1.85448933591648,1.1513605585278,0,0,1.07703276613234,2.86815206829288,0,0,1.97880847156982,2.24365153647295,1.21864658477113,2.35717070191115,0.832811761267273,1.25385901189721,0,3.89009405556295,1.22564079061044,0.93533206579746,1.56209250666957,3.21041916469855,0.824063590163226,2.43956118661358,0,0.651700149370734,0,2.95013447157206,1.09678960865664,0
3814,0,0,0,0,0,0,0,0,0,0,0,0,0,0,0,0,0,0,0,0,0,0,0,0,0,0,0,0,0,0,0,0,0,0,0,0,0,0,0,0,0,0,0,0,0,0,0,0,0,0,0,0,0,0
3816,0,0,0,0,0,0,0,0,0,0,1.99865155693423,0,0,0,0,0,0,0,0,0,0,0,0,0,0,0,0,0,0,0,0,0,0,0,0,0,0,0,0,0,0,0,0,0,0,0,0,0,0,0,0,0,0,0
3818,0,0,0,0,0,0,0,0,0,0,0,0,0,0,0,0,0,0,0,0,0,0,0,0,0,0,0,0,0,0,0,0,0,0,0,0,0,0,0,0,0,0,0,0,0,0,0,0,0,0,0,0,0,0
3820,0,0,0,0,0,0,0,0,0,0,0,0,0,0,0,0,0,0,0,0,0,0,0,0,0,0,0,0,0,0,1.07703276613234,0,0,0,0,0,0,0,0,0,0,0,0,0,0,0,0,0,0,0,0,0,0,0
3822,0,0,0,0,0,0,0,0,0,0,0,0,0,0,0,0,0,0,0,0,0,0,0,0,0,0,0,0,0,0,0,0,0,0,0,0,0,0,0,0,0,0,0,0,0,0,0,0,0,0,0,0,0,0
3825,0,0.876539980272536,1.04306885611018,0,0,0,0.907096792539785,0,0,0.902166122317409,0,0,0,0,1.09960085430456,0,0,0.951316857058008,0,0,0,0,0,0,0,2.65974528177475,0,0,0,0,0,0,0,1.6386211753912,0,0,0,0,0,0,0.943096182561662,0,0,0,1.56209250666957,0,0,0,0,0,0.929302732550708,0,1.09678960865664,0.908674980847939
3826,0,0,0,0,0,0,0,0,0,0,0,0,0,0,0,0,0,0,0,0,0,0,0,0,0,0,0,0,0,0,0,0,0,0,0,0,0,0,0,0,0,0,0,0,0,0,0,0,0,0,0,0,0,0
3827,0.903309295076332,0,1.04306885611018,0,0,2.69998649681618,1.81419358507957,2.04481890276149,0.910272793242405,0,0.999325778467116,0,0,1.21088559634316,2.19920170860911,0,0,0,1.02239568179542,0,0,1.03070786942743,1.08216648605602,0,0,1.77316352118316,0,0,0.942897354152491,0,5.38516383066169,1.43407603414644,1.92215773959633,0.819310587695601,0,0,0,0,1.66562352253455,2.50771802379443,0.943096182561662,0,1.22564079061044,0,0,1.07013972156618,0,0,0,0,0.929302732550708,0,0,0
3832,0,0,0,0,0,0.899995498938728,0.907096792539785,1.02240945138075,0,0.902166122317409,2.99797733540135,0.663015201117883,3.74909410679505,0,0,2.16285725883284,0,0,0,1.91742088738801,1.68809777025838,2.06141573885485,1.08216648605602,0,0,0,0,1.1513605585278,3.77158941660996,0,2.15406553226468,0,0.961078869798163,0,0,0,0,0.785723567303718,0,0,1.88619236512332,0,2.45128158122089,0.93533206579746,0,1.07013972156618,0,2.43956118661358,1.59393776516312,1.9551004481122,0,0,3.29036882596993,0
3833,0,0,1.04306885611018,0,0,0,0,0,0,0,0,1.32603040223577,0,0,0,0,0,0,0,0,0,0,0,0,0,0,0.927244667958238,0,0,0,1.07703276613234,0,0,0.819310587695601,0,0,0,0,0,0,1.88619236512332,0,0,0,0,0,0,0,0,0,0,0,0,0
3835,0,0,0,0,0,0,0,0,0,0,0,0,0,0,0,0,0,0,0,0,0,0,0,0,0,0,0,0,0,0,0,0,0,0,0,0,0,0,0,0,0,0,0,0,0,0,0,0,0,0,0,0,0,0
3836,0,0,0,0,0,0,0,0,0,0,0,0,0,0,0,0,0,0,0,0,0,0,0,0,0,0,0,0,0,0,0,0,0,0,0,0,1.21864658477113,0,0,1.25385901189721,0,0,0,0,0,0,0,0,0,0,0,0,0,0
3838,0,0,0,0,0,0,0,0,0,0,0,0,0,0,0,0,0,0,0,0,0,0,0,0,0,0,0,0,0,0,0,0,0,0,0,0,0,0,0,0,0,0,0,0,0,0,0,0,0,0,0,0,0,0
3839,0,0,0,0,0,0,0,1.02240945138075,0,0,0,0,0,0,0,0,0,0,0,0,0,0,0,0,0,0,0,0,0,0,0,1.43407603414644,0,0,0,0,0,0,0,0,0,0,0,0,0,0,0,0,0,0,0,0,0,0
3841,0,0,0,0,0,0,0,0,0,0,0,0,0,0,0,0,0,0,0,0,0,0,0,0,0,0,0,0,0,0,0,0,0,0,0,0,0,0,0,0,0,0,0,0,0,0,0,0,0,0,0,0,0,0
3842,9.93640224583965,2.62961994081761,5.21534428055088,0.978530736118733,1.0589770556706,9.89995048832601,0.907096792539785,10.2240945138075,1.82054558648481,5.41299673390446,2.99797733540135,5.96713681006095,1.87454705339752,7.26531357805895,3.29880256291367,3.24428588824926,3.34831136348571,6.65921799940605,3.06718704538627,12.4632357680221,10.9726355066795,1.03070786942743,7.57516540239216,3.6840723971684,1.08340074459836,4.43290880295791,0,3.45408167558339,3.77158941660996,3.16390864724539,2.15406553226468,0,1.92215773959633,2.4579317630868,2.96821270735474,6.73095460941884,3.65593975431338,1.57144713460744,2.49843528380182,3.76157703569164,0.943096182561662,0,1.22564079061044,0.93533206579746,3.12418501333915,5.35069860783092,1.64812718032645,3.25274824881811,1.59393776516312,5.8653013443366,8.36372459295637,2.95013447157206,0,0.908674980847939
3843,0,0,0,0,0,0,0,0,0,0,0,0,0,0,0,0,0,0,0,0,0,0,0,0,0,0,0,0,0,0,0,0,0,0,0,0,0,0,0,0,0,0,0,0,0,0,0,0,0,0,0,0,0,0
3844,0,0,0,0,0,0,0,0,0,0,0,0,0,0,0,0,0,0,0,0,0,0,0,0,0,0,0,0,0,0,0,0,0,0,0,0,0,0,0,0,0,0,0,0,0,0,0.824063590163226,0,0,0,0,0,0,0
3846,0,0,0,0,0,0,0,0,0,0,0,0,0,0,0,0,0,0,0,0,0,0,0,1.22802413238947,0,0,0,0,0,0,0,0,0,0,0,0,0,0,0,0,0,0,0,0,0,0,0,0,0,0,0,0,0,0
3847,0.903309295076332,0,2.08613771222035,0,0,0,0,0,0,4.51083061158705,0,0.663015201117883,4.68636763349381,1.21088559634316,3.29880256291367,0,0,0,0,0,0,0,0,0,0,0,0,2.30272111705559,0,0,2.15406553226468,0,0.961078869798163,0,0,0,0,0,0,2.50771802379443,4.71548091280831,0,4.90256316244177,0,0,0,0,3.25274824881811,0.796968882581562,0,0.929302732550708,0,0,1.81734996169588
3850,0.903309295076332,7.01231984218029,3.12920656833053,5.8711844167124,0,2.69998649681618,0,4.08963780552298,0.910272793242405,6.31516285622187,7.99460622773693,6.63015201117883,12.1845558470839,12.1088559634316,23.0916179403957,2.16285725883284,3.34831136348571,1.90263371411602,7.15676977256795,3.83484177477603,3.37619554051675,2.06141573885485,6.49299891633613,13.5082654562841,1.08340074459836,3.54632704236633,5.56346800774943,18.4217689364448,10.3718708956774,8.43708972598772,6.46219659679403,8.60445620487864,0.961078869798163,9.01241646465161,0.989404235784912,7.85278037765532,9.74917267816901,1.57144713460744,9.16092937394,43.8850654164025,4.71548091280831,6.80766459723516,15.9333302779358,7.48265652637968,10.934647546687,17.122235545059,7.41657231146904,23.5824248039313,5.57878217807093,5.21360119496587,5.57581639530425,11.8005378862882,7.67752726059649,12.7214497318711
3853,0,0,0,0,0,0,0,0,0,0,0,0,0,0,0,0,0,0,0,0,0,0,0,0,0,0,0,0,0,0,0,0,0,0,0,0,0,0,0,0,0,0,0,0,0,0,0,0,0,0,0,0,0,0
3854,0,0,0,0,0,0,0,0,0,0,0,0,0,0,0,0,0,0,0,0,0,0,0,0,0,0,0,0,0,0,0,0,0,0,0,0,0,0.785723567303718,0,0,0,0,0,0,0,0,0,0,0,0,0,0,0,0
3857,0,0,0,0,0,0,0,0,0,0,0,0,0,0,0,0,0,0,0,0,0,0,0,0,0,0,0,0,0,0,0,0,0,0,0,0,0,0,0,0,0,0,0,0,0,0,0,0,0,0,0,0,0,0
3859,0,0,0,0,0,0,0,0,0,0,0,0,0,0,0,0,0,0,0,0,0,0,0,0,0,0,0,0,0,0,0,0,0,0,0,0,0,0,0,0,0,0,0,0,0,0,0,0,0,0,0,0,0,0
3861,0,0.876539980272536,0,0,0,0,0,0,0,0,0,0,0,0,0,0,0,0,0,0,0,0,0,0,0,0,0,0,0,0,0,0,0,0,0,0,0,0,0,0,0,0,0,0,0,0,0,0,0,0,0,0,0,0
3863,0,0,0,0,0,0,0,0,0,0,0,0,0,0,0,0,0,0,0,0,0,0,0,0,0,0,0,0,0,0,0,0,0,0,0,0,0,0,0,0,0,0,0,0,0,0,0,0,0,0,0,0,0,0
3864,0,0,0,0,0,0,0,0,0,0,0,0,0,1.21088559634316,0,0,0,0,0,0,0,0,0,0,0,0,0,0,0,0,0,0,0,0,0,0,0,0,0,0,0,0,0,0,0,0,0,0,0,0.651700149370734,0,0,0,0
3866,0,0,0,0,0,0,0,0,0,0,0,0,0,0,0,0,0,0,0,0,0,0,0,0,0,0,0,0,0,0,0,0,0,0,0,0,0,0,0,0,0,0,0,0,0,0,0,0,0,0,0,0,0,0
3867,0,0,0,0,0,0,0,0,0,0,0,0,0,0,0,0,0,0,0,0,0,0,0,0,0,0,0,0,0,0,0,0,0,0,0,0,0,0,0,0,0,0,0,0,0,0,0,0,0,0,0,0,0,0
3868,0,0,0,0,0,0,0,0,0,0,0,0,0,0,0,0,0,0,0,0,0,0,0,0,0,0,0,0,0,0,0,0,0,0,0,0,0,0,0,0,0,0,0,0,0,0,0,0,0,0,0,0,0,0
3874,0,0,0,0,0,0,0,0,0,0,0,0,0,0,0,0,0,0,0,0,0,0,0,0,0,0,0,0,0,0,0,0,0,0,0,0,0,0,0,0,0,0,0,0,0,0,0,0,0,0,0,0,0,0
3876,0.903309295076332,0,4.1722754244407,0,6.35386233402358,0,0,1.02240945138075,0.910272793242405,0,0,0,0,1.21088559634316,0,0,0,0,0,0,0.844048885129189,3.09212360828228,1.08216648605602,1.22802413238947,0,0.886581760591582,0,0,0,0,0,0,1.92215773959633,0,0,0,0,0,0.832811761267273,0,0.943096182561662,0,0,0,0,0,0.824063590163226,0,0,0,0,0,0,2.72602494254382
3880,1.80661859015266,0,0,0,0,0,0,0,0,0,0.999325778467116,0,0,0,0,0,2.23220757565714,0,0,0,0,0,0,0,0,0.886581760591582,0,0,0,0,0,0,2.88323660939449,0,0,0,0,0,0,1.25385901189721,0,0,0,0,0,0,0,1.62637412440906,0,0,0,0,2.19357921731328,1.81734996169588
3881,0,0,0,0,0,0,0,0,0,0,0,0,0,0,0,0,0,0,0,0,0,0,0,0,0,0,0,0,0,0,0,0,0,0,0,0,0,0,0,0,0,0,0,0,0,0,0,0,0,0,0,0,0,0
3882,0,0,0,0,0,0,0,0,0,0,0,0,0,0,0,0,0,0,0,0,0,0,0,0,0,0,0,0,0,0,0,0,0,0,0,0,0,0,0,0,0,0,0,0,0,1.07013972156618,0,0,0,0,0,0,0,0
3883,0,0.876539980272536,0,0.978530736118733,0,0,0.907096792539785,0,3.64109117296962,0.902166122317409,0,1.32603040223577,1.87454705339752,0,0,1.08142862941642,0,2.85395057117402,0,0,1.68809777025838,1.03070786942743,0,1.22802413238947,0,0,0,0,0,1.05463621574846,0,1.43407603414644,0,0,0,0,0,0.785723567303718,0,0,2.82928854768498,0,0,0,0,0,0,0,0,0,0,0,0,0
3886,0,0,0,0,0,0,0,0,0,0,0,0,0,0,0,0,0,0,0,0,0,0,0,0,0,0,0,0,0,0,0,0,0,0,0,0,0,0,0,0,0,0,1.22564079061044,0,0,0,0,0,0,0,0,1.47506723578603,0,0
3887,1.80661859015266,2.62961994081761,5.21534428055088,2.9355922083562,0,6.2999684925711,0.907096792539785,1.02240945138075,5.46163675945443,3.60866448926964,2.99797733540135,7.29316721229671,0.937273526698761,2.42177119268632,7.69720598013189,4.32571451766568,0,4.75658428529004,3.06718704538627,5.75226266216404,2.53214665538757,9.27637082484684,2.16433297211204,2.45604826477893,4.33360297839344,14.1853081694653,0,3.45408167558339,8.48607618737242,5.27318107874232,2.15406553226468,5.73630413658576,0.961078869798163,6.5544847015648,0.989404235784912,2.24365153647295,0,5.50006497112603,4.16405880633637,2.50771802379443,4.71548091280831,1.94504702778147,0,2.80599619739238,4.68627752000872,7.49097805096329,1.64812718032645,8.9450576842498,3.18787553032625,3.9102008962244,1.85860546510142,1.47506723578603,0,5.45204988508763
3888,0,0,0,0,0,0,0,0,0,0,0,0,0,0,0,0,0,0,0,0,0,0,0,0,0,0,0,4.60544223411119,0,0,0,0,0,0,0,0,0,0,0,0,0,0,0,0,0,0,0,0,0,0,0,0,0,0
3891,0,0,0,0,0,0,0,0,0,0,0,0,0,0,0,0,0,0,0,0,0,0,0,0,0,0,0,0,0,0,0,0,0,0,0,0,0,0,0,0,0,0,0,0,0,0,0,0,0,0,0,0,0,0
3892,0.903309295076332,0,4.1722754244407,0.978530736118733,4.23590822268238,1.79999099787746,0,0,0,1.80433224463482,0.999325778467116,0.663015201117883,0.937273526698761,0,1.09960085430456,0,0,0.951316857058008,0,2.87613133108202,2.53214665538757,0,2.16433297211204,0,1.08340074459836,0.886581760591582,0,0,0,2.10927243149693,0,0,0,0,0,0,0,2.35717070191115,0,1.25385901189721,0,0,1.22564079061044,0,0,0,0,0,0,0,0.929302732550708,0,0,0
3894,0,3.50615992109015,2.08613771222035,1.95706147223747,0,0.899995498938728,0,2.04481890276149,5.46163675945443,0.902166122317409,2.99797733540135,0.663015201117883,0,2.42177119268632,0,0,1.11610378782857,0,1.02239568179542,0,0.844048885129189,2.06141573885485,1.08216648605602,0,0,1.77316352118316,0,1.1513605585278,0,2.10927243149693,1.07703276613234,0,0,1.6386211753912,0,0,0,0.785723567303718,0.832811761267273,0,0,0,3.67692237183133,0.93533206579746,3.12418501333915,0,0,3.25274824881811,0.796968882581562,0,1.85860546510142,0,0,3.63469992339175
3895,16.259567311374,6.13577986190775,18.7752394099832,6.84971515283113,1.0589770556706,17.0999144798358,8.16387113285806,1.02240945138075,11.8335463121513,13.5324918347611,7.99460622773693,8.61919761453248,14.9963764271802,12.1088559634316,5.49800427152278,15.1400008118299,2.23220757565714,14.2697528558701,8.17916545436338,5.75226266216404,10.9726355066795,7.21495508599199,1.08216648605602,3.6840723971684,2.16680148919672,21.277962254198,5.56346800774943,20.7244900535004,20.7437417913548,8.43708972598772,5.38516383066169,2.86815206829288,3.84431547919265,9.01241646465161,21.7668931872681,3.36547730470942,4.87458633908451,3.92861783651859,6.66249409013819,13.7924491308694,0.943096182561662,10.6977586527981,13.4820486967149,4.6766603289873,1.56209250666957,4.28055888626474,7.41657231146904,12.1978059330679,8.76665770839718,1.9551004481122,17.6567519184635,0,3.29036882596993,10.9040997701753
3898,0,0,0,0,0,0,0,0,0,0,0,0,0,0,0,0,0,0,0,0,0,0,0,0,0,0,0,0,0,0,0,0,0,0,0,0,0,0,0,0,0,0,0,0,0,0,0,0,0,0,0,0,0,0
3899,0,0,0,0,0,0,0,0,0,0,0,0.663015201117883,0,0,0,0,0,0,0,0,0,0,0,0,0,0,0,0,0,0,0,0,0,0,0,0,0,0,0,0,0,0,0,0,0,0,0,0,0,0,0,0,0,0
3901,1.80661859015266,0,0,0,4.23590822268238,0,0.907096792539785,0,0,1.80433224463482,3.99730311386846,0.663015201117883,0,0,1.09960085430456,0,1.11610378782857,0.951316857058008,3.06718704538627,0,1.68809777025838,2.06141573885485,0,3.6840723971684,0,0.886581760591582,0,0,1.88579470830498,2.10927243149693,1.07703276613234,2.86815206829288,0.961078869798163,2.4579317630868,0,0,3.65593975431338,0,0,3.76157703569164,2.82928854768498,2.91757054167221,0,0,1.56209250666957,4.28055888626474,0,2.43956118661358,0,6.51700149370734,1.85860546510142,0,2.19357921731328,0
3902,0,0.876539980272536,0,0,0,0,0,0,0,0.902166122317409,0.999325778467116,0,0,0,0,2.16285725883284,0,0,1.02239568179542,0.958710443694007,1.68809777025838,0,1.08216648605602,0,0,0.886581760591582,0,0,0.942897354152491,2.10927243149693,0,1.43407603414644,0.961078869798163,0,0.989404235784912,0,0,0,0,1.25385901189721,0,0.972523513890737,1.22564079061044,0,0,0,0,0,0,0,0,0,0,1.81734996169588
3903,0,0,0,0,0,0,0,0,0,0,0,0,0,0,0,0,0,0,0,0,0,0,0,0,0,0,0,0,0,0,0,0,0,0,0,0,0,0,0,0,0,0,0,0,0,0,0,0,0,0,0,0,0,0
3905,0,0,0,0,0,0,0,0,0,0,0,0,0,0,0,0,0,0,0,0,0,0,0,0,0,0,0,0,0,0,0,0,0,0,0,0,0,0,0,0,0,0,0,0,0,0,0,0,0,0,0,0,0,0
3906,0,0,0,0,0,0,0,0,0,0,0,0,0,0,0,0,0,0,0,0,0,0,0,0,0,0,0,0,0,0,0,0,0,0,0,0,0,0,0,0,0,0,0,0,0,0,0,0,0,0,0,0,0,0
3907,0,0,0,0,0,0,0,0,0,0,0,0,0,0,0,0,0,0,0,0,0,0,0,0,0,0,0,0,0,0,0,0,0,1.6386211753912,0,0,0,0,0,0,0,0,0,0,0,0,0,0,0.796968882581562,0,0,0,0,0
3908,0.903309295076332,0,0,0,0,1.79999099787746,0,0,0,4.51083061158705,23.9838186832108,1.98904560335365,6.56091468689133,0,4.39840341721822,3.24428588824926,4.46441515131428,12.3671191417541,4.08958272718169,0,1.68809777025838,1.03070786942743,3.24649945816807,11.0522171915052,3.25020223379508,0,1.85448933591648,2.30272111705559,1.88579470830498,4.21854486299386,5.38516383066169,4.30222810243932,5.76647321878898,1.6386211753912,0.989404235784912,0,9.74917267816901,2.35717070191115,4.99687056760364,32.6003343093276,3.77238473024665,2.91757054167221,8.5794855342731,1.87066413159492,6.2483700266783,6.42083832939711,4.12031795081613,11.3846188708634,5.57878217807093,5.21360119496587,7.43442186040566,64.9029583745852,5.48394804328321,0.908674980847939
3912,0,0,0,0,0,0,0,0,0,0,0,0,0,0,0,0,0,0,0,0,0,0,0,0,0,0,0,0,0,0,0,0,0,0,0,0,0,0,0,0,0,0,0,0,0,0,0,0,0,0,0,0,0,0
3913,0,0,0,0,0,0,0,0,0,0,0,0,0,0,0,0,0,0,0,0,0,0,0,0,0,0,0,0,0,0,0,0,0,0,0,0,0,0,0,0,0,0,0,0,0,0,0,0,0,0,1.85860546510142,0,0,0
3914,0,0,0,0,0,0,0,1.02240945138075,0,0,0,0.663015201117883,0,3.63265678902947,0,0,0,0,0,0,0.844048885129189,0,0,0,0,3.54632704236633,0,0,0,0,0,0,0,0.819310587695601,0,0,0,0,0,0,0,0,0,0,1.56209250666957,0,0,0,0,0,0,0,0,0
3915,0,0,0,0,0,0,0,0,0,0,0,0,0,0,0,0,0,0,0,0,0,0,0,0,0,0,0,0,0,0,0,0,0,0,0,0,0,0,0,0,0,0,0,0,0,0,0,0,0,0,0,0,0,0
3916,0,0,0,0,0,0,0,0,0,0,0,0,0,0,0,0,0,0,0,0,0,0,0,0,0,0,0,0,0,0,0,0,0,0,0,0,0,0,0,0,0,0,0,0,0,0,0,0,0,0,0,0,0,0
3919,0,0,0,0,0,0,0.907096792539785,0,0,0,0,0,0,0,0,0,0,0,0,0,0,0,0,0,0,0,0,0,0,0,0,0,0,0,0,0,0,0,0,0,0,0,0,0,0,0,0,0,0,0,0,0,0,0
3920,0,0,0,0,0,1.79999099787746,0,0,0,0,1.99865155693423,0,0,0,1.09960085430456,0,0,0,1.02239568179542,0,0,0,0,0,0,0,0,0,0,0,0,2.86815206829288,0,0.819310587695601,0.989404235784912,1.12182576823647,2.43729316954225,0,0.832811761267273,0,0.943096182561662,0,0,0,0,1.07013972156618,0.824063590163226,0,0.796968882581562,0,0,0,1.09678960865664,0.908674980847939
3921,4.51654647538166,4.38269990136268,1.04306885611018,2.9355922083562,1.0589770556706,11.6999414862035,0.907096792539785,2.04481890276149,0,0.902166122317409,6.99528044926981,0.663015201117883,4.68636763349381,0,9.896407688741,3.24428588824926,2.23220757565714,5.70790114234805,3.06718704538627,2.87613133108202,5.90834219590432,4.12283147770971,2.16433297211204,2.45604826477893,4.33360297839344,5.31949056354949,3.70897867183295,2.30272111705559,7.54317883321993,4.21854486299386,4.30813106452935,1.43407603414644,6.72755208858714,12.289658815434,2.96821270735474,5.60912884118237,1.21864658477113,2.35717070191115,3.33124704506909,2.50771802379443,7.54476946049329,6.80766459723516,7.35384474366266,1.87066413159492,4.68627752000872,4.28055888626474,4.94438154097936,0.813187062204528,3.18787553032625,4.56190104559514,5.57581639530425,2.95013447157206,1.09678960865664,4.54337490423969
3922,3.61323718030533,3.50615992109015,11.4737574172119,2.9355922083562,1.0589770556706,8.09995949044855,9.97806471793763,6.13445670828447,1.82054558648481,6.31516285622187,3.99730311386846,3.9780912067073,3.74909410679505,1.21088559634316,4.39840341721822,9.73285766474778,0,1.90263371411602,2.04479136359084,4.79355221847003,0.844048885129189,2.06141573885485,4.32866594422409,3.6840723971684,2.16680148919672,1.77316352118316,0,0,1.88579470830498,1.05463621574846,3.23109829839702,0,1.92215773959633,1.6386211753912,2.96821270735474,0,2.43729316954225,2.35717070191115,1.66562352253455,1.25385901189721,0,2.91757054167221,1.22564079061044,2.80599619739238,1.56209250666957,3.21041916469855,1.64812718032645,1.62637412440906,2.39090664774469,3.9102008962244,1.85860546510142,4.42520170735808,1.09678960865664,2.72602494254382
3927,3.61323718030533,0,0,0.978530736118733,0,1.79999099787746,9.07096792539785,0,0,4.51083061158705,0.999325778467116,3.9780912067073,1.87454705339752,2.42177119268632,16.4940128145683,4.32571451766568,3.34831136348571,0.951316857058008,3.06718704538627,3.83484177477603,0.844048885129189,1.03070786942743,0,18.420361985842,1.08340074459836,6.20607232414108,4.63622333979119,3.45408167558339,0.942897354152491,4.21854486299386,4.30813106452935,1.43407603414644,2.88323660939449,2.4579317630868,1.97880847156982,1.12182576823647,2.43729316954225,4.71434140382231,2.49843528380182,1.25385901189721,0,7.7801881111259,4.90256316244177,0.93533206579746,0,5.35069860783092,2.47219077048968,5.69230943543169,7.17271994323406,2.60680059748294,10.2223300580578,4.42520170735808,0,1.81734996169588
3929,0,0,0,0,0,0,0,0,0,0,0,0,0,0,0,0,0,0,0,0,0,0,0,0,0,0.886581760591582,0,0,0,0,0,0,0,0,0,0,0,0,0,0,0,0,0,0,0,0,0,0.813187062204528,0.796968882581562,0,0,0,0,0
3931,0,0,0,0,0,0,0,0,0,0,0,0,0,0,0,0,0,0,0,0,0,0,0,0,0,0,0,0,0,0,0,0,0,0,0,0,0,0,0,0,0,0,0,0,0,0,0,0,0,0,0,0,0,0
3932,0,0,0,0,0,0,0,0,0,0,0,0,0,0,0,0,0,0,0,0,0,0,0,0,0,0,0,0,0,0,0,0,0,0,0,0,0,0,0,0,0,0,0,0,0,0,0,0,0,0,0,0,0,0
3935,0,0,0,0,0,0,0,0,0,0,0,0,0,0,0,0,0,0,0,0,0,0,0,0,0,0,0,0,0,0,0,0,0,0,0,0,0,0,0,0,0,0,0,0,0,0,0,0,0,0,0,0,0,0
3937,257.443149096755,95.5428578497065,117.86678074045,146.77961041781,183.203030631013,102.599486879015,82.5458081211204,59.2997481800833,184.785377028208,153.36824079396,149.898866770067,159.123648268292,620.47507467458,362.054793306604,268.302608450312,208.715725477369,265.6327015032,194.068638839834,152.336956587518,49.8529430720883,206.791976856651,183.466000758082,98.477150231098,170.695354402136,108.340074459836,131.214100567554,116.832828162738,119.741498086891,99.947119540164,202.490153423705,406.041352831892,332.705639921974,173.955275433467,276.926978641113,120.707316765759,1.12182576823647,163.298642359331,200.359509662448,33.3124704506909,180.555697713199,52.813386223453,71.9667400279146,276.99481867796,121.59316855367,265.555726133828,92.0320160546919,44.4994338688142,243.956118661358,97.2302036749505,271.758962287596,81.7786404644623,415.96896049166,151.356965994617,99.0455729124253
3941,0,0,0,0,0,0,0,0,0,0,0,0,0,0,0,0,0,0,0,0,0,0,0,0,0,0,0,0,0,0,0,0,0,0,0,0,0,0,0,0,0,0,0,0,0,0,0,0,0,0,0,0,0,0
3942,0,0,0,0,0,0,0,0,0,0,0,0,0,0,0,0,0,0,0,0,0,0,0,0,0,0,0,0,0,0,0,0,0,0,0,0,0,0,0,0,0,0,0,0,0,0,0,0,0,0,0,0,0,0
3943,0,0,1.04306885611018,0,0,0,0,0,0,0,0.999325778467116,0,0,0,0,0,0,0,0,0,0,0,1.08216648605602,0,0,0,0,2.30272111705559,0,0,0,0,0,0,0,0,0,0,0,0,0,0,0,0,0,0,0,0,0,0,0,0,0,0
3946,0.903309295076332,0,0,0,0,0,0.907096792539785,1.02240945138075,0,0,0.999325778467116,0,0,0,2.19920170860911,0,2.23220757565714,0,2.04479136359084,0,0.844048885129189,2.06141573885485,1.08216648605602,0,0,0,0,0,1.88579470830498,0,0,0,0.961078869798163,2.4579317630868,0.989404235784912,0,0,1.57144713460744,0,0,0.943096182561662,0,3.67692237183133,0,0,1.07013972156618,3.29625436065291,0.813187062204528,0,0,1.85860546510142,0,0,0
3949,209.567756457709,127.97483711979,200.269220373154,79.2609896256174,27.5334034474355,150.299248322768,70.7535498181032,60.322157631464,92.8478249107253,99.238273454915,79.9460622773693,160.449678670528,76.8564291892984,66.5987077988737,182.533741814556,156.807151265381,68.0823310575428,110.352755418729,138.023417042382,82.4490981576846,165.433581485321,109.255034159307,140.681643187283,90.8737857968206,63.9206439313032,140.07991817347,37.0897867183295,157.736396518308,113.147682498299,101.245076711853,57.082736605014,78.8741818780542,93.2246503704218,139.282799908252,79.152338862793,63.944068789479,69.4628553319542,102.929787316787,49.9687056760364,126.639760201619,93.3665220736045,36.955893527848,33.0923013464819,63.6025804742273,60.9216077601134,58.8576846861402,84.8785497868123,213.868197359791,55.7878217807093,118.609427185474,61.3339803483467,36.8766808946507,75.6784829973083,134.483897165495
3950,0.903309295076332,0.876539980272536,0,0,0,0,0,1.02240945138075,0,0,0,0,0,0,0,0,0,0,0,0,0,0,0,0,0,0,0,0,0,1.05463621574846,0,0,0,0,0,0,0,0,0,0,0,0,0,0,0,0,0,0,0,0,0,0,0,0.908674980847939
3951,0,0,0,0,0,1.79999099787746,0,3.06722835414224,0.910272793242405,2.70649836695223,10.9925835631383,3.31507600558942,3.74909410679505,0,13.1952102516547,1.08142862941642,2.23220757565714,1.90263371411602,6.13437409077253,2.87613133108202,7.5964399661627,2.06141573885485,6.49299891633613,1.22802413238947,2.16680148919672,3.54632704236633,9.27244667958238,9.21088446822238,1.88579470830498,1.05463621574846,5.38516383066169,2.86815206829288,2.88323660939449,6.5544847015648,0,2.24365153647295,3.65593975431338,2.35717070191115,4.99687056760364,10.0308720951777,13.2033465558633,6.80766459723516,0,0.93533206579746,1.56209250666957,1.07013972156618,8.24063590163226,8.9450576842498,1.59393776516312,2.60680059748294,2.78790819765212,2.95013447157206,1.09678960865664,7.26939984678351
3955,0.903309295076332,0,1.04306885611018,0,0,0.899995498938728,0,0,0,0,0.999325778467116,0.663015201117883,0,0,0,0,0,0,1.02239568179542,0,0,0,0,1.22802413238947,0,0,2.78173400387471,0,0,1.05463621574846,0,1.43407603414644,0,0,0,0,0,0,0,1.25385901189721,0,0,0,0,0,0,0,0,0,0,0.929302732550708,0,0,0
3956,0,0,0,0,0,0,0,0,0,0,0,0,0,0,0,1.08142862941642,0,0,0,0,0,0,0,0,0,0,0,0,0,0,0,0,0.961078869798163,0,0,0,0,0,0,0,0,0,0,0,0,0,0,0,0,0,0,0,0,0
3957,0,0,0,0,0,0,0,0,0,0,0,0,0,0,0,0,0,0,0,0,0,0,0,0,0,0,0,0,0,0,0,0,0,0,0,0,0,0,0,0,0,0,0,0,0,0,0,0,0,0,0,0,0,0
3959,0,0,0,0,0,0,0,0,0.910272793242405,0,0.999325778467116,0.663015201117883,0,0,0,0,0,1.90263371411602,0,0,0,0,1.08216648605602,0,0,0,0,0,0,0,0,0,0,0,0,0,0,0.785723567303718,0.832811761267273,0,0,1.94504702778147,0,0,0,1.07013972156618,0,0,0,0.651700149370734,0,0,0,0
3962,0,0,0,0,0,0,0,0,0,0,0,0,0,0,0,0,0,0,0,0,0,0,0,0,0,0,0,0,0,0,0,0,0,0.819310587695601,0,0,0,0,0,0,0,0,0,0,0,0,0,0,0.796968882581562,0,0,0,0,0
3963,0,0,0,0,0,0,0,0,0,0,0,0,0,0,0,0,1.11610378782857,0,0,0,0,0,0,0,0,0,0.927244667958238,0,0,0,0,1.43407603414644,0,0,0,0,0,0,0,0,0,0,0,0,0,0,0,0,0,0,0,0,0,0
3964,0,0,0,0,0,0,0,0,0,0,0,0,0,0,0,0,0,0,0,0,0,0,0,0,0,0,0,0,0,0,0,0,0,0,0,0,0,0,0,0,0,0,0,0,0,0,0,0,0,0,0,0,0,0
3965,0,0,0,0,0,0,0,0,0,0,0,0,0,0,0,0,0,0,0,0,0,0,0,0,0,0,0,0,0,0,0,0,0,0,0,0,0,0,0,0,0,0,0,0,0,0,0,0,0,0,0,0,0,0
3966,0,0,0,0,0,0,0,0,0,0,0,0,0,0,0,0,0,0,0,0,0,0,0,0,0,0,0,0,0,0,0,0,0,0,0,0,0,0,0,0,0,0,0,0,0,0,0,0,0,0,0,0,0,0
3967,0,0,0,0,0,0,0,0,0,0,0,0,0,0,0,0,0,0,1.02239568179542,0,0,0,0,0,0,0,0,0,0,0,0,0,0,0,0,0,0,0,0,0,0,0,0,0,0,0,0,0,0,0,0,0,0,0
3968,0,0,0,0,0,0,0,0,0,0,0,0,0,0,0,0,0,0,0,0,0,0,0,0,0,0,0,0,0,0,0,0,0.961078869798163,0,0,0,0,0,0,0,0.943096182561662,0,0,0,0,0,0,0,0,0,0,0,0,0
3969,0,0,0,0,0,0,0,0,0,0,0,0,0,0,0,0,0,0.951316857058008,0,0,0,0,0,0,0,0,0,0,0,0,1.07703276613234,0,0,0,0,0,0,0,0,0,0,0,0,0,0,0,0.824063590163226,0,0,0,0,0,0,0
3970,0,0,0,0,0,0,0,0,0,0,0,0,0,0,0,0,0,0,0,0,0,0,0,0,0,0,0,0,0,0,0,0,0,0,0,0,0,0,0,0,0,0,0,0,0,0,0,0,0,0,0,0,0,0
3971,0,0,0,0,0,0,0,0,0,0,0,0,0.937273526698761,0,0,0,0,0.951316857058008,0,0,0,0,0,0,1.08340074459836,0,0,0,0,0,0,0,0,2.4579317630868,0,0,0,0,0,0,0,0,0,0,0,0,0,0,0,0,0,0,0,0.908674980847939
3972,0,0,0,0,0,0,0,0,0,0,0.999325778467116,0,0,0,0,0,0,0,0,0,0.844048885129189,0,0,0,1.08340074459836,0,0,0,0,0,0,0,0,0,0,0,0,0,0,0,0,0,0,0,0,0,0,0,0,0,0,0,0,0
3976,0,0,0,0.978530736118733,0,0,0,0,0,0,0,0,0,0,0,0,0,0,0,0,0,0,0,0,0,0,0,0,0,0,0,1.43407603414644,0,0,0,0,1.21864658477113,0,0,0,0,0,0,0,0,0,0,0,0,0,0,0,0,0
3977,0,0,0,0,0,0,0,0,0,0,0,0,0,0,0,0,0,0,0,0,0,0,0,0,0,0,0.927244667958238,0,0,0,0,0,0,0.819310587695601,0,4.48730307294589,0,0,0,0,0,0,0,0,0,0,0,0,0,0,0,0,0,0
3978,0,0,0,0,0,0,0,0,0,0,0,0,0,0,0,0,0,0,0,0,0,0,0,0,0,0,0,0,0,0,0,0,0,0,0,0,0,0,0,0,0,0,0,0,0,0,0,0,0,0,0,0,0,0
3979,0,0,0,0,0,0,0,0,0,0,0,0,0,0,0,0,0,0,0,0,0,0,0,0,0,0,0,0,0,0,0,0,0,0,0,0,0,0,0,0,0,0,0,0,0,0,0,0,0.796968882581562,0,0,0,0,0
3980,0,0,0,0,0,0,0,0,0,0,0,0,0,0,0,0,0,0,0,0,0,0,0,0,0,0,0,0,0,0,0,0,0,0,0,0,0,0,0,0,0,0,0,0,0,0,0,0,0,0,0,0,0,0
3984,0,0,0,0,0,0,0,0,0,0,0,0,0,0,0,0,0,0,0,0,0,0,0,0,0,0,0,0,0,0,0,0,0,0,0,0,0,0,0,0,0,0,0,0,0,0,0,0,0,0,0,0,0,0
3985,0,0,0,0,0,0,0,0,0,0,0,0,0,0,0,0,0,0,0,0,0,0,0,0,0,0,0,0,0,0,0,0,0,0,0,0,0,0,0,0,0,0,0,0,0,0,0,0,0,0,0,0,0,0
3986,0,0.876539980272536,0,0,0,0,0,0,0,0,0,0,0,0,0,0,3.34831136348571,0,0,0,0,0,0,0,0,0,0,0,0,0,0,0,0,0,0,1.12182576823647,0,0,0,0,0,0,1.22564079061044,0,0,0,0,0,0,0,0.929302732550708,0,0,0
3987,0,0,0,0,0,0,0,0,0,0,0,0,0,0,0,0,0,0,0,0,0,0,0,0,0,0,0,0,0,1.05463621574846,0,0,0,0,0,0,0,0,0,0,0,0,0,0,0,0,0,0,0,0,0,0,0,0
3991,0,0,0,0,0,0,0,0,0,0,0,0,0,0,0,0,0,0,0,0,0,0,0,0,0,0,0,0,0,0,0,0,0,0,0,0,0,0,0,0,0,0,0,0,0,0,0,0,0,0,0,0,0,0
3992,0,0,0,0,0,0,0,0,0,0,0,0,0,0,0,0,0,0,0,0,0,0,0,0,0,0,0,0,0,0,0,0,0,0,0,0,0,0,0,0,0,0,0,0,0,0,0,0,0,0,0,0,0,0
3998,0,0,0,0,0,0,0,0,0,0,0,0,0,0,0,0,0,0,0,0,0,0,0,0,0,0,0,0,0,0,0,0,0,0,0,0,0,0,0,0,0,0,0,0,0,0,0,0,0,0,0,0,0,0
3999,0,0,0,0,0,0,0,0,0,0,0,0,0,0,0,0,0,0,0,0,0,0,0,0,0,0,0,0,0,0,0,0,0,0,0,0,0,0,0,0,0,0,0,0,0,0,0,0,0,0,0,0,0,0
4003,0,0,0,0,0,0,0.907096792539785,1.02240945138075,0.910272793242405,0,0,0.663015201117883,0,0,0,0,0,0,0,0.958710443694007,0,0,0,0,0,0,0.927244667958238,0,0,0,0,0,0,0,0,0,0,0,0,1.25385901189721,0,0,0,0,0,1.07013972156618,0,0,0,0,0,0,1.09678960865664,0
4006,0,0,0,0,0,0,0,0,0,0,0,0,0,0,0,0,0,0,0,0,0,0,0,0,0,0,0,0,0,0,0,0,0,0,0,0,0,0,0,0,0,0,0,0,0,0,0,0,0,0,0,0,0,0
4009,0,0,0,0,0,0,0,0,0,0,0,0,0,0,0,0,0,0,0,0,0,0,0,0,0,0,0,0,0,0,0,0,0,0,0,0,0,0,0,0,0,0,0,0,0,0,0,0,0,0,0,0,0,0
4012,0,0,0,0,0,0,0,1.02240945138075,0,0,0,0,0,0,0,0,0,0,0,0,0,0,0,0,0,0,0,0,0,0,0,0,0,0,0,0,0,0,0,0,0,0,0,0,0,0,0,0,0,0,0,0,0,0
4013,0,0,0,0,0,0,0,0,0,0,0,0,0,0,0,0,0,0,0,0,0,0,0,0,0,0,0,0,0,0,0,0,0,0,0,0,0,0,0,0,0,0,0,0,0,0,0,0,0,0,0,0,0,0
4015,0,0,0,0,0,0,0,0,0,0,0,0,0,0,0,0,0,0,0,0,0,0,0,0,0,0,0,0,0,0,0,0,0,0,0,0,0,0,0,0,0,0,0,0,0,0,0,0,0,0,0,0,0,0
4017,0,0,0,0,0,0,0,0,0.910272793242405,0,1.99865155693423,0,0,0,0,0,0,0,0,0,0,0,0,0,0,0,0,1.1513605585278,0,0,0,0,0,0,0,0,0,0,0,0,0,0,0,0,0,0,0,0,0,0,0,0,0,0
4018,0,0,0,0,0,0,0,0,0,0,0,0,0,0,0,0,0,0,0,0,0,0,0,0,0,0,0,0,0,0,0,0,0,0,0,0,0,0,0,0,0,0,0,0,0,0,0,0,0,0,0,0,0,0
4021,0,0,0,0,0,0,0,0,0,0,0,0,0,0,0,0,2.23220757565714,0,0,0,0,0,0,0,0,0,0,0,0,1.05463621574846,0,2.86815206829288,0,0,0,0,0,0,0,1.25385901189721,0,0,0,0,3.12418501333915,0,0,0,0,0,0,1.47506723578603,0,0
4023,0,0,0,0,0,0,0,0,0,0,0,0,0,0,0,0,0,0,0,0,0,0,0,0,0,0,0,0,0,0,0,0,0,0,0,0,0,0,0,0,0,0,0,0,0,0,0,0,0,0,0,0,0,0
4024,0,0,0,0,0,0,0,1.02240945138075,0,0,0,0,0,0,0,0,0,0,0,0,0,0,0,0,0,0,0,0,0,0,0,0,0,0,0,0,0,0,0,3.76157703569164,0,0,0,0,0,0,0,0,0,0,0,1.47506723578603,0,0
4027,0,0,0,0,0,0,0,0,0,0,0,0,0,0,0,0,0,0,0,0,0,0,0,0,0,0,0,0,0,0,0,0,0,0,0,0,0,0,0,0,0,0,0,0,0,0,0,0,0,0,0,0,0,0
4028,0,0,0,0,0,0,0,0,0,0,0,0,0,0,0,0,0,0,0,0,0,0,0,0,0,0,0,0,0,0,0,0,0,0,0,0,0,0,0,0,0,0,0,0,0,0,0,0,0,0,0,0,0,0
4029,0.903309295076332,0.876539980272536,0,0,0,0,0.907096792539785,0,0,0.902166122317409,1.99865155693423,0.663015201117883,1.87454705339752,0,0,0,1.11610378782857,1.90263371411602,0,0.958710443694007,0,2.06141573885485,1.08216648605602,0,0,0.886581760591582,2.78173400387471,0,0,2.10927243149693,0,0,0,0.819310587695601,0,2.24365153647295,0,0,0,0,0,0,2.45128158122089,0.93533206579746,1.56209250666957,0,0,0,0,1.9551004481122,0,2.95013447157206,0,0
4034,0,0,0,0,0,0,0,0,0,0,0,0,0,0,0,0,0,0,0,0,0,0,0,0,0,0,0,0,0,0,0,0,0,0,0,0,0,0,0,0,0,0,0,0,0,0,0,0,0,0,0,0,0,0
4035,0,0,0,0,0,0,0,0,0,0,0,0,0,0,0,0,0,0,0,0,0,0,0,0,0,0,0,0,0,0,0,0,0,0,0,0,0,0,0,0,0,0,0,0,0,0,0,0,0,0,0,0,0,0
4036,0,0,0,0,0,0,0,0,0,0,0,0,0,0,0,0,0,0,0,0,0,0,0,0,0,0,0,0,0,0,0,0,0,0,0,0,0,0,0,0,0.943096182561662,0,0,0,0,0,0,0,0,0,0,0,0,0
4038,0,0,0,0,0,0,0,0,0,0,0,0,0,0,0,0,0,0,1.02239568179542,0,0,0,0,0,0,0,0,0,0,0,0,0,0,0,0,0,0,0,0,0,0,0,0,0,0,0,0,0,0,0,0,0,0,0
4039,0,0,0,0,0,0,0,0,0,0,0,0,0,0,1.09960085430456,0,0,0,0,0,0,0,0,0,0,0,0,0,0,0,0,0,0,0,0,0,0,0,0,0,0,0,0,0,0,0,0,0,0,0,0.929302732550708,0,0,0
4043,0,0,0,0,0,0,0,0,0,0,0,0,0,0,0,0,0,0,0,0,0,0,0,0,0,0,0,0,0,0,0,0,0,0,0,0,0,0,0,0,0,0,0,0,0,0,0,0,0,0,0,0,0,0
4045,0,0,0,0,0,0,0,0,0,0,0.999325778467116,0,0,0,0,0,0,0,0,0,0,0,0,0,0,0,0,2.30272111705559,0,0,0,0,0,0.819310587695601,0,0,0,0,0,0,0,0,0,0,0,0,0,1.62637412440906,0,0,0,0,0,0
4046,0,0,0,0,0,0,0,0,0,0,0,0,0,0,0,0,0,0,0,0,0,0,0,0,0,0,0,0,0,0,0,0,0,0,0,0,0,0,0,0,0,0,0,0,0,0,0,0,0,0,0,0,0,0
4047,0,0,0,0,0,0,0,0,0,0,0,0,0,0,0,0,0,0,0,0,0,0,0,0,0,0,0,0,0,0,0,0,0,0,0,0,0,0,0,0,0,0,0,0,0,0,0,0,0,0,0,0,0,0
4048,0,0,0,0,0,0,0,0,0,0,0,0,0,0,0,0,0,0,0,0,0,0,0,0,0,0,0,0,0,0,0,0,0,0,0,0,0,0,0,0,0,0,0,0,0,0,0,0,0,0,0,0,0,0
4050,61.4250320651906,14.0246396843606,36.5074099638561,34.2485757641557,19.0615870020707,58.4997074310173,39.9122588717505,39.8739686038491,37.3211845229386,46.9126383605053,82.9440396127707,56.3562920950201,40.3027616480467,61.7551654135011,89.067669198669,30.2800016236597,71.4306424210285,71.3487642793506,48.0525970443848,66.1510206148865,106.350159526278,35.0440675605325,72.5051545657535,65.0852790166417,4.33360297839344,52.3083238749034,13.9086700193736,59.8707490434455,34.8872021036422,26.3659053937116,34.4650485162348,21.5111405121966,8.64970982818347,29.4951811570416,21.7668931872681,21.314689596493,31.6848112040493,34.5718369613636,29.1484116443546,47.6466424520941,87.7079449782345,44.7360816389739,23.2871750215984,31.8012902371136,24.9934801067132,29.9639122038532,23.0737805245703,35.7802307369992,19.924222064539,25.4163058254586,28.808384709072,26.5512102441485,46.065163563579,59.063873755116
4051,0,0,0,0,0,0,0,0,0,0,0,0,0,0,0,0,0,0,0,0,0,0,0,0,0,0,0,0,0,0,0,0,0,0,0,0,0,0,0,0,0,0,0,0,0,0,0,0,0,0.651700149370734,0,0,0,0
4052,0,0,0,0,0,0,0,0,0,0,0,0,0,0,0,0,0,0,0,0,0,0,0,0,0,0,0,0,0,0,0,0,0,0,0,0,0,0,0,0,0,0.972523513890737,0,0,0,0,0,0,0,0,0,0,0,0
4053,0,0,0,0,0,0,0,0,0,0,0,0,0,0,0,0,0,0,0,0,0,0,0,0,0,0,0,0,0,0,0,0,0,0,0,0,0,0,0,0,0,0,0,0,0,0,0,0,0,0,0,0,0,0
4054,0,0,0,0,0,0,0,0,0,0,0,0,0,0,0,0,0,0,0,0,0,0,0,0,0,0,0,0,0,0,0,0,0,0,0,0,0,0,0,0,0,0,0,0,0,0,0,0,0,0,0,0,0,0
4055,0,0,0,0,0,0,0,0,0,0,0,0,0,0,0,0,0,0,0,0,0,0,0,0,0,0,0,0,0,0,0,0,0,0,0,0,0,0,0,0,0,0,0,0,0,0,0,0,0,0,0,0,0,0
4056,0,0,0,0,0,0,0,0,0,0,0,0,0,0,0,0,0,0,0,0,0,0,0,0,0,0,0,0,0,0,0,0,0,0,0,0,0,0,0,1.25385901189721,0,0,0,0,0,0,0,0,0,0,0,0,0,0
4059,0,0,0,0,0,0,0,0,0,0,0,0,0,0,0,0,0,0,0,0,0,0,0,0,0,0,0,0,0,0,0,0,0,0,0,0,0,0,0,0,0.943096182561662,0,0,0,0,0,0,0,0,1.30340029874147,0,0,0,0
4060,2.709927885229,0,0,0.978530736118733,0,0,0,0,0,0,0,0.663015201117883,0,0,0,0,0,0,0,0,0,0,0,0,0,0,0,0,0,0,0,0,0,0,0,0,0,0,0,0,0,0,0,0,0,0,0,0,0,0.651700149370734,0,0,0,0
4061,0,0,0,0,0,0,0,0,0,0,0,0,0,0,0,0,0,0,0,0,0,0,0,0,0,0,0,0,0,0,0,0,0,0,0,0,0,0,0,0,0,0,0,0,0,0,0,0,0,0,0,0,0,0
4062,0,0,0,0,0,0,0,0,0,0,0,0,0,0,0,0,1.11610378782857,0,0,0,0,0,0,0,0,0,0,0,0,0,0,0,0,0,0,0,0,0,0,0,0,0,0,0,0,0,0,0,0,0,0,0,0,0
4065,0,0,0,0,0,0,0,0,0,0,0,0,0,0,0,0,0,0,0,0,5.90834219590432,0,0,0,3.25020223379508,0,0,0,0,0,0,2.86815206829288,0,0,0,1.12182576823647,0,0,0,0,0,0,0,0,0,0,0,0,0,0,0.929302732550708,0,0,0
4068,2.709927885229,0,0,0,2.11795411134119,0,0,0,0.910272793242405,0,0,0,0,0,0,0,0,0,0,0,0,4.12283147770971,0,0,0,0,1.85448933591648,0,0,1.05463621574846,0,0,0,2.4579317630868,0,1.12182576823647,1.21864658477113,1.57144713460744,0.832811761267273,3.76157703569164,0,0,4.90256316244177,0,1.56209250666957,1.07013972156618,1.64812718032645,1.62637412440906,3.98484441290781,1.9551004481122,4.64651366275354,0,0,0
4070,0,0.876539980272536,0,0,0,0,1.81419358507957,0,0,0,0.999325778467116,0,0,0,1.09960085430456,0,0,0,0,0,0,0,0,0,0,0,0,0,0,0,0,0,0,0,0,0,0,0,0,0,0,0,0,0,0,0,0,0,0,0,0,0,0,0
4071,0,0,0,0,0,0,0,0,0,0,0,1.32603040223577,3.74909410679505,0,6.59760512582734,9.73285766474778,2.23220757565714,0.951316857058008,12.2687481815451,6.71097310585805,0,1.03070786942743,0,23.3324585153999,1.08340074459836,17.7316352118316,7.41795734366591,13.8163267023336,1.88579470830498,4.21854486299386,3.23109829839702,4.30222810243932,1.92215773959633,1.6386211753912,15.8304677725586,7.85278037765532,9.74917267816901,9.42868280764462,11.6593646577418,3.76157703569164,1.88619236512332,10.6977586527981,2.45128158122089,0.93533206579746,6.2483700266783,7.49097805096329,9.06469949179549,1.62637412440906,1.59393776516312,1.30340029874147,16.7274491859127,5.90026894314411,0,0
4074,0.903309295076332,0,0,0,0,0,0.907096792539785,0,0.910272793242405,0,0.999325778467116,0,0,0,0,0,0,0.951316857058008,0,0,0,0,0,0,0,1.77316352118316,0,0,0,0,0,0,0.961078869798163,0,0,0,0,0,0,0,0,0.972523513890737,0,0,0,0,3.29625436065291,0,0,0,0,0,0,0
4086,0.903309295076332,0,1.04306885611018,0,0,0,0.907096792539785,0,0,0,0.999325778467116,0.663015201117883,0.937273526698761,2.42177119268632,1.09960085430456,0,0,0,1.02239568179542,0,0,0,1.08216648605602,0,0,0.886581760591582,0,0,0,2.10927243149693,1.07703276613234,1.43407603414644,0,1.6386211753912,0,0,2.43729316954225,0.785723567303718,0.832811761267273,0,0,2.91757054167221,0,0,0,0,0,0,0,0,0,0,0,0
4088,0,0,0,0,0,0,0,0,0,0,0,0,0,0,0,0,0,0,0,0,0,0,0,0,0,0,0,0,0,0,0,0,0,0,0,0,0,0,0,0,0,0,0,0,0,0,0,0,0,0,0,0,0,0
4090,0,0,0,0,0,0.899995498938728,0,0,0,0,0,0,0,0,0,0,0,0,0,0,0,0,0,0,0,0,0,0,0,0,0,0,0,0,0,0,0,0,0,0,0,0,0,0,0,0,0,0,0,0,0,0,0,0
4091,0,0,0,0,0,0,0,0,0,0,0,0,0,0,0,0,0,0,0,0,0,0,0,0,0,0,0,0,0,0,0,0,0,0,0,0,0,0,0,0,0,0,0,0,0,0,0,0,0,0,0,0,0,0
4093,0,0,0,0,0,0,0,0,0,0,0,0,0,0,0,0,0,0,0,0,0,0,0,0,0,0,0,0,0,0,0,0,0,0,0,0,0,0,0,0,0,0,0,0,0,0,0,0,0,0,0,0,0,0
4094,0,0,0,0,0,0,0,0,0,0,0,0,0,0,0,0,0,0,0,0,0,0,0,0,0,0,0,0,0,0,0,0,0,0,0,0,0,0,0,0,0,0,0,0,0,0,0,0,0,0,0,0,0,0
4095,0,0,0,0,0,0,0,0,0,0,0,0,0,0,0,0,0,0,0,0,0,0,0,0,0,0,0,0,0,0,0,0,0,0,0,0,0,0,0,0,0,0,0,0,0,0,0,0,0,0,0,0,0,0
4096,0,0,0,0,0,0,0,0,0,0,0,0,0,0,0,0,0,0,0,0,0,0,0,0,0,0,0,0,0,0,0,0,0,0,0,0,0,0,0,0,0,0,0,0,0,0,0,0,0,0,0,0,0,0
4097,0,0,0,0,0,0,0,0,0,0,0,0,0,0,0,0,0,0,0,0,0,0,0,0,0,0,0,0,0,0,0,0,0,0,0,0,0,0,0,0,0,0,0,0,0,0,0,0,0,0,0,0,0,0
4098,0,0,0,0,0,0,0,0,0,0.902166122317409,2.99797733540135,0,0.937273526698761,1.21088559634316,0,0,0,0,0,0,0,0,0,0,1.08340074459836,0,0,0,0,0,0,0,0,1.6386211753912,0,3.36547730470942,0,0.785723567303718,0,0,0,0.972523513890737,0,0,0,1.07013972156618,0,0,0,0,0,0,0,0
4099,0,1.75307996054507,0,0,0,0,0,0,0,0.902166122317409,0,0,0,0,0,0,0,0,0,0,0,0,1.08216648605602,0,0,0.886581760591582,1.85448933591648,0,0,1.05463621574846,0,0,0,0,0,0,0,0,0,0,0.943096182561662,0.972523513890737,0,1.87066413159492,0,1.07013972156618,0,0,1.59393776516312,1.30340029874147,0,0,0,2.72602494254382
4100,0,0,0,0,0,0,0,0,0,0,0,0,0,0,0,0,0,0,0,0,0,0,0,0,0,0,0,0,0,0,0,0,0,0,0,0,0,0,0,0,0,0,0,0,0,0,0,0,0,0,0,0,0,0
4103,0,0,0,0,0,0,0,0,0,0,0,0,0,0,0,0,0,0,0,0,0,0,0,0,0,0,0,0,0,0,0,0,0,0,0,0,0,0,0,0,0,0,0,0,0,0,0,0,0,0,0,0,0,0
4104,0,0,0,0,0,0,0,0,0,0,0,0,0,0,0,0,0,0,0,0,0,0,0,0,0,0,0,0,0,0,0,0,0,0,0,0,0,0,0,0,0,0,0,0,0,0,0,0,0,0,0,0,0,0
4109,0.903309295076332,0,0,0,0,0.899995498938728,0,0,0.910272793242405,0.902166122317409,0.999325778467116,0,0,0,0,0,0,0,0,0,0,0,0,0,0,0,0,0,0,2.10927243149693,0,0,0,0,0,0,0,0,0,0,0,0,0,0,0,1.07013972156618,0,0,0.796968882581562,0,0,0,0,0
4116,0,0,0,0,0,0,0,0,0,0,0,0,0.937273526698761,0,0,0,0,0,0,0,0,0,0,0,0,0,0,0,0,0,0,0,0,0,0,0,0,0,0,0,0,0,0,0,0,0,0,0,0,0,0,0,0,0
4118,0,0,0,0,0,0,0,0,0,0,0,0,0,0,0,0,0,0,0,0,0,0,0,0,0,0,0,0,0,0,0,0,0,0,0,0,0,0,0,0,0,0,0,0,0,0,0,0,0,0,0,0,0,0
4121,0,0,0,0,0,0,0,0,0.910272793242405,0,0,0,0.937273526698761,0,1.09960085430456,0,0,0,0,0,0,0,0,0,1.08340074459836,0,0,0,0,0,0,0,0,0,0,0,1.21864658477113,0,0,0,0,0,0,0,0,0,0,0,0,0.651700149370734,0,0,0,0
4123,0,0,0,0,0,0,0,0,0,0,0,0,0,0,0,0,0,0,0,0,0,0,0,0,0,0,0,0,0,0,0,0,0,0,0,0,0,0,0,0,0,0,0,0,0,0,0,0,0,0,0,0,0,0
4125,0,0,0,0,0,0,0,0,0,0,0,0,0,0,0,0,0,0,0,0,0,0,0,0,0,0,0,0,0,0,0,0,0,0,0,0,0,0,0,0,0,0,0,0,0,0,0,0,0,0,0,0,0,0
4126,0,0,0,0,0,0,0,0,0,0,0,0,0,0,0,0,0,0,0,0,0,0,0,0,0,0,0,0,0,0,0,0,0,0,0,0,0,0,0,0,0,0,0,0,0,0,0,0,0,0,0,0,0,0
4128,0,0,0,0,0,0,0,0,0,0,0,0,0,0,0,0,0,0,0,0,0,0,0,0,0,0,0,0,0,0,0,0,0,0,0,0,0,0,0,0,0,0,0,0,0,0,0,0,0,0,0,0,0,0
4129,0,0,0,0,0,0,0,0,0,0,0,0,0,0,0,0,0,0,0,0,0,0,0,0,0,0,0,0,0,0,0,0,0,0,0,0,0,0,0,0,0,0,0,0,0,0,0,0,0,0,0,0,0,0
4130,0,0,0,0,0,0,0,0,0,0,0,0,0,0,0,0,0,0,0,0,0,0,0,0,0,0,0,0,0,0,0,0,0,0,0,0,0,0,0,0,0,0,0,0,0,0,0,0,0,0,0,0,0,0
4133,0,0,0,0,0,0,0,0,0,0,0,0,0,0,0,0,0,0,0,0,0,0,0,0,0,0,0,0,0,0,0,0,0,0,0,0,0,0,0,0,0,0,0,0,0,0,0,0,0,0,0,0,0,0
4136,0,0,5.21534428055088,0.978530736118733,0,0,0,0,0,0,0,0,0,0,0,0,0,0,0,0.958710443694007,0,0,0,0,0,0,0,0,0,0,0,0,0,0,0,0,0,0,0,0,0,0,0,0,0,0,0,0,0,0,0,0,0,0
4137,0,0,0,0,0,0,0,0,0,0,0,0,0,0,0,0,0,0,0,0,0,0,0,0,0,0,0,0,0.942897354152491,0,0,0,0,0,0,0,0,0,0,0,0,0,0,0,0,0,0,0,0,0,0,0,0,0
4138,0,0,0,0,0,0,0,0,0,0,0,0,0,0,0,0,0,0,0,0,0,0,0,0,0,0,0,0,0,0,1.07703276613234,0,0,0,0,0,0,0,0,0,0,0,0,0,0,0,0,0,0,0,0,0,0,0
4139,0,0,0,0,0,0,0.907096792539785,0,0,0,0,0,0,0,0,0,1.11610378782857,11.4158022846961,0,0,0,0,0,0,0,0,0,0,0,1.05463621574846,0,0,0,0.819310587695601,0,0,0,0,0,0,0,0,0,0,0,0,0,0,0,0,0,0,0,0
4141,0,0,0,0,0,0,0,0,0,0,0,0,0,0,0,0,0,0,0,0,0,0,0,0,0,0,0,0,0,0,0,0,0,0,0,0,0,0,0,0,0,0,0,0,0,0,0,0,0,0,0,0,0,0
4142,0,0,0,0,0,0,0,0,0,0,0,0,0,0,0,0,0,0,0,0,0,0,0,0,0,0,0,0,0,1.05463621574846,0,0,0,0,0,0,0,0,0,0,0,0,0,0,0,0,0,0,0,0,0,0,0,0
4146,0,0.876539980272536,0,0,0,0,0,0,2.73081837972721,3.60866448926964,0,1.32603040223577,1.87454705339752,0,0,0,0,0,0,1.91742088738801,0,2.06141573885485,0,1.22802413238947,0,0,0,0,0,3.16390864724539,0,0,0,0.819310587695601,1.97880847156982,0,0,0.785723567303718,0.832811761267273,0,0,0.972523513890737,0,0,0,0,0,0.813187062204528,0,0.651700149370734,0,1.47506723578603,3.29036882596993,0.908674980847939
4147,0.903309295076332,0.876539980272536,0,0,0,1.79999099787746,1.81419358507957,0,0,0,0,0.663015201117883,0,0,1.09960085430456,0,0,0,0,0.958710443694007,0,0,0,0,1.08340074459836,0,0.927244667958238,0,0,0,1.07703276613234,0,0,0,0,0,0,0,0,3.76157703569164,0,0,0,1.87066413159492,3.12418501333915,0,0,0,0,0,1.85860546510142,0,0,3.63469992339175
4150,0,0,0,0,0,0,0,0,0,0,0,0,0,0,0,0,0,0,0,0,0,0,0,0,0,0,0,0,0,0,0,0,0,0,0,0,0,0,0,0,0,0,0,0,0,0,0,0,0,0,0,0,0,0
4151,0,0,0,0,0,0,0,0,0,0,0,0,0,0,0,0,0,0,0,0,0,0,0,0,0,0,0,0,0,0,0,0,0,0,0,0,0,0.785723567303718,0,0,0,0,0,0,0,0,0,0,0,0,0,0,0,0
4152,78.5879086716409,26.2961994081761,56.3257182299495,28.3773913474433,11.6487476123766,62.0996894267722,21.7703230209548,32.7171024441839,31.8595477634842,34.2823126480616,7.99460622773693,35.8028208603657,31.8672999077579,46.01365266104,45.0836350264868,61.6414318767359,31.2509060592,55.1763777093644,42.9406186354077,25.8851819797382,64.1477152698183,26.7984046051131,66.0121556494174,27.0165309125683,0,51.4217421143118,11.1269360154989,59.8707490434455,21.6866391455073,23.2019967464662,19.3865897903821,2.86815206829288,20.1826562657614,27.8565599816504,10.883446593634,5.60912884118237,4.87458633908451,15.7144713460744,11.6593646577418,21.3156032022526,13.2033465558633,18.477946763924,33.0923013464819,8.41798859217714,6.2483700266783,8.56111777252948,20.6015897540807,75.6263967850211,7.96968882581562,65.8217150864441,21.3739628486663,0,21.9357921731328,46.3424240232449
4153,0,0,2.08613771222035,0,3.17693116701179,1.79999099787746,0.907096792539785,2.04481890276149,1.82054558648481,0.902166122317409,0.999325778467116,4.64110640782518,3.74909410679505,1.21088559634316,2.19920170860911,1.08142862941642,2.23220757565714,24.7342382835082,3.06718704538627,8.62839399324606,17.725026587713,0,17.3146637768964,0,1.08340074459836,0.886581760591582,0,0,0.942897354152491,1.05463621574846,5.38516383066169,0,0.961078869798163,7.3737952892604,0.989404235784912,0,0,0,3.33124704506909,0,0.943096182561662,1.94504702778147,0,0,0,0,0.824063590163226,0,0,4.56190104559514,0.929302732550708,0,0,0
4154,0,0,0,0,0,0,0,0,0,0,0,0,0,0,0,0,0,0,0,0,0,0,0,0,0,0,0,0,0.942897354152491,0,0,0,0,0,0,0,0,0,0,0,0,0,0,0,0,0,0,0,0,0,0,0,0,0
4159,0,0,0,0,0,0.899995498938728,0,2.04481890276149,0,0,0,0,0,0,0,0,0,0.951316857058008,0,0,0.844048885129189,1.03070786942743,0,0,0,0,0,0,0,0,0,0,0,0,0.989404235784912,0,0,0,0,0,0,0,0,0,0,0,0,0,0,0,1.85860546510142,0,0,0.908674980847939
4160,0,0,0,0,0,0,0,0,0,0,0,0,0,0,0,0,0,0,0,0,0,0,0,0,0,0,0,0,0,0,0,0,0,0,0,0,0,0,0,0,0,0.972523513890737,0,0,0,0,0,0,0,0,0,0,0,0
4161,0,0,0,0,0,0,0,0,0,0,0,0,0,0,0,0,0,0,0,0,0,0,0,0,0,0,0,0,0,0,0,0,0,0.819310587695601,0,0,0,0,0,0,0,0,0,0,0,0,0,0,0,0,0,0,0,0
4164,0,0,0,0,1.0589770556706,0,0,0,0,0,0,0,0,0,0,0,0,0,0,0,0,0,0,0,0,0,0,0,0,0,0,0,0,0,0,0,0,0,0,0,0,0,0,0,0,0,0,0.813187062204528,0,0,0,0,0,0
4165,0,0,0,0,0,0,0,0,0,0,0,0,0,0,0,0,0,0,0,0,0,0,0,0,0,0,0,0,0,0,0,0,0,0,0,0,0,0,0,0,0,0,0,0,0,0,0,0,0,0,0,0,0,0
4166,0,0,0,0,1.0589770556706,0,0,0,0.910272793242405,0,0.999325778467116,0,0,0,0,0,0,0,0,0,0,0,0,0,0,0,0,0,0,0,0,0,0,0,0,0,0,0,0,0,0.943096182561662,0,0,0,0,0,0,0,0,0,0,0,0,0
4167,0,0,0,0,0,0,0,0,0,0,0,0,0,0,0,0,0,0.951316857058008,0,0,0,0,0,0,0,0,0,0,0,0,0,0,0,0,0.989404235784912,0,0,0,0,0,0,0,0,0,0,0,0,0,0,0,0,0,0,0
4174,29.809206737519,20.1604195462683,22.9475148344239,38.1626987086306,11.6487476123766,13.4999324840809,24.4916133985742,19.4257795762342,42.782821282393,49.6191367274575,24.9831444616779,110.060523385569,53.4245910218294,33.9047966976084,282.597419556271,22.7100012177448,88.1721992384571,39.9553079964363,104.284359543133,63.2748892838044,72.5882041211102,16.4913259108388,38.9579934980168,466.649170307997,85.5886588232704,69.1533773261434,235.520145661393,69.0816335116678,64.1170200823694,58.0049918661655,64.6219659679403,199.336568746355,13.4551041771743,31.1338023324328,218.658336108465,65.0658945577155,81.6493211796655,29.0717719902376,40.8077763020964,542.920952151493,50.9271938583297,112.812727611326,44.1230684619759,69.2145728690121,118.719030506888,74.9097805096329,48.6197518196304,285.428658833789,55.7878217807093,124.47472852981,75.2735213366073,215.35981642476,82.2592206492481,69.9679735252913
4175,0,0,0,0,0,0,0,0,0,0,0,0,0,0,0,0,0,0,0,0,0,0,0,0,0,0,0,0,0,0,0,0,0,0,0,0,0,0,0,0,0,0,0,0,0,0,0,0,0,0,0,0,0,0
4176,0,0,0,0,0,0,0,0,0,0.902166122317409,0.999325778467116,1.32603040223577,0.937273526698761,0,0,0,1.11610378782857,0,0,0,0,0,0,0,0,0.886581760591582,0,1.1513605585278,0,0,0,0,0,0,0,0,0,0,0.832811761267273,0,0,0,0,0,0,0,1.64812718032645,0,0,0,0,0,1.09678960865664,0
4177,1.80661859015266,0,0,0,0,0,0,1.02240945138075,1.82054558648481,2.70649836695223,0,0,0,0,1.09960085430456,0,0,0,0,0,1.68809777025838,0,0,4.91209652955787,1.08340074459836,0,0.927244667958238,0,0.942897354152491,0,0,0,0,0,0,0,2.43729316954225,0,0.832811761267273,0,0.943096182561662,0,2.45128158122089,0,0,0,0,1.62637412440906,1.59393776516312,0,0,0,0,0
4180,0,0,0,0,0,0,0,0,0,0,0,0,0,0,0,0,0,0,0,0,0,0,0,0,0,0,0,0,0,0,0,0,0,0,0,0,0,0,0,0,0,0,0,0,0,0,0,0,0,0,0,0,0,0
4181,0,2.62961994081761,1.04306885611018,0.978530736118733,0,0,0,0,1.82054558648481,1.80433224463482,2.99797733540135,1.32603040223577,4.68636763349381,1.21088559634316,27.4900213576139,2.16285725883284,2.23220757565714,1.90263371411602,12.2687481815451,3.83484177477603,0.844048885129189,0,1.08216648605602,4.91209652955787,0,1.77316352118316,5.56346800774943,8.05952390969458,2.82869206245747,3.16390864724539,7.53922936292637,0,1.92215773959633,2.4579317630868,1.97880847156982,7.85278037765532,6.09323292385563,6.28578853842975,4.99687056760364,60.1852325710663,3.77238473024665,4.86261756945369,11.030767115494,6.54732446058222,3.12418501333915,4.28055888626474,3.29625436065291,34.9670436747947,5.57878217807093,7.8204017924488,5.57581639530425,4.42520170735808,1.09678960865664,11.8127747510232
4182,0,3.50615992109015,0,0,0,0,0,0,0,0,0,0,0,0,0,0,0,0,0,0,0.844048885129189,0,0,0,0,0,0,0,0,0,0,0,0,0,0,0,0,0,0,0,0,0,0,0,0,0,0,0,0,0,0,0,0,0
4183,0,0,1.04306885611018,0,0,0,0,0,0,0.902166122317409,0,0,0.937273526698761,0,0,0,0,0,0,0,0,0,0,0,0,0,0,0,0,0,0,0,0.961078869798163,0,0,0,0,0,0,0,0,0,0,0,0,0,0,0,0,0,0,0,0,0
4184,6.32316506553433,4.38269990136268,0,2.9355922083562,2.11795411134119,4.49997749469364,4.53548396269892,1.02240945138075,0.910272793242405,3.60866448926964,1.99865155693423,4.64110640782518,0.937273526698761,4.84354238537263,15.3944119602638,6.48857177649852,5.58051893914285,3.80526742823203,6.13437409077253,4.79355221847003,5.06429331077513,0,3.24649945816807,11.0522171915052,1.08340074459836,4.43290880295791,7.41795734366591,8.05952390969458,2.82869206245747,2.10927243149693,7.53922936292637,7.1703801707322,2.88323660939449,2.4579317630868,3.95761694313965,3.36547730470942,2.43729316954225,1.57144713460744,4.16405880633637,5.01543604758885,3.77238473024665,0.972523513890737,8.5794855342731,3.74132826318984,1.56209250666957,8.56111777252948,5.76844513114258,10.5714318086589,3.18787553032625,3.25850074685367,9.29302732550708,2.95013447157206,4.38715843462657,2.72602494254382
4185,0,0,0,0,0,0,0,0,0,0,0.999325778467116,0.663015201117883,0,0,0,0,0,0,0,0,0,0,0,0,0,0,0.927244667958238,0,0,0,1.07703276613234,0,0,0,0,0,0,1.57144713460744,0.832811761267273,0,0,0,0,0,0,1.07013972156618,0,0,0,0,0,0,0,0
4189,0,0,0,0,0,0,0,0,0,0,0,0,0,0,0,0,0,0,0,0,0,0,0,0,0,0,0,0,0,0,0,0,0.961078869798163,0,0.989404235784912,0,0,0,0,0,0,0,0,0,0,0,0,0,0,0,0,0,0,0
4190,0,0,0,0,0,0,0,0,0,0,0,0,0,0,0,0,0,0,0,0,0,0,0,0,0,0,0,0,0,0,0,0,0,0,0,0,0,0,0,0,0,0,0,0,0,0,0,0,0,0,0,0,0,0
4192,0,0,0,0,0,0,0,0,0,0,0,0,0,0,0,0,0,0,0,0,0,0,0,0,0,0,0,0,0,0,0,0,0,0,0,0,0,0,0,0,0,0,0,0,0,0,0,0,0,0,0,0,0,0
4193,0,0,0,0,0,0,0,0,0,0,0,0,0,0,0,0,0,0,0,0,0,0,0,0,0,0,0,0,0,0,0,0,0,0,0,0,0,0,0,0,0,0,0,0,0,0,0,0,0,0,0,0,0,0
4194,0,0,0,0,0,0,0,0,0,0,0,0,0,0,0,0,0,0,0,0,0,0,0,0,0,0,0,0,0,0,0,2.86815206829288,0,0,0,0,0,0,0,0,0,0,0,0,0,0,0,0,0,0,0,0,0,0
4195,0,0,0,0,0,0,0,0,0,0,0,0,0,0,0,0,0,0,0,0,0,0,0,0,0,0,0,0,0,0,0,0,0,0,0,0,0,0,0,0,0,0,0,0,0,0,0,0,0,0,0,0,0,0
4197,0,0,0,0,0,0,0,0,0,0,0,0,0,0,0,0,0,0,0,0,0,0,0,0,0,0,0,0,0,0,0,0,0,0,0,0,0,0,0,0,0,0,0,0,0,0,0,0,0,0,0,0,0,0
4199,0,0,0,0,0,0,0,0,0,0,0,0,0,0,0,0,0,0,0,0,0,0,0,0,0,0,0,0,0,0,0,0,0,0,0,0,0,0,0,0,0,0,0,0,0,0,0,0,0,0,0,0,0,0
4201,0,0,0,0,0,0,0,0,0,0,0,0,0,0,0,0,0,0,0,0,0,0,0,0,0,0,0,0,0,0,0,0,0,0,0,0,0,0,0,0,0,0,0,0,0,0,0,0,0,0,0,0,0,0
4204,0,0,0,0,0,0,0,0,0,0,0,0,0,0,0,0,0,0,0,0,0,0,0,0,0,0,0,0,0,0,0,0,0,0,0,0,0,0,0,0,0,0,0,0,0,0,0,0,0,0,0,0,0,0
4213,44.2621554587403,58.7281786782599,27.1197902588646,11.7423688334248,22.2385181690825,32.3998379617942,14.5135486806366,31.6946929928031,36.4109117296962,32.4779804034267,83.9433653912378,20.5534712346544,21.5572911140715,42.3809958720105,57.1792444238369,25.9542871059941,29.0186984835428,30.4421394258562,36.8062445446352,15.3393670991041,35.4500531754259,31.9519439522502,32.4649945816807,50.3489894279681,36.8356253163442,25.7108710571559,25.0356060348724,64.4761912775567,18.8579470830498,43.240084845687,35.5420812823672,35.851900853661,28.8323660939449,22.9406964554768,14.8410635367737,19.07103806002,13.4051124324824,16.5001949133781,12.4921764190091,52.662078499683,28.2928854768498,22.368040819487,20.8358934403775,16.8359771843543,24.9934801067132,27.8236327607208,19.7775261639174,54.4835331677033,20.7211909471206,18.8993043317513,17.6567519184635,44.2520170735808,19.7422129558196,53.6118238700284
4215,0,0,0,0,0,0,0,0,0,0,5.9959546708027,0.663015201117883,0.937273526698761,0,0,0,2.23220757565714,1.90263371411602,1.02239568179542,0.958710443694007,0,0,1.08216648605602,1.22802413238947,0,1.77316352118316,0,0,0,1.05463621574846,0,0,0.961078869798163,7.3737952892604,0,1.12182576823647,0,0,0.832811761267273,0,0,0,0,2.80599619739238,1.56209250666957,0,0.824063590163226,0,0,1.9551004481122,2.78790819765212,0,0,1.81734996169588
4216,0,0,0,0,0,0,0,0,0,0,0,0,0.937273526698761,0,0,0,0,0,0,0,0,0,0,1.22802413238947,1.08340074459836,0,0,0,0,0,1.07703276613234,0,0,0,0,0,0,0,0,1.25385901189721,0,0,0,0,0,0,0,0,0,0,0,0,0,0.908674980847939
4217,0,0,0,0,0,0,0,0,0,0,0,0,0,0,0,0,0,0,0,0,0,0,0,0,0,0,0,0,0,0,0,0,0,0,0,0,0,0,0,0,0,0,0,0,0,0,0,0,0,0,0,0,0,0
4218,0,0,0,0,0,0,0,0,0,0,0,0,0,0,0,0,0,0,0,0,0,0,0,0,0,0,0,0,0.942897354152491,0,0,0,0,0,0,0,0,0,0,0,0,0,0,0,0,0,0,0,0,0,0,0,0,0
4219,0,0,0,0,0,0,0,0,0,0,0,0,0,0,0,0,0,0,0,0,0,0,0,0,0,0,0,0,0,0,0,0,0,0,0,0,0,0,0,0,0,0,0,0,0,0,0,0,0,0,0,0,0,0
4220,12.6463301310687,11.395019743543,5.21534428055088,42.0768216531055,3.17693116701179,3.59998199575491,3.62838717015914,6.13445670828447,19.1157286580905,9.9238273454915,12.9912351200725,1.32603040223577,0.937273526698761,24.2177119268632,13.1952102516547,4.32571451766568,6.69662272697142,6.65921799940605,9.2015611361588,3.83484177477603,17.725026587713,8.24566295541942,5.41083243028011,0,1.08340074459836,2.65974528177475,0.927244667958238,10.3622450267502,1.88579470830498,2.10927243149693,9.69329489519105,41.5882049902467,2.88323660939449,8.19310587695601,1.97880847156982,0,1.21864658477113,53.4292025766528,0.832811761267273,2.50771802379443,0.943096182561662,1.94504702778147,1.22564079061044,0,1.56209250666957,3.21041916469855,1.64812718032645,13.0109929952724,0,5.21360119496587,3.71721093020283,16.2257395936463,0,22.7168745211985
4221,0.903309295076332,0,0,0,0,0,0,0,0,0,0,0,0,0,0,0,0,0,0,0,0,0,0,0,0,0,0,0,0,0,0,0,0,0,0,0,0,0,0,0,0,0,0,0,0,1.07013972156618,0.824063590163226,0,0,0,0,0,0,0
4222,0,0,0,0,0,0,0,0,0,0,0,0,0,0,0,0,0,0,0,0,0,0,0,0,0,0,0,0,0,0,0,0,0,0,0,0,0,0,0,0,0,0,0,0,0,0,0,0,0,0,0,0,0,0
4224,0,0,1.04306885611018,0,0,0.899995498938728,1.81419358507957,0,0,2.70649836695223,3.99730311386846,1.32603040223577,5.62364116019257,2.42177119268632,0,3.24428588824926,0,0.951316857058008,7.15676977256795,0.958710443694007,0.844048885129189,0,4.32866594422409,0,1.08340074459836,3.54632704236633,1.85448933591648,3.45408167558339,3.77158941660996,0,1.07703276613234,1.43407603414644,3.84431547919265,4.9158635261736,0.989404235784912,0,0,0.785723567303718,2.49843528380182,0,0.943096182561662,3.89009405556295,0,0.93533206579746,3.12418501333915,1.07013972156618,3.29625436065291,1.62637412440906,7.96968882581562,1.9551004481122,0.929302732550708,0,4.38715843462657,1.81734996169588
4225,0,0,0,0,0,0,0,0,0,0,0,0,0,0,0,0,0,0,0,0,0,0,0,0,0,0,0,0,0,0,0,0,0,0,0,0,0,0,1.66562352253455,0,0,0,0,0,0,0,0.824063590163226,0,0,0,0.929302732550708,0,0,0
4226,0,0,0,0,0,0,0,0,0,0,0,0,0,0,0,0,0,0,0,0,0,1.03070786942743,0,0,0,0,0,0,0,0,0,0,0,0,0,0,0,0,0,0,0,0,0,0,0,0,0,0,0,0,0,0,0,0
4229,0,0,0,0,0,0,0,0,0,0,0,1.32603040223577,0,1.21088559634316,3.29880256291367,1.08142862941642,0,0,0,0,0,0,0,0,0,2.65974528177475,0,0,0,0,1.07703276613234,0,0,0,0,0,0,0,0,0,0,0,0,0,0,0,0,0,0,0,2.78790819765212,1.47506723578603,0,1.81734996169588
4231,1.80661859015266,5.25923988163522,1.04306885611018,0.978530736118733,2.11795411134119,0.899995498938728,5.44258075523871,2.04481890276149,6.37190955269683,0.902166122317409,0,13.2603040223577,4.68636763349381,19.3741695414905,10.9960085430456,5.4071431470821,11.1610378782857,16.1723865699861,16.3583309087268,9.58710443694007,1.68809777025838,11.3377865637017,1.08216648605602,9.82419305911574,11.917408190582,20.3913804936064,15.76315935529,10.3622450267502,13.2005629581349,22.1473605307178,4.30813106452935,2.86815206829288,0,4.096552938478,26.7139143661926,2.24365153647295,12.1864658477113,18.0716420479855,13.3249881802764,7.52315407138328,0,16.5328997361425,17.1589710685462,1.87066413159492,4.68627752000872,7.49097805096329,14.0090810327748,7.31868355984075,15.1424087690497,6.51700149370734,29.7376874416227,7.37533617893014,38.3876363029825,2.72602494254382
4232,0,0,0,0,0,0,0,0,0,0,0,0,0,0,0,0,1.11610378782857,0,0,0,0,0,0,0,0,0,0,0,0,0,0,0,0,0,0,0,0,0,0,0,0,0,0,0,0,0,0,0,0,0,0,0,0,0
4235,17.1628766064503,5.25923988163522,9.38761970499158,2.9355922083562,5.29488527835298,11.6999414862035,9.07096792539785,10.2240945138075,5.46163675945443,5.41299673390446,11.9919093416054,15.2493496257113,6.56091468689133,9.68708477074527,19.792815377482,7.57000040591494,4.46441515131428,21.8802877123342,17.3807265905222,32.5961550855962,27.009564324134,10.3070786942743,12.9859978326723,7.3681447943368,2.16680148919672,15.9584716906485,4.63622333979119,14.9676872608614,3.77158941660996,1.05463621574846,9.69329489519105,7.1703801707322,14.4161830469724,27.0372493939548,2.96821270735474,5.60912884118237,3.65593975431338,21.2145363172004,13.3249881802764,10.0308720951777,14.1464427384249,7.7801881111259,7.35384474366266,11.2239847895695,6.2483700266783,4.28055888626474,6.59250872130581,9.75824474645433,7.17271994323406,13.6857031367854,11.1516327906085,0,8.77431686925313,11.8127747510232
4242,0,0,0,0,0,0,0,0,0,0,0,0,0,0,0,0,0,0,0,0,0,0,0,0,0,0,0,0,0,0,0,0,0,0,0,0,0,0,0,0,0,0,0,0,0,0,0,0,0.796968882581562,0,0,0,0,0
4243,0,0,0,0,0,0,0,0,0,0,0,0,0,0,0,0,0,0,0,0,0,0,0,0,0,0,0,0,0,0,0,0,0,0,0,0,0,0,0,0,0,0,0,0,0,0,0,0,0,0,0,0,0,0
4244,0,0,0,0,0,0,0,0,0,0,0,0,0,0,0,0,0,0,0,0,0,0,0,0,0,0,0,0,0,0,0,0,0,0,0,0,0,0,0,0,0,0,0,0,0,0,0,0,0,0,0,0,0,0
4245,0,0,0,0,0,0,0,0,0.910272793242405,0.902166122317409,1.99865155693423,0,0.937273526698761,0,0,0,0,0,0,0,0,0,0,0,0,0,0,1.1513605585278,0,0,0,1.43407603414644,0,0,0,0,0,0,0,0,0,0,0,0.93533206579746,0,0,0,0.813187062204528,0,0.651700149370734,0,0,1.09678960865664,0
4246,0,0,0,0,0,0,0,0,0,0,0,0,0,0,0,0,0,0,1.02239568179542,0,0,0,0,0,0,0,0,0,0,0,0,0,0,0,0,0,0,0.785723567303718,0,0,0,0,0,0,0,0,0,0,0,0,0,0,0,0
4249,14.4529487212213,3.50615992109015,11.4737574172119,1.95706147223747,7.41283938969417,4.49997749469364,7.25677434031828,8.17927561104597,24.5773654175449,9.9238273454915,24.9831444616779,3.9780912067073,13.1218293737827,3.63265678902947,2.19920170860911,0,10.0449340904571,0,8.17916545436338,2.87613133108202,1.68809777025838,4.12283147770971,12.9859978326723,1.22802413238947,2.16680148919672,3.54632704236633,0,6.90816335116678,1.88579470830498,1.05463621574846,10.7703276613234,1.43407603414644,0,4.096552938478,0.989404235784912,0,9.74917267816901,0.785723567303718,4.99687056760364,51.4082194877858,0.943096182561662,17.5054232500333,30.6410197652611,25.2539657765314,39.0523126667394,7.49097805096329,5.76844513114258,60.175842603135,22.3151287122837,4.56190104559514,2.78790819765212,11.8005378862882,0,12.7214497318711
4250,0,0,1.04306885611018,8.8067766250686,0,8.99995498938728,1.81419358507957,0,5.46163675945443,0,1.99865155693423,0,2.81182058009628,3.63265678902947,0,1.08142862941642,0,0,0,0,1.68809777025838,0,0,0,1.08340074459836,0,0,0,0,0,0,2.86815206829288,3.84431547919265,0.819310587695601,0,0,2.43729316954225,3.14289426921487,0,0,0,0.972523513890737,1.22564079061044,0,0,0,0,0,0,0,1.85860546510142,0,0,0
4251,0,0,0,0,0,0,0,0,0,0,0,0,0,0,0,0,0,0,0,0,0,0,0,0,0,0,0,0,0,0,0,0,0,0,0,0,0,0,0,0,0,0,0,0,0,0,0,0.813187062204528,0,0,0,0,0,0
4254,0,0,0,0,0,0,0,0,0,0,0,0,0,0,0,0,0,0,0,0,0,0,0,0,0,0,0,0,0,0,0,0,0.961078869798163,0,0,0,0,0,0,0,0,0,0,0,0,0,0,0,0,0,0,0,0,1.81734996169588
4257,0,0,0,0,0,0,0,0,0,0,0.999325778467116,0,0,0,0,0,0,0,0,0,0,0,0,0,0,0,0,0,0,0,0,0,0,0,0,0,0,0.785723567303718,0,0,0,0,0,0,0,0,0.824063590163226,0.813187062204528,2.39090664774469,0,0,0,0,0
4258,0,0,0,0,0,0,0,0,0,0,0,0,0,0,0,0,0,0,0,0,0,0,0,0,0,0,0,0,0,0,0,0,0,0,0,0,0,0,0,0,0,0,0,0,0,0,0,0,0,0,0,0,0,0
4259,0,0,0,0,0,0,0,0,0,0,0,0,0,0,0,0,0,0,0,0,0,0,0,2.45604826477893,0,0,0,0,0,0,0,0,0,0,0,0,0,0,0,0,0,0,0,0,0,0,0,0,0,0,0,0,0,0
4260,0.903309295076332,2.62961994081761,0,0,0,0,0,0,0,0,1.99865155693423,0,1.87454705339752,0,0,2.16285725883284,0,0,0,0.958710443694007,0,0,3.24649945816807,0,0,0,0,0,0.942897354152491,0,0,0,0,0,0,0,0,0,0,0,0,0,0,0,0,0,0,0,0,0,0,0,0,0
4261,0,0,0,0,0,0,0,0,0,0,0,0,0,0,0,0,0,0,0,0,0,0,0,0,0,0,0,0,0,0,0,0,0,0,0,0,0,0,0,0,0,0,0,0,0,0,0,0,0,0,0,0,0,0
4263,0,0,0,0,0,1.79999099787746,1.81419358507957,1.02240945138075,0.910272793242405,0,0,0.663015201117883,0,0,1.09960085430456,0,0,0,1.02239568179542,0,1.68809777025838,0,0,0,0,0,0,1.1513605585278,0.942897354152491,0,0,0,0.961078869798163,0,0,0,0,0,0,0,0,0,0,0,0,0,0,0.813187062204528,0,1.30340029874147,0,0,0,0
4267,0,0,1.04306885611018,0.978530736118733,0,0,1.81419358507957,0,0.910272793242405,0,0.999325778467116,1.98904560335365,0.937273526698761,1.21088559634316,2.19920170860911,0,0,5.70790114234805,2.04479136359084,1.91742088738801,0.844048885129189,0,3.24649945816807,7.3681447943368,0,0,1.85448933591648,0,0,2.10927243149693,2.15406553226468,1.43407603414644,1.92215773959633,0,0,2.24365153647295,2.43729316954225,0,4.16405880633637,3.76157703569164,1.88619236512332,9.72523513890737,1.22564079061044,0,1.56209250666957,0,2.47219077048968,0,0,2.60680059748294,0,0,3.29036882596993,0.908674980847939
4268,0,0,0,0,0,0,0,0,0,0,0,0,0,0,0,0,0,0,0,0,0,0,0,0,0,0,0,0,0,0,0,0,0,0,0,0,0,0,0,0,0,0,0,0,0,0,0,0,0,0,0,0,0,0
4269,1.80661859015266,0,0,0,0,0,1.81419358507957,2.04481890276149,0,0,0,1.32603040223577,0.937273526698761,0,0,1.08142862941642,0,0,0,0,0.844048885129189,1.03070786942743,0,2.45604826477893,1.08340074459836,0,0,0,0,2.10927243149693,2.15406553226468,0,0,0.819310587695601,0,1.12182576823647,1.21864658477113,3.14289426921487,0,1.25385901189721,0,0.972523513890737,0,0.93533206579746,0,0,2.47219077048968,0,0,0,0.929302732550708,0,0,0.908674980847939
4270,0,0,0,0,0,0,0,0,0,0,0,0,0,0,0,0,0,0,0,0,0,0,0,0,0,0,0,0,0,0,0,0,0,0,0,0,0,0,0,0,0,0,0,0,3.12418501333915,0,0,0,0,0,0,0,0,0
4271,0,0,0,0,0,0,0,0,0,0,0.999325778467116,0,0,3.63265678902947,0,1.08142862941642,0,0,0,1.91742088738801,0,0,0,0,0,0,0,0,0,0,0,0,0,0,0,2.24365153647295,0,0,0,5.01543604758885,0,0.972523513890737,2.45128158122089,0.93533206579746,0,3.21041916469855,9.06469949179549,0,1.59393776516312,1.30340029874147,0,0,0,0
4274,0,0,0,0,0,0,0,0,0,0.902166122317409,0,0,0,0,0,0,0,1.90263371411602,0,0,0,0,0,0,0,0,0,0,0,0,1.07703276613234,0,0,0,0,0,0,0,0,0,0,0,0,0,0,1.07013972156618,0.824063590163226,0,0,0,0,0,0,0
4276,0,0,0,0.978530736118733,0,0,0,0,0,0,0,0,0,0,0,0,0,0,0,0,0.844048885129189,0,0,0,1.08340074459836,0,0,0,0,0,0,0,0,0,0,1.12182576823647,0,0,0,0,0,0,0,0,0,0,0,0,0,0,0,0,0,0
4278,0,0,0,0,0,0,0,0,0,0,0,0,0,0,0,0,0,0,0,0,0,0,0,0,0,0,0,0,0,0,0,0,0,0,0,0,0,0,0,0,0,0,0,0,0,0,0,0,0,0,0,0,0,0
4279,100.267331753473,48.2096989149895,56.3257182299495,47.9480060698179,39.182151059812,60.2996984288948,26.3058069836538,38.8515591524683,48.2444580418475,72.1732897853928,213.855716591963,70.9426265196135,138.716481951417,61.7551654135011,158.342523019856,68.1300036532344,103.797652268057,84.6672002781627,56.2317624987482,65.1923101711924,133.359723850412,45.3511462548068,71.4229880796975,135.082654562841,43.3360297839344,113.482465355723,54.7074354095361,132.406464230697,65.0599174365219,118.119256163828,57.082736605014,81.742333946347,59.5868899274861,36.0496658586064,58.3748499113098,72.9186749353708,82.8679677644366,61.28643824969,66.6249409013818,213.156032022526,54.6995785885764,102.114968958527,57.6051171586908,84.1798859217714,76.5425328268092,69.559081901802,36.258797967182,179.714340747201,56.5847906632909,80.1591183726003,138.466107150055,113.580177155524,137.09870108208,208.086570614178
4281,0,0,0,0,0,0,0,0,0,0,0,0,0,0,0,0,0,0,0,0,0,0,0,0,0,0,0,0,0,0,0,0,0,0,0,0,0,0,0,0,0,0,0,0,0,0,0,0,0,0,0,0,0,0
4286,0,0,0,0,0,0,0,0,0,0,0,0,0,0,0,0,0,0,0,0,0,0,0,0,0,0,0,0,0,0,0,0,0,0,0,0,0,0,0,0,0,0,0,0,0,0,0,0,0,0,0,0,0,0
4288,0,0,0,0,0,0,0,0,0,0,0,0,0,0,0,0,0,0,0,0,0,0,0,0,0,0,0,0,0,0,0,0,0,0,0,0,0,0,0,0,0,0,0,0,0,0,0,0,0,0,0,0,0,0
4289,0,0,0,0,0,0,0,0,0,0,0,0,0,0,0,0,0,0,0,0,0,0,0,0,0,0,0,0,0,0,0,0,0,0,0,0,0,0,0,0,0,0,0,0,0,0,0,0,0,0,0,0,0,0
4291,0.903309295076332,0,0,0,0,0,0,0,0,0,0,0,0,0,0,0,0,0,0,0,0,0,0,0,0,0,0,0,0,0,0,0,0,0,0,0,0,0,0,0,0,0,0,0,0,0,0,0,0,0,0,0,0,0
4292,0,0,0,0,0,0,0,0,0,0,0,0,0,0,0,0,0,0,0,0,0,0,0,0,0,0,0,0,0,0,0,0,0,0,0,0,0,0,0,0,0,0,0,0,0,0,0,0,0,0.651700149370734,0,0,0,0
4295,0,0,0,0,0,0,0,0,0,0,0,0,0,0,0,0,0,0,0,0,0,0,0,0,0,0,0,0,0,0,0,0,0,0,0,0,0,0,0,0,0,0,0,0,0,0,0,0,0,0,0,0,0,0
4296,0,0,0,0,0,0,0,0,0,0,0,0,0,0,0,0,0,0,0,0,0,0,1.08216648605602,0,0,0,0,3.45408167558339,0,0,0,0,0,0,0,0,0,0,0,0,0,0,0,0,0,0,0,0,0,0,0,0,0,0
4300,0,0,0,0,0,0,0,0,0,0,0.999325778467116,0,0,1.21088559634316,0,0,0,0,0,0,0,0,0,0,0,0,0,0,0,0,0,0,0,0,0,0,0,0,0,0,0,0,0,0,0,0,0,0,0,0,0,0,0,0
4301,0,0,0,0,0,0,0,0,0,0,0,0,0,0,0,0,0,0,0,0,0,0,0,0,0,0,0,0,0,0,0,0,0,0,0,0,0,0,0,0,0,0,0,0,0,0,0,0,0,0,0,0,0,0
4302,0,0,0,0,0,0,0,0,0,0,0,0,0,0,0,0,0,0,0,0,0,0,0,0,0,0,0,0,0,0,0,0,0,0.819310587695601,0,0,0,0,0,0,0,0,0,0.93533206579746,0,0,0,0,0,0,0,0,0,0
4306,0,0,0,0,0,0,0,0,0,0,0,0,0,1.21088559634316,0,0,0,0,0,0,0,0,0,0,0,0,0.927244667958238,0,0,1.05463621574846,0,0,0,0,0,0,1.21864658477113,0,0,0,0,0,0,0,0,0,0,0,0,0,0.929302732550708,0,0,0
4307,0,0,0,0,0,0,0,0,0,0,0,0,0,0,0,0,0,0.951316857058008,1.02239568179542,0,0,0,0,0,0,0.886581760591582,0,0,0,0,0,0,0,0,0,0,0,0,0,0,0,0,0,0,0,0,0,0,0,0,0,1.47506723578603,0,0
4308,0,0,0,0,0,0,0,0,0,0,0,0.663015201117883,1.87454705339752,0,0,0,0,0,1.02239568179542,0,0,0,0,0,1.08340074459836,0,0,0,0,0,1.07703276613234,0,0,0,0,0,0,0,0,0,0.943096182561662,0,0,0,0,0,0,0,0,0,0,0,0,0
4309,0,3.50615992109015,0,1.95706147223747,0,1.79999099787746,0.907096792539785,2.04481890276149,1.82054558648481,0.902166122317409,2.99797733540135,3.31507600558942,5.62364116019257,1.21088559634316,6.59760512582734,5.4071431470821,2.23220757565714,6.65921799940605,3.06718704538627,6.71097310585805,4.22024442564594,5.15353934713713,1.08216648605602,6.14012066194733,0,4.43290880295791,3.70897867183295,0,0.942897354152491,5.27318107874232,2.15406553226468,0,1.92215773959633,7.3737952892604,0,5.60912884118237,3.65593975431338,0.785723567303718,2.49843528380182,3.76157703569164,1.88619236512332,6.80766459723516,1.22564079061044,3.74132826318984,3.12418501333915,3.21041916469855,4.94438154097936,9.75824474645433,2.39090664774469,11.0789025393025,7.43442186040566,5.90026894314411,7.67752726059649,3.63469992339175
4310,0,0,0,0,0,0.899995498938728,0,0,0,0.902166122317409,0.999325778467116,1.32603040223577,0.937273526698761,0,0,0,0,0,0,0,0.844048885129189,3.09212360828228,0,0,0,0,0,2.30272111705559,0.942897354152491,0,0,0,0,0,0,0,0,0.785723567303718,0,0,0,0,0,0.93533206579746,0,0,0,0,0,0,0,0,0,0
4312,0,0,0,0,0,0,0,0,0,0,0,0,1.87454705339752,1.21088559634316,2.19920170860911,0,2.23220757565714,0.951316857058008,0,0.958710443694007,0,0,1.08216648605602,0,1.08340074459836,4.43290880295791,0,0,0,2.10927243149693,0,0,0,4.096552938478,0.989404235784912,1.12182576823647,3.65593975431338,3.14289426921487,0.832811761267273,1.25385901189721,0,0,0,0,4.68627752000872,2.14027944313237,4.12031795081613,1.62637412440906,0,1.30340029874147,2.78790819765212,1.47506723578603,0,1.81734996169588
4314,0,0,1.04306885611018,0,0,0.899995498938728,0,0,0,2.70649836695223,3.99730311386846,0,0.937273526698761,3.63265678902947,1.09960085430456,0,2.23220757565714,0,2.04479136359084,0,0,1.03070786942743,0,0,0,2.65974528177475,0.927244667958238,0,0.942897354152491,2.10927243149693,0,1.43407603414644,1.92215773959633,2.4579317630868,1.97880847156982,1.12182576823647,1.21864658477113,0,0.832811761267273,1.25385901189721,1.88619236512332,1.94504702778147,0,2.80599619739238,4.68627752000872,1.07013972156618,2.47219077048968,6.50549649763622,0.796968882581562,0,0,0,0,3.63469992339175
4315,0,0,0,0,0,0,0,0,0,0,0,0,0,0,0,0,0,0,0,0,0,0,0,0,0,0,0,0,0,0,0,0,0,0,0,0,0,0,0,0,0,0,0,0,0,0,0,0,0,0,0,0,0,0
4316,0,2.62961994081761,0,0,0,0,0,0,0,0,0.999325778467116,3.31507600558942,0,0,0,0,0,0,0,0,0.844048885129189,0,0,0,1.08340074459836,0,0,0,0,0,0,0,0,0,0,1.12182576823647,0,1.57144713460744,0,1.25385901189721,0,0,0,0,0,0,0,0,0,0.651700149370734,1.85860546510142,0,2.19357921731328,0
4319,0,0,0,0,0,0,0,0,0,0,0.999325778467116,0,0,0,0,0,0,0,0,0,0,0,0,0,0,0,0,0,0,0,0,0,0.961078869798163,0,0,0,0,0,0,0,0,0,0,0,0,0,0,0,0,0,0,1.47506723578603,0,0
4321,0,0,0,0,0,0,0.907096792539785,1.02240945138075,0,0,0.999325778467116,0.663015201117883,0,0,0,0,0,0,0,0.958710443694007,0,0,1.08216648605602,0,0,0,0.927244667958238,0,0,0,0,0,0,0,0,2.24365153647295,0,0,0.832811761267273,0,0,0,0,0.93533206579746,1.56209250666957,0,0,0,0,0,0,0,0,0
4327,4.51654647538166,1.75307996054507,15.6460328416526,0.978530736118733,2.11795411134119,0.899995498938728,1.81419358507957,6.13445670828447,9.10272793242405,9.02166122317409,17.9878640124081,3.9780912067073,16.8709234805777,0,17.5936136688729,15.1400008118299,4.46441515131428,2.85395057117402,4.08958272718169,6.71097310585805,1.68809777025838,8.24566295541942,18.3968302629524,1.22802413238947,2.16680148919672,2.65974528177475,1.85448933591648,20.7244900535004,2.82869206245747,2.10927243149693,20.4636225565144,1.43407603414644,3.84431547919265,2.4579317630868,1.97880847156982,2.24365153647295,1.21864658477113,1.57144713460744,4.16405880633637,6.26929505948607,14.1464427384249,3.89009405556295,4.90256316244177,14.9653130527594,0,4.28055888626474,0.824063590163226,0.813187062204528,3.98484441290781,4.56190104559514,0.929302732550708,5.90026894314411,13.1614753038797,0.908674980847939
4329,0.903309295076332,4.38269990136268,0,0,0,0,0.907096792539785,1.02240945138075,0,0,1.99865155693423,1.32603040223577,1.87454705339752,0,4.39840341721822,2.16285725883284,2.23220757565714,2.85395057117402,0,0.958710443694007,0,0,0,0,0,0,2.78173400387471,1.1513605585278,0.942897354152491,0,0,0,0,0,0.989404235784912,1.12182576823647,2.43729316954225,0.785723567303718,0,0,0,1.94504702778147,0,0.93533206579746,0,1.07013972156618,0,3.25274824881811,0,0,0,0,2.19357921731328,0.908674980847939
4331,38.8422996882823,5.25923988163522,7.30148199277123,3.91412294447493,5.29488527835298,12.5999369851422,12.699355095557,20.4481890276149,13.6540918986361,18.9454885686656,41.9716826956189,18.5644256313007,17.8081970072765,27.8503687158926,19.792815377482,24.8728584765777,14.5093492417714,21.8802877123342,17.3807265905222,24.9264715360442,22.7893198984881,20.6141573885485,28.1363286374566,24.5604826477893,1.08340074459836,11.5255628876906,1.85448933591648,11.513605585278,16.9721523747448,24.2566329622147,7.53922936292637,7.1703801707322,19.2215773959633,25.3986282185636,10.883446593634,17.9492122917836,9.74917267816901,22.7859834518078,17.4890469866127,16.3001671546638,12.2602503733016,17.5054232500333,11.030767115494,19.6419733817467,20.3072025867045,22.4729341528899,21.4256533442439,25.2087989283404,20.7211909471206,22.157805078605,19.5153573835649,4.42520170735808,6.58073765193985,21.8081995403505
4332,268.282860637671,61.3577986190775,122.039056164891,160.479040723472,38.1231740041415,82.799585902363,72.5677434031828,125.756362519832,202.080560099814,56.8364657059968,260.824028179917,37.7918664637193,154.650131905296,112.612360459914,252.908196490048,140.585721824135,155.138426508171,95.1316857058008,117.575503406474,101.623307031565,26.1655154390048,116.469989245299,164.489305880515,38.0687481040735,26.0016178703606,107.276393031581,25.9628507028307,33.3894561973061,39.6016888744046,160.304704793767,116.319538742293,35.851900853661,88.419256021431,185.983503406901,110.81327440791,129.009963347194,81.6493211796655,92.7153809418388,164.063916969653,75.2315407138328,168.814216678537,96.279827875183,121.338438270434,57.9905880794425,146.83669562694,138.048024082038,192.006816508032,192.725333742473,137.078647804029,252.859657955845,101.293997848027,106.204840976594,115.162908908947,102.680272835817
4334,0,0,0,0,0,0,0,0,0,0,0,0,0,0,0,0,0,0,0,0,0,0,0,0,0,0,0,0,0,0,0,0,0,0,0,0,0,0,0,0,0,0,0,0,0,0,0,0,0,0,0,0,0,0
4335,21.679423081832,28.9258193489937,19.8183082660933,3.91412294447493,4.23590822268238,23.3998829724069,2.72129037761935,17.3809606734727,14.5643646918785,9.9238273454915,20.9858413478094,29.1726688491869,42.1773087014443,0,31.8884247748321,31.3614302530762,39.063632574,5.70790114234805,31.6942661356581,27.8026028671262,10.9726355066795,23.7062809968308,1.08216648605602,11.0522171915052,32.5020223379508,55.8546509172697,25.9628507028307,43.7517012240563,32.0585100411847,44.2947210614355,8.61626212905871,24.3792925804895,25.9491294845504,45.8813929109536,11.8728508294189,16.8273865235471,17.0610521867958,14.9287477787706,24.9843528380182,36.3619113450192,39.6100396675898,34.0383229861758,13.4820486967149,31.8012902371136,20.3072025867045,51.3667066351769,41.2031795081613,37.4066048614083,26.2999731251915,32.5850074685367,52.9702557553904,41.3018826020088,54.8394804328321,39.9816991573093
4336,0.903309295076332,2.62961994081761,2.08613771222035,0,0,1.79999099787746,0,3.06722835414224,1.82054558648481,1.80433224463482,5.9959546708027,3.31507600558942,5.62364116019257,1.21088559634316,2.19920170860911,5.4071431470821,5.58051893914285,4.75658428529004,3.06718704538627,8.62839399324606,3.37619554051675,2.06141573885485,3.24649945816807,2.45604826477893,4.33360297839344,2.65974528177475,4.63622333979119,5.75680279263899,1.88579470830498,6.32781729449079,1.07703276613234,2.86815206829288,0,4.096552938478,0,6.73095460941884,3.65593975431338,1.57144713460744,2.49843528380182,0,3.77238473024665,8.75271162501664,0,3.74132826318984,0,4.28055888626474,5.76844513114258,1.62637412440906,2.39090664774469,1.9551004481122,12.0809355231592,4.42520170735808,3.29036882596993,3.63469992339175
4337,0,0,0,0,0,0,0,0,0,0,0,0,0.937273526698761,0,0,0,0,0,0,0,0,0,0,0,0,0,0,0,0,0,0,0,0,0,0,0,0,0,0,0,0,0,0,0,0,0,0,0,0,0,0,0,0,0
4338,0,0,0,0,0,0,0,0,0.910272793242405,0,0,0,0,0,0,0,0,0,0,0,0,0,0,0,0,0.886581760591582,0,0,0,0,0,0,0,0,0,0,0,0,0,0,0,0,0,0,0,0,0.824063590163226,0,0,0,0,1.47506723578603,0,0.908674980847939
4340,0,0,0,0,0,0,0,0,0,0,0,0,0,0,0,0,0,0,0,0,0,0,0,0,0,0,0,0,0,0,0,0,0,0,0,0,0,0,0,0,0,0,0,0,0,0,0,0,0,0,0,0,0,0
4342,1.80661859015266,0,0,0,0,0,0,0,0,2.70649836695223,4.99662889233558,2.65206080447153,0,0,2.19920170860911,0,0,0,1.02239568179542,3.83484177477603,0,0,1.08216648605602,1.22802413238947,0,0,0,0,0,0,0,0,0,0.819310587695601,0,0,0,0.785723567303718,0,0,1.88619236512332,0,1.22564079061044,1.87066413159492,3.12418501333915,1.07013972156618,1.64812718032645,0,0,0,0,1.47506723578603,0,0
4346,0.903309295076332,0,0,0,0,0,0,0,0,0,0,0,0,0,0,0,0,0,0,0,0,0,0,0,0,0,0,0,0,0,0,0,0,0,0,0,0,0,0,0,0,0,0,0,0,0,0,0,0,0,0,0,0,0
4347,0,0,0,0,0,0,0,0,0,0,0,0,0,0,0,0,0,0,0,0,0,0,0,0,0,0,0,0,0,0,0,0,0,0,0,0,0,0,0,0,0,0,0,0,0,0,0,0,0,0,0,0,0,0
4349,0,0,0,0,0,0,0,0,0,0,0,0,0,0,0,0,0,0,0,0,0,0,0,0,0,0,0,0,0,0,0,0,0,0,0,0,0,0,0,0,0,0,0,0,0,0,0,0,0,0,0,0,0,0
4350,0,0,0,0,0,0,0,0,0,0,0,0,0,0,0,0,0,0,0,0,0,0,0,0,0,0,0,0,0.942897354152491,0,0,0,0,0,0,0,0,0,0,0,0,0,0,0,0,0,0,0,0,0,0,0,0,0
4351,0,0,0,0,0,0,0,0,0,0,0,0,0,0,0,0,0,0,0,0,0,0,0,0,0,0,0.927244667958238,0,0,0,0,0,0,0,0,0,0,0,0,0,0,0,0,0,0,0,0,0,0,0,0,0,0,0
4352,121.946754835305,188.456095758595,106.393023323238,115.46662686201,132.372131958824,87.2995633970566,110.665808689854,100.196126235313,81.9245513918164,112.770765289676,109.925835631383,29.1726688491869,16.8709234805777,180.421953855131,34.0876264834412,37.8500020295747,18.9737643930857,7.61053485646406,13.2911438633405,8.62839399324606,21.1012221282297,12.3684944331291,28.1363286374566,60.1731824870839,84.505258078672,22.1645440147896,12.9814253514153,24.1785717290837,26.4011259162697,70.6606264551471,67.8530642663373,172.089124097573,57.6647321878898,17.2055223416076,52.4384244966003,7.85278037765532,52.4018031451584,85.6438688361053,74.1202467527873,51.4082194877858,53.7564824060147,11.6702821666888,9.80512632488354,171.165768040935,29.6797576267219,64.2083832939711,9.88876308195872,26.0219859905449,15.9393776516312,14.3374032861561,5.57581639530425,47.2021515451529,16.4518441298496,121.762447433624
4353,7.22647436061066,1.75307996054507,1.04306885611018,2.9355922083562,2.11795411134119,6.2999684925711,4.53548396269892,0,2.73081837972721,3.60866448926964,8.99393200620405,1.32603040223577,4.68636763349381,6.05442798171579,8.79680683443645,3.24428588824926,2.23220757565714,1.90263371411602,7.15676977256795,3.83484177477603,5.06429331077513,2.06141573885485,9.7394983745042,7.3681447943368,0,0.886581760591582,0,8.05952390969458,0,6.32781729449079,6.46219659679403,1.43407603414644,1.92215773959633,0,1.97880847156982,1.12182576823647,9.74917267816901,0,4.16405880633637,17.554026166561,3.77238473024665,5.83514108334442,6.12820395305221,0.93533206579746,9.37255504001745,2.14027944313237,1.64812718032645,9.75824474645433,8.76665770839718,3.25850074685367,7.43442186040566,8.85040341471617,4.38715843462657,7.26939984678351
4354,0,0,0,0,0,0,0,0,0,0,0,0,0,0,0,0,0,0,0,0,0,0,0,0,0,0,0,0,0,0,0,0,0,0,0,0,0,0,0,0,0,0,0,0,0,0,0,0,0,0,0,0,0,0
4357,0,0,0,0,0,0,0,0,0,0,0,0.663015201117883,0,0,0,0,0,0,0,0,0,0,0,0,0,0,0,0,0,0,0,0,0,0,0,0,0,0,0,0,0,0,0,0,3.12418501333915,0,0,0,0,0,0.929302732550708,0,0,0
4360,139.109631441755,44.7035389938994,63.6272002227207,94.9174814035171,29.6513575587767,80.0995994055468,73.4748401957225,89.9720317215056,123.797099880967,77.5862865192972,169.88538233941,8.61919761453248,29.0554793276616,135.619186790434,19.792815377482,7.57000040591494,41.2958401496571,0.951316857058008,9.2015611361588,21.0916297612681,9.28453773642107,30.9212360828228,80.0803199681456,28.2445550449577,0,8.86581760591582,0.927244667958238,9.21088446822238,9.42897354152491,30.5844502567055,35.5420812823672,17.2089124097573,18.2604985261651,7.3737952892604,7.91523388627929,1.12182576823647,17.0610521867958,34.5718369613636,5.82968232887091,115.355029094544,14.1464427384249,15.5603762222518,111.53331194555,145.911802264404,79.6667178401483,74.9097805096329,16.4812718032645,139.868174699179,69.3362927845959,10.4272023899317,10.2223300580578,50.152286016725,8.77431686925313,122.671122414472
4361,4.51654647538166,4.38269990136268,1.04306885611018,0.978530736118733,0,2.69998649681618,0.907096792539785,2.04481890276149,2.73081837972721,2.70649836695223,1.99865155693423,0.663015201117883,0,1.21088559634316,3.29880256291367,0,2.23220757565714,0,1.02239568179542,0,0.844048885129189,1.03070786942743,0,0,0,3.54632704236633,6.49071267570767,4.60544223411119,1.88579470830498,1.05463621574846,0,1.43407603414644,0,0,2.96821270735474,2.24365153647295,0,0.785723567303718,0,5.01543604758885,1.88619236512332,0,1.22564079061044,0,1.56209250666957,0,0.824063590163226,1.62637412440906,0,0,0,0,1.09678960865664,0
4362,0.903309295076332,0,1.04306885611018,0,0,0,0,0,0,0,0.999325778467116,0,0.937273526698761,0,0,0,0,0.951316857058008,1.02239568179542,0,0,0,0,0,0,0.886581760591582,0,0,0,0,1.07703276613234,0,0,0,0,0,0,1.57144713460744,0,0,0,0.972523513890737,0,0.93533206579746,0,0,0,0,1.59393776516312,0,0,0,0,0
4363,0,0.876539980272536,0,0,0,0,0,0,0,0,0.999325778467116,0,0,0,0,0,0,0,0,0,0,0,0,0,0,0.886581760591582,0,0,0,0,0,0,0,0.819310587695601,0,0,0,0,0,0,0,0,0,0,0,0,0,0,0,0,0,0,0,0
4365,0,0,0,0,1.0589770556706,0,0,0,0,0,0,0,0,0,0,0,0,0,0,0,0,0,0,0,0,0,0,0,0,0,0,0,0,0,0,0,0,0,0,0,0,0,0,0,0,0,0,0,0,0,0,0,0,0
4366,0,0,0,0,0,0,0,0,0,0,0,0,0,0,0,0,0,0,0,0,0,0,0,0,0,0,0,0,0,0,0,0,0,0,0,0,0,0,0,0,0,0,0,0,0,0,0,0,0,0,0,0,0,0
4367,0,0,0,0,0,0,0,0,0,0,0,0,0,0,0,0,0,0,0,0,0,0,0,0,0,0,0,0,0,0,0,0,0,0,0,0,0,0,0,0,0,0,0,0,0,0,0,0,0,0,0,0,0,0
4370,0,0,0,0,0,0,0,0,0,0,0,0,0,0,0,0,0,0,0,0,0,0,0,0,0,0,0,0,0,0,0,0,0,0,0,0,0,0,0,0,0,0,0,0,0,0,0,0,0,0,0,0,0,0
4374,0,0,0,0,0,0,0,0,0,0,0,0,0,0,0,0,0,0,0,0,0,0,0,0,0,0,0,0,0,0,0,0,0,0,0,0,0,0,0,0,0,0,0,0,0,0,0,0,0,0,0,0,0,0
4375,0,0,0,0,0,0,0,0,0,0,0,0,0,0,0,0,0,0,0,0,0,0,0,0,0,0,0,0,0,0,0,0,0,0,0,0,0,0,0,0,0,0,0,0,0,0,3.29625436065291,0,0,0,0,0,0,0
4376,0,0,0,0,0,0,0,0,0,0,0,0,0,0,0,0,0,0,0,0,0,0,0,0,0,0,0,0,0,0,0,0,0,0,0,0,0,0,0,0,0,0,0,0,0,0,0,0,0,0,0,0,0,0
4377,0,0,0,0,0,0,0,0,0,0,0,0,0,0,0,0,0,0,0,0,0,0,0,0,0,0,0,0,0,0,0,0,0,0,0,0,0,0,0,0,0,0,0,0,0,0,0,0,0,0,0,0,0,0
4378,0,0,0,0,0,0,0,0,0,0.902166122317409,0,0,0,0,0,0,0,0,0,0,0,0,0,0,0,0,0,0,0,0,0,0,0,0,0,0,0,0,0,0,0,0,0,0,0,0,0,0,0,0,0,0,0,0
4379,0,0,0,0,0,0,0,0,0,0,0,0,0,0,0,0,0,0,0,0,0,0,0,0,0,0,0,0,0,0,0,0,0,0,0,0,0,0,0,0,0,0,0,0,0,0,0,0,0,0,0,0,0,0
4380,0,0,0,0,0,0,0,0,0,0,0,0,0,0,0,0,0,0,0,0,0,0,0,0,0,0,0,0,0,0,0,0,0,0,0,0,0,0,0,0,0,0,0,0,0,0,0,0,0,0,0,0,0,0
4384,0,0,0,0,0,0,0,0,0,0,0,0.663015201117883,0,0,0,0,0,0,1.02239568179542,0,0,0,0,0,0,0,0,0,0,0,0,0,0,0,0,0,0,0,0,0,0,0.972523513890737,0,0,0,0,0,1.62637412440906,0,0,0,0,0,0
4389,0,0,0,0,0,0,0,0,0,0,0,0,0,0,0,0,0,0,0,0,0,0,0,0,0,0,0,0,0,0,0,0,0,0,0,0,0,0,0,0,0,0,0,0,0,0,0,0.813187062204528,0,0,0,1.47506723578603,0,0.908674980847939
4391,0,0,0,0,0,0,0,0,0,0,0,0,0,0,0,0,0,0,0,0,0,0,0,0,0,0,0,0,0,0,0,0,0,0,0,0,0,0,0,0,0,0,0,0,0,0,0,0,0,0,0,0,0,0
4393,0,0,0,0,0,0,0,0,0,0.902166122317409,0,0.663015201117883,0,0,0,0,0,0,0,0,0,0,0,0,0,0,0,0,0,0,0,0,0,0.819310587695601,0,0,0,0,0,0,0,0,0,0.93533206579746,0,0,0,0,0,0,0,1.47506723578603,0,0
4400,0,0,0,0,0,0,0,0,0,0,0,0,0,0,0,0,0,0,0,0,0,0,0,0,0,0,0,0,0,0,0,0,0,0,0,0,0,0,0,0,0,0,0,0,0,0,0,0,0,0,0,0,0,0
4401,0,0.876539980272536,0,0,0,0,0,0,0,0,0,0,0.937273526698761,0,0,0,0,0,0,0,0,0,0,0,0,0,0,0,0,0,0,0,0,0,0,0,0,0,0,0,0,0,0,0,1.56209250666957,1.07013972156618,0,0,0,0,0,0,0,0
4403,0,0,0,0,0,0,0,0,0,0,0,0,0,0,0,0,0,0,0,0,0,0,0,0,0,0,0,0,0,0,0,0,0,0,0,0,0,0,0,0,0,0,0,0,0,0,0,0,0,0,0,0,0,0
4405,0,0,0,0,0,0,0,0,0.910272793242405,0,0,0,0.937273526698761,0,0,0,0,0,0,0,0.844048885129189,0,0,0,0,0,0,0,0,0,0,0,0,0,0,0,0,0,0,0,0.943096182561662,0,0,0,3.12418501333915,0,0,0.813187062204528,0,0,0,0,0,0
4409,4.51654647538166,0,0,0,0,0.899995498938728,0,0,2.73081837972721,1.80433224463482,2.99797733540135,0,4.68636763349381,6.05442798171579,1.09960085430456,0,0,0,1.02239568179542,0,0.844048885129189,1.03070786942743,0,2.45604826477893,0,0,0.927244667958238,1.1513605585278,0.942897354152491,5.27318107874232,1.07703276613234,0,0.961078869798163,0.819310587695601,0,1.12182576823647,0,0,0.832811761267273,5.01543604758885,1.88619236512332,2.91757054167221,0,6.54732446058222,6.2483700266783,1.07013972156618,2.47219077048968,2.43956118661358,1.59393776516312,0.651700149370734,0,7.37533617893014,0,2.72602494254382
4410,0,0,0,0,0,0,0,0,0,0,0,0,0,0,0,0,0,0,0,0,0,0,0,0,0,0,0,0,0,0,0,0,0,0,0,0,0,0,0,0,0,0,0,0,0,0,0,0,0,0,0,0,0,0
4419,0,0,0,0,0,0,0.907096792539785,0,0,0,0,0,0,0,1.09960085430456,0,0,0,0,0,0,1.03070786942743,0,0,0,0,1.85448933591648,0,0,2.10927243149693,0,0,0,0,0,0,0,0,0,0,0,0,0,0,0,0,0,0,0.796968882581562,0,0,0,0,0.908674980847939
4420,0,0,0,0.978530736118733,0,0,0,0,0,0,0,0.663015201117883,0,0,1.09960085430456,0,0,0,0,0,0,0,2.16433297211204,0,1.08340074459836,0,0,0,0,0,0,0,0.961078869798163,0,0,0,0,0,0,0,0,0,0,0,0,0,0,0.813187062204528,0,0,0,0,0,0
4421,17.1628766064503,12.2715597238155,15.6460328416526,4.89265368059366,5.29488527835298,11.6999414862035,16.3277422657161,9.20168506242671,16.3849102783633,13.5324918347611,26.9817960186121,11.271258419004,17.8081970072765,21.7959407341768,27.4900213576139,16.2214294412463,1.11610378782857,3.80526742823203,4.08958272718169,8.62839399324606,21.1012221282297,14.429910171984,12.9859978326723,13.5082654562841,8.66720595678687,8.86581760591582,0.927244667958238,2.30272111705559,6.60028147906743,16.8741794519754,6.46219659679403,7.1703801707322,6.72755208858714,15.5669011662164,5.93642541470947,14.5837349870742,7.31187950862676,11.7858535095558,9.16092937394,7.52315407138328,4.71548091280831,8.75271162501664,6.12820395305221,14.0299809869619,15.6209250666957,13.9118163803604,8.24063590163226,20.3296765551132,6.37575106065249,16.2925037342683,9.29302732550708,19.1758740652184,1.09678960865664,32.7122993105258
4426,0,0,9.38761970499158,0,15.8846558350589,11.6999414862035,0,2.04481890276149,0,0.902166122317409,205.861110364226,1.32603040223577,187.454705339752,8.47619917440211,43.9840341721822,19.4657153294956,1.11610378782857,22.8316045693922,23.5151006812947,10.5458148806341,5.90834219590432,2.06141573885485,0,22.1044343830104,36.8356253163442,0.886581760591582,61.1981480852437,1.1513605585278,5.65738412491494,15.819543236227,32.3109829839702,7.1703801707322,44.2096280107155,44.2427717355624,2.96821270735474,21.314689596493,17.0610521867958,0,0,0,32.0652702070965,14.5878527083611,56.3794763680804,26.1892978423289,0,40.665309419515,0,34.1538566125902,15.9393776516312,42.3605097090977,23.2325683137677,4.42520170735808,0,20.8995245595026
4428,0,7.01231984218029,2.08613771222035,2.9355922083562,0,0.899995498938728,2.72129037761935,5.11204725690373,1.82054558648481,2.70649836695223,6.99528044926981,1.32603040223577,0,2.42177119268632,4.39840341721822,0,3.34831136348571,0,0,1.91742088738801,3.37619554051675,7.21495508599199,1.08216648605602,2.45604826477893,0,1.77316352118316,0.927244667958238,1.1513605585278,0,0,2.15406553226468,1.43407603414644,4.80539434899081,0.819310587695601,0.989404235784912,1.12182576823647,0,1.57144713460744,0,2.50771802379443,0.943096182561662,0.972523513890737,0,0.93533206579746,1.56209250666957,4.28055888626474,1.64812718032645,0.813187062204528,0.796968882581562,1.9551004481122,0.929302732550708,0,0,0.908674980847939
4429,0,0,0,0,0,0,0,0,0,0,0,0,0,0,0,0,0,0,0,0,0,0,0,0,0,0,0,0,0,0,0,0,0,0,0,0,0,0,0,0,0,0,0,0,0,0,0,0.813187062204528,0,0,0,0,0,0
4432,0,0,0,0,0,0,0,0,0,0,0,0,0,0,0,0,0,0,0,0,0,0,0,0,0,0,0,0,0,0,0,0,0,0,0,0,0,0,0,0,0,0,0,0,0,0,0.824063590163226,0,0,0,0,0,0,0
4433,0,0,0,0,0,0,0,0,0.910272793242405,0,0,0,0,0,0,0,0,0,0,0,0,0,0,0,0,0,0,0,0,0,0,0,0,0,0,0,0,0,0,0,0,0,0,0,0,0,0,0,0,0,0,0,0,0
4434,0,0,1.04306885611018,0,0,0,0,0,0,0,0,0,0,0,0,0,0,0,0,0,0,0,0,0,0,0,0,0,0,0,0,0,0,0,0,0,0,0,0,3.76157703569164,0,0,0,0,0,0,0,0,0,0,0,0,0,0
4437,0,0,0,0,0,0,0,0,0,0,0,0,0,0,0,0,0,0,0,0,0,0,0,0,0,0,0,0,0,0,0,0,0,0,0,0,0,0,0,0,0,0,0,0,0,0,0,0,0,0,0,0,0,0
4438,0,0,0,0,0,0,0,0,0,0,0.999325778467116,0,0,0,0,0,0,0,0,0,0.844048885129189,0,0,0,1.08340074459836,0,0,0,0,2.10927243149693,0,0,0,0,1.97880847156982,0,0,0,0,0,0,0,0,0,0,0,0,0,0,0,0.929302732550708,0,0,0.908674980847939
4439,0,0,0,0,0,0,0,0,0,1.80433224463482,10.9925835631383,0,0,0,0,0,0,0,0,0,0,0,0,1.22802413238947,0,0,0,0,0,5.27318107874232,0,1.43407603414644,0,0,0,0,0,0,0,1.25385901189721,0.943096182561662,0,0,0,0,0,0,0,0,0,0,0,0,1.81734996169588
4440,0.903309295076332,0,0,0,0,0,0,0,0,0,0,0,0,0,0,0,0,0,0,0,0,0,0,0,0,0,0,0,0,0,0,0,0,0,0,0,0,0,0,0,0,0,0,0,0,0,0,0,0,0,0,0,0,0
4442,0,0,0,0,0,0,0,0,0,0,0,0.663015201117883,0,0,0,0,0,0,0,0,0,0,0,0,0,0,0,0,0,0,0,1.43407603414644,0,0,2.96821270735474,0,1.21864658477113,0,0,0,0,0,0,0,0,0,0.824063590163226,0,0,0,0,0,0,0
4443,5.41985577045799,2.62961994081761,3.12920656833053,0,0,1.79999099787746,0,5.11204725690373,0,1.80433224463482,0.999325778467116,0,0.937273526698761,0,4.39840341721822,2.16285725883284,1.11610378782857,1.90263371411602,3.06718704538627,1.91742088738801,2.53214665538757,1.03070786942743,5.41083243028011,4.91209652955787,0,5.31949056354949,0,0,0,1.05463621574846,2.15406553226468,0,2.88323660939449,3.2772423507824,1.97880847156982,1.12182576823647,1.21864658477113,0,0.832811761267273,2.50771802379443,0.943096182561662,1.94504702778147,1.22564079061044,0,1.56209250666957,0,0.824063590163226,4.06593531102264,0.796968882581562,1.9551004481122,0.929302732550708,1.47506723578603,0,2.72602494254382
4444,0,0,0,0,0,0,0,0,2.73081837972721,0,0,0,0,0,0,0,0,0.951316857058008,1.02239568179542,0.958710443694007,0.844048885129189,0,1.08216648605602,0,0,0,0,0,0,0,0,0,0,0,0,0,0,0,0,0,0,0.972523513890737,0,0,0,0,0,0,0,0,0,0,0,0
4447,0,0,0,0,0,0,0,0,0,0,0,0,0,0,1.09960085430456,0,0,0,0,0,0,0,0,0,0,0,0,0,0,0,0,0,0,0,0,0,0,0,0,0,0,0,0,0,0,0,0,0,0,0,0,0,0,0
4448,0,0,0,0,0,0,0,0,0,0,0,0,0,0,0,0,0,0,0,0,0,0,0,0,0,0,0,0,0,0,0,0,0,0,0,0,0,0,0,0,0,0,0,0,0,0,0,0,0,0,0,0,0,0
4452,63.2316506553433,7.01231984218029,5.21534428055088,17.6135532501372,1.0589770556706,34.1998289596717,3.62838717015914,3.06722835414224,2.73081837972721,7.21732897853927,47.9676373664216,27.8466384469511,41.2400351747455,24.2177119268632,23.0916179403957,7.57000040591494,22.3220757565714,88.4724677063947,0,12.4632357680221,68.3679596954643,35.0440675605325,40.0401599840728,208.764102506209,0,15.0718899300569,3.70897867183295,3.45408167558339,8.48607618737242,55.8957194346686,2.15406553226468,1.43407603414644,6.72755208858714,10.6510376400428,0.989404235784912,1.12182576823647,12.1864658477113,45.5719669036157,36.64371749576,26.3310392498415,19.8050198337949,29.1757054167221,39.2205052995342,24.318633710734,68.7320702934613,70.6292216233682,28.8422256557129,17.0769283062951,11.9545332387234,5.21360119496587,104.081906045679,1.47506723578603,15.355054521193,9.08674980847939
4453,3.61323718030533,0,0,0.978530736118733,0,4.49997749469364,0,0,0,0,4.99662889233558,3.31507600558942,6.56091468689133,2.42177119268632,0,1.08142862941642,0,3.80526742823203,1.02239568179542,0.958710443694007,2.53214665538757,1.03070786942743,0,30.7006033097367,0,0.886581760591582,0,1.1513605585278,0,17.9288156677239,0,0,0,1.6386211753912,0,0,1.21864658477113,6.28578853842975,7.49530585140546,16.3001671546638,0,8.75271162501664,8.5794855342731,5.61199239478476,18.7451100800349,21.4027944313237,0.824063590163226,3.25274824881811,0,0.651700149370734,17.6567519184635,0,9.87110647790978,0.908674980847939
4454,6.32316506553433,3.50615992109015,0,1.95706147223747,0,0,0,3.06722835414224,0,2.70649836695223,8.99393200620405,5.30412160894306,5.62364116019257,1.21088559634316,3.29880256291367,2.16285725883284,0,11.4158022846961,2.04479136359084,5.75226266216404,3.37619554051675,1.03070786942743,12.9859978326723,8.59616892672627,0,2.65974528177475,0,1.1513605585278,0.942897354152491,5.27318107874232,0,1.43407603414644,0,0.819310587695601,0,0,2.43729316954225,3.14289426921487,6.66249409013819,1.25385901189721,0.943096182561662,2.91757054167221,3.67692237183133,2.80599619739238,3.12418501333915,6.42083832939711,4.12031795081613,2.43956118661358,2.39090664774469,1.30340029874147,18.5860546510142,0,2.19357921731328,1.81734996169588
4457,0,0,0,0,0,0,0,0,0,0,0,0,0,0,0,0,0,0,0,0,0,0,0,0,0,0,0,0,0,0,0,0,0,0,0,0,0,0,0,0,0,0,0,0,0,0,0,0,0,0,0,0,0,0
4462,0,0,0,0,0,0,0.907096792539785,0,0,0,0,0,0,0,0,0,0,0,0,0,0,0,0,0,0,0,0,0,0,0,0,0,0,0,0,0,0,0,0,0,0,0,0,0,0,0,0,0,0,0,0,0,0,0
4463,0,0,0,0,0,0,0,0,0,0,0,0,0,0,1.09960085430456,0,0,0,0,0,0,0,0,0,0,0,0,0,0,2.10927243149693,0,0,0,0,0,0,0,0,0,1.25385901189721,0,0,0,0,0,0,0,0,0,0,1.85860546510142,0,0,0.908674980847939
4464,0,0.876539980272536,0,0,0,0,0,0,0,0,0,0,0,0,0,0,0,0,0,0,0,0,1.08216648605602,0,0,0,0,0,0,0,0,0,0,0,0,0,0,0,0,0,0,0,0,0,0,0,0,0,0,0.651700149370734,0,0,0,0.908674980847939
4465,7.22647436061066,0,0,0.978530736118733,0,2.69998649681618,0.907096792539785,0,0,0,0.999325778467116,1.98904560335365,0,1.21088559634316,0,0,0,0,4.08958272718169,0.958710443694007,0,3.09212360828228,0,0,1.08340074459836,0,0,0,0,0,0,0,0.961078869798163,0.819310587695601,0.989404235784912,0,2.43729316954225,0,0,0,3.77238473024665,0,0,0,0,1.07013972156618,0,0.813187062204528,0,0,0.929302732550708,0,0,0
4466,0,0,0,0,0,0,0,0,0,0,0,0,0,0,0,0,0,0,0,0,0,0,0,0,0,0,0,0,0,0,0,0,0,0,0,0,0,0,0,0,0,0,0,0,0,0,0,0,0,0,0,0,0,0
4467,0,0,0,0,0,0,0,0,0,0,0,0,0,0,0,0,0,0,0,0,0,0,0,0,0,0,0,0,0,0,0,0,0,0,0,0,0,0,0,0,0,0,0,0,0,0,0,0,0,0,0,0,0,0
4471,0,0,0,0,0,0,0,0,0,0,0,0,0,0,0,0,0,0,0,0,0,0,0,0,0,0,0,0,0,0,0,0,0,0,0,0,0,0,0,0,0,0,0,0,0,0,0,0,0,0,0,0,0,0
4472,0,0,0,0,0,0,0,0,0,0,0,0,0,0,0,0,0,0,0,0,0,0,0,0,0,0,0,0,0,0,0,0,0,0,0,0,0,0,0,0,0,0,0,0,0,0,0,0,0,0,0,0,0,0
4473,0,0,0,0,0,0,0,0,0,0,0,0,0,0,0,0,0,0,0,0,0,0,0,0,0,0,0,0,0,0,0,0,0,0,0,0,0,0,0,0,0,0,0,0,0,0,0,0,0,0,0,0,0,0
4474,0,0,0,0,0,0,0,0,0,0,0,0,0,0,0,0,0,0,0,0,0,0,0,0,0,0,0,0,0,0,0,0,0,0,0,0,0,0,0,0,0,0,0,0,0,1.07013972156618,0,0,0,0,0,0,0,0
4475,1.80661859015266,0,0,0,0,0,0,0,0,0,0,0,0,0,0,1.08142862941642,0,0,0,0,0,0,0,0,0,0,0,0,0.942897354152491,0,0,0,0,0,0,0,0,0,0,0,0,0,0,0,0,0,0,0,0,0,0,0,0,0
4481,0,0,0,0,0,0,0,0,0,0,0,0,0,0,0,0,0,0,0,0,0,0,0,0,1.08340074459836,0,0,0,0,0,0,0,0,0,0,0,0,0.785723567303718,0,0,0,0,0,0,0,0,0,0,0,0,0,0,0,0
4483,0,0,0,0,0,0,0,0,0,0,0,0,0,0,0,0,0,0,0,0,0,0,0,0,0,0,0,0,0,0,0,0,0,0,0,0,0,0,0,0,0,0,0,0,0,0,0,0,0,0,0,0,1.09678960865664,0
4484,6.32316506553433,1.75307996054507,10.4306885611018,7.82824588894986,1.0589770556706,8.99995498938728,3.62838717015914,9.20168506242671,9.10272793242405,5.41299673390446,5.9959546708027,5.96713681006095,1.87454705339752,3.63265678902947,2.19920170860911,6.48857177649852,6.69662272697142,6.65921799940605,2.04479136359084,4.79355221847003,5.90834219590432,7.21495508599199,4.32866594422409,9.82419305911574,7.58380521218852,4.43290880295791,0,5.75680279263899,2.82869206245747,10.5463621574846,2.15406553226468,2.86815206829288,0,3.2772423507824,0.989404235784912,1.12182576823647,2.43729316954225,3.92861783651859,2.49843528380182,8.7770130832805,7.54476946049329,3.89009405556295,1.22564079061044,1.87066413159492,1.56209250666957,3.21041916469855,1.64812718032645,1.62637412440906,3.98484441290781,1.9551004481122,2.78790819765212,0,5.48394804328321,5.45204988508763
4485,0.903309295076332,0,1.04306885611018,0,0,0,0,0,0,0.902166122317409,0.999325778467116,0,0.937273526698761,1.21088559634316,0,0,0,0,0,0,0,0,0,0,0,0,0,0,0,0,0,0,0,0,0,0,0,0,0,0,0,0.972523513890737,0,0,0,0,0,0,0,0.651700149370734,0.929302732550708,0,0,0
4487,3.61323718030533,3.50615992109015,1.04306885611018,0.978530736118733,15.8846558350589,0.899995498938728,4.53548396269892,9.20168506242671,1.82054558648481,0.902166122317409,0,8.61919761453248,1.87454705339752,0,3.29880256291367,1.08142862941642,0,1.90263371411602,0,0,0.844048885129189,5.15353934713713,5.41083243028011,0,0,0.886581760591582,0.927244667958238,1.1513605585278,0,0,0,0,2.88323660939449,3.2772423507824,3.95761694313965,0,2.43729316954225,0.785723567303718,0,0,0,0.972523513890737,1.22564079061044,1.87066413159492,0,2.14027944313237,0,0,0.796968882581562,0,0.929302732550708,0,0,0.908674980847939
4488,0,0,0,0,0,0,0,0,0,0,0,0,0,0,0,0,0,0,0,0,0,0,0,0,0,0,0,0,0,0,0,0,0,0,0,0,0,0,0,0,0,0,0,0,0,0,0,0,0,0,0,0,0,0
4489,4.51654647538166,8.76539980272536,7.30148199277123,9.78530736118733,22.2385181690825,5.39997299363237,9.07096792539785,6.13445670828447,6.37190955269683,69.4667914184405,26.9817960186121,52.3782008883128,95.6018997232737,42.3809958720105,32.9880256291367,16.2214294412463,14.5093492417714,37.1013574252623,31.6942661356581,26.8438924234322,50.6429331077513,10.3070786942743,121.202646438274,34.3846757069051,17.3344119135737,18.6182169724232,46.3622333979119,71.3843546287234,6.60028147906743,36.9122675511963,32.3109829839702,10.0385322390251,16.3383407865688,15.5669011662164,5.93642541470947,20.1928638282565,8.53052609339789,21.2145363172004,22.4859175542164,129.147478225413,24.5205007466032,16.5328997361425,17.1589710685462,13.0946489211644,17.1830175733653,13.9118163803604,9.88876308195872,52.8571590432943,7.17271994323406,50.1809115015465,39.9600174996804,8.85040341471617,29.6133194337293,11.8127747510232
4490,1.80661859015266,0,0,0,0,0,0,0,0,1.80433224463482,0.999325778467116,0,0,0,0,2.16285725883284,1.11610378782857,0,1.02239568179542,0,0.844048885129189,0,0,0,0,0,1.85448933591648,0,0,2.10927243149693,0,0,0.961078869798163,0,0,0,1.21864658477113,0,0,0,0,0.972523513890737,0,0,0,0,1.64812718032645,2.43956118661358,0,0,0.929302732550708,1.47506723578603,0,0
4491,0,0,0,0,0,0,0,0,0,0,0.999325778467116,0,0,0,0,0,0,0,0,0,0,0,0,0,0,0,0,0,0,0,0,0,0,0,0,0,0,0,0,0,0,0,0,0,0,0,0,0,0,0,0,0,0,0
4494,0,0,0,0,0,0,0,0,0,0,0,0,0,0,0,0,0,0,0,0,0,0,0,0,0,0,0,0,0,0,0,0,0,0,0,0,0,0,0,0,0,0,0,0,0,0,0,0,0,0,0,0,0,0
4495,0,0,0,0,0,0,0,0,0,0,0,0,0,0,0,0,0,0,0,0,0,0,0,0,0,0,0,0,0,0,0,0,0,0,0,1.12182576823647,0,0,0,0,0,0.972523513890737,0,0,0,0,0,0,0,0.651700149370734,0,0,0,0
4503,0,0,0,0,0,0,0,1.02240945138075,0,0,0,2.65206080447153,0.937273526698761,0,1.09960085430456,1.08142862941642,0,0,6.13437409077253,0.958710443694007,0,1.03070786942743,0,0,0,3.54632704236633,0,0,0,0,0,0,0,0,0,0,0,0,0,0,0,0,0,0,0,2.14027944313237,0,0,0,0,0,0,0,0
4504,0,0,0,0,0,0,0,0,0,0,0,0,0,0,0,0,0,0,0,0,0,0,0,0,0,0,0,0,0,0,0,0,0,0,0,0,0,0,0,0,0,0,0,0,0,0,0,0,0,0,0,0,0,0
4505,0,0,0,0,0,0,0,0,0,0,0,0,0,0,0,0,0,0,0,0,0,0,0,1.22802413238947,0,0,0,0,0,1.05463621574846,1.07703276613234,0,0.961078869798163,0,0,0,0,0,0,0,0,0,0,0,0,0,0,0,0,0,0,0,0,0
4506,0,0,0,0,0,0,0,0,0,0,0,0,0,0,0,0,0,0,0,0,0,0,0,0,0,0,0,0,0,0,0,0,0,0,0,0,0,0,0,0,0,0,0,0,0,0,0,0,0,0,0,0,0,0
4508,0,0,0,0,0,0,0,0,0,0,0,0,0,0,0,0,0,0,0,0,0,0,0,0,0,0,0,0,0,0,0,0,0,0,0,0,0,0,0,0,0,0,0,0,0,0,0,0,0,0,0,0,0,0
4511,0,0,0,0,0,0,0,0,0,0,0,0,0,0,0,0,0,0,0,0,0,0,0,0,0,0,0,0,0,0,0,0,0,0,0,0,0,0,0,0,0,0,0,0,0,0,0,0,0,0,0,0,0,0
4518,0,0,0,0,0,0,0,0,0,0,0,0,0,0,0,0,0,0,0,0,0,0,0,0,0,0,0,0,0,0,0,0,0,0,0,0,0,0,0,0,0,0,0,0,0,0,0,0,0,0,0,0,0,0
4519,0,0,0,0,0,0,0,0,0,0,0,0,0,0,1.09960085430456,0,0,0,0,0,0,0,0,0,0,0,0,0,0,0,0,0,0,0,0,0,0,0,0,0,0,0,0,0,0,0,0,0,0,0,0,0,0,0
4521,0,0,0,0,0,0,0,0,0,0,0,0,0,0,0,0,0,0,0,0,0,0,0,0,0,0,0,0,0,0,0,0,0,0,0,0,0,0,0,0,0,0,0,0,0,0,0,0,0,0,0,0,0,0
4523,0,0,0,0,0,0,0,0,0,0,0,0,0,0,0,0,0,0,0,0,0,0,0,0,0,0,0,0,0,0,0,0,0,0,0,0,0,0,0,0,0,0,0,0,0,0,0,0,0,0,0,0,0,0
4525,0.903309295076332,0,0,0,0,0,0,0,0,0,0,0,0,0,0,0,0,0.951316857058008,0,0,0,0,0,1.22802413238947,0,0,0,1.1513605585278,0,0,0,0,0,0,0,0,0,0,0,0,0,0,1.22564079061044,0,0,0,0,0,0,0,0,0,0,0
4526,0,0,0,0,0,0,0,0,0,0,0,0,0,0,0,0,0,0,0,0,0,0,0,0,0,0,0,0,0,0,0,0,0,0,0,0,0,0,0,0,0,0,0,0,0,0,0,0,0,0,0,0,0,0
4527,0,0,0,0,0,0,0,0,0,0,0,0,0,0,0,0,0,0,0,0,0,0,0,0,0,0,0,0,0,0,0,0,0,0,0,0,0,0,0,0,0,0,0,0,0,0,0,0,0,0,0,0,0,0
4528,0,0,0,0,0,0,0,0,0,0,0,0,0,0,0,0,0,0,0,0,0,0,0,0,0,0,0,0,0,0,0,0,0,0,0,0,0,0,0,0,0,0,0,0,0,0,0,0,0,0,0,0,0,0
4529,0,0,0,0,0,0,0,0,0,0,0,0,0,0,0,0,0,0,0,0,0,0,0,0,0,0,0,0,0,0,0,0,0,0,0,0,0,0,0,0,0,0,0,0,0,0,0,0,0,0,0,0,0,0
4531,0,0,0,0,0,0,0,0,0,0,0,0,0,0,0,0,0,0,0,0,0,0,0,0,0,0,0,0,0,0,0,0,0,0,0,0,0,0,0,0,0,0,0,0,0,0,0,0,0,0,0,0,0,0
4533,0,0,0,0,0,0,0,0,0,0,0,0,0,0,0,0,0,0,0,0,0,1.03070786942743,0,0,0,0,0,0,0,0,0,0,0,0,0,1.12182576823647,1.21864658477113,0,0,2.50771802379443,0,0,0,0,0,0,0.824063590163226,0,0.796968882581562,0,0,0,0,0
4534,0,0,0,0,0,0,0,0,0,0,0,0,0,0,0,0,1.11610378782857,0,0,0,0,0,0,0,0,0,1.85448933591648,0,0,0,0,0,0,0,0,2.24365153647295,0,0,0,0,0,0,0,0,3.12418501333915,0,0,0,0,0,0,0,0,0
4535,0,0,0,0,0,0,0,0,0,0,0,0,0,0,0,0,0,0,0,0,0,0,0,0,0,0,0,0,0,0,0,0,0,0,0,0,0,0,0,0,0,0,0,0,0,0,0,0,0,0,0,0,0,0
4536,0,0,0,0,0,0,0,0,0,0,0,0,0,0,0,0,0,0,0,0,0,0,0,0,0,0,0,0,0,0,0,0,0,0,0,0,0,0,0,0,0,0,0,0,0,0,0,0,0,0,0,0,0,0
4539,0,1.75307996054507,0,0,1.0589770556706,0,0,0,6.37190955269683,0.902166122317409,2.99797733540135,2.65206080447153,3.74909410679505,1.21088559634316,4.39840341721822,2.16285725883284,0,0,2.04479136359084,0,0,0,1.08216648605602,2.45604826477893,2.16680148919672,1.77316352118316,5.56346800774943,2.30272111705559,1.88579470830498,3.16390864724539,5.38516383066169,2.86815206829288,2.88323660939449,1.6386211753912,0,2.24365153647295,0,1.57144713460744,4.16405880633637,11.2847311070749,3.77238473024665,5.83514108334442,0,1.87066413159492,3.12418501333915,5.35069860783092,4.94438154097936,13.0109929952724,3.18787553032625,4.56190104559514,2.78790819765212,5.90026894314411,4.38715843462657,5.45204988508763
4541,0,0,0,0,0,0,0,0,0,0,0,0,0,0,0,0,0,0,0,0,0,0,0,0,0,0,0,0,0,0,0,0,0,0,0,0,0,0,0,0,0,0,0,0,0,0,0,0,0,0,0,0,0,0
4542,0,0,0,0,0,0,0,0,0,0,0,0,0,0,0,0,0,0,0,0,0,0,0,0,0,0,0,0,0,0,0,0,0,0,0,0,0,0,0,0,0,0,0,0,0,0,0,0,0,0,0,0,0,0
4543,0,0,0,0,0,0,0,0,0,0,0,0,0,0,0,0,0,0,2.04479136359084,0,0,0,0,0,0,0,0,0,0,0,0,0,0,0.819310587695601,0,0,0,0,0,0,0,0,0,0,0,1.07013972156618,0,0.813187062204528,0,0,0,0,0,0
4545,0,0,0,0,0,0,0,0,0,0,0.999325778467116,1.32603040223577,0,0,0,0,0,0.951316857058008,0,0,0,0,0,0,7.58380521218852,0,0.927244667958238,0,4.71448677076245,0,0,0,0,0,0,0,0,0,0,0,0,0,0,0,0,0,0,0.813187062204528,0,0,0,0,0,0
4547,0.903309295076332,0,0,0,0,0,0,0,0,0,0,0,0,0,0,0,0,0,0,0,0,0,0,0,0,0,0,0,0,0,0,0,0,0,0,0,0,0,0,2.50771802379443,0,0,0,0,0,0,0,0,0,0,0,0,0,0
4548,0,0,0,0,0,0,0,0,0,0,0,0,0,0,0,0,0,0,0,0,0,0,0,0,0,0,0,0,0,0,0,0,0,0,0,0,0,0,0,0,0,0,0,0,0,0,0,0,0,0,0,0,0,0
4549,0,0,0,0,0,0,0,0,0,0,0,0,0,0,0,0,0,0,0,0,0,0,0,0,0,0,0,0,0,0,0,0,0,0,0,0,0,0,0,0,0,0,0,0,0,0,0,0,0,0,0,0,0,0
4550,0,0,0,0,0,0,0,0,0,0,0,0,0,0,0,0,0,0,0,0,0,0,0,0,0,0,0,0,0,0,0,0,0,0,0,0,0,0,0,0,0,0,0,0,0,0,0,0,0,0,0,0,0,0
4551,0,0,0,0,0,0,0,0,0,0,0,0,0,0,0,0,0,0,0,0,0,0,0,0,0,0,0,0,0,0,0,0,0,0,0,0,0,0,0,0,0,0,0,0,0,0,0,0,0,0,0,0,0,0
4555,1.80661859015266,0,0,0,0,0,0,0,0.910272793242405,0,8.99393200620405,0,0,1.21088559634316,1.09960085430456,0,6.69662272697142,0,0,0,0,0,0,0,0,0,0,2.30272111705559,0,0,1.07703276613234,0,0,0,0,0,1.21864658477113,0,0.832811761267273,51.4082194877858,0,0.972523513890737,44.1230684619759,19.6419733817467,46.8627752000872,22.4729341528899,6.59250872130581,76.4395838472256,6.37575106065249,0.651700149370734,1.85860546510142,4.42520170735808,0,2.72602494254382
4558,0.903309295076332,0,3.12920656833053,0,0,0.899995498938728,0,1.02240945138075,0,1.80433224463482,0,4.64110640782518,2.81182058009628,1.21088559634316,9.896407688741,3.24428588824926,10.0449340904571,2.85395057117402,1.02239568179542,5.75226266216404,4.22024442564594,4.12283147770971,0,28.2445550449577,11.917408190582,6.20607232414108,12.0541806834571,9.21088446822238,4.71448677076245,0,4.30813106452935,5.73630413658576,1.92215773959633,0.819310587695601,10.883446593634,1.12182576823647,9.74917267816901,1.57144713460744,4.99687056760364,5.01543604758885,2.82928854768498,3.89009405556295,6.12820395305221,0.93533206579746,4.68627752000872,0,5.76844513114258,0,7.17271994323406,2.60680059748294,13.9395409882606,2.95013447157206,1.09678960865664,2.72602494254382
4559,0,0,0,0,0,0,0,0,0,0,0,0,0,0,1.09960085430456,0,0,0,0,0,0,0,0,0,0,0,0,0,0,0,0,1.43407603414644,0,0.819310587695601,0,0,0,0,0,0,0,0,0,0,0,0,0.824063590163226,0,0,0.651700149370734,0,0,0,0
4560,0,0,0,0,0,0,0,0,0,0,0,0,0,0,0,0,0,0,0,0,0,0,0,0,0,0,0,0,0,0,0,0,0,0,0,0,0,0,0,0,0,0,0,0,0,0,0,0,0,0,0.929302732550708,0,0,0
4561,0,0,0,0,0,0,0,0,0,0,0,0,0,0,0,0,0,0,1.02239568179542,0,0,0,0,0,0,0,0,0,0,0,0,0,0,0,0,0,0,0,0,0,0,0,0,0,0,0,0,0,0,0,0,0,0,0
4562,0,0,0,0,0,0,0,0,0,0,0,0,0,0,0,0,0,0,0,0,0,0,0,0,0,0,0,0,0,0,0,0,0,0,0,0,0,0,0,0,0,0,0,0,0,0,0,0,0,0,0,0,0,0
4564,0,0,0,0,0,0,0,0,0,0,0,0,0,0,0,0,0,0,0,0,0,0,0,0,0,0,0,0,0,0,0,0,0,0,0,0,0,0,0,0,0,0,0,0,0,0,0,0,0,0,0,0,0,0
4565,0,0,0,0,0,0,0,0,0,0,0,0,0,0,0,1.08142862941642,0,0,0,0,0,0,0,0,0,0,0,0,0,0,0,0,0,0,0,0,0,0,0,0,0,0,0,0,0,0,0,0,0,0,0,0,0,0
4566,0,0,0,0,0,0,0,0,0,0,0.999325778467116,0,0,0,0,0,0,0,0,0,0,0,0,0,0,0,0,0,0,0,0,1.43407603414644,0,0,0,0,0,0,0.832811761267273,0,0,0,0,0,0,0,0,0,0,0,0.929302732550708,0,0,0
4567,0,0,0,0,0,0,0,0,0,0,0.999325778467116,0,0,0,0,0,0,0,0,0,0,0,0,0,0,0,0.927244667958238,0,0,0,0,0,0,0.819310587695601,0,0,0,0,0,0,0,0,0,0,0,0,0,0,0,0,0,0,0,0
4570,0,0,1.04306885611018,0,0,0,0,0,0,0,0,0,0,0,0,0,0,0,0,0.958710443694007,0,0,0,0,0,0,0,0,0,0,0,0,0,0,0,0,1.21864658477113,0,0,0,0,0,0,0,0,0,0,0,0,0,0,0,0,0
4572,0,0,0,0,0,0,0,0,0,0,0,0,0,0,0,0,0,1.90263371411602,0,0,0,0,0,0,0,0,0,0,0,1.05463621574846,0,0,0,0,0,0,0,0,0,0,0,0,0,0,0,0,0,0,0,0,0,0,0,0
4576,0,0,0,0,0,0,0,0,0,0,0,0,0,0,0,0,0,0,0,0,0,0,0,0,0,0,0,0,0,0,0,0,0,0,0,0,0,0,0,0,0,0,0,0,0,0,0,0,0,0,0,0,0,0
4577,0,0,0,0,0,0,0,0,0,0,0,0,0,0,0,0,0,0,0,0,0,0,0,0,0,0,0,0,0,0,0,0,0,0,0,0,0,0,0,0,0,0,0,0,0,0,0,0,0,0,0,0,0,0
4579,0,0,0,0,0,0,0,0,0,0,0,0.663015201117883,0,0,0,0,0,0,0,0,0,0,0,0,0,0.886581760591582,0,0,0,0,0,0,0,0,0,0,0,0,0,0,0,0,0,0,0,0,0,0,0,0,0,1.47506723578603,0,0
4581,0,0,0,0,0,0,0,0,0,0,0,0,0,0,0,0,0,0,0,0,0,0,0,0,0,0,0,0,0,0,0,0,0,0,0,0,0,0,0,0,0,0,0,0,0,0,0,0,0,0,0,0,0,0
4583,2.709927885229,1.75307996054507,1.04306885611018,0,0,4.49997749469364,0,0,0,0,0,0.663015201117883,0,0,0,7.57000040591494,0,0,0,3.83484177477603,0,2.06141573885485,0,1.22802413238947,1.08340074459836,1.77316352118316,0,0,0,1.05463621574846,0,0,0.961078869798163,0,0,3.36547730470942,0,0,0,1.25385901189721,0,0.972523513890737,0,1.87066413159492,0,0,0,0,2.39090664774469,0.651700149370734,0,0,0,3.63469992339175
4585,0,0.876539980272536,0,0,0,0,0,0,0.910272793242405,0,0,0,0,0,1.09960085430456,0,0,0,0,0,0,0,0,0,1.08340074459836,0,0,0,0,1.05463621574846,0,0,0,0,0,0,0,0.785723567303718,0,0,0,0,0,0,0,0,0,0,0,0,0,0,0,0
4587,1.80661859015266,0,0,0,1.0589770556706,0,0,0,0,0,0,1.32603040223577,0,0,0,0,0,1.90263371411602,1.02239568179542,0,1.68809777025838,0,0,2.45604826477893,0,0,0,0,0,0,0,0,0,0,0,0,0,0,0,0,0,0,0,0,0,2.14027944313237,0,0,0,0,0,0,0,1.81734996169588
4589,0,0,0,0,0,0,0,0,0,0,0,0,0,0,0,0,0,0,0,0,0,0,0,0,0,0,0,0,0,0,0,0,0,0,0,0,0,0,0,0,0,0,0,0,0,0,0,0,0,0,0,0,0,0
4593,0,0,0,0,0,0,0,0,0,0,0,0,0,0,0,0,0,0,0,0,0,0,0,0,0,0,0,0,0,0,0,0,0,0,0,0,0,0,0,0,0,0,0,0,0,0,0,0,0,0,0,0,0,0
4594,0,0,0,0,0,0,0,0,0,0,0,0,0,1.21088559634316,0,0,0,0,0,0,0,0,0,0,0,0,0,0,0,0,0,0,0,0,0,0,1.21864658477113,0,0,0,0,0,0,0,0,0,0,0,0,0,0,0,0,0
4595,0,0,0,0,0,0,0,0,0,0,0,0,0,0,0,0,0,0,0,0,0,0,0,0,0,0,0,0,0,0,0,0,0,0,0,1.12182576823647,0,0,0,0,0,0,0,0,0,0,0,0,0,0,0,0,0,0
4596,0,0,0,0,0,0,0,0,0,0,0,0,0,0,0,0,0,0,0,0,0,0,0,0,1.08340074459836,0,0,0,0,0,0,0,0,0,0,0,0,0,0,0,0,0,0,0,0,0,0,0,0,0,0,0,0,0
4599,0,0,0,0,0,0,0,0,0,0,0,0,0.937273526698761,0,0,0,0,0.951316857058008,0,0.958710443694007,0,0,0,1.22802413238947,1.08340074459836,0.886581760591582,0,3.45408167558339,0.942897354152491,0,0,0,0,0,0,0,0,0,0,0,0,0,0,0,0,0,0,0,0,0,1.85860546510142,0,0,0
460,6.32316506553433,0,0,8.8067766250686,0,17.9999099787746,0,0,2.73081837972721,0,0,1.32603040223577,0.937273526698761,0,1.09960085430456,0,0,0,1.02239568179542,0.958710443694007,0,0,0,0,0,1.77316352118316,0,0,1.88579470830498,2.10927243149693,0,0,2.88323660939449,0,0,1.12182576823647,2.43729316954225,0,0,0,0,0,0,0.93533206579746,0,0,2.47219077048968,0.813187062204528,0,3.25850074685367,0,0,0,3.63469992339175
4601,0,0,0,0,0,0,0,0,0,0,0,3.9780912067073,8.43546174028885,0,3.29880256291367,1.08142862941642,10.0449340904571,4.75658428529004,2.04479136359084,0,3.37619554051675,0,3.24649945816807,6.14012066194733,0,4.43290880295791,4.63622333979119,2.30272111705559,3.77158941660996,4.21854486299386,5.38516383066169,5.73630413658576,0.961078869798163,3.2772423507824,2.96821270735474,0,2.43729316954225,6.28578853842975,1.66562352253455,1.25385901189721,3.77238473024665,0,1.22564079061044,6.54732446058222,0,0,2.47219077048968,1.62637412440906,0,0.651700149370734,1.85860546510142,2.95013447157206,15.355054521193,2.72602494254382
4604,0,1.75307996054507,0,0,0,0,0.907096792539785,0,0,0,0,0,0,0,0,0,0,0,0,0,0,0,0,0,0,0,0,0,0,0,0,0,0,0,0,0,0,0,0,0,0.943096182561662,0,0,0,0,0,0,3.25274824881811,0,1.30340029874147,0,0,1.09678960865664,0
4605,0.903309295076332,0.876539980272536,0,0,0,0.899995498938728,0,2.04481890276149,0,1.80433224463482,1.99865155693423,3.31507600558942,0.937273526698761,0,0,1.08142862941642,1.11610378782857,4.75658428529004,1.02239568179542,3.83484177477603,1.68809777025838,0,0,0,1.08340074459836,0.886581760591582,0,0,1.88579470830498,0,0,0,0,0,0,0,0,1.57144713460744,0,1.25385901189721,0,0,0,0,0,1.07013972156618,0.824063590163226,0,0,0.651700149370734,0.929302732550708,0,0,0
4606,0,0,2.08613771222035,0,0,0,0,0,0,0,0,0.663015201117883,0,0,0,0,1.11610378782857,0,1.02239568179542,1.91742088738801,0,0,0,0,0,0,0,1.1513605585278,0,0,0,0,0,0.819310587695601,0,0,0,0,0.832811761267273,0,2.82928854768498,0,0,0,0,0,0,0,0,0,0.929302732550708,0,0,0
4607,0,0,0,0,0,0,0,0,0,0,0,0,0,0,0,0,2.23220757565714,1.90263371411602,0,0,0,0,0,0,0,0,0,0,0,0,0,0,0,0,0,0,0,0,0,0,0,0,0,0,0,0,0,0,0.796968882581562,0,0,0,0,0
4608,1.80661859015266,0,3.12920656833053,0.978530736118733,0,1.79999099787746,0,0,0.910272793242405,0.902166122317409,0.999325778467116,1.32603040223577,0,0,0,0,0,0,1.02239568179542,0.958710443694007,0,0,1.08216648605602,1.22802413238947,0,0.886581760591582,0,0,0,1.05463621574846,0,1.43407603414644,0,0.819310587695601,0,0,0,0.785723567303718,0,0,0,0,0,0,0,2.14027944313237,1.64812718032645,0.813187062204528,0,0,0,0,2.19357921731328,0.908674980847939
461,0,0,0,0,0,0,0,0,0,0,0,0,0,0,0,0,0,0,0,0,0,0,0,0,0,0,0,0,0,0,0,0,0,0,0,0,0,0,0,0,0,0,0,0,0,0,0,0,0,0,0,0,0,0
4611,2.709927885229,1.75307996054507,2.08613771222035,0,2.11795411134119,1.79999099787746,0,2.04481890276149,0,0,0,2.65206080447153,0,0,0,1.08142862941642,3.34831136348571,1.90263371411602,1.02239568179542,2.87613133108202,0.844048885129189,3.09212360828228,0,0,0,1.77316352118316,0,0,0,0,0,0,1.92215773959633,1.6386211753912,0.989404235784912,0,2.43729316954225,0,1.66562352253455,1.25385901189721,1.88619236512332,0.972523513890737,0,0,1.56209250666957,1.07013972156618,2.47219077048968,0,1.59393776516312,6.51700149370734,0,2.95013447157206,1.09678960865664,1.81734996169588
4613,0,0,0,0,0,0,0,1.02240945138075,0,0,0,0,0,0,0,0,0,0,0,0,0,0,0,0,0,0,0,0,0,0,0,0,0,0.819310587695601,0,0,0,0,0,0,0,0.972523513890737,1.22564079061044,0,0,0,0,0,0,1.9551004481122,0,0,0,0
4614,0,0,0,0,0,0,0,0,0,0,0,0,0,0,0,0,0,0,0,0,0,0,0,0,0,0,0,0,0,0,0,0,0,0.819310587695601,0,0,0,0,0,0,0,0,0,0,0,0,0,0,0,0.651700149370734,0,0,0,0
4615,12.6463301310687,3.50615992109015,7.30148199277123,9.78530736118733,10.589770556706,8.99995498938728,6.34967754777849,6.13445670828447,8.19245513918164,1.80433224463482,1.99865155693423,0,0,1.21088559634316,0,0,1.11610378782857,0,0,0,0,3.09212360828228,6.49299891633613,0,0,0,0.927244667958238,1.1513605585278,0,2.10927243149693,5.38516383066169,0,0,7.3737952892604,0,49.3603338024048,28.0288714497359,2.35717070191115,5.82968232887091,258.294956450826,0.943096182561662,26.2581348750499,42.8974276713655,0,18.7451100800349,56.7174052430078,62.6288328524052,65.0549649763622,128.311990095631,143.374032861561,66.909796743651,1.47506723578603,3.29036882596993,4.54337490423969
4617,0,0,0,0,0,0,0,0,0,2.70649836695223,0,0,0,0,0,1.08142862941642,0,0,0,0,0,0,0,0,0,0,0,0,0,0,0,1.43407603414644,0,0,0,0,0,0,0,0,0,0,0,0,0,1.07013972156618,0,0,0,0,0,0,0,0.908674980847939
4618,0,1.75307996054507,0,0,0,0,0,0,0,0,0,0.663015201117883,0,0,0,0,0,0.951316857058008,0,0,0.844048885129189,0,2.16433297211204,0,2.16680148919672,0,0,2.30272111705559,0.942897354152491,0,2.15406553226468,0,0.961078869798163,0,0,1.12182576823647,0,0,0,1.25385901189721,2.82928854768498,2.91757054167221,0,0,0,1.07013972156618,0.824063590163226,1.62637412440906,0,0,0,1.47506723578603,1.09678960865664,0
4619,1.80661859015266,0,5.21534428055088,1.95706147223747,0,1.79999099787746,0,1.02240945138075,0,0.902166122317409,6.99528044926981,0,0.937273526698761,2.42177119268632,4.39840341721822,5.4071431470821,0,0.951316857058008,1.02239568179542,0.958710443694007,6.75239108103351,0,2.16433297211204,0,0,1.77316352118316,0,3.45408167558339,0,0,1.07703276613234,0,0,0,0,0,1.21864658477113,3.92861783651859,1.66562352253455,0,0.943096182561662,0,0,2.80599619739238,0,1.07013972156618,2.47219077048968,0.813187062204528,3.98484441290781,1.30340029874147,0,0,0,0
4621,0,0,1.04306885611018,0,0,0,0,0,0,0,0,0,0,0,0,0,0,0,0,0,0,0,1.08216648605602,0,0,0,0,0,0,0,0,0,0,0,0,0,0,0,2.49843528380182,0,0,0,0,0,0,0,0,0,0,0,0,0,0,0
4623,0,0,0,0,0,0,0,0,0,0,0,0,0,0,0,0,0,0,0,0,0,0,0,0,0,0,0,0,0,0,0,0,0,0,0,0,0,1.57144713460744,0,0,0,0,0,0,0,0,0,0,0,0,0,0,0,0
4627,0.903309295076332,0,0,0,0,0,0,0,0,1.80433224463482,1.99865155693423,0,0,0,0,0,0,0,0,0,0,0,0,0,0,0,0,0,0,0,0,0,0,0,0,1.12182576823647,0,0,0,0,0,0.972523513890737,0,0,0,0,0,0,0,0,0,0,0,0.908674980847939
4628,0,0,0,0,0,0,0,0,0,0,0,0,0,0,0,0,0,0,0,0,0,0,0,0,1.08340074459836,0,0,0,0,0,0,0,0,0,0,0,0,0,0,0,0,0,0,0,0,0,0,0,0,0,0,0,0,0
463,0,0,0,0,0,0,0,0,0,0,0,0,0,0,0,0,0,0,0,0,0,0,0,0,0,0,0,0,0,0,0,0,0,0,0,0,0,0,0,0,0,0,0,0,0,0,0,0,0,0,0,0,0,0
4630,0,0,0,0,0,0,0,0,0,0,0,0,0,1.21088559634316,0,0,0,0,1.02239568179542,0,0,0,0,0,0,0,0,1.1513605585278,0.942897354152491,0,1.07703276613234,4.30222810243932,0,0,0,0,0,0,0,0,0,0.972523513890737,1.22564079061044,0,1.56209250666957,0,0,0.813187062204528,0,0,0.929302732550708,0,0,0.908674980847939
4632,5.41985577045799,4.38269990136268,4.1722754244407,2.9355922083562,0,5.39997299363237,1.81419358507957,1.02240945138075,3.64109117296962,0.902166122317409,8.99393200620405,2.65206080447153,8.43546174028885,7.26531357805895,12.0956093973501,1.08142862941642,3.34831136348571,7.61053485646406,8.17916545436338,3.83484177477603,4.22024442564594,5.15353934713713,1.08216648605602,0,3.25020223379508,1.77316352118316,0,2.30272111705559,3.77158941660996,5.27318107874232,3.23109829839702,7.1703801707322,1.92215773959633,4.9158635261736,1.97880847156982,3.36547730470942,2.43729316954225,7.85723567303718,0.832811761267273,6.26929505948607,5.65857709536997,4.86261756945369,3.67692237183133,2.80599619739238,7.81046253334787,4.28055888626474,4.12031795081613,10.5714318086589,3.98484441290781,9.12380209119027,3.71721093020283,8.85040341471617,8.77431686925313,3.63469992339175
4633,1.80661859015266,0,1.04306885611018,0,0,0,0,0,0,0,1.99865155693423,0.663015201117883,0,0,0,0,0,0,0,3.83484177477603,0,1.03070786942743,0,0,1.08340074459836,0,0,0,0,0,0,0,0,0.819310587695601,0,1.12182576823647,0,1.57144713460744,0,0,0,0,2.45128158122089,0,0,4.28055888626474,1.64812718032645,0.813187062204528,1.59393776516312,0,0.929302732550708,0,1.09678960865664,1.81734996169588
4634,0,0,0,0,0,0,0,0,0,0,0,0,0,0,0,0,0,0,0,0,0,0,0,0,0,0,0,0,0,1.05463621574846,0,0,0,0,0,0,0,0,0,0,0,0,0,0.93533206579746,0,0,0,0,0,0,0,0,0,0
4639,0,0,0,0,0,0,0,0,0,0,0,0,0,0,0,0,0,0,0,0,0,0,0,0,0,0,0,0,0,0,0,0,0,0,0,0,0,0,0,0,0,0,0,0,0,0,0,0,0,0,0,0,0,0
464,0,0,0,0,0,0,0,0,0,0,0,0,0,0,0,0,0,0,0,0,0,0,0,0,0,0,0,0,0,0,0,0,0,0,0,0,0,0,0,0,0,0,0,0,0,0,0,0,0,0,0,0,0,0
4640,0,0,0,0,0,0,0,0,0,0,0.999325778467116,0,0,0,0,0,0,0,0,0,0,0,0,0,0,0,0,0,0,0,0,0,0,0,0,0,0,0,0,0,0,0,0,0,0,0,0,0,0,0,0,0,0,0
4641,0,0,0,0,0,0,0,0,0,0,0,0,0,0,0,0,1.11610378782857,0,0,0.958710443694007,0,0,0,0,0,0,0,0,0,0,1.07703276613234,0,0,0,0,0,0,0,0,2.50771802379443,0,0,0,0,0,0,0,0,0,0,0,0,0,0
4642,0,0,0,0,0,0,0,0,0,0,0,0,0,0,0,0,0,0,2.04479136359084,0.958710443694007,0,0,0,0,1.08340074459836,0,0,0,0,0,0,0,0,0,0,0,0,0,0,0,0,0,0,0,0,0,0,0,0,0,0,0,0,0.908674980847939
4644,0,0,0,0,0,0,0,0,0,0,0,0,0,0,0,0,0,0,0,0,0,0,0,0,0,0,0,0,0,0,0,0,0,0,0,0,0,0,0,0,2.82928854768498,0,0,0,0,0,0,0,0,0,0,0,0,0
4646,0,0,0,0,0,0,0,0,0,0,0,0,0,0,0,0,0,0,0,0,0,0,0,0,0,0,0,0,0,0,0,0,0,0,0,0,0,0,0,0,0,0,0,0,0,0,0,0,0,0,0,0,0,0
4647,0,0,0,0,0,0,0,0,0,0,0,0,0,0,0,0,0,0,0,0,0,0,0,0,0,0,0,0,0,0,0,0,0,0,0,0,0,0,0,0,0,0,0,0,0,0,0,0,0,0,0,0,0,0
4649,0,0,0,0,0,0,0,0,0,0.902166122317409,0,0,0,0,0,0,0,0,0,0,0,0,0,0,0,0,0,0,0,0,0,0,0,0,0,0,0,1.57144713460744,0,0,0,0,0,0,0,0,0,0,0,0,0,0,0,0
465,0,0,0,0,0,0,0,0,0,0,0,0,0,0,0,0,0,0,0,0,0,0,0,0,1.08340074459836,0,0,0,0,0,0,0,0,0,0,0,0,0,0,0,0,0,0,0,0,0,0,0,0,0,0,0,0,0
4650,0,0,0,0,0,0,0,0,0,0,0,0,0,0,0,0,0,0,0,0,0,0,0,0,0,0,0,1.1513605585278,0,0,0,0,0,0,0,0,0,0,0,0,0,0,0,0,0,0,0,0,0,0,0,0,0,0
4651,0,0,0,0,0,0,0,0,0,0,0,0,0,0,0,0,0,0,0,0,0,0,0,0,0,0,0,0,0,0,0,0,0,0,0,0,0,0,0,0,0,0,0,0,0,0,0,0,0,0,0,0,0,0
4652,0,0,0,0,0,0,0,0,0,0,0,0,0.937273526698761,0,0,0,0,0,0,0,0,0,0,0,1.08340074459836,1.77316352118316,0,0,0,0,0,0,0,0,0,0,0,0,0,0,0,0,0,0,0,0,0,0,0,0,0,0,0,0
4653,0,0,0,0,0,0,0,0,0,0,0,0,0,0,0,0,0,0,0,0,0.844048885129189,0,0,0,0,0,0,0,0,0,0,0,0,0,0,0,0,0,0,0,0,0,0,0,0,0,0,0,0,0,0,0,0,0
4654,0,0,0,0,0,0,0,0,0,0,0,0,0,0,0,0,0,0,1.02239568179542,0,0,0,0,1.22802413238947,0,0,0,0,0,0,0,0,0,0,0,0,0,0,0,0,0,0,0,0,0,0,0,0,0,0,0,0,0,0
4655,0,0,1.04306885611018,0,0,0,0,0,0,0,0,0,0,0,0,0,0,0,0,0,0,0,0,0,0,0,0,0,0,0,0,4.30222810243932,0,0,0,0,0,0,0,0,0.943096182561662,0,1.22564079061044,0,1.56209250666957,0,0,0,0,0.651700149370734,0,0,0,0
4656,2.709927885229,0.876539980272536,2.08613771222035,0,2.11795411134119,0.899995498938728,0.907096792539785,2.04481890276149,0.910272793242405,4.51083061158705,27.9811217970793,3.31507600558942,2.81182058009628,2.42177119268632,5.49800427152278,6.48857177649852,3.34831136348571,4.75658428529004,2.04479136359084,0.958710443694007,2.53214665538757,0,1.08216648605602,1.22802413238947,13.0008089351803,0.886581760591582,13.9086700193736,1.1513605585278,0.942897354152491,2.10927243149693,1.07703276613234,152.012059619523,2.88323660939449,1.6386211753912,0,1.12182576823647,13.4051124324824,5.50006497112603,1.66562352253455,1.25385901189721,0,1.94504702778147,1.22564079061044,1.87066413159492,14.0588325600262,5.35069860783092,0.824063590163226,4.06593531102264,3.18787553032625,3.25850074685367,3.71721093020283,7.37533617893014,0,0
4657,26.1959695572136,0.876539980272536,1.04306885611018,0.978530736118733,3.17693116701179,5.39997299363237,7.25677434031828,6.13445670828447,0.910272793242405,6.31516285622187,10.9925835631383,24.5315624413617,49.6754969150344,7.26531357805895,92.3664717615827,22.7100012177448,58.0373969670857,34.2474068540883,26.582287726681,6.71097310585805,3.37619554051675,7.21495508599199,24.8898291792885,6.14012066194733,9.75060670138524,34.5766886630717,9.27244667958238,2.30272111705559,13.2005629581349,29.529814040957,10.7703276613234,78.8741818780542,8.64970982818347,13.9282799908252,4.94702117892456,4.48730307294589,9.74917267816901,9.42868280764462,8.32811761267273,36.3619113450192,21.6912121989182,15.5603762222518,17.1589710685462,20.5773054475441,23.4313876000436,7.49097805096329,25.54597129506,43.9121013590445,15.1424087690497,14.9891034355269,5.57581639530425,11.8005378862882,17.5486337385063,0.908674980847939
4658,30.7125160325953,2.62961994081761,5.21534428055088,8.8067766250686,7.41283938969417,4.49997749469364,5.44258075523871,13.2913228679497,5.46163675945443,16.2389902017134,12.9912351200725,17.238395229065,58.1109586553232,10.8979703670884,105.561682013237,25.9542871059941,50.2246704522857,22.8316045693922,24.5374963630901,10.5458148806341,2.53214665538757,6.18424721656456,55.1904907888571,3.6840723971684,8.66720595678687,21.277962254198,13.9086700193736,5.75680279263899,12.2576656039824,45.349357277184,22.6176880887791,11.4726082731715,2.88323660939449,17.2055223416076,8.90463812206421,7.85278037765532,10.9678192629401,12.5715770768595,4.16405880633637,33.8541933212248,22.6343083814799,20.4229937917055,22.061534230988,10.2886527237721,26.5555726133828,8.56111777252948,19.7775261639174,22.7692377417268,11.1575643561419,14.3374032861561,5.57581639530425,25.0761430083625,23.0325817817895,0.908674980847939
4659,0,0,0,0,0,0,0,1.02240945138075,0,1.80433224463482,0,12.5972888212398,18.7454705339752,0,23.0916179403957,2.16285725883284,51.3407742401143,0,7.15676977256795,2.87613133108202,0,0,10.8216648605602,0,0,3.54632704236633,0,0,0,1.05463621574846,0,1.43407603414644,2.88323660939449,6.5544847015648,0.989404235784912,2.24365153647295,2.43729316954225,0,3.33124704506909,1.25385901189721,0.943096182561662,0,0,1.87066413159492,0,0,2.47219077048968,0,0.796968882581562,1.9551004481122,0.929302732550708,7.37533617893014,1.09678960865664,0
466,12.6463301310687,20.1604195462683,4.1722754244407,6.84971515283113,2.11795411134119,6.2999684925711,3.62838717015914,6.13445670828447,4.55136396621202,62.2494624399012,168.886056560943,150.504450653759,537.05773079839,12.1088559634316,119.856493119197,21.6285725883284,18.9737643930857,388.137277679667,392.599941809442,293.365395770366,333.399309626029,48.4432698630891,559.480073290963,20.8764102506209,50.9198349961229,42.555924508396,57.4891694134108,267.115649578449,18.8579470830498,21.0927243149693,107.703276613234,31.5496727512217,37.4820759221284,182.706261056119,7.91523388627929,48.2385080341684,29.247518034507,30.643219124845,166.562352253455,6.26929505948607,207.481160163566,35.9833700139573,2.45128158122089,15.9006451185568,12.4967400533566,13.9118163803604,135.146428786769,84.5714544692709,25.50300424261,387.109888726216,91.0716677899694,10.3254706505022,77.8720622146216,19.0821745978067
4662,0,0,0,0,0,0,0,0,0,0,0,0,0,0,0,0,1.11610378782857,0,0,0,0,0,0,0,0,0,0,0,0,2.10927243149693,0,0,0,0,0,0,0,0,0,0,0,0,0,0,0,0,0,0,0,0,0,0,0,0
4663,4.51654647538166,1.75307996054507,1.04306885611018,0,0,0.899995498938728,0,0,0,1.80433224463482,0.999325778467116,2.65206080447153,0,0,3.29880256291367,0,3.34831136348571,0.951316857058008,8.17916545436338,0,0,1.03070786942743,0,0,0,0,0.927244667958238,0,0,2.10927243149693,0,0,0.961078869798163,0,0,0,0,0,0,0,0,0,1.22564079061044,1.87066413159492,1.56209250666957,2.14027944313237,0,0,0,1.9551004481122,0,0,1.09678960865664,0
4664,0,0,0,0,0,0,0,0,0,0.902166122317409,0,0,0.937273526698761,0,0,0,0,0,0,0,0.844048885129189,0,0,0,0,0,0,0,0,1.05463621574846,0,0,0,0,0,1.12182576823647,0,2.35717070191115,0,0,0,0,0,0,0,0,0,0,0,0,0.929302732550708,0,0,0
4665,0,0,0,0,0,0,0,0,0,0,0,0,0,0,0,0,0,0,0,0,0,0,0,0,0,0,0,0,0,0,0,0,0,0,0,0,0,0,0,0,0,0,0,0,0,0,0,0,0,0,0,0,0,0
4666,0,0,0,0,0,0,0,0,0,0,0,0,0,0,0,1.08142862941642,0,0,0,0,0,0,0,0,0,0,0,0,0,0,0,0,0,0,0,0,0,0,0,0,0,0,0,0,0,0,0,0,0,0,0,0,0,0
4667,0,0,0,0,0,0,0,0,0,0,0,0,0,0,0,0,0,0,0,0,0,0,0,0,0,0,0,0,0,0,0,0,0,0,0,0,0,0,0,0,0,0,0,0,0,0,0,0,0,0,0,0,0,0
4668,0,0,0,0,0,0,0,0,0,0,0,0,0,0,0,0,0,0,0,0,0,0,0,0,0,0,0,0,0,0,0,0,0,0,0,0,0,0,0,0,0,0,0,0,0,0,0,0,0,0,0,0,0,0
4669,0,0.876539980272536,1.04306885611018,0,0,0,0,0,0,0,0.999325778467116,0,0,1.21088559634316,0,0,0,0,1.02239568179542,0,0,0,0,1.22802413238947,0,1.77316352118316,0,0,0,0,0,0,1.92215773959633,0,0,0,0,0,0,0,0,0,0,0,0,0,0,0,0,0,0,0,0,0
467,0.903309295076332,0,0,0,0,0,0,0,0,0.902166122317409,0,0,0,0,0,0,0,0,1.02239568179542,0,0,0,0,0,0,0,0,0,0,0,1.07703276613234,2.86815206829288,0,0,0,0,0,0,0,0,0,0,3.67692237183133,0,0,0,0,0,0,0,0,0,0,0.908674980847939
4670,0,0,0,0,0,0,0,0,0,0,0.999325778467116,0,0,0,0,0,0,0,0,0,0,0,0,0,0,0.886581760591582,0,0,0,0,0,0,0,0,0,0,0,0,0,0,0,0,0,0,0,0,0,0,0,0,0,0,0,0
4673,0,0,0,0,0,0,0,0,0,0,0,0,0,0,0,0,0,0,0,0,0,0,0,0,0,0,0,0,0,0,0,0,0,0,0,0,0,0,0,0,0,0,0,0,0,0,0,0,0,0,0,0,0,0
4674,0,0,0,0,0,0,0,0,0,0,0,0,0,0,0,0,0,0,0,0,0,0,0,0,0,0,1.85448933591648,0,0,0,0,0,0,0,0,0,0,0,0,0,0,0,0,0,0,0,0,0,0,0,0,0,0,0
4676,0,0,0,0,1.0589770556706,0,0,0,0,0,0,0,0,0,0,0,0,0,0,0,0,0,0,0,0,0,0,0,0,0,0,0,0,0,0,0,0,0,0,0,0,0,0,0,0,0,0,0,0,0,0,0,0,0
4678,0,1.75307996054507,0,0,0,0,0,0,0,0,0,0,0,0,0,0,0,0,0,0,0,0,0,0,0,0,0,0,0,0,0,0,0,0,0,0,0,0,0,0,0,0,0,0,0,0,0,0,0,0,0,1.47506723578603,0,0
4679,0,0,0,0,0,0,0,0,0,0,0,0,0,0,0,0,0,0,0,0,0,0,0,0,1.08340074459836,0,0,0,0,0,0,0,0,0,0,0,0,0,0,0,0,0,0,0,0,0,0,0,0,0,0,0,0,0
468,9.93640224583965,12.2715597238155,11.4737574172119,13.6994303056623,2.11795411134119,17.9999099787746,5.44258075523871,5.11204725690373,14.5643646918785,33.3801465257441,72.9507818280995,22.542516838008,50.6127704417331,33.9047966976084,34.0876264834412,10.8142862941642,30.1348022713714,8.56185171352207,63.3885322713162,9.58710443694007,18.5690754728421,3.09212360828228,22.7254962071765,22.1044343830104,40.0858275501393,6.20607232414108,47.2894780658701,37.9948984314173,7.54317883321993,51.6771745716748,57.082736605014,40.1541289561003,11.532946437578,35.2303552709108,3.95761694313965,41.5075534247495,67.025562162412,21.2145363172004,10.8265528964746,127.893619213516,40.5531358501514,70.9942165140238,71.0871658554057,51.4432636188603,123.405308026896,64.2083832939711,14.0090810327748,78.0659579716346,80.4938571407377,51.484311800288,18.5860546510142,63.4278911387992,91.0335375185013,29.077599387134
4680,0.903309295076332,1.75307996054507,0,0.978530736118733,0,3.59998199575491,0,2.04481890276149,0,1.80433224463482,0,0,1.87454705339752,0,0,1.08142862941642,0,0.951316857058008,1.02239568179542,1.91742088738801,0.844048885129189,0,1.08216648605602,0,0,0,0.927244667958238,2.30272111705559,0.942897354152491,0,0,1.43407603414644,0,0.819310587695601,0,0,0,0,0,0,0.943096182561662,0,1.22564079061044,0,0,0,0,1.62637412440906,0,1.30340029874147,0.929302732550708,0,0,0
4681,0,0,5.21534428055088,1.95706147223747,0,0,0,0,0,0.902166122317409,0.999325778467116,0,0,0,1.09960085430456,1.08142862941642,0,0.951316857058008,1.02239568179542,0,0.844048885129189,0,2.16433297211204,3.6840723971684,0,0.886581760591582,0,0,0,0,0,0,0,0,0,0,0,0,0,0,0.943096182561662,0.972523513890737,0,0,0,0,0,0.813187062204528,0,0,0,0,0,0
4682,0,0,0,0,0,0,0,0,0,0,0,0,0,0,0,0,0,0,0,0,0,0,0,0,0,0,0,0,0,0,0,0,0,0,0,0,0,0,0.832811761267273,0,0,0,0,0,0,0,0,0,0,0,0,0,0,0
4683,0,0,0,0,0,0,0,0,0,0,0,0,0,0,0,0,0,0,0,0,0,0,0,0,0,0,0,0,0,0,0,0,0,0,0,0,0,0,0,0,0,0,0,0,0,0,0,0,0,0,0,0,0,0
4684,2.709927885229,1.75307996054507,5.21534428055088,1.95706147223747,0,6.2999684925711,2.72129037761935,3.06722835414224,4.55136396621202,0.902166122317409,0,3.31507600558942,0.937273526698761,2.42177119268632,3.29880256291367,2.16285725883284,0,0,5.11197840897711,2.87613133108202,0,7.21495508599199,3.24649945816807,3.6840723971684,0,0.886581760591582,0,1.1513605585278,0.942897354152491,1.05463621574846,0,0,0,1.6386211753912,1.97880847156982,1.12182576823647,0,1.57144713460744,0,0,0,0,1.22564079061044,0.93533206579746,0,0,0.824063590163226,0,0.796968882581562,1.30340029874147,2.78790819765212,0,0,0.908674980847939
4685,0,0,0,0,0,0,0,0,0,0,0,0,0,0,0,0,0,0,0,0,0,0,0,0,0,0,0,0,0,0,0,0,0,0,0,0,0,0,0,0,0,0,0,0,0,0,0,0,0,0,0,0,0,0
4687,0,0,0,0,0,0,0,0,0,0,0,0,0,0,0,0,0,0,0,0,0,0,0,0,0,0,0,0,0,0,0,0,0,0,0,0,0,0,0,0,0,0,0,0,0,0,0,0,0,0,0,0,0,0
4688,0,0,0,0,0,0,0,0,0,0,0,0,0,0,0,0,0,0,0,0,0,0,0,0,0,0,0,0,0,0,0,0,0,0,0,0,0,0,0,0,0,0,0,0,0,0,0,0,0,0,0,0,0,0
4694,0,0,0,0,0,0,0,0,0,0,0,0,0,0,0,0,0,0,0,0,0,0,0,0,0,0,0,0,0,0,0,0,0,0,0,0,0,0,0,0,0,0,0,0,0,0,0,0,0,0,0,0,0,0
4695,3.61323718030533,0,1.04306885611018,0,0,0,0,0,0,0.902166122317409,0.999325778467116,0,0,0,0,0,0,0,1.02239568179542,0,0.844048885129189,0,0,1.22802413238947,1.08340074459836,0,0,0,0,0,0,0,0,0,0,0,0,0,0,0,0,0,0,0,0,0,0,0,0,0,0,1.47506723578603,0,0.908674980847939
4696,0,0,2.08613771222035,0,0,0,0,0,0,0,0,0,0,0,0,0,0,0,0,0,0,0,0,0,0,0,0,0,0,0,0,0,0,0,0,0,0,0,0,0,0,0,1.22564079061044,0,0,0,0,0,0,0,0,0,0,0
4697,0,0,0,0,0,0,0,0,0,0,0,0,0,0,0,0,0,0,0,0,0,1.03070786942743,0,0,0,0,0,0,0,0,0,0,0,0,0,0,0,0.785723567303718,0,0,0,0,0,0,0,0,0,0,0,0,0,0,0,0
4699,0.903309295076332,0,0,0,0,0,0,0,0,1.80433224463482,0,1.32603040223577,0,0,0,1.08142862941642,1.11610378782857,0,0,0,0,1.03070786942743,0,0,0,0,0.927244667958238,0,0.942897354152491,0,0,0,0,0,0,0,0,0,0,1.25385901189721,0,0,2.45128158122089,0,0,2.14027944313237,0,0,0.796968882581562,0,0,0,1.09678960865664,0.908674980847939
470,0,0,1.04306885611018,0,0,2.69998649681618,0,0,0,0,0,1.98904560335365,0,2.42177119268632,2.19920170860911,3.24428588824926,1.11610378782857,0.951316857058008,4.08958272718169,0,0.844048885129189,0,1.08216648605602,2.45604826477893,0,0.886581760591582,0,0,0,0,0,0,0,0,0,0,1.21864658477113,0.785723567303718,0.832811761267273,0,1.88619236512332,0,0,1.87066413159492,0,2.14027944313237,0.824063590163226,0,0,0.651700149370734,0,0,0,0
4700,0,0,0,0,0,0,0,0,0,0,0,0,0,0,0,0,0,0,1.02239568179542,0,0,0,0,0,0,0,0,0,0,0,0,0,0,0,0,0,0,0,0,0,0,0,0,0,0,0,0,0,0,0,0,0,0,0
4707,0,0,0,0,0,0,0,0,0,0,0,0,0,0,0,0,0,0,0,0,0,0,0,0,0,0,0,0,0,0,0,0,0,0,0,0,0,0,0,0,0,0,0,0,0,0,0,0,0,0,0,0,0,0
471,0,0,0,0,0,0,0,0,0,0,0,0,0,0,0,0,0,0,0,0,0,0,0,0,0,0,0,0,0,0,0,0,0,0,0,0,0,0,0,0,0,0,0,0,0,0,0,0,0,0,0,0,0,0
4710,0.903309295076332,0,1.04306885611018,0,0,0,0,0,0,0,0,0,0,0,1.09960085430456,0,0,0,0,0,0,0,0,0,0,0,0,0,0,0,0,0,0,0,0,0,0,0,0,0,0,0.972523513890737,0,0,0,0,0,0,0,0,0,0,0,0
4711,0,0,0,0.978530736118733,0,0,0,0,0.910272793242405,3.60866448926964,11.9919093416054,1.98904560335365,5.62364116019257,0,2.19920170860911,2.16285725883284,5.58051893914285,5.70790114234805,15.3359352269313,0,1.68809777025838,0,5.41083243028011,0,26.0016178703606,1.77316352118316,40.7987653901625,10.3622450267502,1.88579470830498,3.16390864724539,8.61626212905871,0,15.3772619167706,25.3986282185636,0,39.2639018882766,2.43729316954225,1.57144713460744,3.33124704506909,1.25385901189721,9.43096182561662,12.6428056805796,1.22564079061044,2.80599619739238,4.68627752000872,9.63125749409566,3.29625436065291,0,9.56362659097874,13.6857031367854,7.43442186040566,2.95013447157206,10.9678960865664,5.45204988508763
4713,1.80661859015266,0.876539980272536,3.12920656833053,0,5.29488527835298,4.49997749469364,0,3.06722835414224,0,0.902166122317409,0,0,1.87454705339752,0,0,0,0,0.951316857058008,0,1.91742088738801,0,2.06141573885485,0,0,7.58380521218852,1.77316352118316,0.927244667958238,0,0.942897354152491,2.10927243149693,2.15406553226468,0,0.961078869798163,0.819310587695601,3.95761694313965,1.12182576823647,1.21864658477113,0,0,1.25385901189721,0,0,0,1.87066413159492,0,1.07013972156618,0.824063590163226,0,3.18787553032625,0.651700149370734,0.929302732550708,0,0,0
4714,0.903309295076332,1.75307996054507,0,0,0,0,0,0,0,0,0.999325778467116,0,0,0,0,0,0,0,0,0,1.68809777025838,3.09212360828228,0,0,0,0,0,0,0,0,0,0,0,0,0,0,0,0,0.832811761267273,0,0,0,0,0,0,0,0.824063590163226,0,0,0,0,0,0,0
4715,14.4529487212213,3.50615992109015,6.25841313666105,0.978530736118733,0,5.39997299363237,4.53548396269892,4.08963780552298,6.37190955269683,2.70649836695223,1.99865155693423,1.98904560335365,0,9.68708477074527,5.49800427152278,0,2.23220757565714,0.951316857058008,6.13437409077253,1.91742088738801,2.53214665538757,4.12283147770971,4.32866594422409,4.91209652955787,1.08340074459836,3.54632704236633,0,4.60544223411119,2.82869206245747,6.32781729449079,0,0,0.961078869798163,4.9158635261736,0,0,0,5.50006497112603,6.66249409013819,3.76157703569164,2.82928854768498,3.89009405556295,2.45128158122089,2.80599619739238,1.56209250666957,5.35069860783092,4.94438154097936,2.43956118661358,1.59393776516312,6.51700149370734,6.50511912785496,2.95013447157206,0,3.63469992339175
4719,5.41985577045799,0.876539980272536,0,6.84971515283113,3.17693116701179,5.39997299363237,0.907096792539785,0,2.73081837972721,5.41299673390446,5.9959546708027,1.32603040223577,0,23.00682633052,1.09960085430456,2.16285725883284,2.23220757565714,0,2.04479136359084,0.958710443694007,0,0,0,1.22802413238947,20.5846141473688,3.54632704236633,0.927244667958238,3.45408167558339,0.942897354152491,1.05463621574846,3.23109829839702,5.73630413658576,0.961078869798163,0,0,0,1.21864658477113,6.28578853842975,0.832811761267273,1.25385901189721,2.82928854768498,1.94504702778147,1.22564079061044,2.80599619739238,18.7451100800349,0,2.47219077048968,13.0109929952724,0.796968882581562,1.30340029874147,0.929302732550708,2.95013447157206,1.09678960865664,2.72602494254382
472,0,0,0,0,0,0,0,0,0,0,0,0,0,0,0,0,0,0,0,0,0,0,0,1.22802413238947,0,0,0.927244667958238,0,0,0,0,0,0,0.819310587695601,0,0,0,0,0,1.25385901189721,0,0,0,0,0,0,0,0,0,0,0,0,0,0
4720,0,0,0,0.978530736118733,1.0589770556706,0,2.72129037761935,0,0,0,0,0,1.87454705339752,0,1.09960085430456,2.16285725883284,1.11610378782857,0,0,0,1.68809777025838,0,1.08216648605602,0,0,0,1.85448933591648,0,1.88579470830498,1.05463621574846,0,1.43407603414644,1.92215773959633,1.6386211753912,0.989404235784912,1.12182576823647,0,0.785723567303718,0,1.25385901189721,1.88619236512332,1.94504702778147,0,8.41798859217714,1.56209250666957,0,0.824063590163226,2.43956118661358,0.796968882581562,0.651700149370734,0,0,0,0.908674980847939
4721,0,0,0,0,0,0,0,0,0,0,0,0,0,0,0,0,0,0,0,0,0,0,0,0,0,0,0,0,0,0,0,0,0,0.819310587695601,0,0,0,0,0,0,0.943096182561662,0.972523513890737,0,0,0,0,0,0,0,0,0,0,0,0
4728,0,0,0,0,0,0,0,0,0,0,0,0,0,0,0,0,0,0,0,0,0,0,0,0,0,0,0,0,0,0,0,0,0,0,0,0,0,0,0,0,0,0,0,0,0,0,0,0,0,0,0,0,0,0
4731,0,0,0,0,0,0,0,0,0,0,0.999325778467116,0,0,0,0,0,0,0,0,0,0,0,0,0,0,0,0,0,0,0,0,0,0,0,0,0,0,0,0,0,0,0,0,0,0,0,0,0,0,0,0,0,0,0.908674980847939
4734,0,0,0,0,0,0,0,0,0,0,0,0,0,0,0,0,0,0,0,0,0,0,0,0,0,0,0,0,0,0,0,0,0,0,0,0,0,0,0,0,0,0,0,0,0,0,0,0,0,0,0,0,0,0
4735,0,0,0,0,0,0,0,0,0,0,0,0,0,0,0,0,0,0,0,0,0,0,0,0,0,0,0,0,0,0,0,0,0,0,0,0,0,0,0,0,0,0,0,0,0,0,0,0,0,0,0,0,0,0
4736,46.0687740488929,2.62961994081761,247.207318898112,7.82824588894986,30.7103346144473,135.899320339748,61.6825818927054,41.9187875066106,276.722929145691,32.4779804034267,3962.32671162212,28.509653648069,6545.91831046415,154.993356331924,1405.28989180122,552.61002963179,426.351646950514,2137.60897780934,691.139480893705,648.088259937148,284.444474288537,88.6408767707587,2.16433297211204,3637.4074801376,891.63881280445,171.996861554767,2168.82527835432,374.192181521534,286.640795662357,695.005266178238,1287.05415552814,519.135524361011,273.907477892476,1517.36320841225,27.7033186019775,316.354866642686,1107.74974555695,570.4353098625,502.185492044166,307.195457914817,1160.95140073341,353.026035542338,681.456279579406,552.781250886299,2057.27583128383,470.861477489121,177.173671885094,975.011287583229,310.020895324228,862.850997766852,1664.38119399832,296.488514392992,94.3239063444712,1084.04925215159
4739,0,0,0,0,0,0,0,0,0,0,0,0,0,0,0,0,0,0,0,0,0,0,0,0,0,0,0,0,0,2.10927243149693,0,0,0.961078869798163,0,0,1.12182576823647,0,0,0,0,0,0,0,0,0,0,0,0,0,0,0,0,0,0
4741,0,0,0,0,0,0,0,0,0,0,0,0,0,0,0,0,0,0,0,0,0,0,0,0,1.08340074459836,0,0,0,0,0,0,0,0,0,0,0,0,0,0,0,0.943096182561662,0,0,0,0,0,0,0,0,0,0,0,0,0
4742,0,0,0,0,0,0,0,0,0,0,0,0,0,0,0,0,0,0,0,0,0,0,0,0,0,0,0,0,0,0,0,0,0,0,0,0,0,0,0,0,0,0,0,0,0,0,0.824063590163226,0.813187062204528,0,0,0,0,0,0
4744,9.03309295076332,2.62961994081761,1.04306885611018,0.978530736118733,0,0,1.81419358507957,3.06722835414224,4.55136396621202,1.80433224463482,12.9912351200725,0.663015201117883,5.62364116019257,8.47619917440211,7.69720598013189,2.16285725883284,4.46441515131428,5.70790114234805,2.04479136359084,0,0,1.03070786942743,2.16433297211204,0,1.08340074459836,2.65974528177475,4.63622333979119,3.45408167558339,1.88579470830498,3.16390864724539,5.38516383066169,1.43407603414644,1.92215773959633,0.819310587695601,1.97880847156982,0,6.09323292385563,3.14289426921487,3.33124704506909,22.5694622141498,2.82928854768498,2.91757054167221,4.90256316244177,4.6766603289873,10.934647546687,1.07013972156618,3.29625436065291,8.9450576842498,1.59393776516312,4.56190104559514,1.85860546510142,7.37533617893014,5.48394804328321,3.63469992339175
4745,27.09927885229,21.9134995068134,11.4737574172119,21.5276761946121,11.6487476123766,10.7999459872647,14.5135486806366,6.13445670828447,22.7568198310601,25.2606514248875,78.9467364989022,43.7590032737803,221.196552300908,43.5918814683537,472.828367350959,58.3971459884867,107.145963631543,43.7605754246684,58.2765538623391,37.3897073040663,28.6976620943924,26.7984046051131,68.1764886215294,74.9094720757575,14.0842096797787,47.8754150719455,215.120762966311,78.2925179798902,16.9721523747448,122.337801026822,104.472178314837,38.7200529219539,15.3772619167706,46.7007034986492,16.8198720083435,89.7460614589179,63.3696224080986,77.7866331630681,69.9561879464509,314.718611986201,103.740580081783,253.828637125482,100.502544830056,32.7366223029111,95.287642906844,49.2264271920445,50.2678789999568,190.285772555859,72.5241683149221,78.8557180738588,42.7479256973326,356.966271060219,82.2592206492481,44.525074061549
475,0,0,0,0.978530736118733,0,0,0,0,0,0,0,1.32603040223577,0,0,1.09960085430456,0,0,0.951316857058008,2.04479136359084,1.91742088738801,0,0,0,0,0,0,0,0,0,1.05463621574846,1.07703276613234,0,0,0,0,0,0,0,0,1.25385901189721,0,0,0,0,0,0,0,0,0,0,0,0,0,0
4752,2.709927885229,0,1.04306885611018,0,0,0,1.81419358507957,1.02240945138075,1.82054558648481,0,1.99865155693423,0.663015201117883,0.937273526698761,0,4.39840341721822,0,0,2.85395057117402,0,0.958710443694007,1.68809777025838,0,1.08216648605602,1.22802413238947,0,1.77316352118316,0,1.1513605585278,1.88579470830498,3.16390864724539,3.23109829839702,1.43407603414644,1.92215773959633,1.6386211753912,0.989404235784912,2.24365153647295,0,2.35717070191115,0,0,0.943096182561662,0.972523513890737,0,0.93533206579746,0,0,0,1.62637412440906,0,1.9551004481122,1.85860546510142,0,0,0.908674980847939
4754,0,0,0,0,0,0,0,0,0,0,0,0,0,0,0,0,0,0,0,0,0,0,0,0,0,0,0,0,0,0,0,0,0,0,0,0,0,0,0,0,0,0,0,0,0,0,0,0,0,0,0,0,0,0
4755,0,0.876539980272536,0,0,0,0,0,1.02240945138075,0,0,0.999325778467116,0,0,0,1.09960085430456,1.08142862941642,2.23220757565714,0,0,0,0,0,0,1.22802413238947,2.16680148919672,0,0,0,0.942897354152491,5.27318107874232,0,0,0,0.819310587695601,0,3.36547730470942,1.21864658477113,0,0,2.50771802379443,0,1.94504702778147,0,0.93533206579746,0,2.14027944313237,0,0.813187062204528,0,0,0,0,0,0
4757,8.12978365568699,4.38269990136268,1.04306885611018,3.91412294447493,1.0589770556706,2.69998649681618,2.72129037761935,3.06722835414224,5.46163675945443,0.902166122317409,2.99797733540135,5.96713681006095,5.62364116019257,12.1088559634316,6.59760512582734,7.57000040591494,3.34831136348571,0.951316857058008,4.08958272718169,4.79355221847003,6.75239108103351,0,6.49299891633613,6.14012066194733,1.08340074459836,8.86581760591582,0,8.05952390969458,3.77158941660996,6.32781729449079,2.15406553226468,2.86815206829288,3.84431547919265,0.819310587695601,0.989404235784912,3.36547730470942,1.21864658477113,0.785723567303718,1.66562352253455,3.76157703569164,2.82928854768498,1.94504702778147,2.45128158122089,0.93533206579746,0,0,1.64812718032645,8.9450576842498,7.17271994323406,2.60680059748294,1.85860546510142,5.90026894314411,2.19357921731328,4.54337490423969
4758,0,0,0,0,0,0,0,0,0,0,0,0,0,0,0,0,0,0,0,0,0,0,0,0,0,0,0,0,0,0,0,0,0,0,0,0,0,0,0,2.50771802379443,0.943096182561662,0,0,0,0,0,0,0,0,0,0,0,0,0
4760,0,0,0,0,0,0,0,0,0,0,0,0,0,0,0,0,0,0,0,0,0,0,0,0,0,0,0,0,0,0,0,0,0,0,0,0,0,0,0,0,0,0,0,0,0,0,0,0,0,0,0,0,0,0
4761,0,0,0,0,0,0,0,0,0,0.902166122317409,0,0,0,0,0,0,0,0,0,0,0,0,0,0,0,0,0,0,0,0,0,0,0,0,0,0,0,0,0,0,0,0,0,0,0,0,0,0,0,0,0,0,0,0
4762,0,0,0,0,0,0,0,0,0,0,0,0,0,0,0,0,0,0,0,0,0,0,0,0,0,0,0,0,0,0,0,0,0,0,0,0,0,0,0,0,0,0,0,0,0,0,0,0,0,0,0,0,0,0
4763,0,0,0,0,0,0,0,0,0,0,0,0,0.937273526698761,0,0,0,0,0,0,0,0,0,0,0,0,0,0,0,0,0,0,0,0,0,0,0,0,0,0,0,0,0,0,0,0,0,0,0,0,0,0,0,0,0
4765,168.918838179274,116.579817376247,133.512813582102,84.153643306211,46.5949904495062,137.699311337625,78.9174209509613,57.2549292773218,103.771098429634,122.694592635168,189.871897908752,116.02766019563,121.845558470839,84.7619917440211,172.637334125815,99.4914339063106,101.5654446924,102.742220562265,126.777064542632,92.0362025946246,108.882306181665,112.34715776759,152.585474533899,125.258461503726,54.170037229918,88.6581760591582,64.9071267570767,119.741498086891,89.5752486444866,129.720254537061,90.4707523551164,55.9289653317111,73.0419941046604,96.6786493480809,31.6609355451172,72.9186749353708,59.7136826537852,86.429592403409,81.6155526041928,119.116606130235,111.285349542276,100.169921930746,60.0563987399117,57.0552560136451,137.464140586923,71.6993613449344,83.2304226064859,131.736304077133,82.8847637884824,127.733229276664,63.1925858134481,85.5538996755896,71.2913245626817,105.406297778361
4766,18.969495196603,6.13577986190775,18.7752394099832,7.82824588894986,0,7.19996399150982,2.72129037761935,3.06722835414224,5.46163675945443,5.41299673390446,0.999325778467116,9.94522801676825,4.68636763349381,2.42177119268632,2.19920170860911,2.16285725883284,5.58051893914285,14.2697528558701,3.06718704538627,18.2154984301861,21.1012221282297,3.09212360828228,7.57516540239216,18.420361985842,1.08340074459836,5.31949056354949,3.70897867183295,11.513605585278,1.88579470830498,5.27318107874232,4.30813106452935,0,4.80539434899081,2.4579317630868,2.96821270735474,1.12182576823647,3.65593975431338,7.07151210573346,2.49843528380182,7.52315407138328,3.77238473024665,1.94504702778147,4.90256316244177,0.93533206579746,1.56209250666957,3.21041916469855,0.824063590163226,4.87912237322717,0,5.21360119496587,1.85860546510142,0,1.09678960865664,6.36072486593557
4767,16.259567311374,19.2838795659958,45.8950296688477,20.5491454584934,15.8846558350589,26.9998649681618,18.1419358507957,11.2465039651882,21.8465470378177,13.5324918347611,39.9730311386846,29.1726688491869,16.8709234805777,4.84354238537263,46.1832358807914,17.3028580706627,8.92883030262857,15.2210697129281,22.4927049994993,15.3393670991041,27.8536132092632,23.7062809968308,18.3968302629524,27.0165309125683,6.50040446759016,8.86581760591582,12.0541806834571,9.21088446822238,32.0585100411847,16.8741794519754,16.1554914919851,1.43407603414644,18.2604985261651,29.4951811570416,6.92582965049438,15.7055607553106,6.09323292385563,11.7858535095558,12.4921764190091,32.6003343093276,25.4635969291649,16.5328997361425,13.4820486967149,4.6766603289873,14.0588325600262,12.8416766587942,18.129398983591,21.1428636173177,12.751502121305,17.5959040330098,7.43442186040566,13.2756051220743,2.19357921731328,20.8995245595026
4768,0.903309295076332,0,3.12920656833053,0.978530736118733,0,0.899995498938728,1.81419358507957,0,0.910272793242405,0,0,0,0,1.21088559634316,0,0,0,0,1.02239568179542,0,0.844048885129189,3.09212360828228,3.24649945816807,1.22802413238947,0,1.77316352118316,0,0,0,4.21854486299386,3.23109829839702,0,0,0.819310587695601,0,0,0,2.35717070191115,0,0,0,0,1.22564079061044,0,0,1.07013972156618,0.824063590163226,0,0.796968882581562,2.60680059748294,0.929302732550708,0,0,0
4769,2.709927885229,0,2.08613771222035,0,0,3.59998199575491,0.907096792539785,2.04481890276149,0.910272793242405,4.51083061158705,0,3.9780912067073,0.937273526698761,1.21088559634316,1.09960085430456,3.24428588824926,4.46441515131428,6.65921799940605,7.15676977256795,1.91742088738801,4.22024442564594,2.06141573885485,4.32866594422409,4.91209652955787,0,2.65974528177475,0,6.90816335116678,3.77158941660996,0,1.07703276613234,0,0,0.819310587695601,2.96821270735474,0,0,0.785723567303718,0,0,0,0,1.22564079061044,0,3.12418501333915,0,3.29625436065291,2.43956118661358,0,3.9102008962244,0.929302732550708,0,0,1.81734996169588
4770,10.839711540916,4.38269990136268,1.04306885611018,1.95706147223747,6.35386233402358,3.59998199575491,8.16387113285806,4.08963780552298,5.46163675945443,2.70649836695223,6.99528044926981,5.30412160894306,3.74909410679505,3.63265678902947,2.19920170860911,1.08142862941642,1.11610378782857,14.2697528558701,9.2015611361588,0.958710443694007,2.53214665538757,1.03070786942743,5.41083243028011,2.45604826477893,7.58380521218852,3.54632704236633,2.78173400387471,10.3622450267502,8.48607618737242,4.21854486299386,7.53922936292637,5.73630413658576,17.2994196563669,7.3737952892604,6.92582965049438,5.60912884118237,2.43729316954225,1.57144713460744,1.66562352253455,1.25385901189721,3.77238473024665,5.83514108334442,4.90256316244177,5.61199239478476,1.56209250666957,5.35069860783092,5.76844513114258,1.62637412440906,3.18787553032625,5.21360119496587,8.36372459295637,1.47506723578603,7.67752726059649,10.9040997701753
4771,8.12978365568699,4.38269990136268,5.21534428055088,5.8711844167124,2.11795411134119,2.69998649681618,5.44258075523871,6.13445670828447,1.82054558648481,9.02166122317409,0.999325778467116,5.30412160894306,0,2.42177119268632,0,2.16285725883284,1.11610378782857,22.8316045693922,0,15.3393670991041,4.22024442564594,13.3992023025565,9.7394983745042,7.3681447943368,1.08340074459836,1.77316352118316,0,0,0.942897354152491,1.05463621574846,1.07703276613234,0,1.92215773959633,13.1089694031296,0.989404235784912,0,0,11.0001299422521,1.66562352253455,0,1.88619236512332,0.972523513890737,0,3.74132826318984,3.12418501333915,2.14027944313237,5.76844513114258,1.62637412440906,0,3.25850074685367,0.929302732550708,4.42520170735808,1.09678960865664,4.54337490423969
4772,0,0,0,0,0,0,0,0,0,0,0,0,0,0,0,0,0,0,0,0,0,0,0,0,0,0,0,0,0,0,0,0,0,0,0,0,0,0,0,0,0,0,0,0,0,0,0,0,0,0,0,0,0,0
4776,3.61323718030533,0.876539980272536,2.08613771222035,0,0,0,0,3.06722835414224,0.910272793242405,0,0,1.98904560335365,0,0,3.29880256291367,3.24428588824926,1.11610378782857,0.951316857058008,4.08958272718169,0,4.22024442564594,0,1.08216648605602,1.22802413238947,0,0,0,0,2.82869206245747,3.16390864724539,0,1.43407603414644,1.92215773959633,0,0,1.12182576823647,0,0.785723567303718,0.832811761267273,0,2.82928854768498,2.91757054167221,0,0,0,1.07013972156618,0,0.813187062204528,0.796968882581562,0,1.85860546510142,0,3.29036882596993,1.81734996169588
4777,0,0,0,0,0,0,0,0,0,0,0,0,0,0,0,0,0,0,0,0,0,0,0,0,0,0,0.927244667958238,0,0,0,0,0,0,0,0,0,0,0,0,0,0,0.972523513890737,0,0,0,0,0,0,0,0,0,0,0,0
4778,0,0,0,0,0,0,0,1.02240945138075,0,0,0.999325778467116,0,0,0,0,0,0,0,0,0,0,0,1.08216648605602,0,0,0,0,0,0,1.05463621574846,0,0,0,0,0,0,0,0,0.832811761267273,0,0,0,0,0,0,0,0,0,0,0,0.929302732550708,1.47506723578603,0,0
4779,0,0,0,0,0,0.899995498938728,0,0,1.82054558648481,0,5.9959546708027,1.98904560335365,1.87454705339752,2.42177119268632,8.79680683443645,1.08142862941642,0,0.951316857058008,1.02239568179542,0.958710443694007,0,1.03070786942743,1.08216648605602,1.22802413238947,3.25020223379508,3.54632704236633,0,3.45408167558339,0,0,0,0,2.88323660939449,4.9158635261736,0,0,3.65593975431338,1.57144713460744,4.16405880633637,1.25385901189721,0,5.83514108334442,1.22564079061044,0.93533206579746,3.12418501333915,0,2.47219077048968,2.43956118661358,3.18787553032625,7.16870164307807,1.85860546510142,5.90026894314411,1.09678960865664,2.72602494254382
478,0,0,0,0,0,0,0,0,0,0,0,0,0,0,0,0,0,0,0,0,0,0,0,0,0,0,0,0,0,0,0,0,0,0,0,0,0,0,0,0,0,0,0,0,0,0,0,0,0,0,0,0,0,0
4780,0,0,0,0,0,0,0,0,0,0,0,0,0,0,0,0,0,0,0,0,0,0,0,0,0,0,1.85448933591648,0,0,0,0,0,0,0,0,0,0,0,0,0,0,0,0,0,0,1.07013972156618,0,0,0,0,0,0,0,0
4783,0,0,0,0,0,0,0,0,0,0,0,0,0.937273526698761,0,0,0,0,0,0,0,1.68809777025838,0,0,0,0,1.77316352118316,0,1.1513605585278,0,0,1.07703276613234,1.43407603414644,0,4.096552938478,0,0,0,0,0,2.50771802379443,0.943096182561662,0,4.90256316244177,0,0,0,0,0,0,0,0,0,0,0
4784,25.2926602621373,11.395019743543,11.4737574172119,35.2271065002744,49.771921616518,10.7999459872647,27.2129037761935,12.268913416569,18.2054558648481,20.7498208133004,38.9737053602175,64.9754897095525,207.137449400426,35.1156822939516,41.7848324635731,48.6642883237389,49.1085666644571,31.3934562829143,17.3807265905222,18.2154984301861,45.5786397969762,23.7062809968308,6.49299891633613,50.3489894279681,126.757887118008,49.6485785931286,267.046464371973,31.0867350802505,53.745149186692,37.9669037669447,49.5435072420876,288.249282863434,117.251622115376,82.7503693572557,65.3006795618042,19.07103806002,177.922401376584,98.2154459129648,29.9812234056218,46.3927834401969,39.6100396675898,54.4613167778813,49.0256316244177,62.6672484084298,93.7255504001745,108.084111878185,37.0828615573452,74.000022660612,23.9090664774469,82.1142188207125,39.9600174996804,210.934614717402,189.744602297599,19.9908495786547
4785,0,0,0,0,0,0,0,0,0,0,0.999325778467116,0,0,0,0,0,0,0,0,0,0,0,0,0,0,0,0,0,0,0,0,0,0,0,0,0,0,0,0,1.25385901189721,0,0,0,0,0,0,0,0,0,0,0,0,0,0
4787,0,0,0,0,0,0,0,0,0,0,0.999325778467116,0,0,0,0,0,0,0,0,0,0,0,0,0,0,0,0,0,0,0,0,0,0,0,0,0,0,0,0,0,0,0,0,0,0,0,0,0,0,0,0,0,0,0
4790,16.259567311374,7.01231984218029,5.21534428055088,10.7638380973061,7.41283938969417,12.5999369851422,6.34967754777849,2.04481890276149,6.37190955269683,9.9238273454915,4.99662889233558,3.31507600558942,1.87454705339752,7.26531357805895,2.19920170860911,6.48857177649852,0,4.75658428529004,3.06718704538627,4.79355221847003,8.44048885129189,8.24566295541942,14.0681643187283,3.6840723971684,5.4170037229918,2.65974528177475,2.78173400387471,3.45408167558339,2.82869206245747,5.27318107874232,2.15406553226468,0,7.6886309583853,5.7351741138692,6.92582965049438,2.24365153647295,6.09323292385563,5.50006497112603,4.16405880633637,7.52315407138328,5.65857709536997,1.94504702778147,7.35384474366266,4.6766603289873,7.81046253334787,3.21041916469855,7.41657231146904,7.31868355984075,3.18787553032625,9.77550224056101,6.50511912785496,2.95013447157206,5.48394804328321,3.63469992339175
4791,0,0.876539980272536,0,0,0,0,0.907096792539785,0,0,0,0,0,0,0,0,0,0,0.951316857058008,0,0,0,0,0,0,0,0,0,0,0,0,0,0,0,0,0,0,0,0,0,0,0,0,1.22564079061044,0,0,0,0,0,0,0.651700149370734,0,0,0,0
4792,0,0,0,0,0,0,0,0,0,1.80433224463482,0,0.663015201117883,0,0,0,0,0,0,0,0,0,0,0,0,0,0,0,0,0,0,0,0,0,0,0,2.24365153647295,0,0,0,0,0,0,0,0,0,0,0,0,0,0.651700149370734,0,0,0,0
4795,0,0,0,0,0,0,0.907096792539785,0,0,0,0.999325778467116,1.32603040223577,0,0,0,1.08142862941642,0,0,0,0,0,0,1.08216648605602,0,0,0,0,0,0,1.05463621574846,0,0,0,0,0,1.12182576823647,0,0,0,0,1.88619236512332,0,0,0,0,1.07013972156618,0,0,0,0.651700149370734,0,0,0,0
4797,0,0,0,0,0,0,0,0,0,0,0,0,0,0,0,0,0,0,0,0,0,0,0,0,0,0,0,0,0,0,0,0,0,0,0,0,0,0,0,0,0,0,0,0,0,0,0,0,0,0,0,0,0,0
4798,0,0,0,0,0,0,0,0,0,0,0,0,0,0,0,1.08142862941642,0,0,0,0,0,0,0,0,0,0,0,0,0,0,0,0,0,0,0,0,0,0,0,0,0,0,0,0,0,0,0,0,0,0,0,0,0,0
4800,0,0,0,0,0,0,0,0,0,0,0,0,0,0,0,0,0,0,0,0,0,0,0,0,0,0,0,0,1.88579470830498,0,0,0,0,0,0,0,0,0,0,0,0,0,0,0,0,0,0,0,0,0,0,0,0,0
4801,0,2.62961994081761,0,0,0,0.899995498938728,0.907096792539785,0,1.82054558648481,1.80433224463482,1.99865155693423,0,0.937273526698761,0,0,0,2.23220757565714,0,0,0,0.844048885129189,0,0,0,0,0,0,1.1513605585278,0,0,0,0,0,0,0,0,0,0,0,2.50771802379443,0,0,0,0.93533206579746,0,0,1.64812718032645,3.25274824881811,0.796968882581562,0,0,0,0,0
4803,0,3.50615992109015,1.04306885611018,5.8711844167124,1.0589770556706,0,0.907096792539785,3.06722835414224,4.55136396621202,1.80433224463482,1.99865155693423,0.663015201117883,1.87454705339752,2.42177119268632,0,4.32571451766568,0,1.90263371411602,0,0.958710443694007,1.68809777025838,2.06141573885485,2.16433297211204,11.0522171915052,0,0.886581760591582,1.85448933591648,1.1513605585278,0.942897354152491,1.05463621574846,3.23109829839702,4.30222810243932,0,2.4579317630868,0,1.12182576823647,0,0.785723567303718,0.832811761267273,3.76157703569164,0,0.972523513890737,0,0.93533206579746,0,0,0.824063590163226,2.43956118661358,4.78181329548937,0.651700149370734,0,0,0,0
4804,2.709927885229,0,0,0,0,0,0,0,0,0,5.9959546708027,0,1.87454705339752,0,3.29880256291367,1.08142862941642,0,0.951316857058008,0,0,0,0,1.08216648605602,0,0,0.886581760591582,0,0,0,1.05463621574846,0,0,0,0,0,2.24365153647295,0,1.57144713460744,3.33124704506909,0,1.88619236512332,2.91757054167221,0,0,0,1.07013972156618,0.824063590163226,1.62637412440906,0,1.30340029874147,0,0,0,1.81734996169588
4806,1.80661859015266,0,1.04306885611018,0,0,0,0,2.04481890276149,1.82054558648481,1.80433224463482,2.99797733540135,0,3.74909410679505,0,1.09960085430456,1.08142862941642,0,0,5.11197840897711,0,0,0,0,0,1.08340074459836,0,4.63622333979119,0,0.942897354152491,2.10927243149693,0,0,1.92215773959633,0.819310587695601,0.989404235784912,0,3.65593975431338,0.785723567303718,0.832811761267273,7.52315407138328,0.943096182561662,0.972523513890737,0,0.93533206579746,9.37255504001745,0,0,1.62637412440906,3.18787553032625,0,0,0,0,0.908674980847939
4807,0,0,0,0,0,0,0,0,0,0,0,0,0,0,0,0,0,0,0,0,0,0,0,0,0,0,0,0,0,0,0,0,0,0,0,0,0,0,0,0,0,0,0,0,0,0,0,0,0,0,0,0,0,0
4809,0,0.876539980272536,1.04306885611018,0,0,0,0,0,0,0.902166122317409,0,0.663015201117883,0,0,1.09960085430456,0,1.11610378782857,0,0,0,0,0,4.32866594422409,0,1.08340074459836,0,0,0,1.88579470830498,0,0,0,0,0,0,0,0,0,0.832811761267273,2.50771802379443,0.943096182561662,0,2.45128158122089,0,0,0,0,0.813187062204528,0,1.30340029874147,0.929302732550708,1.47506723578603,0,0
4812,0,0,0,0,0,0,0,0,0,0,0,0,0,0,0,0,0,0,0,0,0,0,0,0,0,0,0.927244667958238,0,0,0,1.07703276613234,0,0,0.819310587695601,0,0,0,0,0,0,0,0,0,0,0,0,0,0,0,0,0,1.47506723578603,0,0
4813,0,0,0,1.95706147223747,0,0,0,0,0,0,0.999325778467116,0,0,0,0,0,0,0.951316857058008,0,0,0,0,0,0,0,0,1.85448933591648,0,0.942897354152491,1.05463621574846,0,1.43407603414644,0,0.819310587695601,0,0,0,0,0,0,0,0.972523513890737,1.22564079061044,0,4.68627752000872,1.07013972156618,0,0.813187062204528,0,1.30340029874147,0,0,0,0
4815,0,0.876539980272536,0,0,0,0,0,0,0.910272793242405,0,0,0,0,0,0,0,0,0.951316857058008,0,0,0,1.03070786942743,0,0,0,0,0,2.30272111705559,0,0,0,0,0,0,0,1.12182576823647,0,0,0,0,0,0,0,0,0,0,0,0,0,0.651700149370734,0,0,0,0
4817,0,0,0,0,0,0,0,0,0,0,0.999325778467116,0,0,0,0,0,0,0,0,0,0,0,0,0,0,0,0,0,0,0,1.07703276613234,1.43407603414644,0,0,0,0,0,0.785723567303718,0,0,0,0,0,0,0,0,0,0,0,0,0,0,0,0
4818,0,0,0,0,0,0,1.81419358507957,0,0,0.902166122317409,3.99730311386846,1.32603040223577,0,1.21088559634316,1.09960085430456,4.32571451766568,0,0,1.02239568179542,0.958710443694007,0.844048885129189,0,0,1.22802413238947,0,0,0.927244667958238,0,1.88579470830498,2.10927243149693,1.07703276613234,1.43407603414644,0,0,0,0,0,0.785723567303718,0,0,0,0,0,3.74132826318984,1.56209250666957,3.21041916469855,0.824063590163226,2.43956118661358,0.796968882581562,0,0,0,0,0
4820,0,0,0,0,0,0,0,0,0,0,0,0,0,0,0,0,0,0,0,0,0,0,0,0,0,0,0,0,0,0,0,0,0,0,0,0,0,0,0,0,0,0,0,0,0,0,0,0,0,0,0,0,0,0
4821,0,0,0,0,0,0,0,0,0,0,0,0,0,0,0,1.08142862941642,0,0,0,0,0,0,0,0,0,0,0,0,0,0,0,0,0,0,0,0,0,0,0,0,0,0,0,0,0,0,0,0,0,0,0,0,0,0
4825,0,0,0,0,0,0,0,0,0,0,0,0,0,0,0,0,0,0,0,0.958710443694007,0,0,0,0,0,0,0,0,0,0,0,0,0,0,0.989404235784912,0,0,0,0,0,0.943096182561662,0,0,0,0,0,0,0,0,0,0,0,4.38715843462657,0
4827,0,0,0,0,0,0,0,0,0,0,0,0,0,0,0,0,0,0,0,0,0,0,0,0,0,0,0,0,0,0,0,0,0.961078869798163,0,0,0,0,0,0,0,0,0,0,0,0,0,0,0,0,0,0,0,0,0
4828,0,0,0,0,0,0,0,0,0,0,0,0,0,0,0,0,0,0,0,0,0,0,0,0,0,0,0,0,0,0,0,0,0,0,0,0,0,0,0,0,0,0,0,0,0,0,0,0,0,0,0,0,0,0
483,0,0,0,0,0,0,0,1.02240945138075,0,0,1.99865155693423,0,0,0,0,0,0,0,2.04479136359084,0,0,0,0,1.22802413238947,0,0,0,0,0,0,0,2.86815206829288,0,0,1.97880847156982,0,1.21864658477113,0.785723567303718,0,0,0,0.972523513890737,0,0,0,0,0,0,0,0,0,0,1.09678960865664,1.81734996169588
4830,37.938990393206,13.148099704088,54.2395805177291,16.6350225140185,3.17693116701179,30.5998469639168,17.2348390582559,11.2465039651882,17.2951830716057,51.4234689720923,724.511189388659,63.6494593073168,700.143324443975,42.3809958720105,307.888239205276,71.3742895414837,303.580230289371,23.7829214264502,277.069229766559,68.0684415022745,21.1012221282297,39.1668990382422,81.1624864542017,142.450799357178,138.67529530859,25.7108710571559,140.013944861694,67.93027295314,13.2005629581349,382.832946316693,603.13834903411,230.886241497577,87.4581771516328,482.573936152709,48.4808075534607,191.832206368437,153.549469681162,149.287477787706,94.9405407844691,425.058205033155,313.107932610472,342.32827688954,243.902517331478,320.818898568529,601.405615067786,188.344590995649,112.896711852362,335.033069628265,281.330015551291,466.617306949445,127.314474359447,20.6509413010044,301.617142380577,109.040997701753
4832,0,0,0,0,0,0,0,0,0,0,0,0.663015201117883,0,0,0,1.08142862941642,0,0,0,0,1.68809777025838,0,0,0,0,0,0,0,0,0,1.07703276613234,0,0,0,1.97880847156982,0,0,0,0,0,0.943096182561662,0.972523513890737,0,3.74132826318984,0,0,0.824063590163226,0,0,0,1.85860546510142,0,0,0
4834,0,1.75307996054507,0,0,0,0,0,0,0,0,0,0,0,0,0,0,0,0,0,0,0,0,0,0,1.08340074459836,0,0,2.30272111705559,0,0,0,0,0,0,0,0,0,0,0,0,0,0,0,0,0,0,0,0,0.796968882581562,0,0,0,0,0
4837,1.80661859015266,0,1.04306885611018,0,0,0,0,0,0,0,0,0,1.87454705339752,0,0,0,1.11610378782857,0,0,0.958710443694007,0,0,0,0,0,0.886581760591582,0,0,0,0,1.07703276613234,0,0,0,0,0,0,0,0,0,0,0,0,0,0,0,0,0,0,0.651700149370734,0,0,0,0
4838,0.903309295076332,0,0,0,0,0,0,0,1.82054558648481,0,0.999325778467116,0,0.937273526698761,0,1.09960085430456,0,0,0,1.02239568179542,1.91742088738801,0,0,0,0,0,0,0,0,0,0,0,0,0,0,0,0,0,0,0,1.25385901189721,0,0,0,0.93533206579746,0,1.07013972156618,3.29625436065291,0,0,0,0,0,0,0
4839,0,0,0,0,0,0,0,0,0,0,0,0,0,0,0,0,0,0,0,0.958710443694007,0,0,0,0,0,0,0,0,0,0,0,0,0,0,0,0,0,0,0,0,0,0,0,0,0,0,0,0.813187062204528,0,0,0,0,0,0.908674980847939
4841,0,0,0,0,0,0,0,0,0,0,0,0,0,0,0,0,0,0,0,0,0,0,0,0,0,0,0,0,0,0,0,0,0,0,0,0,0,0,0,0,0,0,0,0,0,0,0,0,0,0,0,0,0,0
4842,0,0.876539980272536,1.04306885611018,0,4.23590822268238,1.79999099787746,1.81419358507957,1.02240945138075,1.82054558648481,0.902166122317409,3.99730311386846,0,0.937273526698761,0,1.09960085430456,1.08142862941642,0,0,1.02239568179542,1.91742088738801,2.53214665538757,1.03070786942743,0,1.22802413238947,2.16680148919672,0,3.70897867183295,0,0,0,0,2.86815206829288,0.961078869798163,0,0,3.36547730470942,0,1.57144713460744,0,1.25385901189721,0,0.972523513890737,0,0,0,0,0,0.813187062204528,0.796968882581562,0,0.929302732550708,0,2.19357921731328,0
4843,3.61323718030533,6.13577986190775,0,0,0,6.2999684925711,1.81419358507957,1.02240945138075,0.910272793242405,1.80433224463482,0,5.30412160894306,2.81182058009628,1.21088559634316,5.49800427152278,6.48857177649852,3.34831136348571,6.65921799940605,8.17916545436338,6.71097310585805,5.06429331077513,1.03070786942743,3.24649945816807,3.6840723971684,1.08340074459836,6.20607232414108,9.27244667958238,3.45408167558339,3.77158941660996,7.38245351023925,4.30813106452935,0,2.88323660939449,7.3737952892604,1.97880847156982,4.48730307294589,8.53052609339789,1.57144713460744,3.33124704506909,2.50771802379443,0,2.91757054167221,13.4820486967149,0,0,1.07013972156618,1.64812718032645,1.62637412440906,0.796968882581562,3.9102008962244,2.78790819765212,1.47506723578603,4.38715843462657,1.81734996169588
4846,0,0,0,0,0,0,0,0,0,0,0,0,0,0,0,0,0,0,0,0,0,0,0,0,0,0,0,0,0,0,0,0,0,0,0,0,0,0,0,0,0,0,0,0,0,0,0,0,0,0,0,0,0,0
4847,0,0,0,0,0,0,0,0,0,0,0,0,0,0,0,0,0,0,0,0.958710443694007,0,0,0,0,0,0,0,1.1513605585278,0,0,0,0,0,0,0,0,0,0,0,0,0,0,0,0,0,0,0,0,0,0,0,0,0,0
4849,0,0,0,0,0,0,0,0,1.82054558648481,0,0,0,0.937273526698761,0,0,0,0,0,0,0,0,0,0,0,1.08340074459836,0,0,0,0,0,0,0,0.961078869798163,0.819310587695601,0,0,0,0,0.832811761267273,1.25385901189721,0,0,0,0,1.56209250666957,2.14027944313237,0,1.62637412440906,0.796968882581562,0.651700149370734,0,4.42520170735808,1.09678960865664,0.908674980847939
485,0,0,0,0,0,0,0,0,0,0,0,0,0,0,0,0,0,0,0,0,0,0,0,0,0,0,0,0,0,0,0,0,0,0,0,0,0,0,0,0,0,0,0,0,0,0,0,0,0,0,0,0,0,0
4851,0,0,0,0,0,0,0,0,0,0,0,0,0,0,0,0,0,0,0,0,0,0,0,0,0,0,0,0,0,0,0,0,0,0,0,0,0,0,0,0,0,0,0,0,0,0,0,0,0,0,0,0,0,0
4852,0,0,0,0,0,0,0,0,0,0,0,0,0,0,0,0,0,0,0,0,0,0,0,0,0,0,0,0,0,0,0,0,0,0,0,0,0,0,0,0,0,0,0,0,0,0,0,0,0,0,0,0,0,0
4855,0,0,0,0,0,0,0,0,0,0,0,0,0,0,0,0,0,0,0,0,0,0,0,0,0,0,0,0,0,0,0,0,0,0,0,0,0,0,0,0,0,0,0,0,0,0,0,0,0,0,0,0,0,0
4856,0,0,0,0,0,0,0,0,0,0,0,0,0,0,0,0,0,0,0,0,0,0,0,0,0,0,0,0,0,0,0,0,0,0,0,0,0,0,0,0,0,0,0,0,0,0,0,0,0,0,0,0,0,0
4858,0,0,0,0,0,0,0,0,0,0,0,0,0,0,0,0,0,0,0,0,0,0,0,0,0,0,0,0,0,0,0,0,0,0,0,0,0,0,0,0,0,0,0,0,0,0,0,0,0,0,0,0,0,0
486,0,0,0,0,0,0,0,0,0,0,0,0,0,0,0,0,0,0,0,0,0,0,0,0,0,0,0,0,0,0,0,0,0,0,0,0,0,0,0,0,0,0,0,0,0,0,0,0,0,0,0,0,0,0
4861,0,0,0,0,0,0,0,0,0,0,0,0,0,0,0,0,0,0,0,0,0,0,0,0,0,0,0,0,0,0,0,0,0,0,0,0,0,0,0,0,0,0,0,0,0,0,0,0,0,0,0,0,0,0
4862,0,2.62961994081761,1.04306885611018,0.978530736118733,0,0,0,1.02240945138075,1.82054558648481,0.902166122317409,0,0,1.87454705339752,2.42177119268632,1.09960085430456,4.32571451766568,4.46441515131428,2.85395057117402,2.04479136359084,5.75226266216404,0.844048885129189,8.24566295541942,0,2.45604826477893,3.25020223379508,2.65974528177475,0,1.1513605585278,0,1.05463621574846,1.07703276613234,2.86815206829288,2.88323660939449,6.5544847015648,3.95761694313965,0,2.43729316954225,0.785723567303718,2.49843528380182,1.25385901189721,1.88619236512332,0.972523513890737,3.67692237183133,0.93533206579746,0,4.28055888626474,0.824063590163226,0.813187062204528,6.37575106065249,2.60680059748294,5.57581639530425,1.47506723578603,0,0.908674980847939
4864,0,0.876539980272536,0,0,0,1.79999099787746,0.907096792539785,0,0,1.80433224463482,0,0,2.81182058009628,0,0,2.16285725883284,0,0.951316857058008,0,0.958710443694007,0,5.15353934713713,1.08216648605602,0,1.08340074459836,0,0,0,0,0,2.15406553226468,0,1.92215773959633,0,0,0,0,0,0,0,0,0,2.45128158122089,0.93533206579746,0,0,0,0,5.57878217807093,0,0,0,0,0
4865,0,0,0,0,0,0,0,0,0,0,0,0,0,0,0,0,0,0,0,0,0,0,0,0,0,0,0,0,0,0,0,0,0,0,0,1.12182576823647,0,0,0,0,0,0,0,0,0,0,0,0,0,0,1.85860546510142,0,0,0
4866,0,0.876539980272536,0,0,0,0,0,0,0,0,0.999325778467116,0,0,0,0,0,0,0,0,0,0,0,0,0,0,0,0,0,0,0,0,0,0,0,0,0,0,0,0,0,0,0,0,0,0,0,0,0,0,0,0,0,0,0
4867,0,0,0,0,0,0,0.907096792539785,0,0.910272793242405,0,0.999325778467116,0,0,0,0,1.08142862941642,0,0,0,0,0,2.06141573885485,0,0,1.08340074459836,0,0.927244667958238,0,0,1.05463621574846,2.15406553226468,0,1.92215773959633,0.819310587695601,0,0,0,1.57144713460744,0,0,0,0,0,0.93533206579746,0,0,0,0,0.796968882581562,0,0,1.47506723578603,0,0
4868,0,0,0,0,0,0,0,0,0,0,0,0,0,0,0,0,0,0,0,0,0,0,0,0,0,0,0,0,0,0,0,0,0,0,0,0,0,0,0,0,0,0,0,0,0,0,0,0,0,0,0,0,0,0
4869,0,0,0,0,0,0,0,0,0,0,0,0,0,0,0,0,0,0,0,0,0,0,0,0,0,0,0,0,0,0,0,0,0,0,0,0,0,0,0,0,0,0,0,0,0,0,0,0,0,0,0,0,0,0
4870,0,0,0,0,0,0,0,0,0,0,0,0,0,0,0,0,0,0,0,0,0,0,0,0,0,0,0,0,0,0,0,0,0,0,0,0,0,0,0,0,0,0,0,0,0,0,0,0,0,0,0,0,0,0
4873,0,0.876539980272536,1.04306885611018,0.978530736118733,0,1.79999099787746,0,0,0.910272793242405,0.902166122317409,0,1.32603040223577,0,0,0,0,0,0,1.02239568179542,0.958710443694007,0,0,0,0,0,0,0,1.1513605585278,0,0,0,0,0.961078869798163,0,0,0,0,0.785723567303718,0,0,0,0,0,0,3.12418501333915,0,0,0,0,0,0,0,0,0
4878,0,0,0,0,0,0,0,0,0,0,0,0,0,0,0,0,0,0,0,0,0,0,0,0,0,0,0,0,0,0,0,0,0,0,0,0,1.21864658477113,0,0,0,0,0,0,0,0,0,0,0,0,0,0,0,0,0
4881,0,0,0,0,0,0,0,0,0,0,0.999325778467116,0,0,0,0,0,0,0,1.02239568179542,0,0,0,0,0,0,0,0,0,0,0,0,0,0,0,0,0,0,0,0,0,0,0,0,0,0,0,0,0,0,0,0,0,0,0
4882,0,0,0,0,0,0,0,0,0,0,0,0,0,0,0,0,0,0,0,0,0,0,0,0,0,0,0,0,0,0,0,0,0,0,0,0,0,0,0,0,0,0,0,0,0,0,0,0,0,0,0,0,0,0
4884,0,0,0,0,0,0,0,0,0,0,0,0,0,0,0,0,0,0,0,0,0,0,0,0,0,0,0,0,0,0,0,0,0,0,0,0,0,0,0,0,0,0,0,0,0,0,0,0,0,0,0,0,0,0
4885,0,0,0,0,0,0,0,0,0,0,0.999325778467116,0,0,0,0,0,0,0,0,0,0,0,0,0,0,0,0,0,0,0,0,0,0,0,0,0,0,0,0,0,0,0,0,0,0,0,0,0,0,0,0,0,0,0
4886,0,0,0,0,0,0,0,0,0,0,0,0,0,0,0,0,0,0,0,0,0,0,0,0,0,0,0,0,0,0,0,0,0,0,0,0,0,0,0,0,0,0,0,0,0,0,0,0,0,0,0,0,0,0
4890,0,0,0,0,0,0,0,0,0,0,0,0,0,0,0,0,0,0,0,0,0,0,0,0,0,0,0,0,0,0,0,0,0,0,0,0,0,0,0,0,0,0,0,0,0,0,0,0,0,0,0,0,0,0
4894,0,0,0,0,0,0,0,0,0,0,0,0,0,2.42177119268632,0,0,0,0,0,0,0,0,0,0,0,0,0.927244667958238,0,0,0,0,0,0,0,0,0,0,0,0,0,0,0,0,0,0,0,0,0.813187062204528,0,0,0,0,0,0
4895,0,0,0,0,0,0,0,0,0,0,0,0,0,0,0,0,0,0,0,0,0,0,0,0,0,0,0,0,0,0,0,0,0,0,0,0,0,0,0,0,0,0,0,0,0,0,0,0,0,0,0,0,0,0
4896,2.709927885229,1.75307996054507,6.25841313666105,1.95706147223747,0,1.79999099787746,2.72129037761935,0,6.37190955269683,2.70649836695223,18.9871897908752,20.5534712346544,45.9264028082393,2.42177119268632,29.689223066223,9.73285766474778,8.92883030262857,10.4644854276381,18.4031222723176,9.58710443694007,21.1012221282297,0,15.1503308047843,7.3681447943368,43.3360297839344,3.54632704236633,41.7260100581207,32.2380956387783,4.71448677076245,8.43708972598772,25.8487863871761,15.7748363756108,11.532946437578,33.5917340955196,6.92582965049438,14.5837349870742,24.3729316954225,5.50006497112603,5.82968232887091,55.1697965234774,18.8619236512332,45.7086051528646,4.90256316244177,1.87066413159492,12.4967400533566,9.63125749409566,3.29625436065291,15.450554181886,28.6908797729362,14.9891034355269,8.36372459295637,11.8005378862882,32.9036882596993,12.7214497318711
490,0,0,0,0,0,0,0,0,0,0,0,0,0,0,0,0,0,0,0,0,0,0,0,0,0,0,0,0,0,0,0,0,0,0,2.96821270735474,0,0,0,0,0,0,0,2.45128158122089,0,0,0,0,0,0,0,0,0,0,0
4902,0,0,0,0,0,0,0,0,0,0,0,0,0,0,0,0,0,0,0,0,0,0,0,0,0,0,0,0,0,0,0,0,0,0,0,0,0,0,0,0,0,0,0,0,0,0,0,0.813187062204528,0,0,0,0,0,0
4905,1.80661859015266,1.75307996054507,2.08613771222035,0,0,0,0.907096792539785,1.02240945138075,1.82054558648481,1.80433224463482,0,0,0.937273526698761,2.42177119268632,1.09960085430456,0,0,0,0,0.958710443694007,1.68809777025838,0,0,0,5.4170037229918,2.65974528177475,0.927244667958238,1.1513605585278,2.82869206245747,1.05463621574846,0,0,0.961078869798163,2.4579317630868,0,0,0,0.785723567303718,0,0,0.943096182561662,0,0,0,1.56209250666957,1.07013972156618,0,2.43956118661358,0.796968882581562,2.60680059748294,0,0,0,0
4906,4.51654647538166,1.75307996054507,1.04306885611018,0.978530736118733,7.41283938969417,1.79999099787746,0.907096792539785,3.06722835414224,3.64109117296962,0.902166122317409,0,1.32603040223577,0.937273526698761,0,1.09960085430456,1.08142862941642,0,0,1.02239568179542,1.91742088738801,2.53214665538757,6.18424721656456,0,0,5.4170037229918,3.54632704236633,0.927244667958238,0,4.71448677076245,4.21854486299386,0,0,0,0,4.94702117892456,0,2.43729316954225,1.57144713460744,0,0,0,0,0,0.93533206579746,1.56209250666957,0,0.824063590163226,0,0,0.651700149370734,0,0,0,2.72602494254382
491,0,0,0,0,0,0,0,0,0,0,0,0,0,0,0,0,0,0,0,0,0,0,0,0,0,0,0,0,0,0,0,0,0.961078869798163,1.6386211753912,0,0,0,0,0,0,0,0,0,0,0,0,0,0,0.796968882581562,0,0.929302732550708,0,0,0
493,18.969495196603,3.50615992109015,11.4737574172119,5.8711844167124,1.0589770556706,8.99995498938728,6.34967754777849,8.17927561104597,6.37190955269683,6.31516285622187,7.99460622773693,11.9342736201219,11.2472823203851,2.42177119268632,15.3944119602638,17.3028580706627,6.69662272697142,18.0750202841021,11.2463524997496,15.3393670991041,16.0369288174546,10.3070786942743,19.4789967490084,2.45604826477893,2.16680148919672,6.20607232414108,0.927244667958238,11.513605585278,2.82869206245747,8.43708972598772,10.7703276613234,2.86815206829288,6.72755208858714,14.7475905785208,4.94702117892456,4.48730307294589,6.09323292385563,5.50006497112603,5.82968232887091,11.2847311070749,6.60167327793163,5.83514108334442,1.22564079061044,5.61199239478476,9.37255504001745,7.49097805096329,7.41657231146904,12.1978059330679,5.57878217807093,7.8204017924488,12.0809355231592,2.95013447157206,8.77431686925313,8.17807482763145
496,0,0.876539980272536,0,0.978530736118733,1.0589770556706,0.899995498938728,0,1.02240945138075,0,0,1.99865155693423,1.32603040223577,1.87454705339752,6.05442798171579,0,1.08142862941642,0,2.85395057117402,3.06718704538627,3.83484177477603,1.68809777025838,0,2.16433297211204,3.6840723971684,1.08340074459836,0.886581760591582,4.63622333979119,1.1513605585278,0.942897354152491,0,2.15406553226468,0,4.80539434899081,0,0.989404235784912,2.24365153647295,0,0.785723567303718,1.66562352253455,2.50771802379443,1.88619236512332,1.94504702778147,0,1.87066413159492,1.56209250666957,4.28055888626474,1.64812718032645,0.813187062204528,1.59393776516312,0.651700149370734,1.85860546510142,1.47506723578603,2.19357921731328,0.908674980847939
500,0,0,0,0,0,0,0,0,0,0,0,0,0,0,0,0,0,0,0,0,0,0,0,0,0,0,0,0,0,0,0,0,0,0,0,0,0,0,0,0,0,0,0,0,0,0,0,0,0,0,0,0,0,0
501,3.61323718030533,0.876539980272536,0,0,0,4.49997749469364,2.72129037761935,4.08963780552298,0.910272793242405,0.902166122317409,2.99797733540135,2.65206080447153,1.87454705339752,2.42177119268632,8.79680683443645,2.16285725883284,0,1.90263371411602,4.08958272718169,3.83484177477603,3.37619554051675,5.15353934713713,1.08216648605602,2.45604826477893,1.08340074459836,2.65974528177475,0,5.75680279263899,1.88579470830498,3.16390864724539,3.23109829839702,1.43407603414644,1.92215773959633,0.819310587695601,0,1.12182576823647,1.21864658477113,1.57144713460744,2.49843528380182,1.25385901189721,0.943096182561662,2.91757054167221,0,0.93533206579746,0,0,0,3.25274824881811,8.76665770839718,0.651700149370734,0.929302732550708,0,1.09678960865664,2.72602494254382
502,0,0,0,0,0,0,0,0,0,0,0,0,0,0,0,0,0,0,1.02239568179542,0,0,0,0,0,0,0,0,0,0,0,0,0,0,0,0,0,0,0,0,1.25385901189721,0,0,0,0,0,0,0,0,0,0,0,0,0,0
5021,0,0,0,0,0,0,0,0,0,0,0,0,0,0,0,0,0,0,0,0,0,0,0,0,0,0,0,0,0,0,0,1.43407603414644,0,0,0,0,0,0,0,0,0,0,0,0,0,0,0,0,0,0,0,0,0,0
5022,0,0,0,0,0,0,0,0,0,0,0,0,0,0,0,0,0,0,0,0,0,0,0,0,0,0,0,0,0,0,0,0,0,0,0,0,0,0,0,0,0,0,0,0,0,0,0,0,0,0,0,0,0,0
5023,0,0,0,0,0,0,0,0,0,0,0,0,0,0,0,0,0,0,0,0,0,0,0,0,0,0,0,0,0,0,0,0,0,0,0,0,0,0,0,2.50771802379443,0,0,0,0,0,0,0,0,0,0,0,0,0,0
5024,0,0,0,0,0,0,0,0,0,0,0,0,0,0,0,0,0,0,0,0,0,0,0,0,0,0,0,0,0,0,0,0,0,0,0,0,0,0,0,0,0,0,0,0,0,0,0,0,0,0,0,0,0,0
5027,0,0,0,0,0,0,0,0,0,0,0,0,0,0,0,0,0,0,0,0,0,0,0,0,0,0,0,0,0,0,0,0,0,0,0,0,0,0,0,0,0,0,0,0,0,0,0,0,0,0,0,0,0,0
5028,0,0,0,0,0,0,0,0,0,0,0,0,0,0,0,0,0,0,0,0,0,0,0,0,0,0,0,0,0,0,0,0,0,0,0,0,0,0,0,0,0,0,0,0,0,0,0,0,0,0,0,0,0,0
5029,0,0,0,0.978530736118733,0,0,0,0,0,0,0,0,0,0,0,0,0,0,1.02239568179542,0.958710443694007,0,0,0,0,0,0,0,0,0,0,0,0,0,0,0,0,0,0,0,0,0,0,0,0,0,0,0,0,0,0,0,0,0,0
5031,0,0,0,0,0,0,0.907096792539785,0,0,0,0,0,0,0,0,0,2.23220757565714,0,0,0,0,0,0,0,0,0,0,0,0,0,0,0,0,0,0,0,0,0,0,0,0,0,0,0,0,0,0,0,0,0,0,0,0,0
5035,0,0,0,0,0,0,0,0,0,0,0,0,0.937273526698761,0,0,0,0,0,0,0,0,0,0,0,0,0,0,0,0,0,1.07703276613234,0,0,0,0,0,0,0,0,0,0,0,0,0,0,0,0.824063590163226,0,0,0,0,0,1.09678960865664,0
5036,0,0,0,0,0,0,0,0,0,0,0,3.31507600558942,0.937273526698761,0,0,0,0,0,0,0,0,0,0,0,0,0,0,4.60544223411119,0,0,0,0,0,0,0,0,0,0,0,0,0,0,0,0,0,0,0,0,0,0,0,0,0,0
5038,0,0,0,0,0,0,0,0,0,0,0,0,0,0,0,0,0,0,0,0,0,0,0,0,0,0,0,0,0,0,0,0,0,0,0,0,0,0,0,0,0,0,0,0,0,0,0,0,0,0,0,0,0,0
504,0,0,0,0,0,0,0,0,0,0,0.999325778467116,0,0.937273526698761,0,1.09960085430456,0,0,0,0,0,0,0,0,0,0,0,0,0,0,0,0,0,0,0,0,0,0,0.785723567303718,0,0,0,0,0,0,0,0,0,0,0,0,0,0,0,0
5042,0,0,0,0,0,0,0,0,0,0,0,0,0,0,0,0,0,0,0,0,0,0,0,0,0,0,0,0,0,0,0,0,0,0,0,0,0,0,0,0,0,0,0,0,0,0,0,0,0,0,0,0,0,0
5043,0,0,0,0,0,0,0,0,0,0,0,0,0,0,0,0,0,0,0,0,0,0,0,0,0,0,0,0,0,0,0,0,0,0,0,0,0,0,0,0,0,0,0,0,0,0,0,0,0,0,0,0,0,0
5044,0,0,0,0,0,0,0,0,0.910272793242405,0,0,0,0,0,0,0,0,0,0,0,0,0,0,0,0,0,0,0,0,0,0,0,0,0,0,0,0,0,0,0,0,0,0,0,0,0,0,0,0,0,0,0,0,0.908674980847939
5045,0,0,0,0,0,0,0,0,0,0,0,0,0,0,0,0,0,0,0,0,0,0,0,0,0,0,0,0,0,0,0,0,0,0,0,0,0,0,0,0,0,0,0,0,0,0,0,0,0,0,0,0,0,0
5046,4.51654647538166,4.38269990136268,6.25841313666105,0.978530736118733,7.41283938969417,17.0999144798358,1.81419358507957,3.06722835414224,8.19245513918164,6.31516285622187,0,3.9780912067073,5.62364116019257,4.84354238537263,5.49800427152278,4.32571451766568,3.34831136348571,5.70790114234805,6.13437409077253,0,5.06429331077513,0,4.32866594422409,3.6840723971684,1.08340074459836,0,4.63622333979119,6.90816335116678,9.42897354152491,4.21854486299386,2.15406553226468,1.43407603414644,5.76647321878898,4.9158635261736,0.989404235784912,4.48730307294589,0,0,2.49843528380182,1.25385901189721,7.54476946049329,0.972523513890737,0,1.87066413159492,6.2483700266783,2.14027944313237,4.94438154097936,4.87912237322717,0.796968882581562,3.9102008962244,0,0,3.29036882596993,1.81734996169588
5047,0.903309295076332,0,0,0,0,0,0,0,0,0,0,0,0,0,0,1.08142862941642,0,0,0,0,0,0,1.08216648605602,0,0,0,0,0,0,0,0,0,0,0,0,0,0,0,0,0,0,0,0,0,0,0,0,0,0,0,0,0,0,0
5048,0,2.62961994081761,0,0,0,0,0,0,0.910272793242405,0,0,0.663015201117883,0,0,0,0,0,0,0,0,0,0,0,0,0,0,0,1.1513605585278,0,1.05463621574846,0,0,0,0.819310587695601,0,0,0,0,1.66562352253455,0,0,0,0,1.87066413159492,0,0,0.824063590163226,0,0,1.30340029874147,0,0,1.09678960865664,0
5049,0,0,0,0,0,0,0,0,0,0,0,0,0,0,0,0,0,0,0,0,0,0,0,0,0,0,0,0,0,0,0,0,0,0,0,0,0,0,0,0,0,0,0,0,0,0,0,0,0,0,0,0,0,0
505,0,0,0,0,0,0,0,0,0,0,0,0,0,0,0,0,0,0,0,0,0,0,0,0,0,0,0,0,0,0,0,0,0,0,0,0,0,0,0,0,0,0,0,0,0,0,0,0,0,0,0,0,0,0
5050,0,0,0,0,0,0,0,0,0,0,0,0,0,0,0,0,0,0,0,0,0,0,0,0,0,0,0,0,0,0,0,0,0,0,0,0,0,0,0,0,0,0,0,0,0,0,0,0,0,0,0,0,0,0
5052,0,0,0,0,0,0,0,0,0,0,0,0,0,0,1.09960085430456,0,0,0,0,0,0,0,0,0,0,0,0,0,0,0,0,0,0,0,0,0,0,0,0,0,0,0,0,0,0,0,0,0,0,0,0,0,0,0
5053,0,0,0,0,0,0,0,4.08963780552298,0.910272793242405,0,2.99797733540135,0.663015201117883,9.37273526698761,0,10.9960085430456,5.4071431470821,0,0,1.02239568179542,0,0,0,1.08216648605602,0,0,0,0,1.1513605585278,0.942897354152491,3.16390864724539,1.07703276613234,1.43407603414644,0,4.9158635261736,0,1.12182576823647,0,0,0,1.25385901189721,4.71548091280831,1.94504702778147,14.7076894873253,1.87066413159492,0,1.07013972156618,0.824063590163226,7.31868355984075,1.59393776516312,4.56190104559514,0,0,0,0.908674980847939
5054,0,0,0,0,0,0,0,0,0,0,0,0,0.937273526698761,0,0,1.08142862941642,1.11610378782857,0,0,0,0,0,0,0,0,0,0,0,0,0,0,0,0,0,0,1.12182576823647,0,0,0,1.25385901189721,0,0,1.22564079061044,0,0,0,0,1.62637412440906,0,0,0,0,0,0
5055,0,0,0,0,0,0,0,0,0,0,0,0,0,0,0,0,0,0,0,0,0,0,0,0,0,0,0,0,0,0,0,0,0,0,0,0,0,0,0,0,0,0,0,0,0,0,0,0,0,0,0,0,0,0
5056,0,0,0,0,0,0,0,0,0.910272793242405,0,0,0,0,0,0,0,0,0,0,0,0,0,0,0,0,0,0,0,0,0,0,0,0,0,0,0,0,0,0,0,0,0,0,0,0,0,0,0,0,0,0,0,0,0
5057,0,0,0,0,0,0,0,0,0,0,0,0,0,0,0,0,0,0,0,0,0,0,0,0,0,0,0,0,0,0,0,0,0,0,0,0,0,0,0,0,0,0,0,0,0,0,0,0,0,0,0,0,0,0
506,0,0,0,0,0,0,0,0,0,0,1.99865155693423,0,0,0,0,0,0,0,0,0,0,0,0,0,0,0,0,0,0,0,0,0,0,0,0,0,0,0,0,0,0,0,0,0,0,0,0,0,0,0,0,0,0,0
5062,0,0,0,0,0,0,0,0,0,0,0,0,0,0,0,0,0,0,0,0,0,0,0,0,0,0,0,0,0,0,0,0,0,0.819310587695601,0,0,0,0,0,0,0,0,1.22564079061044,0,0,0,0,0,0,0,0,0,0,0
5064,0,0,0,0,0,0,0,0,0,0,0,0,0,0,0,0,0,0,0,0,0,0,0,0,0,0,0,0,0,0,0,0,0,0,0,0,0,0,0,0,0,0,0,0,0,0,0,0,0,0,0,0,0,0
5066,0,0,0,0,0,0,0,0,0,0,0,0,0,0,0,0,0,0,0,0,0,0,0,0,0,0,0,0,0,0,0,0,0,0,0,0,0,0,0,0,0,0,0,0,0,0,0,0,0,0,0,0,0,0
5067,0,0,0,0,0,0,0,0,0,0,0,0,0,0,0,0,0,0,0,0,0,0,0,0,0,0,0,0,0,0,0,0,0,0,0,0,0,0,0,0,0,0,0,0,0,0,0,0,0,0,0,0,0,0
5068,0,0,0,0,0,0,0,0,0,0,0,0,0,0,0,0,0,0,0,0,0,0,0,0,0,0,0,0,0,0,0,0,0,0,0,0,0,0,0,0,0,0,0,0,0,0,0,0,0,0,0,0,0,0
507,0,0,0,0,0,0,0,0,0,0,0,0,0,0,0,0,0,0,0,0,0,0,1.08216648605602,0,0,0,0,0,0,0,0,0,0,0,0,0,0,0,0,0,0,0,0,0,0,0,0,0,0,0,0,0,0,0.908674980847939
5070,0,0,0,0,0,0,0,0,0,0,0,0,0,0,0,0,0,0,0,0,0,0,0,0,0,0.886581760591582,0,0,0,0,0,0,0,0,0,0,0,0,0,0,0,0,0,0,0,0,0,0,0,0,0,0,0,0
5072,0,0,0,0,0,0,0,0,0,0,0,0,0,0,0,0,0,0,0,0,0,0,0,0,0,0,0,0,0,0,0,0,0,0,0,0,0,0,0,0,0,0,0,0,0,0,0,0,0,0,0,0,0,0
5073,0,0,0,0,0,0,0,0,0,0,0,0,0,0,0,0,0,0,0,0,0,0,0,0,0,0,0,0,0,0,0,0,0,0,0,0,0,0,0,0,0,0,0,0,0,0,0,0,0,0,0,0,0,0
5074,0,0,0,0,0,0,0,0,0,0,0,0,0,0,0,0,0,0,0,0,0,0,0,0,0,0,0,0,0,0,0,0,0,0,0,0,0,0,0,0,0,0,0,0,0,0,0,0,0,0,0,0,0,0
5075,0,0,0,0,0,0,0,0,0,0,0,0,0,0,0,0,0,0,0,0,0,0,0,0,0,0,0,0,0,0,0,0,0,0,0,0,0,0,0,0,0,0,0,0,0,0,0,0,0,0,0,0,0,0
5078,0,0,0,0,0,0,0,0,0,0,0,0,0,0,0,0,0,0,0,0,0,0,0,0,0,0,0,0,0,0,0,0,0,0,0,0,0,0,0,0,0,0,0,0,0,0,0,0,0,0,0,0,0,0
508,0,0,0,0,0,0,0,0,0,0,0,0,0,0,0,0,0,0,0,0,0,0,0,0,0,0,0,0,0,0,0,0,0,0,0,0,0,0,0,0,0,0,0,0,0,0,0,0,0,0,0,0,0,0
5080,0,0,0,0,0,0,0,0,0,0,0,0,0,0,0,0,0,0,0,0,0,0,0,0,0,0,0,0,0,0,0,0,0,0,0,0,0,0,0,0,0,0,0,0,0,0,0,0,0,0,0,0,0,0
5081,0,0,0,0,0,0,0,0,0,0,0,0,0,0,0,0,0,0,0,0,0,0,0,0,0,0,0,0,0,0,0,0,0,0,0,0,0,0,0,0,0,0,0,0,0,0,0,0,0,0,0,0,0,0
5082,0,0,0,0,0,0,0,0,0,0,0,0,0,0,0,0,0,0,0,0,0,0,0,0,0,0,0,0,0,0,0,0,0,0,0,0,0,0,0,0,0,0,0,0,0,0,0,0,0,0,0,0,0,0
5088,0,0,0,0,0,0,0,0,0,0,0,0,0,0,0,0,0,0,0,0,0,0,0,0,0,0,0,0,0,0,0,0,0,0,0,0,0,0,0,0,0,0,0,0,0,0,0,0,0,0,0,0,0,0
5089,0,0,0,0,0,0,0,0,0,0,0,0,0,0,0,0,0,0,0,0,0,0,0,0,0,0,0,0,0,0,0,0,0,0,0,0,0,0,0,0,0,0,0,0,0,0,0,0,0,0,0,0,0,0
509,0,0,1.04306885611018,0.978530736118733,0,0,0,0,0,0,0,0,0,0,0,0,1.11610378782857,0,0,0,0,0,0,0,0,0,0,0,0,0,0,0,0,0,0,0,0,0,0,0,0,0,0,0,0,0,0,0,1.59393776516312,0,0,0,0,0
5090,0,0,0,0,0,0,0,1.02240945138075,0,0,0,0,0,0,0,0,0,0,0,0,0,0,0,0,0,0,0,0,0,0,0,0,0,0,0,0,0,0,0,0,0,0,0,0,0,0,0,0,0,0,0,0,0,0
5091,0,0,0,0,0,0,0,0,0,0,0,0,0,0,0,0,0,0,0,0,0,0,0,0,0,0,0,0,0,0,0,0,0,0,0,0,0,0,0,0,0,0,0,0,0,0,0,0,0,0,0,0,0,0
5092,0,0,0,0,0,0,0,0,0,0,0,0,0,0,0,0,0,0,0,0,0,0,0,0,0,0,0,0,0,0,0,0,0,0,0,0,0,0,0,0,0,0,0,0,0,0,0,0,0,0,0,0,0,0
5093,2.709927885229,0,0,0,0,0,0,0,0,0,0,0,0,0,0,0,0,0,0,0,0,0,0,0,1.08340074459836,0,0,0,1.88579470830498,0,0,0,0.961078869798163,0.819310587695601,0,0,0,0,0,0,0,0,0,0,0,0,0.824063590163226,0,0,0,0,0,0,0
5094,0.903309295076332,0.876539980272536,0,0,2.11795411134119,1.79999099787746,1.81419358507957,2.04481890276149,0,2.70649836695223,0,0,0.937273526698761,0,0,0,0,0,0,0,0,0,1.08216648605602,0,0,0,0.927244667958238,0,0,3.16390864724539,0,0,1.92215773959633,0.819310587695601,0,0,0,0,0,0,0,0,0,0,0,0,0.824063590163226,0,0,0.651700149370734,0,0,0,0
5095,0,0,0,0,0,0,0,0,0,0,0,0,0,0,0,0,0,0,0,0,0,0,0,0,0,0,0,0,0,0,0,0,0,0,0,0,0,0,0,0,0,0,0,0,0,0,0,0,0,0,0,0,0,0
5096,2.709927885229,0.876539980272536,1.04306885611018,1.95706147223747,0,2.69998649681618,0.907096792539785,9.20168506242671,4.55136396621202,0.902166122317409,1.99865155693423,1.32603040223577,0,3.63265678902947,0,0,0,0,0,0,0,0,0,0,3.25020223379508,0,0.927244667958238,0,0,1.05463621574846,0,1.43407603414644,0,0,0,1.12182576823647,0,0,0,0,0.943096182561662,0,0,0,3.12418501333915,0,0,0,0,0,0,0,0,0
5097,0,0,0,0,0,0,0,0,0,0,0,0,0,0,0,0,0,0,0,0,0,0,0,0,0,0,0,0,0,0,0,0,0,0,0,0,0,0,0,0,0,0,0,0,1.56209250666957,0,0,0,0,0,0,0,0,0
5098,0.903309295076332,0,1.04306885611018,0.978530736118733,0,0,0,0,0,0,0,0,0,0,0,0,0,0,1.02239568179542,0,0,0,0,0,0,0,0,0,0,0,2.15406553226468,0,0,0,0,0,0,0,0,0,0,0,0,0,0,0,0,0,0,0,0,0,0,0
5099,0,0,0,0,0,0,0.907096792539785,0,0,0,0,0.663015201117883,0,0,0,0,0,0,0,0,0,0,0,0,0,0,0,0,0,0,0,0,0,0,0,0,0,0,0,0,0,0,0,0,0,0,0,0,0,0,0,0,0,0
510,0,0.876539980272536,0,0,0,0,0,0,0,0,0,0,0,0,0,0,0,0,0,0,0,0,0,1.22802413238947,0,0,0,0,0,0,0,0,0,0,0,0,0,0,0,0,0,0,0,0,0,0,0,0,0,0,0,0,0,0
5101,0,0,0,0,0,0,0,0,0,0,0,0,0,0,0,0,0,0,0,0,0,0,0,0,0,0,0,0,0,0,0,0,0,0,0,0,0,0,0,0,0,0,0,0,0,0,0,0,0,0,0,0,0,0
5103,1.80661859015266,0,2.08613771222035,0,0,0,0.907096792539785,0,0,0.902166122317409,0,1.32603040223577,2.81182058009628,1.21088559634316,2.19920170860911,0,1.11610378782857,1.90263371411602,1.02239568179542,0,0,0,0,2.45604826477893,1.08340074459836,0,1.85448933591648,0,0,0,2.15406553226468,0,3.84431547919265,2.4579317630868,0,1.12182576823647,0,0,0.832811761267273,10.0308720951777,2.82928854768498,1.94504702778147,1.22564079061044,0,1.56209250666957,1.07013972156618,4.94438154097936,4.06593531102264,0,0.651700149370734,0,0,0,0
5104,0,0,0,0,0,0,0,0,0,0,0,0,0,0,0,0,0,0,0,0,0,0,0,0,0,0,0,0,0,0,0,0,0,0,0,0,0,0,0,0,0,0,0,0,0,0,0,0,0,0,0,0,0,0
5105,0,0,0,0,0,0,0,0,0,0,0,0,0,0,0,0,0,1.90263371411602,0,0,0,0,0,0,0,0,1.85448933591648,1.1513605585278,0,0,0,0,0,0,0,0,0,0,0,0,2.82928854768498,0,0,0,0,0,0,0,0.796968882581562,0,0,0,1.09678960865664,1.81734996169588
5106,0,0,0,0,0,0,0,0,0,0,0,0,0,0,0,0,0,0,0,0,0,0,2.16433297211204,0,0,0,0,0,0,0,0,0,0,0,0.989404235784912,0,0,0,0,0,0.943096182561662,0,0,0,0,0,0,0,0,0,0,0,0,0
5107,0,0,0,0,0,0,0,0,0,0,0,0,0,0,0,0,0,0,0,0,0,0,0,0,0,0,0,0,0,0,0,0,0,0,0,0,0,0,0,0,0,0,0,0,0,0,0,0,0,0,0,0,0,0.908674980847939
5108,0,1.75307996054507,0,4.89265368059366,7.41283938969417,7.19996399150982,4.53548396269892,2.04481890276149,0.910272793242405,3.60866448926964,2.99797733540135,3.9780912067073,0.937273526698761,1.21088559634316,0,0,0,2.85395057117402,2.04479136359084,2.87613133108202,4.22024442564594,1.03070786942743,8.65733188844818,0,4.33360297839344,1.77316352118316,3.70897867183295,4.60544223411119,3.77158941660996,1.05463621574846,0,10.0385322390251,1.92215773959633,3.2772423507824,10.883446593634,8.97460614589179,1.21864658477113,3.92861783651859,3.33124704506909,3.76157703569164,1.88619236512332,7.7801881111259,7.35384474366266,3.74132826318984,12.4967400533566,3.21041916469855,7.41657231146904,5.69230943543169,3.18787553032625,1.30340029874147,3.71721093020283,4.42520170735808,4.38715843462657,1.81734996169588
5109,0,0,0,0,0,0,0,0,0,1.80433224463482,0,0,0,0,0,0,0,0,0,0,0,0,0,0,0,0,0,0,0,0,0,0,0,0,0,0,0,0,0,0,0,0,0,0,0,0,0,0,0,0,0,0,0,0
511,0,0,0,0,0,0,0,0,0,0,0,0,0,0,0,0,0,0,0,0,0,0,0,0,0,0.886581760591582,0,0,0,0,0,0,0,0,0,0,0,0,0,0,0,0,0,0,0,0,0,0,0,0.651700149370734,0.929302732550708,0,0,0
5110,0,0,0,0,0,0,3.62838717015914,0,0,0,0,0,0,0,0,0,0,0,0,0,0,0,0,0,1.08340074459836,0,0,3.45408167558339,0,0,0,0,0,0,0,0,0,0,0,0,0,0.972523513890737,0,0,0,1.07013972156618,0,2.43956118661358,0,0,0,0,0,0
5111,0,0,0,0,0,0,0,0,0,0,0,0,0,0,0,0,0,0,0,0,0,0,0,0,0,0,0,0,0,0,0,0,0,0,0,0,0,0,0,0,0,0,0,0,0,0,0,0,0,0,0,0,0,0
5112,0,0,0,0,1.0589770556706,0,0,0,0,0,0,0,0,0,0,0,0,0,0,0,0,0,0,0,0,0,0,0,0,0,4.30813106452935,0,0,0,0,0,0,0,0,0,0,0,0,0,0,2.14027944313237,0,0,0.796968882581562,0,0,0,0,0
5113,0,0,0,0,0,0,0,0,0,0,0,0,0,0,0,0,0,0,0,0,0,0,0,0,0,0,0,0,0,0,0,0,0,0,0,0,0,0,0,0,0,0,0,0,0,0,0,0,0,0,0,0,0,0
5115,77.6845993765646,21.9134995068134,44.8519608127376,48.9265368059366,34.9462428371297,44.9997749469364,19.9561294358753,38.8515591524683,44.6033668688778,41.4996416266008,59.959546708027,41.1069424693087,47.8009498616368,12.1088559634316,60.4780469867506,41.0942879178239,46.8763590888,53.2737439952484,49.0749927261803,0,38.8262487159427,0,83.3268194263137,71.2253996785891,6.50040446759016,0,22.2538720309977,31.0867350802505,21.6866391455073,55.8957194346686,30.1569174517055,63.0993455024433,49.9761012295045,71.2800211295173,24.7351058946228,68.4313718624249,0,0,64.12650561758,62.6929505948607,63.1874442316313,44.7360816389739,25.7384566028193,43.0252750266832,49.9869602134264,54.5771257998754,75.8138502950168,100.022008651157,51.8029773678015,54.0911123977709,0,0,40.5812155202957,65.4245986210516
5116,0,0,0,0,0,0,0,0,0,0,0,0,0,0,0,0,0,0,0,0,0,0,0,0,0,0,0,0,0,0,0,0,0,0,0,0,0,0,0,0,0,0,0,0,0,0,0,0,0,0,0,0,0,0
5117,0,0,0,0,0,0,0,0,0,0,0,0,0,0,0,0,0,0,0,0,0,0,0,0,0,0,0,0,0,0,0,0,0,0,0,0,0,0,0,0,0,0,0,0,0,0,0,0,0,0,0,0,0,0
5118,0,0,0,0,0,0,0,0,0,0,0,0,0,0,0,0,0,0,0,0,0,0,0,0,0,0,0,0,0,0,0,0,0,0,0,0,0,0,0,0,0,0,0,0,0,0,0,0,0,0,0,0,0,0
5119,0,0,0,0,0,0,0,0,0,0,0,0,0,0,0,0,0,0,0,0,0,0,0,0,0,0,0,0,0,0,0,0,0,0,0,0,0,0,0,0,0,0,0,0,0,0,0,0,0,0,0,0,0,0
5120,0,0,0,0,0,0,0,0,0,0,0,0,0,0,0,0,0,0,0,0,0,0,0,0,0,0,0,0,0,0,0,0,0,0,0,0,0,0,0,0,0,0,0,0,0,0,0,0,0,0,0,0,0,0
5122,0,0,0,0,0,0,0,0,0,0,0,0,0,0,0,0,1.11610378782857,0,0,0,0,0,0,0,0,0,0,0,0,0,0,0,0,0,0,0,0,0,0,0,0,0,0,0,0,0,0,0,0,0,0,0,0,0
5123,0,0,0,0,0,0,0,0,0,0,0,0,0,0,0,0,0,0,0,0,0,0,0,0,0,0,0,0,0,0,0,0,0,0,0,0,0,0,0,0,0,0,0,0,0,0,0,0,0,0,0,0,0,0
5124,0,0,0,0,0,0,0,0,0,0,0,0,0,0,0,0,0,0,0,0,0,0,0,0,0,0,0,0,0,0,0,0,0,0,0,0,0,0,0,0,0,0,0,0,0,0,0,0,0,0,0,0,0,0
513,0,0,0,0,0,0,0,0,0,1.80433224463482,2.99797733540135,0,0,0,0,0,0,0,0,0,0,0,0,2.45604826477893,3.25020223379508,0,0.927244667958238,0,0,0,0,0,0,0.819310587695601,0,1.12182576823647,0,0,0.832811761267273,0,0.943096182561662,1.94504702778147,2.45128158122089,0,1.56209250666957,1.07013972156618,0,0,0.796968882581562,0,0,0,0,0
5130,0,0,0,0,0,0,0,0,0,0,0,0,0,0,0,0,0,0,0,0,0,0,0,0,0,0,0,0,0,0,0,0,0,0,0,0,0,0,0,0,0,0,0,0,0,0,0,0,0,0,0,0,0,0
5131,0,0,0,0,0,0,0,0,0,0,0,0,0,0,0,0,0,0,0,0,0,0,0,0,0,0,0,0,0,0,0,0,0,0,0,0,0,0,0,0,0,0,0,0,0,0,0,0,0,0,0,0,0,0
5134,0,0,0,0,0,0,0,0,0,0,0,0,0,0,0,0,0,0,0,0,0,0,0,0,0,0,0,0,0,0,0,0,0,0,0,0,0,0,0,0,0,0,0,0,0,0,0,0,0,0,0,0,0,0
5135,0,0,0,0,0,0,0,0,0,0,0,0,0,0,0,0,0,0,0,0,0,0,0,0,0,0,0,0,0,1.05463621574846,0,0,0,0,0,0,0,0,0,0,0,0,0,0,0,0,0,0,0,0,0,0,0,0
5137,0,0,0,0,0,0,0,0,0,0,0,0,0,0,0,0,0,0,0,0,0,0,0,0,0,0,0,0,0,0,0,0,0,0,0,0,0,0,0,0,0,0,0,0,0,0,0,0,0,0,0,0,0,0
5138,0,0,0,0,0,0,0,0,0,0,0,0,0,0,0,0,0,0,0,0,0,0,0,0,0,0,0,0,0,0,0,0,0,0,0,0,0,0,0,0,0,0,0,0,0,0,0,0,0,0,0,0,0,0
5140,0,0,0,0,0,0,0,0,0,0,0,0,0,0,0,0,0,0,0,0,0,0,0,0,0,0,0,0,0,0,0,0,0,0,0,0,0,0,0,0,0,0,0,0,0,0,0,0,0,0,0,0,0,0
5142,0,0,0,0,0,0,0,0,0,0,0,0,0,0,0,0,0,0,0,0,0,0,0,0,0,0,0,0,0,0,0,0,0,0,0,0,0,0,0,0,0,0,0,0,0,0,0,0,0,0,0,0,0,0
5143,0,0,0,0,0,0,0,0,0,0,0,0,0,0,0,0,0,0,0,0,0,0,0,0,0,0,0,0,0,0,0,0,0,0,0,0,0,0,0,0,0,0,0,0,0,0,0,0,0,0,0,0,0,0
5144,0,0,0,0,0,0,0,0,0,0,0,0,0,0,0,0,0,0,0,0,0,0,0,0,0,0,0,0,0,0,0,0,0,0,0,0,0,0,0,0,0,0,0,0,0,0,0,0,0,0,0,0,0,0
5145,0,0,0,0,0,0,0,0,0,0,0,0,0,0,0,0,0,0,0,0,0,0,0,0,0,0,0,0,0,0,0,0,0,0,0,0,0,0,0.832811761267273,0,1.88619236512332,0,0,0,0,0,0,0,0,0,0,0,0,0
5146,0,0,0,0,0,0,0,0,0,0,0,0,0,0,0,0,0,0,0,0,0,0,0,0,0,0,0,0,0,0,0,0,0,0,0,0,0,0,0,0,0,0,0,0,0,0,0,0,0,0,0,0,0,0
5147,0,0,0,0,0,0,0,0,0,0,0,0,0,0,0,0,0,0,0,0,0,0,0,0,0,0,0,0,0,0,0,0,0,0,0,0,0,0,0,0,0,0,0,0,0,0,0,0,0,0,0,0,0,0
5148,0,0,0,0,0,0,0,0,0,0,0,0,0,0,0,0,0,0,0,0,0,0,0,0,0,0,0,0,0,0,0,0,0,0,0,0,0,0,0,0,0,0,0,0,0,0,0,0,0,0,0,0,0,0
5149,0,0,0,0,0,0,0,0,0,0,0,0,0,0,0,0,0,0,0,0,0,0,0,0,0,0,0,0,0,0,0,0,0,0,0,0,0,0,0,0,0,0,0,0,1.56209250666957,0,0,0,0,0,0,0,0,0
5150,0,0,0,0,0,0,0,0,0,0,0,0,0,0,0,0,0,0,0,0,0,0,0,0,0,0,0,0,0,0,0,0,0,0,0,0,0,0,0,0,0,0,0,0,0,0,0,0,0,0,0,0,0,0
5151,0,0,0,0,0,0,0,0,0,0,0,0,0,0,0,0,0,0,0,0,0,0,0,0,0,0,0,0,0,0,0,0,0,0,0,0,0,0,0,0,0,0,0,0,0,0,0,0,0,0,0,0,0,0
5153,0,0,0,0,0,0,0,0,0,0,0,0,0,0,0,0,0,0,0,0,0,0,0,0,0,0,0,0,0,0,0,0,0,0,0,0,0,0,0,0,0,0,0,0,0,0,0,0,0,0,0,0,0,0
5155,0,0,0,0,0,0,0,0,0,0,0,0,0,0,0,0,0,0,0,0,0,0,0,0,0,0,0,0,0,0,0,0,0,0,0,0,0,0,0,0,0,0,0,0,0,0,0,0,0,0,0,0,0,0
5156,0,0,0,0,0,0,0,0,0,0,0,0,0,0,0,0,0,0,0,0,0,0,0,0,0,0,0,0,0,0,0,0,0,0,0,0,0,0,0,0,0,0,0,0,0,0,0,0,0,0,0,0,0,0
5158,0,0,0,0,0,0,0,0,0,0,0,0,0,0,0,0,0,0,0,0,0,0,0,0,0,0,0,0,0,0,0,0,0,0,0,0,0,0,0,0,0,0,0,0,0,0,0,0,0,0,0,0,0,0
5159,0,0,0,0,0,0,0,0,0,0,0,0,0,0,0,0,0,0,0,0,0,0,0,0,0,0,0,0,0,0,0,0,0,0,0,0,0,0,0,0,0,0,0,0,0,0,0,0,0,0,0,0,0,0
5160,0,0,0,0,0,0,0,0,0,0,0,0,0,0,0,0,0,0,0,0,0,0,0,0,0,0,0,0,0,0,0,0,0,0,0,0,0,0,0,0,0,0,0,0,0,0,0,0,0,0,0,0,0,0
5161,0,0,0,0,0,0,0,0,0,0,0,0,0,0,0,0,0,0,0,0,0,0,0,0,0,0,0,0,0,0,0,0,0,0,0,0,0,0,0,0,0,0,0,0,0,0,0,0,0,0,0,0,0,0
5164,0,0,0,0,0,0,0,0,0,0,0,0,0,0,0,0,0,0,0,0,0,0,0,0,0,0,0,0,0,0,0,0,0,0,0,0,0,0,0,0,0,0,0,0,0,0,0,0,0,0,0,0,0,0
5165,0,0,0,0,0,0,0,0,0,0,0,0,0,0,0,0,0,0,0,0,0,0,0,0,0,0,0,0,0,0,0,0,0,0,0,0,0,0,0,0,0,0,0,0,0,0,0,0,0,0,0,0,0,0
5167,0,0,0,0,0,0,0,0,0,0,0,0,0,0,0,0,0,0,0,0,0,0,0,0,0,0,0,0,0,0,0,0,0,0,0,0,0,0,0,0,0,0,0,0,0,0,0,0,0,0,0,0,0,0
5168,0,0,0,0,0,0,0,0,0,0,0,0,0,0,0,0,0,0,0,0,0,0,0,0,0,0,0,0,0,0,0,0,0,0,0,0,0,0,0,0,0,0,0,0,0,0,0,0,0,0,0,0,0,0
517,0,0,0,0,0,0,0,0,0.910272793242405,0,0,0,0,0,0,0,0,0,0,0,0,0,0,0,0,0,0,0,0,0,1.07703276613234,0,0,0,0,0,0,0,0,5.01543604758885,0,0.972523513890737,0,0,0,0,0,4.06593531102264,1.59393776516312,0,0,0,0,0.908674980847939
5170,0,0,0,0,0,0,0,0,0,0,0,0,0,0,0,0,0,0,0,0,0,0,0,0,0,0,0,0,0,0,0,0,0,0,0,0,0,0,0,0,0,0,0,0,0,0,0,0,0,0,0,0,0,0
5171,0,0,0,0,0,0,0,0,0,0,0,0,0,0,0,0,0,0,0,0,0,0,0,0,0,0,0,0,0,0,0,0,0,0,0,0,0,0,0,0,0,0,0,0,0,0,0,0,0,0,0,0,0,0
5173,0,1.75307996054507,3.12920656833053,0,1.0589770556706,0.899995498938728,0.907096792539785,0,0,0,7.99460622773693,1.32603040223577,1.87454705339752,1.21088559634316,1.09960085430456,0,3.34831136348571,0,2.04479136359084,0,0.844048885129189,0,0,2.45604826477893,2.16680148919672,0,3.70897867183295,3.45408167558339,0.942897354152491,4.21854486299386,1.07703276613234,2.86815206829288,0.961078869798163,2.4579317630868,1.97880847156982,4.48730307294589,0,0,0.832811761267273,1.25385901189721,0.943096182561662,0,0,5.61199239478476,1.56209250666957,2.14027944313237,0.824063590163226,0.813187062204528,0,0.651700149370734,0,0,0,7.26939984678351
5174,0,0,0,0,0,0,0,0,0,0,0,0,0,0,0,0,0,0,0,0,0,0,0,0,0,0,0,0,0,0,0,0,0,0,0,0,0,0,0,0,0,0,0,0,0,0,0,0,0,0,0,0,0,0
5176,0,0,0,0,0,0,0,0,0,0,0,0,0,0,1.09960085430456,0,0,0,0,0,0,0,0,0,0,0,0,0,0,0,0,0,0,0,0,0,0,0,0,0,0,0.972523513890737,0,0,0,0,0,0,0,0,0,0,0,0
5177,0,0,0,0,0,0,0,0,0,0,0,0,0,0,0,0,0,0,0,0,0,0,0,0,0,0,0,0,0,0,0,0,0,0,0,0,0,0,0,0,0,0,0,0,0,0,0,0,0,0,0,0,0,0
5179,0,0,0,0,0,0,0,0,0,0,0,0,0,0,0,0,0,0,0,0,0,0,0,0,0,0,0,0,0,0,0,0,0,0,0,0,0,0,0,0,0,0,0,0,0,0,0,0,0,0,0,0,0,0
5180,0,0,0,0,0,0,0,0,0,0,0,0,0,0,0,0,0,0,0,0,0,0,0,0,0,0,0,0,0,0,0,0,0,0,0,0,0,0,0,0,0,0,0,0,0,0,0,0,0,0,0,0,0,0
5181,0,0,0,0,0,0,0,0,0,0,0.999325778467116,0,0,0,1.09960085430456,1.08142862941642,0,0,0,0,0,0,0,0,0,0,0,0,0,0,0,0,0,0,0,0,1.21864658477113,2.35717070191115,0,0,0,0,0,0,0,0,0,0,1.59393776516312,0,0,0,0,0
5183,0,0,0,0,0,0,0,0,0,0,0,0,0,0,0,0,0,0,0,0,0,0,0,0,0,0,0,0,0,0,0,0,0,0,0,0,0,0,0,0,0,0,0,0,0,0,0,0,0,0,0,0,0,0
5184,0,0,0,0,0,0,0,0,0,0,0,0,0,0,0,0,0,0,0,0,0,0,0,0,0,0,0,0,0,0,0,0,0,0,0,0,0,0,0,0,0,0,0,0,0,0,0,0,0,0,0,0,0,0
5186,0,0.876539980272536,1.04306885611018,0,5.29488527835298,0.899995498938728,0,0,0,0,0,1.98904560335365,0,0,0,1.08142862941642,0,0,0,0,0.844048885129189,0,0,1.22802413238947,0,0.886581760591582,0,2.30272111705559,0,0,0,1.43407603414644,0,0,0,2.24365153647295,0,0,0.832811761267273,0,1.88619236512332,0,0,0,3.12418501333915,0,0,0,0,0,0,0,0,0
5188,0,0,0,0,0,0,0,0,0,0,0,0,0,0,0,0,0,0,0,0,0,0,0,0,0,0,0,0,0,0,0,0,0,0,0,0,0,0,0,0,0,0,0,0,0,0,0,0,0,0,0,0,0,0.908674980847939
5189,0,0,0,0,0,0,0,0,0,0,0,0,0,0,0,0,0,0,0,0,0,0,0,0,0,0,0,0,0,0,0,0,0,0,0,1.12182576823647,0,0,0,0,0,0,0,0,0,0,0,0,0,0,0,0,0,0
519,0,0,0,0,0,0,0,0,0,0,0,0,0,0,0,0,0,0,0,0,0,0,0,0,0,0,0,0,0,0,0,0,0,0,0,0,0,0,0,0,0,0,0,0,0,0,0,0,0,0,0,0,0,0
5191,0,0,0,0,0,0,0,0,0,0,0,0,0,0,0,0,0,0,0,0,0,0,0,0,0,0,0,0,0,0,0,0,0,0,0,0,0,0,0,0,0,0,0,0,0,0,0,0,0,0,0,0,0,0
5192,0,0.876539980272536,0,0.978530736118733,0,0,0,0,0,0.902166122317409,0,0,0,0,0,0,0,0.951316857058008,0,0,0,0,0,0,0,0,1.85448933591648,0,0,1.05463621574846,0,1.43407603414644,1.92215773959633,0,0,0,0,0,0,0,0,0,0,0.93533206579746,0,2.14027944313237,0,0,0,0.651700149370734,0,0,0,0
5194,0,0,0,0,0,0,0,0,0,0,0,0,0,0,0,0,0,0,0,0,0,0,0,0,0,0,0,0,0,0,0,0,0,0,0,0,0,0,0,0,0,0,0,0,0,0,0,0,0,0,0,0,0,0
5197,0,0,0,0,0,0,0,0,0.910272793242405,0,0,0,0,0,0,0,0,0,2.04479136359084,0,0,0,0,0,0,0,0,0,0,0,0,0,0,0,0,0,0,0,0,0,0,0.972523513890737,0,0,0,0,0,0,0,0,0,0,0,0
5198,0,0.876539980272536,0,0,0,0,0,0,0,0,0,0,0,0,0,0,0,0,0,0,0,0,0,0,0,0,0.927244667958238,0,0,0,0,0,0,0,0,0,0,0,0,0,0,0,0,0,0,0,0,0.813187062204528,0,0,0,0,0,0
5200,1.80661859015266,0,5.21534428055088,0.978530736118733,0,2.69998649681618,0,6.13445670828447,0.910272793242405,3.60866448926964,0,0.663015201117883,0,0,4.39840341721822,1.08142862941642,2.23220757565714,0,0,0,1.68809777025838,0,1.08216648605602,0,0,0,0.927244667958238,8.05952390969458,1.88579470830498,1.05463621574846,1.07703276613234,0,0,0,1.97880847156982,0,0,0,2.49843528380182,0,4.71548091280831,2.91757054167221,2.45128158122089,0.93533206579746,0,1.07013972156618,0,0,0,2.60680059748294,0,0,0,2.72602494254382
5201,1.80661859015266,0,0,9.78530736118733,2.11795411134119,0,1.81419358507957,0,0.910272793242405,4.51083061158705,3.99730311386846,0,1.87454705339752,0,13.1952102516547,0,1.11610378782857,0,6.13437409077253,0,0,0,1.08216648605602,2.45604826477893,0,0,4.63622333979119,3.45408167558339,9.42897354152491,4.21854486299386,2.15406553226468,0,0,4.096552938478,3.95761694313965,0,0,0,7.49530585140546,0,0,11.6702821666888,22.061534230988,1.87066413159492,0,6.42083832939711,10.7128266721219,1.62637412440906,1.59393776516312,1.9551004481122,0,0,0,6.36072486593557
5202,1.80661859015266,2.62961994081761,4.1722754244407,0.978530736118733,0,1.79999099787746,1.81419358507957,0,0,2.70649836695223,3.99730311386846,1.98904560335365,5.62364116019257,1.21088559634316,6.59760512582734,1.08142862941642,2.23220757565714,0,5.11197840897711,0,1.68809777025838,0,1.08216648605602,0,1.08340074459836,0,0,1.1513605585278,4.71448677076245,7.38245351023925,1.07703276613234,0,0,0.819310587695601,1.97880847156982,1.12182576823647,0,0,5.82968232887091,1.25385901189721,1.88619236512332,1.94504702778147,11.030767115494,5.61199239478476,0,2.14027944313237,1.64812718032645,3.25274824881811,1.59393776516312,0.651700149370734,0,0,2.19357921731328,15.447474674415
5205,0,0.876539980272536,0,0,0,0,0,1.02240945138075,0,0.902166122317409,0,0.663015201117883,0,0,0,1.08142862941642,0,0,0,0,0,0,0,0,0,0,0,0,0,0,0,0,0,0,0.989404235784912,1.12182576823647,0,0,0,0,0,1.94504702778147,0,0,0,0,0,0,0,0,0,0,0,0
5208,38.8422996882823,28.9258193489937,40.6796853882969,20.5491454584934,27.5334034474355,25.1998739702844,24.4916133985742,46.0084253121336,21.8465470378177,12.6303257124437,0.999325778467116,15.2493496257113,16.8709234805777,15.7415127524611,8.79680683443645,8.65142903533136,4.46441515131428,28.5395057117402,2.04479136359084,0,21.1012221282297,0,31.3828280956246,8.59616892672627,5.4170037229918,0,17.6176486912065,66.7789123946122,16.9721523747448,11.6009983732331,2.15406553226468,11.4726082731715,10.5718675677798,4.9158635261736,4.94702117892456,0,0,0,9.99374113520728,6.26929505948607,10.3740580081783,4.86261756945369,7.35384474366266,6.54732446058222,4.68627752000872,10.7013972156618,7.41657231146904,4.06593531102264,1.59393776516312,4.56190104559514,0,0,2.19357921731328,14.538799693567
5209,0,0,0,0,0,0,0,0,0,0,0,0,0,0,0,0,0,0,0,0,0,0,0,0,0,0,0,0,0,0,0,0,0,0,0,0,0,0,0,0,0,0,0,0,0,0,0,0,0,0,0,0,0,0
521,0,0,0,0,0,0,0,0,0,0,0,0,0,0,0,0,0,0,0,0,0,0,0,0,0,0,0,0,0,0,0,0,0,0,0,0,0,0,0,0,0,0,0,0,0,0,0,0,0,0,0,0,0,0
5211,0,0,0,0,0,0,0,0,0,0,0,0,0,0,0,0,0,0,0,0,0,0,0,0,0,0,0,0,0,0,0,0,0,0,0,0,0,0,0,0,0,0,0,0,0,0,0,0,0,0,0,0,0,0
5213,0,0,0,0,0,0,0,0,0,0,0,0,0,0,0,0,0,0,0,0,0,0,0,0,0,0,0,0,0,0,0,0,0,0,0,0,0,0,0,0,0,0,0,0,0,0,0,0,0,0,0,0,0,0
5214,0,0,0,0,0,0,0,0,0,0,0,0,0,0,0,0,0,0,0,0,0,0,0,0,0,0,0,0,0,0,0,0,0,0,0,0,0,0,0,0,0,0,0,0,0,0,0,0,0,0,0,0,0,0
5215,0,0,0,0,0,0,0,0,0,0,0,0,0,0,0,0,0,0,0,0,0,0,0,0,0,0,0,0,0,0,0,0,0,0,0,0,0,0,0,0,0,0,0,0,0,0,0,0,0,0,0,0,0,0
5219,0,0,0,0,0,0,0,0,0,0,0,0,0,0,0,0,0,0,0,0,0,0,0,0,0,0,0,0,0,0,0,0,0,0,0,0,0,0,0,0,0,0,0,0,0,0,0,0,0,0,0,0,0,0
5220,0,0,0,0,0,0,0,0,0,0,0,0,0,0,0,0,0,0,0,0,0,0,0,0,0,0,0,0,0,0,0,0,0,0,0,0,0,0,0,0,0,0,0,0,0,0,0,0,0,0,0,0,0,0
5221,0,0,0,0,0,0,0,0,0,0,0,0,0,0,0,0,0,0,0,0,0,0,0,0,0,0,0,0,0,0,0,0,0,0,0,0,0,0,0,0,0,0,0,0,0,0,0,0,0,0,0,0,0,0
5222,0,0,0,0,0,0,0,0,0,0,0,0,0,0,0,0,0,0,0,0,0,0,0,0,0,0,0,0,0,0,0,0,0,0,0,0,0,0,0,0,0,0,0,0,0,0,0,0,0,0,0,0,0,0
5223,0,0,0,0,0,0,0,0,0,0,0,0,0,0,0,0,0,0,0,0,0,0,0,0,0,0,0,0,0,0,0,0,0,0,0,0,0,0,0,0,0,0,0,0,0,0,0,0,0,0,0,0,0,0
5228,0,0,0,0,0,0,0,0,0,0,0,0,0,0,0,0,0,0,0,0,0,0,0,0,0,0,0,0,0,0,0,0,0,0,0,0,0,0,0,0,0,0,0,0,0,0,0,0,0,0,0,0,0,0
5229,0,0,0,0,0,0,0,0,0,0,0,0,0,0,0,0,0,0,0,0,0,0,0,0,0,0,0,0,0,0,0,0,0,0,0,0,0,0,0,0,0,0,0,0,0,0,0,0,0,0,0,0,0,0
5230,0,0,0,0,0,0,0,0,0,0,0,0,0,0,0,0,0,0,0,0,0,0,0,0,0,0,0,0,0,0,0,0,0,0,0,0,0,0,0,0,0,0,0,0,0,0,0,0,0,0,0,0,0,0
5231,0,0,0,0,0,0,0,0,0,0,0,0,0,0,0,0,0,0,0,0,0,0,0,0,0,0,0,0,0,0,0,0,0,0,0,0,0,0,0,0,0,0,0,0,0,0,0,0,0,0,0,0,0,0
5232,0,0,0,0,0,0,0,0,0,0,0,0,0,0,0,0,0,0,0,0,0,0,0,0,0,0,0,0,0,0,0,0,0,0,0,0,0,0,0,0,0,0,0,0,0,0,0,0,0,0,0,0,0,0
5233,0,0,0,0,0,0,0,0,0,0,0,0,0,0,0,0,0,0,0,0,0,0,0,0,0,0,0,0,0,0,0,0,0,0,0,0,0,0,0,0,0,0,0,0,0,0,0,0,0,0,0,0,0,0
5234,0,0,0,0,0,0,0,0,0,0,0,0,0,0,0,0,0,0,0,0,0,0,0,0,0,0,0,0,0,0,0,0,0,0,0,0,0,0,0,0,0,0,0,0,0,0,0,0,0,0,0,0,0,0
5237,0,0,0,0,0,0,0,0,0,0,0,0,0,0,0,0,0,0,0,0,0,0,0,0,0,0,0,0,0,0,0,0,0,0,0,0,0,0,0,0,0,0,0,0,0,0,0,0,0,0,0,0,0,0
524,0,0,0,0,0,0,0,0,0,0,0,0,0,0,0,0,0,0,0,0,0,0,0,0,0,0,0,0,0,0,0,0,0,0,0,0,0,0,0,0,0,0,0,0,0,0,0,0,0,0,0,0,0,0
5240,0,0,0,0,0,0,0,0,0,0,0,0,0,0,0,0,0,0,0,0,0,0,0,0,0,0,0,0,0,0,0,0,0,0,0,0,0,0,0,0,0,0,0,0,0,0,0,0,0,0,0,0,0,0
5242,0,0,0,0,0,0,0,0,0,0,0,0,0,0,0,0,0,0,0,0,0,0,0,0,0,0,0,0,0,0,0,0,0,0,0,0,0,0,0,0,0,0,0,0,0,0,0,0,0,0,0,0,0,0
5243,0,0,0,0,0,0,0,0,0,0,0,0,0,0,0,0,0,0,0,0,0,0,0,0,0,0,0,0,0,0,0,0,0,0,0,0,0,0,0,0,0,0,0,0,0,0,0,0,0,0,0,0,0,0
5244,0,0,0,0,0,0,0,0,0,0,0,0,0,0,0,0,0,0,0,0,0,0,0,0,0,0,0,0,0,0,0,0,0,0,0,0,0,0,0,0,0,0,0,0,0,0,0,0,0,0,0,0,0,0
5245,0,0,0,0,0,0,0,0,0,0,0,0,0,0,0,0,0,0,0,0,0,0,0,0,0,0,0,0,0,0,0,0,0,0,0,0,0,0,0,0,0,0,0,0,0,0,0,0,0,0,0,0,0,0
5246,0,0,0,0,0,0,0,0,0,0,0,0,0,0,0,0,0,0,0,0,0,0,0,0,0,0,0,0,0,0,0,0,0,0,0,0,0,0,0,0,0,0,0,0,0,0,0,0,0,0,0,0,0,0
5247,0,0,0,0,0,0,0,0,0,0,0,0,0,0,0,0,0,0,0,0,0,0,0,0,0,0,0,0,0,0,0,0,0,0,0,0,0,0,0,0,0,0,0,0,0,0,0,0,0,0,0,0,0,0
5249,0,0,0,0,0,0,0,0,0,0,0,0,0,0,0,0,0,0,0,0,0,0,0,0,0,0,0,0,0,0,0,0,0,0,0,0,0,0,0,0,0,0,0,0,0,0,0,0,0,0,0,0,0,0
525,0,0,0,0.978530736118733,2.11795411134119,0,0,0,0,1.80433224463482,3.99730311386846,1.98904560335365,0,0,0,2.16285725883284,0,0,0,1.91742088738801,0,0,0,0,1.08340074459836,0,0,1.1513605585278,0,1.05463621574846,0,7.1703801707322,0,0.819310587695601,0,0,0,3.14289426921487,0,0,0,0,0,0,0,0,0.824063590163226,3.25274824881811,0,0.651700149370734,0,0,1.09678960865664,0
5250,0,0,0,0,0,0,0,0,0,0,0,0,0,0,0,0,0,0,0,0,0,0,0,0,0,0,0,0,0,0,0,0,0,0,0,0,0,0,0,0,0,0,0,0,0,0,0,0,0,0,0,0,0,0
5251,0,0,0,0,0,0,0,0,0,0,0,0,0,0,0,0,0,0,0,0,0,0,0,0,0,0,0,0,0,0,0,0,0,0,0,0,0,0,0,0,0,0,0,0,0,0,0,0,0,0,0,0,0,0
5252,0,0,0,0,0,0,0,0,0,0,0,0,0,0,0,0,0,0,0,0,0,0,0,0,0,0,0,0,0,0,0,0,0,0,0,0,0,0,0,0,0,0,0,0,0,0,0,0,0,0,0,0,0,0
5254,0,0,0,0,0,0,0,0,0,0,0,0,0,0,0,0,0,0,0,0,0,0,0,0,0,0,0,0,0,0,0,0,0,0,0,0,0,0,0,0,0,0,0,0,0,0,0,0,0,0,0,0,0,0
5256,0,0,0,0,0,0,0,0,0,0,0,0,0,0,0,0,0,0,0,0,0,0,0,0,0,0,0,0,0,0,0,0,0,0,0,0,0,0,0,0,0,0,0,0,0,0,0,0,0,0,0,0,0,0
5257,0,0,0,0,0,0,0,0,0,0,0,0,0,0,0,0,0,0,0,0,0,0,0,0,0,0,0,0,0,0,0,0,0,0,0,0,0,0,0,0,0,0,0,0,0,0,0,0,0,0,0,0,0,0
526,0.903309295076332,0,0,0,0,1.79999099787746,0,0,0,0,0,0,0.937273526698761,0,0,0,0,0,0,0,0.844048885129189,0,0,0,1.08340074459836,0,0,1.1513605585278,0,0,0,0,0,0,0,0,0,0,0,0,0,0,0,0,0,0,0,0,0,0,0,0,0,0
5260,0,0,0,0,0,0,0,0,0,0,0,0,0,0,0,0,0,0,0,0,0,0,0,0,0,0,0,0,0,0,0,0,0,0,0,0,0,0,0,0,0,0,0,0,0,0,0,0,0,0,0,0,0,0
5262,0,0,0,0,0,0,0,0,0,0,0,0,0,0,0,0,0,0,0,0,0,0,0,0,0,0,0,0,0,0,0,0,0,0,0,0,0,0,0,0,0,0,0,0,0,0,0,0,0,0,0,0,0,0
5266,0,0,0,0,0,0,0,0,0,0,0,0,0,0,0,0,0,0,0,0,0,0,0,0,0,0,0,0,0,0,0,0,0,0,0,0,0,0,0,0,0,0,0,0,0,0,0,0,0,0,0,0,0,0
5267,0,0,0,0,0,0,0,0,0,0,0,0,0,0,0,0,0,0,0,0,0,0,0,0,0,0,0,0,0,0,0,0,0,0,0,0,0,0,0,0,0,0,0,0,0,0,0,0,0,0,0,0,0,0
5268,0,0,0,0,0,0,0,0,0,0,0,0,0,0,0,0,0,0,0,0,0,0,0,0,0,0,0,0,0,0,0,0,0,0,0,0,0,0,0,0,0,0,0,0,0,0,0,0,0,0,0,0,0,0
5269,0,0,0,0,0,0,0,0,0,0,0,0,0,0,0,0,0,0,0,0,0,0,0,0,0,0,0,0,0,0,0,0,0,0,0,0,0,0,0,0,0,0,0,0,0,0,0,0,0,0,0,0,0,0
5270,0,0,0,0,0,0,0,0,0,0,0,0,0,0,0,0,0,0,0,0,0,0,0,0,0,0,0,0,0,0,0,0,0,0,0,0,0,0,0,0,0,0,0,0,0,0,0,0,0,0,0,0,0,0
5271,0,0,0,0,0,0,0,0,0,0,0,0,0,0,0,0,0,0,0,0,0,0,0,0,0,0,0,0,0,0,0,0,0,0,0,0,0,0,0,0,0,0,0,0,0,0,0,0,0,0,0,0,0,0
5272,0,0,0,0,0,0,0,0,0,0,0,0,0,0,0,0,0,0,0,0,0,0,0,0,0,0,0,0,0,0,0,0,0,0,0,0,0,0,0,0,0,0,0,0,0,0,0,0,0,0,0,0,0,0
5273,0,0,0,0,0,0,0,0,0,0,0,0,0,0,0,0,0,0,0,0,0,0,0,0,0,0,0,0,0,0,0,0,0,0,0,0,0,0,0,0,0,0,0,0,0,0,0,0,0,0,0,0,0,0
5274,0,0,0,0,0,0,0,0,0,0,0,0,0,0,0,0,0,0,0,0,0,0,0,0,0,0,0,0,0,0,0,0,0,0,0,0,0,0,0,0,0,0,0,0,0,0,0,0,0,0,0,0,0,0
5276,0,0,0,0,0,0,0,0,0,0,0,0,0,0,0,0,0,0,0,0,0,0,0,0,0,0,0,0,0,0,0,0,0,0,0,0,0,0,0,0,0,0,0,0,0,0,0,0,0,0,0,0,0,0
5277,0,0,0,0,0,0,0,0,0,0,0,0,0,0,0,0,0,0,0,0,0,0,0,0,0,0,0,0,0,0,0,0,0,0,0,0,0,0,0,0,0,0,0,0,0,0,0,0,0,0,0,0,0,0
5279,0,0,0,0,0,0,0,0,0,0,0,0,0,0,0,0,0,0,0,0,0,0,0,0,0,0,0,0,0,0,0,0,0,0,0,0,0,0,0,0,0,0,0,0,0,0,0,0,0,0,0,0,0,0
528,0,0,0,0,0,0,0,0,0,0,0,0,0,0,0,0,0,0,0,0,0,0,1.08216648605602,0,0,0.886581760591582,0,0,0,0,0,0,0,0,0,0,0,0,0,0,0,0,0,0,0,0,0,0,0,0,0,0,0,0
5280,0,0,0,0,0,0,0,0,0,0,0,0,0,0,0,0,0,0,0,0,0,0,0,0,0,0,0,0,0,0,0,0,0,0,0,0,0,0,0,0,0,0,0,0,0,0,0,0,0,0,0,0,0,0
5287,4.51654647538166,1.75307996054507,2.08613771222035,0,0,0,1.81419358507957,3.06722835414224,0,0.902166122317409,0.999325778467116,1.32603040223577,4.68636763349381,4.84354238537263,6.59760512582734,3.24428588824926,2.23220757565714,2.85395057117402,4.08958272718169,0,1.68809777025838,1.03070786942743,1.08216648605602,1.22802413238947,0,4.43290880295791,0,1.1513605585278,0.942897354152491,2.10927243149693,0,0,0,2.4579317630868,2.96821270735474,0,0,4.71434140382231,3.33124704506909,1.25385901189721,2.82928854768498,0,2.45128158122089,0.93533206579746,4.68627752000872,1.07013972156618,1.64812718032645,3.25274824881811,2.39090664774469,1.9551004481122,7.43442186040566,1.47506723578603,1.09678960865664,3.63469992339175
5288,0,0,0,0,0,0,0,0,0,0,0,0,0.937273526698761,0,0,0,0,0,0,0,0,0,0,0,0,0,0,0,0,0,0,0,0,0,0,0,0,0,0,0,0,0,0,0,0,0,0,0,0,0,0,0,0,0
5290,0,0,0,0,0,0.899995498938728,0,0,0.910272793242405,0.902166122317409,0,0,0,0,0,0,0,0,1.02239568179542,0.958710443694007,0,0,0,0,0,0.886581760591582,0,0,0,1.05463621574846,1.07703276613234,0,0,1.6386211753912,1.97880847156982,0,0,0,2.49843528380182,1.25385901189721,0,0,0,0,0,2.14027944313237,0,0,0,0.651700149370734,0,0,0,1.81734996169588
5292,1.80661859015266,1.75307996054507,0,0,0,0.899995498938728,0,0,0.910272793242405,0,0.999325778467116,0.663015201117883,1.87454705339752,1.21088559634316,0,0,2.23220757565714,0.951316857058008,0,0.958710443694007,0,3.09212360828228,1.08216648605602,0,0,0.886581760591582,0,0,0,1.05463621574846,0,1.43407603414644,0,0,0,1.12182576823647,1.21864658477113,0,0,1.25385901189721,0,0,0,0,0,0,1.64812718032645,1.62637412440906,4.78181329548937,1.30340029874147,0.929302732550708,1.47506723578603,0,3.63469992339175
5294,0,0,0,0,0,0,0,0,0,0,0,0,0,0,0,0,0,0,0,0,0,0,0,0,0,0,0,0,0,0,0,0,0,0,0,0,0,0,0,0,0,0,0,0,0,0,0,0,0,0,0.929302732550708,0,0,0
5297,0,0,0,0,0,0,0,0,0,0,0,0,0,0,0,0,0,0,0,0,0,0,0,0,0,0,0,0,0,0,0,0,0,0,0,0,0,0,0,0,0,0,0,0,0,0,0,0,0,0,0,0,0,0
5298,0,0,0,0,0,0,0,0,0,0,0,0,0,0,0,0,0,0,0,0,0,0,0,0,0,0,0,0,0,0,0,0,0,0,0.989404235784912,0,0,0,0,1.25385901189721,0,0,0,0,0,0,0,0,0,0,0.929302732550708,0,0,0
530,2.709927885229,5.25923988163522,3.12920656833053,0,0,1.79999099787746,1.81419358507957,5.11204725690373,0,3.60866448926964,7.99460622773693,3.9780912067073,4.68636763349381,0,4.39840341721822,1.08142862941642,3.34831136348571,0,3.06718704538627,1.91742088738801,0.844048885129189,4.12283147770971,2.16433297211204,2.45604826477893,1.08340074459836,1.77316352118316,0,5.75680279263899,0.942897354152491,4.21854486299386,2.15406553226468,5.73630413658576,1.92215773959633,4.096552938478,1.97880847156982,5.60912884118237,2.43729316954225,0,1.66562352253455,8.7770130832805,0,1.94504702778147,14.7076894873253,2.80599619739238,4.68627752000872,13.9118163803604,2.47219077048968,11.3846188708634,2.39090664774469,4.56190104559514,0.929302732550708,2.95013447157206,4.38715843462657,11.8127747510232
5302,7.22647436061066,38.5677591319916,16.6891016977628,16.6350225140185,6.35386233402358,8.99995498938728,21.7703230209548,9.20168506242671,26.3979110040297,10.8259934678089,141.90426054233,17.238395229065,47.8009498616368,25.4285975232063,36.2868281920503,42.1757165472404,72.5467462088571,17.1237034270441,85.8812372708154,7.66968354955205,6.75239108103351,15.4606180414114,29.2184951235126,51.5770135603576,169.010516157344,31.916943381297,150.213636209235,4.60544223411119,16.9721523747448,71.7152626708956,61.3908676695433,106.121626526837,74.9641518442567,77.834505831082,22.756297423053,162.664736394289,64.5882689928697,33.0003898267562,51.6343291985709,62.6929505948607,28.2928854768498,79.7469281390404,77.2153698084579,79.5032255927841,139.026233093592,58.8576846861402,149.979573409707,69.9340873495894,38.254506363915,41.708809559727,28.808384709072,73.7533617893014,58.129849258802,29.077599387134
5304,0,0,0,0,0,0,0,0,0,0,0.999325778467116,0,0,0,0,0,0,0,0,0,0,0,0,0,1.08340074459836,0,0,0,0,0,0,0,0,0,0.989404235784912,0,0,0.785723567303718,0,0,0,0,0,0,0,0,0,0,0,0,0.929302732550708,1.47506723578603,2.19357921731328,0
5305,0,0,0,0,0,0,0,0,0,0,0.999325778467116,0.663015201117883,0.937273526698761,0,0,0,0,0.951316857058008,1.02239568179542,0,0,0,0,0,0,0,0,0,0,0,0,0,0,0,0,0,0,0,0,0,0,0,0,0,0,0,0.824063590163226,0,0,0,0,0,2.19357921731328,0
5306,0,0,0,0,0,0,0,0,0,0.902166122317409,0,0.663015201117883,0,0,0,0,0,0,0,0,0,0,0,0,0,0,0,0,0,0,0,0,0,0.819310587695601,0,0,0,0,0,0,0,0,0,0,0,0,0,0,0,0,0,0,0,0
5316,0,0,0,0,0,0,0,0,0,0,0,0,0,0,0,0,0,0,0,0,0,0,0,0,0,0,0,0,0,0,0,0,0,0,0,0,0,0,0,0,0,0,0,0,0,0,0,0,0,0,0,0,0,0
5318,0,0,0,0,0,0,0,0,0,0,0,0,0,0,0,0,0,0,0,0,0,0,0,0,0,0,0,0,0,0,0,0,0,0,0,0,0,0,0,0,0,0,0,0,0,0,0,0,0,0,0,0,0,0
5320,0,0,0,0,0,0,0,0,0,0,0,0,0,0,1.09960085430456,0,0,0,0,0,0,0,0,0,0,0,0,0,0,0,0,0,0,0,0,0,0,0,0.832811761267273,0,0,0,0,0,0,0,0,0,0,0,0,0,0,0
5327,0,0,0,0,0,0,0,0,0,0,0,0,0,0,0,0,0,0,0,0,0,0,0,0,0,0,0,0,0,0,0,0,0,0,0,0,0,0,0,0,0,0,0,0,0,0,0,0,0,0,0,0,0,0
5329,0,0,0,0,0,0,0,0,0,0,0,0,0,0,0,0,0,0,0,0,0,0,0,0,0,0,0,0,0,0,0,0,0,0,0,0,0,0,0,0,0,0,0,0,0,0,0,0,0,0,0,0,0,0
5330,0,0,0,0,0,0,0,0,0,0,0,0,0,0,0,0,0,0,0,0,0,0,0,0,0,0,0,0,0,0,0,0,0,0,0,0,0,0,0,0,0,0,0,0,0,0,0,0,0,0,0,0,0,0
5331,0,0,0,0,0,0,0,0,0,0,0,0,0,0,0,0,0,0,0,0,0,1.03070786942743,0,0,1.08340074459836,0,0,0,0,0,0,2.86815206829288,0,0,0,0,0,0,0,0,0,0,1.22564079061044,0,0,0,0,0,0,0.651700149370734,0,0,0,0
5332,0,0,1.04306885611018,0,2.11795411134119,0,0,1.02240945138075,0,1.80433224463482,0,0.663015201117883,0.937273526698761,0,0,0,1.11610378782857,0.951316857058008,2.04479136359084,0,2.53214665538757,0,2.16433297211204,0,2.16680148919672,1.77316352118316,0,0,0,0,0,0,0.961078869798163,0,0,0,0,0,0.832811761267273,0,0,0,0,1.87066413159492,0,0,0,0,0.796968882581562,0.651700149370734,0,0,0,0
5334,0,0,0,0,0,0,0,0,0,0,0,0,0,0,0,0,0,0,0,0,0,0,0,0,0,0,0,1.1513605585278,0,0,0,0,0,0,0,0,0,0,0,0,0,0,0,0,0,0,0,0,0,0,0,0,0,0
5335,0,0,0,0,0,0,0,0,0,0,0,0,0,0,0,0,0,0,0,0,0,0,0,0,0,0,0,0,0,0,0,0,0,0,0,0,0,0,0,0,0,0,0,0,0,0,0,0,0,0,0,0,0,0
5337,0,0,0,0,0,0,0,0,0,0,0,0,0,0,0,0,0,0,0,0,0,0,0,0,0,0,0,0,0,0,0,0,0,0,0,0,0,0,0,0,0,0,0,0,0,0,0,0,0,0,0,0,0,0
5339,0,0,0,0,0,0,0,0,0,0,0,0,0,0,0,0,0,0,0,0,0,0,0,0,0,0,0,0,0,0,0,0,0,0,0,0,0,0,0,0,0,0,0,0,0,0,0,0,0,0,0,0,0,0
534,0,0,0,0,0,0,0,0,0,0,0,0,0,0,0,0,0,0,0,0,0,0,0,0,0,0,0,0,0,0,0,0,0,0,0,0,0,0,0,0,0,0,0,0,0,0,0,0,0,0,0,0,0,0
5340,0,0,0,0,0,0,0,0,0,0,0,0,0,0,0,0,0,0,0,0,0,0,0,0,0,0,0,0,0,0,0,0,0,0,0,0,0,0,0,0,0,0,0,0,0,0,0,0,0,0,0,0,0,0
5343,0,0,0,0,0,0,0,0,0,0,0,0,0,0,0,0,0,0,0,0,0,0,0,0,0,0,0,0,0,0,0,0,0,0,0,0,0,0,0,0,0,0,0,0,0,0,0,0,0,0,0,0,0,0
5344,0,0,0,0,1.0589770556706,0,0,0,0,0,1.99865155693423,0.663015201117883,0,1.21088559634316,2.19920170860911,1.08142862941642,0,1.90263371411602,0,0,0,0,1.08216648605602,0,0,0.886581760591582,0,0,0.942897354152491,0,0,0,0,1.6386211753912,0,0,0,0,0,1.25385901189721,0,0,0,0,0,0,0.824063590163226,4.06593531102264,0.796968882581562,0,2.78790819765212,0,0,1.81734996169588
5345,5.41985577045799,4.38269990136268,1.04306885611018,0,0,0,0.907096792539785,1.02240945138075,2.73081837972721,0.902166122317409,1.99865155693423,1.98904560335365,0.937273526698761,2.42177119268632,9.896407688741,1.08142862941642,1.11610378782857,5.70790114234805,0,0.958710443694007,3.37619554051675,0,15.1503308047843,3.6840723971684,3.25020223379508,6.20607232414108,9.27244667958238,0,3.77158941660996,3.16390864724539,3.23109829839702,0,2.88323660939449,0.819310587695601,0,10.0964319141283,0,0.785723567303718,2.49843528380182,2.50771802379443,2.82928854768498,1.94504702778147,0,0.93533206579746,1.56209250666957,2.14027944313237,4.94438154097936,1.62637412440906,4.78181329548937,1.30340029874147,1.85860546510142,4.42520170735808,6.58073765193985,1.81734996169588
5346,0,0,0,0,0,0,0,0,0,0,0,0,0,0,0,0,0,0,0,0,0,0,0,0,0,0,0,0,0,0,0,0,0,0,0,0,0,0,0,0,0,0.972523513890737,0,0,0,0,0,0,0,0,0,0,0,0
5348,0,0,0,0,0,0,0,0,0,0,0,0,0,0,0,0,0,0,0,0,0,0,0,0,0,0,0,0,0,0,0,0,0,0,0,0,0,0,0,0,0,0,0,0,0,0,0,0,0,0,0,0,0,0
535,0,0,0,0,0,0,0,0,0,0,0,0,0,0,0,0,0,0,0,0,0,0,0,0,0,0,0,0,0,0,0,0,0,0,0,0,0,0,0,0,0,0,0,0,0,0,0,0,0,0,0,0,0,0
5350,0,0,0,0,0,0,0,0,0.910272793242405,0,0,0,0,0,0,0,0,0,0,0,0,0,0,0,0,0,0,0,0,0,0,0,0,0,0,0,0,0,0,0,0,0,0,0,0,0,0,0,0,0,0,0,0,0
5352,0,0,0,0,0,0,0,0,0,0,0,0,0,0,0,0,1.11610378782857,0,0,1.91742088738801,2.53214665538757,0,0,0,0,0,0,0,0,0,0,0,0,0,0,0,0,0,0,0,0,0,0,0,0,0,0,0,0,0,0,0,0,0
5353,0,0,0,0,0,0,0,0,0,0,0,0,0,0,0,0,0,0,0,0,0,0,0,0,0,0,0,0,0,0,0,0,0,0,0,0,0,0,0,0,0,0,0,0,0,0,0,0,0,0,0,0,0,0
5356,7.22647436061066,5.25923988163522,4.1722754244407,2.9355922083562,4.23590822268238,2.69998649681618,2.72129037761935,6.13445670828447,5.46163675945443,20.7498208133004,21.9851671262766,5.96713681006095,14.9963764271802,12.1088559634316,8.79680683443645,5.4071431470821,14.5093492417714,8.56185171352207,25.5598920448856,11.5045253243281,6.75239108103351,6.18424721656456,11.9038313466162,9.82419305911574,11.917408190582,5.31949056354949,10.1996913475406,17.270408377917,12.2576656039824,16.8741794519754,20.4636225565144,2.86815206829288,5.76647321878898,4.9158635261736,3.95761694313965,17.9492122917836,6.09323292385563,14.9287477787706,11.6593646577418,13.7924491308694,1.88619236512332,13.6153291944703,13.4820486967149,5.61199239478476,12.4967400533566,5.35069860783092,6.59250872130581,0.813187062204528,15.9393776516312,4.56190104559514,12.0809355231592,17.7008068294323,9.87110647790978,27.2602494254382
5357,0,0,0,0,0,0,0,0,0,0,0,0,0,0,0,0,0,0,0,0,0,0,0,0,0,0,0,0,0,0,0,0,0,0,0,0,0,0,0,0,0,0,0,0,0,0,0,0,0,0,0,0,0,0
5358,0,0,0,0,0,0,0,0,0,0,0,0,0,0,0,0,0,0,0,0,0,0,0,0,0,0,0,0,0,0,0,0,0,0,0,0,0,0,0,0,0,0,0,0,0,0,0,0,0,0,0,0,0,0
5359,0,0,0,0,0,0,0,0,0,0,6.99528044926981,3.31507600558942,0.937273526698761,0,0,1.08142862941642,1.11610378782857,0,1.02239568179542,0,1.68809777025838,0,1.08216648605602,0,1.08340074459836,1.77316352118316,0,0,0,0,0,0,0,0,0,0,0,0,0,0,0,0,1.22564079061044,0,0,0,0.824063590163226,0.813187062204528,0,0,0,0,0,0
536,14.4529487212213,1.75307996054507,6.25841313666105,7.82824588894986,4.23590822268238,8.09995949044855,5.44258075523871,3.06722835414224,2.73081837972721,4.51083061158705,7.99460622773693,2.65206080447153,4.68636763349381,8.47619917440211,16.4940128145683,8.65142903533136,23.4381795444,0,4.08958272718169,0.958710443694007,0.844048885129189,1.03070786942743,9.7394983745042,0,0,2.65974528177475,0,4.60544223411119,0.942897354152491,9.49172594173618,1.07703276613234,2.86815206829288,0,3.2772423507824,14.8410635367737,2.24365153647295,3.65593975431338,7.85723567303718,3.33124704506909,10.0308720951777,6.60167327793163,0.972523513890737,11.030767115494,15.9006451185568,6.2483700266783,2.14027944313237,1.64812718032645,13.0109929952724,11.9545332387234,6.51700149370734,1.85860546510142,10.3254706505022,5.48394804328321,27.2602494254382
5360,0.903309295076332,0,0,0,0,0,0,0,0,0,0,0,0,0,0,0,0,0,0,0,0.844048885129189,0,0,0,0,0,0,0,0,0,0,2.86815206829288,0,0,0,0,0,0,0,0,0,0,0,0,0,0,0,0,0,0,0,0,0,0
5361,105.687187523931,92.0366979286163,122.039056164891,76.3253974172612,49.771921616518,130.499347346116,76.1961305733419,109.39781129774,75.5526418391196,124.498924879802,246.833467281378,134.59208582693,165.897414225681,84.7619917440211,137.450106788069,84.3514330944807,82.5916802993142,113.206705989903,87.9260286344063,137.095593448243,178.094314762259,74.2109665987747,94.1484842868739,69.9973755461996,56.3368387191147,77.1326131714677,73.2523287687008,90.957484123696,48.087765061777,103.35434914335,70.007129798602,63.0993455024433,67.2755208858714,103.233134049646,46.5019990818909,107.695273750701,57.2763894842429,88.7867631053202,76.6186820365891,67.7083866424495,130.147273193509,96.279827875183,35.5435829277028,56.1199239478476,85.9150878668266,102.733413270354,62.6288328524052,65.8681520385667,53.3969151329646,111.440725542395,82.707943197013,63.4278911387992,43.8715843462657,120.853772452776
5363,12.6463301310687,2.62961994081761,12.5168262733221,5.8711844167124,9.53079350103536,6.2999684925711,3.62838717015914,10.2240945138075,5.46163675945443,4.51083061158705,6.99528044926981,13.2603040223577,10.3100087936864,2.42177119268632,9.896407688741,6.48857177649852,2.23220757565714,12.3671191417541,17.3807265905222,13.4219462117161,16.0369288174546,8.24566295541942,1.08216648605602,6.14012066194733,0,8.86581760591582,2.78173400387471,12.6649661438058,18.8579470830498,1.05463621574846,6.46219659679403,0,3.84431547919265,0.819310587695601,3.95761694313965,6.73095460941884,2.43729316954225,4.71434140382231,1.66562352253455,0,0.943096182561662,4.86261756945369,1.22564079061044,2.80599619739238,0,1.07013972156618,2.47219077048968,0,1.59393776516312,3.9102008962244,0.929302732550708,0,4.38715843462657,2.72602494254382
5367,0,0,0,0,0,0,0,0,0,0,0,0,0,0,0,0,0,0,0,0,0,0,0,0,0,0,0,0,0,0,0,0,0,0,0,0,0,0,0,0,0,0,0,0,0,0,0,0,0,0,0,0,0,0
5371,1.80661859015266,0,3.12920656833053,0.978530736118733,0,0,0,2.04481890276149,5.46163675945443,0.902166122317409,0,0,0,0,0,0,0,0,0,0,0,2.06141573885485,0,0,0,0,0,0,0,0,1.07703276613234,0,0,3.2772423507824,0,0,0,0,2.49843528380182,0,0,0,0,0,0,0,0,0,0,1.9551004481122,0,0,0,0
5380,0,0,0,0,0,0,0,0,0,0,0,0,0,0,0,0,0,0,0,0,0,0,0,0,0,0,0,0,0,0,0,0,0,0,0,0,0,0,0,0,0,0,0,0,0,0,0,0,0,0,0,0,0,0
5383,0,0,0,0,0,0,0,0,0,0,0,0,0,0,0,0,0,0,0,0,0,0,0,0,0,0,0,0,0,0,0,0,0,0,0,0,0,0,0,0,0,0,0,0,0,0,0,0,0,0,0,0,0,0
5387,0,0,1.04306885611018,0,0,1.79999099787746,0,0,0,0,0,0,0,0,1.09960085430456,0,0,0,0,9.58710443694007,0,4.12283147770971,0,4.91209652955787,0,0.886581760591582,0,0,1.88579470830498,0,2.15406553226468,0,0.961078869798163,0.819310587695601,0,0,6.09323292385563,3.14289426921487,0,0,0,0,0,0,0,0,0,0,0,0,2.78790819765212,8.85040341471617,0,0.908674980847939
5388,0,0,0,0,0,0,0,0,0,0.902166122317409,0,0,0,0,0,0,0,0,0,0,0,0,0,1.22802413238947,0,0,0,0,0,1.05463621574846,2.15406553226468,0,0,0,0.989404235784912,0,1.21864658477113,0,0,0,0,0,0,0,0,1.07013972156618,0,0,0,1.30340029874147,0,0,0,0.908674980847939
5397,0,0,0,0,0,0,0,0,0,0,0,0,0,0,0,0,0,0,0,0.958710443694007,0,0,0,0,0,0,0,0,0,0,0,0,0,0,0,0,0,0,0,0,0,0,0,0,0,0,0,0,0,0,0,0,0,0
540,0,0,0,0,0,0,0,0,0,0,0,0,0,0,0,0,0,0,0,0,0,0,0,0,0,0,0,0,0,0,0,0,0,0,0,0,0,0,0,0,0,0,0,0,0,0,0,0,0,0,0,0,0,0
5404,0,0,0,0,0,0,0,0,0,0,0,0,0,0,1.09960085430456,0,0,0,0,0,0,0,0,0,0,0,0,0,0,0,0,0,0,0,0,0,0,0,0,0,0,0,0,0,0,0,0,0,0,0,0,0,0,0
5407,0,0,1.04306885611018,0,0,0,0,0,0,0,0,0,0,0,0,0,0,0,0,0,0,0,0,0,0,0,0,0,0,0,0,0,0,0,0,0,0,0,0,0,0,0,0,0,0,0,0,0,0,0,0,0,0,0
5409,0,0,0,0,0,0,0,0,0,0,0,0,0,0,0,0,0,0,0,0,0,0,0,0,0,0,0,0,0,0,0,0,0,0,0,0,0,0,0,0,0,0,0,0,0,0,0,0,0,0,0,0,0,0
5410,46.9720833439693,14.0246396843606,21.9044459783137,12.7208995695435,1.0589770556706,36.8998154564879,18.1419358507957,26.5826457358994,24.5773654175449,28.8693159141571,24.9831444616779,25.1945776424796,20.6200175873728,33.9047966976084,45.0836350264868,17.3028580706627,7.8127265148,21.8802877123342,26.582287726681,16.2980775427981,27.8536132092632,30.9212360828228,20.5611632350644,14.7362895886736,3.25020223379508,31.916943381297,2.78173400387471,24.1785717290837,26.4011259162697,50.6225383559263,10.7703276613234,1.43407603414644,7.6886309583853,18.8441435169988,16.8198720083435,12.3400834506012,10.9678192629401,25.9288777210227,12.4921764190091,16.3001671546638,10.3740580081783,10.6977586527981,12.2564079061044,7.48265652637968,12.4967400533566,9.63125749409566,16.4812718032645,25.2087989283404,8.76665770839718,17.5959040330098,14.8688437208113,13.2756051220743,25.2261609991028,7.26939984678351
5415,0,0,0,0,0,0,0,0,0,0,0,0,0,0,0,0,0,0,0,0,0,0,0,0,0,0,0,0,0,0,0,0,0,0,0,0,0,0,0,0,0,0,0,0,0,0,0,0,0,0,0,0,0,0
542,0,0,0,0,0,0,0,0,0,0,0,0,0,0,0,0,0,0,0,0,0,0,0,0,0,0,0,0,0,0,0,0,0,0,0,0,0,0,0,0,0,0,0,0,0,0,0,0,0,0,0,0,0,0
5421,0,0,0,0,0,0,0,0,0,0,0,0,0,0,0,0,0,0,0,0,0,0,0,0,0,0,0,0,0,0,0,0,0,0,0,0,0,0,0,0,0,0,0,0,0,0,0,0,0,0,0,0,0,0
5422,0,0,0,0,0,0,0,0,0,0,0,0,0,0,0,0,0,0,0,0,0,0,0,0,0,0,0,0,0,0,0,0,0,0,0,0,0,0,0,0,0,0,0,0,0,0,0,0,0,0,0,0,0,0
5423,0,0,0,0,0,0,0,0,0,0,0,0,0,0,0,0,0,0,0,0,0,0,0,0,0,0,0,0,0,0,0,0,0,0,0,0,0,0,0,0,0,0,0,0,0,0,0,0,0,0,0,0,0,0
5424,0,0,0,0,0,0,0,0,0,0,0,0,0,0,0,0,0,0,0,0,0,0,0,0,0,0,0,0,0,0,0,0,0,0,0,0,0,0,0,0,0,0,0,0,0,0,0,0,0,0,0,0,0,0
5426,0,0,0,0,0,0,0,1.02240945138075,0,0,0,0,0,0,0,0,0,0,0,0,0,0,0,0,0,0,0,0,0,0,0,0,0,0,0,0,0,0,0.832811761267273,0,0,0,0,0,0,0,0,0,0,0,0,0,0,0
5427,2.709927885229,1.75307996054507,2.08613771222035,0,0,0,0,0,0,1.80433224463482,1.99865155693423,0.663015201117883,0,1.21088559634316,0,3.24428588824926,0,0,0,0.958710443694007,0.844048885129189,2.06141573885485,1.08216648605602,0,0,1.77316352118316,0,0,0,0,0,0,0.961078869798163,0,0,1.12182576823647,0,0,0,0,3.77238473024665,1.94504702778147,0,0,0,0,0.824063590163226,4.87912237322717,0,2.60680059748294,0,0,0,1.81734996169588
5428,0,0,0,0,0,0,0,0,0,0,0,0,0,0,0,0,0,0,0,0,0,0,0,0,0,0,0,0,0,0,0,0,0,0,0,0,0,0,0,0,0,0,0,0,0,0,0,0,0,0,0,0,0,0
5429,35.229062507977,13.148099704088,26.0767214027544,6.84971515283113,12.7077246680472,17.9999099787746,17.2348390582559,8.17927561104597,17.2951830716057,18.9454885686656,6.99528044926981,24.5315624413617,16.8709234805777,10.8979703670884,12.0956093973501,17.3028580706627,14.5093492417714,42.8092585676103,17.3807265905222,30.6787341982082,31.22980874978,21.644865257976,20.5611632350644,20.8764102506209,6.50040446759016,30.1437798601138,0,34.5408167558339,31.1156126870322,24.2566329622147,6.46219659679403,4.30222810243932,8.64970982818347,12.289658815434,5.93642541470947,6.73095460941884,8.53052609339789,11.7858535095558,14.9906117028109,12.5385901189721,16.9757312861099,7.7801881111259,8.5794855342731,13.0946489211644,12.4967400533566,7.49097805096329,15.6572082131013,19.5164894929087,9.56362659097874,24.1129055267172,13.9395409882606,10.3254706505022,4.38715843462657,12.7214497318711
543,0,0,0,0,0,0,0,0,0,0,0.999325778467116,0,0,0,0,0,0,0,0,0,0,0,0,0,0,0,0,0,0,0,0,0,0,0,0,0,0,0,0,0,0,0,0,0,0,1.07013972156618,0,0,0,0,0,0,1.09678960865664,0
5430,0,0,0,0,0,0,0,0,0,0,0,0,0,0,0,0,0,0,0,0,0,0,0,1.22802413238947,0,0,0,0,0,0,0,0,0,0,0,0,0,0,0,0,0,0,0,0,0,0,0,0,0,0,0,0,0,0
5437,0,0,1.04306885611018,0,0,0,0,0,0,0,0.999325778467116,0,0,0,0,0,0,0,0,0,0,0,0,0,0,0,0.927244667958238,0,0,0,0,0,0,0,0,0,0,0,0,0,0,0,0,0,0,0,0,0,0,0,0,0,0,0
5438,0,0,0,0,0,0,0,0,0,0,0,0,0,0,0,0,0,0,0,0,0,0,0,0,0,0,0,0,0,0,0,0,0,0,0,0,0,0,0,0,0,0,0,0,0,0,0,0,0,0,0,0,0,0
5439,0,0,1.04306885611018,0,0,0,0,0,0,0,0,0.663015201117883,0,0,0,1.08142862941642,0,0,0,0.958710443694007,0,0,0,0,0,0,0,0,0,0,0,0,0,0,0,0,0,0,0,0,1.88619236512332,0.972523513890737,0,0,0,1.07013972156618,0,0,0,0,0,0,0,0
544,0,0,1.04306885611018,0,0,0.899995498938728,0,0,0,0,1.99865155693423,0,0.937273526698761,0,0,0,0,0,1.02239568179542,0,0,0,0,0,0,0,0,0,0,0,0,0,0,0,0.989404235784912,0,0,0,0,0,0,0,0,0,0,1.07013972156618,0,0,0,0,0,0,0,0
5440,10.839711540916,20.1604195462683,17.732170553873,4.89265368059366,14.8256787793883,22.4998874734682,10.8851615104774,12.268913416569,20.0260014513329,18.0433224463482,5.9959546708027,46.4110640782518,27.1809322742641,31.4830255049221,56.0796435695324,41.0942879178239,16.7415568174286,13.3184359988121,16.3583309087268,62.3161788401104,29.5417109795216,54.6275170796536,8.65733188844818,106.838099517884,14.0842096797787,61.1741414808192,54.7074354095361,32.2380956387783,16.9721523747448,39.0215399826932,22.6176880887791,2.86815206829288,13.4551041771743,24.579317630868,47.4914033176758,3.36547730470942,37.7780441279049,66.0007796535123,27.48278812182,17.554026166561,13.2033465558633,29.1757054167221,19.6102526497671,3.74132826318984,26.5555726133828,41.7354491410812,27.1940984753865,5.69230943543169,31.0817864206809,14.3374032861561,42.7479256973326,20.6509413010044,17.5486337385063,15.447474674415
5442,0,0,0,0,0,0,0,0,0,0,0,0,0,0,0,0,0,0,0,0,0,0,0,0,0,0,0,0,0,0,0,0,0,0,0,0,0,0,0,0,0,0,0,0,0,0,0,0,0,0,0,0,0,0
5445,0,0,2.08613771222035,0,0,0,0,0,0,0,0,0,0,0,0,0,0,0,0,0,0,0,0,0,0,0,0,0,0,1.05463621574846,0,0,0,0,0,0,0,0,0,0,0,0,0,0,0,0,0,0,0,0,0,0,0,0.908674980847939
5446,0,0,0,0,0,0,0,0,0,0,0,0,0,0,0,0,0,0,0,0,0,0,0,0,0,0,0,0,0,0,0,0,0,0,0,0,0,0,0,0,0,0,0,0,0,0,0,0,0,0,0,0,0,0
5447,0,0,0,0,0,0,0,0,0,0,0,0,0.937273526698761,0,1.09960085430456,0,0,0.951316857058008,0,0,0.844048885129189,0,0,0,0,0,0,0,0,0,0,0,0,0.819310587695601,0,0,0,0.785723567303718,0,0,0.943096182561662,2.91757054167221,0,0,0,0,0,0,0.796968882581562,1.30340029874147,0.929302732550708,0,0,0
5448,0,0,0,0,0,0,0,0,0,0,0,0,0,0,0,0,0,0,0,0,0,0,0,0,0,0,0,0,0,0,0,0,0,0,0,0,0,0,0,0,0,0,0,0,0,0,0,0,0,0,0,0,0,0
5449,0,0,0,0,0,0,0,0,0,0,0,0,0.937273526698761,0,0,0,0,0,0,0,0,0,0,0,0,0,0,0,0,0,0,0,0,0,0,0,0,0,0,0,0,0,0,0,0,0,0,0,0,0,0,0,0,0
5450,0,0,0,0,0,0,0,0,0,0,0,0,0,0,0,0,0,0,0,0,0,0,0,0,0,0,0,0,0,0,0,0,0,0,0,0,0,0,0,0,0,0,0,0,0,0,0,0,0,0,0,0,0,0
5459,0,0,0,0,0,0,0,0,0,0,0,0,0,0,0,0,0,0,0,0,0,0,0,0,0,0,0,0,0,0,0,0,0,0,0,0,0,0,0,0,0,0,0,0,0,0,0,0,0,0,0,0,0,0
546,0,0.876539980272536,0,0.978530736118733,0,0.899995498938728,0,1.02240945138075,0,0,1.99865155693423,0.663015201117883,0,1.21088559634316,0,0,0,0,1.02239568179542,0,0,0,0,1.22802413238947,0,0,0.927244667958238,1.1513605585278,1.88579470830498,1.05463621574846,0,0,0,0.819310587695601,0,1.12182576823647,0,0,0,0,0,0,0,0,0,0,0,0,0,0,0.929302732550708,0,1.09678960865664,0
5463,37.938990393206,36.8146791714465,37.5504788199663,18.5920839862559,25.4154493360943,45.8997704458751,36.2838717015914,13.2913228679497,24.5773654175449,38.7931432596486,7.99460622773693,39.780912067073,18.7454705339752,18.1632839451474,39.585630754964,20.547143958912,16.7415568174286,12.3671191417541,17.3807265905222,19.1742088738801,22.7893198984881,18.5527416496937,7.57516540239216,18.420361985842,22.7514156365655,29.2571980995222,23.181116698956,111.681974177196,11.3147682498299,29.529814040957,15.0784587258527,10.0385322390251,8.64970982818347,16.386211753912,20.7774889514831,4.48730307294589,10.9678192629401,16.5001949133781,12.4921764190091,20.0617441903554,24.5205007466032,12.6428056805796,17.1589710685462,12.159316855367,10.934647546687,6.42083832939711,10.7128266721219,20.3296765551132,7.17271994323406,9.77550224056101,24.1618710463184,8.85040341471617,6.58073765193985,15.447474674415
5464,0,0,0,0,0,0,0,0,0,0,0,0,0,0,0,0,0,0,0,0,0,0,0,0,0,0,0,0,0,0,1.07703276613234,0,0,0,0,0,0,0,0,0,0,0,0,0,0,0,0,0,0,0,0,0,0,0
5465,0,0,0,0,0,0,0,0,0,0,0,0,0,0,0,0,0,0,0,0,0,0,0,0,0,0,0,0,0,0,0,0,0,0,0,0,0,0,0,0,0,0,0,0,0,0,0,0,0,0,0,0,0,0
5466,0,0,0,0,0,0,0,0,0,0,0,0,0,0,0,0,0,0,0,0.958710443694007,0,0,0,0,0,0,0,0,0.942897354152491,0,0,0,0,0,0,0,0,0,0,0,0,0,0,0,0,0,0,0,0,0,0,0,0,0
5469,4.51654647538166,6.13577986190775,2.08613771222035,0.978530736118733,3.17693116701179,4.49997749469364,0.907096792539785,0,0.910272793242405,3.60866448926964,12.9912351200725,3.9780912067073,3.74909410679505,3.63265678902947,5.49800427152278,3.24428588824926,2.23220757565714,1.90263371411602,3.06718704538627,4.79355221847003,2.53214665538757,6.18424721656456,4.32866594422409,2.45604826477893,3.25020223379508,5.31949056354949,2.78173400387471,3.45408167558339,0.942897354152491,5.27318107874232,5.38516383066169,2.86815206829288,2.88323660939449,5.7351741138692,3.95761694313965,4.48730307294589,6.09323292385563,6.28578853842975,2.49843528380182,6.26929505948607,2.82928854768498,5.83514108334442,4.90256316244177,4.6766603289873,6.2483700266783,2.14027944313237,4.94438154097936,6.50549649763622,1.59393776516312,6.51700149370734,6.50511912785496,10.3254706505022,4.38715843462657,6.36072486593557
547,0,0,0,0,0,0,0,0,0,0,0,0,0,0,0,0,0,0,0,0,0,0,0,0,0,0,0,0,0,0,0,0,0,0,0,0,0,0,0,1.25385901189721,0,0,0,0,0,0,0,0,0,0,0,0,0,0
5472,0,0,0,0,0,0,0,0,0,0,0,0,0,1.21088559634316,0,0,0,0,0,0,0,0,0,0,0,0,0,0,0,0,0,0,0,0,0,0,0,0,0,0,0,0,0,0,0,0,0,0,0,0,0,0,0,0
5473,0,0,0,0,0,0,0,0,0,0,0,0,0,0,0,0,0,0,0,0,0,0,0,0,0,0,0,0,0,0,0,0,0,0,0,0,0,0,0,0,0,0,0,0,0,0,0,0,0,0,0,0,0,0
5474,0,0,0,0,0,0,0,0,0,0,0,0,0,0,0,0,0,0,0,0,0,0,0,0,0,0,0,0,0,0,0,0,0,0,0,0,0,0,0,0,0,0,0,0,0,0,0,0,0,0,0,0,0,0
5476,0,0,0,0,0,0,0,0,0,0,0,0,0,0,0,0,0,0,0,0,0,0,0,0,0,0,0,0,0,0,0,0,0,0,0,0,0,0,0,0,0,0,0,0,0,0,0,0,0,0,0,0,0,0
5477,0,0,0,0,0,0,0,0,0,0,0,0,0,0,0,0,0,0,0,0,0,0,0,0,0,0,0,0,0,0,0,0,0,0,0,0,0,0,0,0,0,0,0,0,0,0,0,0,0,0,0,0,0,0
5479,0,0,0,0,1.0589770556706,0,0,0,0,0,0,0,0,0,0,0,0,0,0,1.91742088738801,0,1.03070786942743,0,0,0,0.886581760591582,0,0,0,0,0,0,0,0,0,0,0,0,0,0,0,0,0,0,0,0,0,0,0,0,0,0,0,0
5480,5.41985577045799,4.38269990136268,8.34455084888141,2.9355922083562,0,4.49997749469364,2.72129037761935,0,5.46163675945443,12.6303257124437,32.9777506894148,3.9780912067073,13.1218293737827,1.21088559634316,6.59760512582734,3.24428588824926,6.69662272697142,0.951316857058008,6.13437409077253,1.91742088738801,10.1285866215503,3.09212360828228,4.32866594422409,6.14012066194733,11.917408190582,0,19.472138027123,2.30272111705559,2.82869206245747,7.38245351023925,1.07703276613234,22.945216546343,4.80539434899081,11.4703482277384,1.97880847156982,14.5837349870742,4.87458633908451,4.71434140382231,7.49530585140546,5.01543604758885,16.9757312861099,5.83514108334442,1.22564079061044,0.93533206579746,12.4967400533566,7.49097805096329,16.4812718032645,8.13187062204527,10.3605954735603,7.8204017924488,8.36372459295637,5.90026894314411,9.87110647790978,5.45204988508763
5481,0,0,0,0,0,0,0,0,0,0,0,0,0,0,0,0,0,0,0,0,0,0,0,0,0,0,0.927244667958238,0,0,0,0,0,0,0,0,0,0,0,0,0,0,0,0,0,1.56209250666957,0,0,0,0,0,0,0,0,0.908674980847939
5484,0,0,0,0,0,0,0,0,0,0,0,0.663015201117883,0,0,0,0,1.11610378782857,0,0,0,0,0,0,0,0,0,0,0,0,0,0,0,0,0,0,0,0,0,0,0,0,0,0,0,0,1.07013972156618,0,0,0,0,0,0,0,0
5488,0,0,0,0.978530736118733,2.11795411134119,0,0,0,0,0,0,0.663015201117883,0,0,0,1.08142862941642,0,0,0,0,0,0,0,0,0,0,0,0,0,0,0,0,0,0,0,0,0,0,0,0,0,0,0,0,0,0,0,0,0,0,0,0,0,0
5489,0,0,0,0,0,0,0,0,0,0,0.999325778467116,0,0,0,0,0,0,0,0,0,0,0,0,0,0,0,0,0,0,0,0,0,0,0,0,0,0,0,0,0,0,0.972523513890737,0,0,0,1.07013972156618,0,0,0,0,0,0,0,0
549,0.903309295076332,0,0,0,0,0,0.907096792539785,0,0.910272793242405,0.902166122317409,0,1.32603040223577,0.937273526698761,2.42177119268632,0,0,0,0.951316857058008,0,0,0,0,0,0,0,0,0,0,0,3.16390864724539,0,5.73630413658576,1.92215773959633,0,0,0,2.43729316954225,7.85723567303718,0,0,0,0,0,2.80599619739238,6.2483700266783,0,0,2.43956118661358,0,0.651700149370734,0,7.37533617893014,0,0
5493,0,0,0,0,0,0,0,0,0,0,0,0,0,0,0,0,0,0,0,0,0.844048885129189,0,0,0,0,0,0,0,0,0,0,0,0,0,0,0,0,0,0,0,0,0,0,0,0,0,0,0,0,0,0,0,0,0
5494,0,0,0,0,0,0,0,0,0,0,0,0,0,0,0,0,0,0,0,0,0,0,0,0,0,0,0,0,0,0,0,0,0,0,0,0,0,0,0,0,0,0,0,0,0,0,0,0,0,0,0,0,0,0
5498,0,0,0,0,0,0,0,0,0,0,0,0,0,0,0,0,0,0,0,0,0,0,0,0,0,0,0,0,0,0,0,0,0,0,0,0,0,0,0,0,0,0,0,0,0,0,0,0,0,0,0,0,0,0
5499,0,0,0,0,0,0,0,0,0,0,0,0,0,0,0,0,0,0,0,0,0,0,0,0,0,0,0,0,0,0,0,0,0,0,0,0,0,0,0,0,0,0,0,0,0,0,0,0,0,0,0,0,0,0
550,0,0.876539980272536,1.04306885611018,1.95706147223747,3.17693116701179,1.79999099787746,1.81419358507957,1.02240945138075,2.73081837972721,0.902166122317409,1.99865155693423,5.96713681006095,6.56091468689133,3.63265678902947,8.79680683443645,3.24428588824926,2.23220757565714,4.75658428529004,6.13437409077253,11.5045253243281,3.37619554051675,2.06141573885485,3.24649945816807,0,1.08340074459836,6.20607232414108,6.49071267570767,4.60544223411119,0,4.21854486299386,8.61626212905871,4.30222810243932,0,5.7351741138692,0.989404235784912,3.36547730470942,2.43729316954225,1.57144713460744,1.66562352253455,3.76157703569164,9.43096182561662,2.91757054167221,1.22564079061044,4.6766603289873,3.12418501333915,0,6.59250872130581,0.813187062204528,0.796968882581562,6.51700149370734,15.798146453362,0,2.19357921731328,0
5506,0,0,0,0,0,0,0,0,0,0,0,0,0,0,0,0,0,0,0,0,0,0,0,0,0,0,0,0,0,0,0,0,0,0,0,0,0,0,0,0,0,0,0,0,0,0,0,0,0,0,0,0,0,0
5508,1.80661859015266,1.75307996054507,3.12920656833053,1.95706147223747,0,0,1.81419358507957,0,3.64109117296962,1.80433224463482,0,1.32603040223577,2.81182058009628,3.63265678902947,2.19920170860911,1.08142862941642,1.11610378782857,3.80526742823203,2.04479136359084,0,0.844048885129189,5.15353934713713,1.08216648605602,0,0,0,0,1.1513605585278,0.942897354152491,5.27318107874232,1.07703276613234,1.43407603414644,0,1.6386211753912,0,0,1.21864658477113,0,0,0,0,0,0,0.93533206579746,0,1.07013972156618,0,0,0.796968882581562,1.30340029874147,2.78790819765212,1.47506723578603,1.09678960865664,1.81734996169588
5509,0,0,0,0,0,0,0,0,0,0,0,0,0,0,0,0,0,0,0,0,0,0,0,0,0,0,0,0,0,0,0,0,0,0,0,0,0,0,0,0,0,0,0,0,0,0,0,0,0,0,0,0,0,0
5510,0,0,0,0,0,0,0,0,0,0,0,0,0,0,0,0,0,0,0,0,0,0,0,0,0,0,0,0,0,0,0,0,0,0,0,0,0,0,0,0,0,0,0,0,0,0,0,0,0,0,0,0,0,0
5511,0,0,0,0,0,0,0,0,0,0,0,0,0,0,0,0,0,0,0,0,0,0,0,0,0,0,0,0,0,0,0,0,0,0,0,0,0,0,0,0,0,0,0,0,0,0,0,0,0,0,0,0,0,0
5516,0,0,0,0,0,0,0,0,0,0,0,0,0,0,0,0,0,0,0,0,0,0,0,0,0,0,0,0,0,0,0,0,0,0,0,0,0,0,0,0,0,0,0,0,0,0,0,0,0,0,0,0,0,0
5518,0,0,0,0,0,0,0,0,0,0,0,0,0,0,0,0,0,0,0,0,0,0,0,0,0,0,0,0,0,0,0,0,0,0,0,0,0,0,0,0,0,0,0,0,0,0,0,0,0,0,0,0,1.09678960865664,0
552,7.22647436061066,1.75307996054507,2.08613771222035,1.95706147223747,2.11795411134119,0,1.81419358507957,4.08963780552298,6.37190955269683,0.902166122317409,19.9865155693423,0.663015201117883,5.62364116019257,3.63265678902947,4.39840341721822,1.08142862941642,1.11610378782857,1.90263371411602,1.02239568179542,1.91742088738801,0,0,2.16433297211204,0,1.08340074459836,0.886581760591582,0,1.1513605585278,1.88579470830498,6.32781729449079,2.15406553226468,1.43407603414644,5.76647321878898,6.5544847015648,0,0,6.09323292385563,7.07151210573346,4.16405880633637,18.8078851784582,4.71548091280831,2.91757054167221,11.030767115494,3.74132826318984,1.56209250666957,5.35069860783092,0.824063590163226,5.69230943543169,3.98484441290781,3.25850074685367,3.71721093020283,10.3254706505022,4.38715843462657,10.9040997701753
5520,0,0,0,0,0,0,0,0,0,0,0,0,0,0,0,0,0,0,0,0,0,0,0,0,0,0,0,0,0,0,0,0,0,0,0,0,0,0,0,0,0,0,0,0,0,0,0,0,0,0,0,0,0,0
5523,0,0,0,0,0,0,0,0,0,0,0,0,0,0,0,0,0,0,0,0,0,0,0,0,0,0,0,0,0,0,0,0,0,0,0,0,0,0,0,0,0,0,0,0,0,0,0,0,0,0,0,0,0,0
5524,0,0,0,0,0,0,0,0,0,0,0,0,0,0,0,0,0,0,0,0,0,0,0,0,0,0,0,0,0,0,0,0,0,0,0,0,0,0,0,0,0,0,0,0,0,0,0,0,0,0,0,0,0,0
5525,0,0,0,0,0,0,0,0,0,0,0,0,0,0,0,0,0,0,0,0,0,0,0,0,0,0,0,0,0,0,0,0,0,0,0,0,0,0,0,0,0,0,0,0,0,0,0,0,0,0,0,0,0,0
5531,0,0,0,0,0,0,0,0,0,0,0,0,0,0,0,0,0,0,0,0,0,0,0,0,0,0,0,0,0,0,0,0,0,0,0,0,0,0,0,0,0,0,0,0,0,0,0,0,0,0,0,0,0,0
5535,0,0,0,0,0,0,0,0,0,0,0,0,0,0,0,0,0,0,0,0,0,0,0,0,0,0,0,0,0,0,0,0,0,0,0,0,0,0,0,0,0,0,0,0,0,0,0,0,0,0,0,0,0,0
5537,0,0,0,0,0,0,0,0,0,0,0,0,0,0,0,0,0,0,0,0,0,0,0,0,0,0,0,0,0,0,0,0,0,0,0,0,0,0,0,0,0,0,0,0,0,0,0,0,0,0,0,0,0,0
5539,0,0,0,0,0,0,0,0,0,0,0,0,0,0,0,0,0,0,0,0,0,0,0,0,0,0,0,0,0,0,0,0,0,0,0,0,0,0,0,0,0,0,0,0,0,0,0,0,0,0,0,0,0,0
5540,0,0,0,0,0,0,0,0,0,0,0,0,0,0,0,0,0,0,0,0,0,0,0,0,0,0,0,0,0,0,0,0,0,0,0,0,0,0,0,0,0,0,0,0,0,0,0,0,0,0,0,0,0,0
5542,0,0,0,0,0,0,0,0,0,0,0,0,0,0,0,0,0,0,0,0,0,0,0,0,0,0,0,0,0,0,0,0,0,0,0,0,0,0,0,0,0,0,0,0,0,0,0,0,0,0,0,0,0,0
5546,0,0,0,0,0,0,0,0,0,0,0,0,0,0,0,0,0,0,0,0,0,0,0,0,0,0,0,0,0.942897354152491,0,0,0,0,0,0,0,0,0,0,0,0,0,0,0,0,0,0,0,0,0,0,0,0,0
5549,0.903309295076332,0,0,0,0,0.899995498938728,0,0,0,0,0,0,0,0,1.09960085430456,0,0,0,1.02239568179542,0,0,0,0,0,0,1.77316352118316,0,0,1.88579470830498,0,0,0,3.84431547919265,0,0,0,0,0,0,0,0.943096182561662,0,0,0.93533206579746,0,0,0,0,0,0,0,0,0,0.908674980847939
555,0.903309295076332,0,0,0,0,0,0,0,0,0,0.999325778467116,0.663015201117883,3.74909410679505,0,0,1.08142862941642,1.11610378782857,2.85395057117402,5.11197840897711,0,0.844048885129189,0,0,1.22802413238947,2.16680148919672,0,3.70897867183295,0,0,5.27318107874232,0,0,0,1.6386211753912,0,0,0,0,0,1.25385901189721,0,2.91757054167221,0,0,0,0,1.64812718032645,0,0,0.651700149370734,0,0,0,0.908674980847939
5550,0,0,0,0,0,0,0,0,0,0,0,0,0,0,0,0,0,0,0,0,0,0,0,0,0,0,0,0,0,0,0,0,0,0,0,0,0,0,0,0,0,0,0,0,0,0,0,0,0,0,0,0,0,0
5553,0,0,0,0,0,0,0,0,0,0,0,0,0,0,0,0,0,0,0,0,0,0,0,0,0,0,0,0,0,0,0,0,0,0,0,0,0,0,0,0,0,0,0,0,0,0,0,0,0,0,0,0,0,0
5558,0,0,0,0,0,0,0,0,0,0,0,0,0,0,0,0,0,0,0,0,0,0,0,0,0,0,0,0,0,0,0,0,0,0,0,0,0,0,0,0,0,0,0,0,0,0,0,0,0,0,0,0,0,0
5560,0,0,0,0,0,0,0,0,0,0,0,0,0.937273526698761,0,0,0,0,0,0,0,0,0,0,0,0,0,0,0,0,0,0,0,0,0,0,0,0,0.785723567303718,0,0,0,0,0,0,0,0,0,0,0,0,0,0,0,0
5562,0,0,0,0,0,0,0,0,0,0,0,0,0,0,0,0,0,0,0,0,0,0,0,0,0,0,0,0,0,0,0,0,0,0,0,0,0,0,0,0,0,0,0,0,0,0,0,0,0,0,0,0,0,0
5563,0,0,0,0,0,0.899995498938728,0,0,0,0,0.999325778467116,0,0,0,0,0,0,0,0,0,0,0,0,0,0,0,0,0,0,0,0,0,0,0,0,0,0,0,0,0,0,0,0,0,0,0,0,0,0,0,0,0,0,0
5565,0,0,0,0,0,0,0,0,0,0,0,0,0,0,0,0,0,0,0,0,0,0,0,0,0,0,0,0,0,0,0,0,0,0,0,0,0,0,0,0,0,0,0,0,0,0,0,0,0,0,0,0,0,0
5568,0,0,0,0,0,0,0,0,0,0,0,0,0,0,0,0,0,0,0,0,0,0,0,0,0,0,0,0,0,0,0,0,0,0,0,0,0,0,0,0,0,0,0,0,0,0,0,0,0,0,0,0,0,0
557,0,2.62961994081761,2.08613771222035,1.95706147223747,5.29488527835298,1.79999099787746,0.907096792539785,2.04481890276149,0,2.70649836695223,1.99865155693423,3.31507600558942,14.0591029004814,3.63265678902947,9.896407688741,0,2.23220757565714,0,1.02239568179542,10.5458148806341,2.53214665538757,4.12283147770971,2.16433297211204,7.3681447943368,0,0.886581760591582,3.70897867183295,4.60544223411119,0,4.21854486299386,3.23109829839702,1.43407603414644,0,1.6386211753912,0,1.12182576823647,4.87458633908451,2.35717070191115,3.33124704506909,13.7924491308694,0.943096182561662,8.75271162501664,1.22564079061044,6.54732446058222,1.56209250666957,2.14027944313237,4.12031795081613,4.87912237322717,3.98484441290781,4.56190104559514,7.43442186040566,1.47506723578603,0,2.72602494254382
5570,0,0,0,0,0,0,0,0,0,0,0,0,0,0,0,0,0,0,0,0,0,0,0,0,0,0,0,0,0,0,0,0,0,0,0,0,0,0,0,0,0,0,0,0,0,0,0,0,0,0,0,0,0,0
5571,0,0,0,0,0,0,0,0,0,0,0,0,0,0,0,0,0,0,0,0,0,0,0,0,0,0,0,0,0,0,0,0,0,0,0,0,0,0,0,0,0,0,0,0,0,0,0,0,0,0,0,0,0,0
5572,0,0,0,0,0,0,0,0,0,0,0,0,0,0,0,0,0,0,0,0,0,0,0,0,0,0,0,0,0,0,0,0,0,0,0,0,0,0,0,0,0,0,0,0,0,0,0,0,0,0,0,0,0,0
5573,0,0,0,0,0,0,0,0,0,0,0,0,0,0,0,0,0,0,0,0,0,0,0,0,0,0,0,0,0,0,0,0,0,0,0,0,0,0,0,0,0,0,0,0,0,0,0,0,0,0,0,0,0,0
5574,0,0,0,0,0,0,0,0,0,0,0,0,0,0,0,0,0,0,0,0,0,0,0,0,0,0,0,0,0,0,0,0,0,0,0,0,0,0,0,0,0,0,0,0,0,0,0,0,0,0,0,0,0,0
5575,0,0,0,0,0,0,0.907096792539785,0,0,0,0,0,0,0,2.19920170860911,0,0,0,1.02239568179542,0,0,0,0,0,0,0,0.927244667958238,0,0,0,1.07703276613234,0,0,0,0,0,0,0,0,0,0,0,0,0,0,0,0,0,0.796968882581562,0,0,0,0,0
5579,0,0,0,0,0,0,0,0,0,0,0,0,0,0,0,0,0,0,0,0,0,0,0,0,0,0,0.927244667958238,0,0,0,0,0,0,0,0,0,0,0,0,0,0,0,0,0,0,0,0,0,0,0,0,0,0,0
558,293.575520899808,149.011796646331,37.5504788199663,190.813493543153,225.562112857837,247.49876220815,197.747100773673,116.554677457405,392.327573887476,354.551286070742,556.624458606184,222.773107575609,367.411222465914,589.701285419118,652.063306602602,281.171443648269,565.864620429085,344.376702254999,314.89786999299,177.361432083391,248.994421113111,111.316449898162,301.92444960963,90.8737857968206,126.757887118008,221.645440147896,266.119219704014,498.539121842536,281.926308891595,370.177311727711,295.106977920261,844.670784112253,85.5360194120365,302.325606859677,113.781487115265,244.558017475551,545.953669977465,308.789361950361,239.849787244975,560.474978318054,412.133031779446,318.015189042271,379.948645089237,216.061707199213,470.189844507542,255.763393454318,346.930771458718,435.055078279422,337.914806214582,565.675729653797,275.07360883501,472.021515451529,176.583126993719,159.926796629237
5580,0,0,0,0,0,0,0,0,0,0,1.99865155693423,0,0.937273526698761,0,0,0,0,0,0,0,0,0,0,0,0,0,0.927244667958238,0,0,0,0,0,0,0,0,0,0,0,0,0,0,0,0,0,1.56209250666957,1.07013972156618,0,0,0,0,0,0,0,0
5582,0,0,0,0,0,0,0,0,0,0,0,0,0,0,0,0,0,0,0,0,0,0,0,0,0,0,0,0,0,0,0,0,0,0,0,0,0,0,0,0,0,0,0,0,0,0,0,0,0,0,0,0,0,0
5583,0.903309295076332,0,0,0,0,0,0,0,0,0,0,0,0,0,0,0,0,0,0,0,0,0,0,0,0,0,0,0,0,0,0,0,0,0,0,0,0,0,0,1.25385901189721,0,0,0,0,0,0,0,0,0,0,0,1.47506723578603,0,0
5584,0,0,0,0,0,0,0,0,0,0,0,0,0,0,0,0,0,0,0,0,0,0,0,0,0,0,0,0,0,0,0,0,0,0,0,0,0,0,0,0,0,0,0,0,0,0,0,0,0,0,0,0,0,0
5585,0,0,0,0,0,0,0,0,0,0,0,0,0,0,0,0,0,0,0,0,0,0,0,0,0,0,0,0,0,0,0,0,0,0,0,0,0,0,0,0,0,0,0,0,0,0,0,0,0,0,0,0,0,0
5587,0,0,0,0,0,0,0,0,0,0,0,0,0,0,0,0,0,0,0,0,0,0,0,0,0,0,0,0,0,0,0,0,0,0,0,0,0,0,0,0,0,0,0,0,0,0,0,0,0,0,0,0,0,0
5588,0,0,0,0,0,0,0,0,0,0,0,0,0,0,0,0,0,0,0,0,0,0,0,0,0,0,0,0,0,0,0,0,0,0,0,0,0,0,0,0,0,0,0,0,0,0,0,0,0,0,0,0,0,0
559,9.93640224583965,20.1604195462683,33.3782033955256,11.7423688334248,15.8846558350589,6.2999684925711,9.07096792539785,12.268913416569,21.8465470378177,9.02166122317409,35.9757280248162,28.509653648069,7.49818821359009,13.3197415597747,24.1912187947002,20.547143958912,4.46441515131428,5.70790114234805,34.7614531810443,10.5458148806341,5.90834219590432,13.3992023025565,8.65733188844818,40.5247963688524,4.33360297839344,17.7316352118316,7.41795734366591,25.3299322876115,12.2576656039824,20.0380880992208,15.0784587258527,2.86815206829288,6.72755208858714,12.289658815434,30.6715313093323,5.60912884118237,17.0610521867958,17.2859184806818,11.6593646577418,16.3001671546638,11.3171541907399,10.6977586527981,8.5794855342731,3.74132826318984,9.37255504001745,37.4548902548165,0.824063590163226,25.2087989283404,19.924222064539,9.77550224056101,52.9702557553904,20.6509413010044,2.19357921731328,8.17807482763145
5590,0,0,0,0,0,0,0,0,0,1.80433224463482,0,0,0,0,0,0,0,0,0,0,0,0,0,0,0,0,0,0,0,0,0,0,0,0,0,0,0,0,0,0,0,0,0,0,0,0,0,0,0,0,0,0,0,0
5591,0,0,0,0,0,0,0,0,0,0,0,0,0,0,1.09960085430456,0,0,0,0,0,0,0,0,0,0,0,0,0,0,0,0,1.43407603414644,0,0,0,0,0,0,0,0,0,0,0,0,0,0,0,0,0,0,0,0,0,0
5593,0,0,0,0,0,0,0,0,0,0,0,0,0,0,0,0,0,0,0,0,0,0,0,0,0,0,0,0,0,0,0,0,0,0,0,0,0,0,0,0,0,0,0,0,0,0,0,0,0,0,0,0,0,0
5594,0,0,0,0,0,0,0,0,0,0,0,0,0,0,0,0,0,0,0,0,0,0,0,0,0,0,0,0,0,0,0,0,0,0,0,0,0,0,0,0,0,0,0,0,0,0,0,0,0,0,0,0,0,0
5597,0,0,0,0,0,0,0,0,0,0,0,0,0,0,0,0,0,0,0,0,0,0,0,0,0,0,0,0,0,0,0,0,0,0,0,0,0,0,0,0,0,0,0,0,0,0,0,0,0,0,0,0,0,0
5599,0,0,0,0,0,0,0,0,0,0,0,0,0,0,0,1.08142862941642,0,0,0,0,0,0,0,0,0,0,0,0,0,0,0,0,0,0,0,0,0,0,0,0,0,0,0,0,0,0,0,0,0.796968882581562,0,0,0,0,0
560,0,0,0,0,1.0589770556706,0,0.907096792539785,0,6.37190955269683,0,0,0,0,0,0,0,0,0,0,0,0,0,1.08216648605602,0,0,0,0,0,0,0,0,5.73630413658576,0,0,0,0,0,0,0,0,0,0,0,0,0,4.28055888626474,0,0,0,0,0,0,0,0
5600,0,0,0,0,0,0,0,0,0,0,0,0,0,0,0,0,0,0,0,0,0,0,0,0,0,0,0,0,0,0,0,0,0,0,0,0,0,0,0,0,0,0,0,0,0,0,0,0,0,0,0,0,0,0
5603,0,0,0,0,0,0,0,0,0,0,0,0,0,0,0,0,0,0,0,0,0,0,0,0,0,0,0,0,0,0,0,0,0,0,0,0,0,0,0,0,0,0,0,0,0,0,0,0,0.796968882581562,0,0,0,0,0
5605,0,0,0,0,0,0,0,0,0,0,0,0,0,0,0,0,0,0,0,0,0,0,0,0,0,0,0,0,0,0,0,0,0,0,0,0,0,0,0,0,0,0,0,0,0,0,0,0,0,0,0,0,0,0
5606,0,0,0,0,0,0,0,0,0,0,0,0,0,0,0,0,0,0,0,0,0,0,0,0,0,0,0,0,0,0,0,0,0,0,0,0,0,0,0,0,0,0,0,0,0,0,0,0,0,0,0,0,0,0
5610,0,0.876539980272536,0,0,0,0,0,0,0,0,0,0,0,0,0,0,0,0,0,0,0,0,0,0,0,0,0,0,0,0,0,0,0,0,0,0,0,0,0,0,0,0,0,0,0,0,0,0,0,0,0,0,0,0
5611,0,0,0,0,0,0,0,0,0,0,0,0,0,0,0,0,0,0,0,0,0,0,0,0,0,0,0,0,0,0,0,0,0,0,0,0,0,0,0,0,0,0,0,0,0,0,0,0,0,0,0,0,0,0
5614,0,0,0,0,0,0,0,0,0,0,0,0,0,0,0,0,0,0,0,0,0,0,0,0,0,0,0,0,0,0,0,0,0,0,0,0,0,0,0,0,0,0,0,0,0,0,0,0,0,0,0,0,0,0
5616,0,0,0,0,0,0,0,0,0,0,0,0,0,0,0,0,0,0,0,0,0,0,0,0,0,0,0,0,0,0,0,0,0,0,0,0,0,0,0,0,0,0,0,0,0,0,0,0,0,0,0,0,0,0
5618,0,0,0,0,0,0,0,0,0,0,0,0,0,0,0,0,0,0,0,0,0,0,0,0,0,0,0,0,0,0,0,0,0,0,0,0,0,0,0.832811761267273,0,0,0,0,0,0,0,0,0,0,0,0,0,0,0
562,0,0,0,0,0,0.899995498938728,0,0,2.73081837972721,0,0,0,0.937273526698761,0,0,0,0,0,1.02239568179542,0,0,0,1.08216648605602,0,0,0,0,0,0,0,0,0,0,0,0,0,0,1.57144713460744,0,0,0,0,0,0,0,0,0,0,0,0,0,0,0,1.81734996169588
5620,0.903309295076332,0.876539980272536,0,0,0,0,0,1.02240945138075,0,0.902166122317409,0,0,0,0,0,0,0,0,0,0,0,2.06141573885485,0,0,0,0,0,1.1513605585278,0,0,0,0,0,0,0,0,0,3.14289426921487,0,0,0,1.94504702778147,0,0,0,0,0,0.813187062204528,0,0,0,0,0,0
5624,0,0,0,0,0,0,0,0,0,0,0,0,0,0,0,0,0,0,0,0,0,0,0,0,0,0,0,0,0,0,0,0,0,0,0,0,0,0,0,0,0,0,0,0,0,0,0,0,0,0,0,0,0,0
5626,0,0,0,0,0,0,0,0,0,0,0,0,0,0,0,0,0,0,0,0,0,0,0,0,0,0,0,0,0,0,0,0,0,0,0,0,0,0,0,0,0,0,0,0,0,0,0,0,0,0,0,0,0,0
5628,0,0,0,0,0,0,0,0,0,0,0,0,0,0,0,0,0,0,0,0,0,0,0,0,0,0,0,0,0,0,0,0,0,0,0,0,0,0,0,0,0,0,0,0,0,0,0,0,0,0,0,0,0,0
5632,0,0,0,0,0,0,0,0,0,0,0,0,0,0,0,0,0,0,0,0,0,0,0,0,0,0,0,0,0,0,0,0,0,0,0,0,0,0,0,0,0,0,0,0,0,0,0,0,0,0,0,0,0,0
5633,0,0,0,0,0,0,0,0,0,0,0,0,0,0,0,0,0,0,0,0,0,0,0,0,0,0,0,0,0,0,0,0,0,0,0,0,0,0,0,0,0,0,0,0,0,0,0.824063590163226,0,0,0,0,0,0,0
5634,0,0,0,0,0,0,0,0,0,0,0,0,0,0,0,0,0,0,0,0,0,0,0,0,0,0,0,0,0,0,0,0,0,0,0,0,0,0,0,0,0,0,0,0,0,0,0,0,0,0,0,0,0,0
5636,0,0,0,0,0,0,0,0,0,0,0,0,0,0,0,0,0,0.951316857058008,0,0,0,0,0,0,0,0,0.927244667958238,0,0,0,1.07703276613234,0,0,0,0,0,0,0,0,0,0,0,0,0,0,0,0,0,0,0,0,0,0,0.908674980847939
5637,0,0,0,0,0,0,0,0,0,0,0,0,0,0,0,0,0,0,0,0,0,0,0,0,0,0,0,0,0,0,0,0,0,0,0,0,0,0,0,0,0,0,0,0,0,0,0,0,0,0,0,0,0,0
5639,0.903309295076332,0.876539980272536,0,0,0,0,0,0,0,0,0,0.663015201117883,0.937273526698761,0,0,0,0,0,0,0,0,0,0,0,0,0,0,0,0,1.05463621574846,0,0,0,0,0,0,0,0.785723567303718,0,0,0,0,0,0,0,0,0,0,0,0,0,0,1.09678960865664,0
5641,0,0,0,0,0,0,0,0,0,0,0,0,0,0,0,0,0,0,0,0,0,0,0,0,0,0.886581760591582,0,1.1513605585278,0,0,0,0,0,0,0,0,0,0,0,0,0,0,0,0,0,0,0,0,0,0,0,0,0,0
5642,1.80661859015266,0,0,0,0,0,0.907096792539785,0,0,0.902166122317409,0,2.65206080447153,0,0,0,2.16285725883284,0,0.951316857058008,0,0.958710443694007,0,0,0,0,0,0,0,0,0.942897354152491,0,0,0,0,0,0,0,2.43729316954225,0,0.832811761267273,1.25385901189721,0,0,0,0,0,0,0.824063590163226,0,0.796968882581562,0,0.929302732550708,1.47506723578603,0,0
5643,0,0,0,0,0,0,0,0,0,0,0,0,0,0,0,0,0,0,0,0,0,0,0,0,0,0.886581760591582,0,0,0,0,0,0,0,0,0,0,0,0,0,0,0,0,0,0,0,0,0,0,0,0,0.929302732550708,0,0,0
5644,0,0,0,0,0,0,0.907096792539785,0,0,0,0,0,0,0,0,0,0,0,0,0,0,0,0,0,0,0,0,0,0,0,0,0,0,0,0,0,0,0,0,0,0,0,0,0,0,0,0.824063590163226,0,0,0,0,0,0,0
5645,0,0.876539980272536,0,0,0,0,0,0,0,0,6.99528044926981,0,8.43546174028885,0,3.29880256291367,2.16285725883284,0,5.70790114234805,0,1.91742088738801,0,0,0,3.6840723971684,0,0,3.70897867183295,0,0,0,1.07703276613234,0,0,0.819310587695601,0,0,0,0,0,0,0,0,0,0,1.56209250666957,0,0,1.62637412440906,1.59393776516312,0,2.78790819765212,0,0,0.908674980847939
5646,0,0,0,0,0,0,0,0,0,0,0,0,0,0,0,0,0,0,0,0,0,0,1.08216648605602,0,0,0,0,1.1513605585278,0,0,0,0,0,0,0,0,0,0,0,0,0,0,0,0,0,0,0,0,0,0,0,0,0,3.63469992339175
565,30.7125160325953,8.76539980272536,11.4737574172119,22.5062069307309,18.0026099464001,8.99995498938728,17.2348390582559,15.3361417707112,20.9362742445753,33.3801465257441,36.9750538032833,48.4001096816055,240.879296361582,59.3333942208148,36.2868281920503,16.2214294412463,120.539209085486,60.8842788517125,73.6124890892704,23.9677610923502,33.7619554051675,14.429910171984,10.8216648605602,68.7693514138102,29.2518201041557,50.5351603537202,126.10527484232,46.0544223411119,11.3147682498299,29.529814040957,28.0028519194408,48.7585851609789,44.2096280107155,127.812451680514,97.9510193427063,24.6801669012024,92.6171404426056,41.6433490670971,29.9812234056218,37.6157703569164,24.5205007466032,40.845987583411,9.80512632488354,39.2839467634933,93.7255504001745,40.665309419515,81.5822954261594,66.6813391007713,11.9545332387234,90.586320762532,18.5860546510142,41.3018826020088,76.7752726059649,84.5067732188583
5651,0,0,0,0,0,0,0,0,0,0,0,0,0,0,0,0,0,0,0,0,0,0,0,0,0,0,0,0,0,0,0,0,0,0,0,0,0,0,0,0,0,0,0,0,0,0,0,0,0,0,0,0,0,0
5652,0,0.876539980272536,0,0,0,0,0,0,0,0,0,0,0,0,0,0,0,1.90263371411602,0,0,0,0,0,0,1.08340074459836,0,0,0,0,0,0,0,0,0,0,0,0,0,0,0,0,0,0,0,0,0,0,0,0,0,0,0,0,0
5654,0,0,0,0,0,0,0,0,0,0,0,0,0.937273526698761,1.21088559634316,0,0,0,0,0,0,0,0,0,0,0,0,0,0,0,0,0,0,0,0.819310587695601,0,0,0,0,0,0,0,0,0,0,0,0,0,0,0,0,0,0,0,0.908674980847939
5656,0,0,0,0,0,0,0,0,0,0,0,0,0,0,0,0,0,0,0,0,0,0,0,0,0,0,0,0,0,0,0,0,0,0,0,0,0,0,0,0,0,0,0,0,0,0,0,0,0,0,0,0,0,0
5657,0,0,0,0,0,0,0,0,0,0,0,0,0,0,0,0,0,0,0,0,0,0,0,0,0,0,0,0,0,0,0,0,0,0,0,1.12182576823647,0,0,0,0,0,0,0,0,0,0,0,0,0,0,0,0,0,0
5658,0,1.75307996054507,0,0,0,0,0,0,0,0,0,0,0,0,0,0,0,0,0,0,0,0,0,0,0,0,0,0,0,0,0,0,0,0,0.989404235784912,0,0,0,0,0,0,0,0,0,0,0,0,0,0,0,0,0,0,0
5659,0,0,0,0,0,0,0,0,0,0,0,0,0,0,0,0,0,0,0,0,0,0,0,0,0,0,0,0,0,0,0,0,0,0,0,0,0,0,0,0,0,0,0,0,0,0,0,0,0,0,0,0,0,0
566,0,0,0,2.9355922083562,1.0589770556706,0,0,0,0,10.8259934678089,6.99528044926981,1.32603040223577,1.87454705339752,2.42177119268632,2.19920170860911,4.32571451766568,8.92883030262857,0,2.04479136359084,1.91742088738801,1.68809777025838,0,2.16433297211204,1.22802413238947,3.25020223379508,0.886581760591582,0.927244667958238,0,4.71448677076245,7.38245351023925,0,47.3245091268325,2.88323660939449,2.4579317630868,3.95761694313965,1.12182576823647,20.7169919411091,34.5718369613636,0,0,0,0.972523513890737,0,3.74132826318984,9.37255504001745,7.49097805096329,0,1.62637412440906,3.18787553032625,0,0.929302732550708,7.37533617893014,2.19357921731328,10.9040997701753
5660,0,0,0,0,0,0,0,0,0,0,0,0,0,0,0,0,0,0,0,0,0,0,0,0,0,0,0,0,0,0,0,0,0,0,0,0,0,0,0,0,0,0,0,0,0,0,0.824063590163226,0,0,0,0,0,0,0
5663,0,0,0,0,0,0,0,0,0,0,0,0,0,0,0,0,0,0,0,0,0,0,0,0,0,0,0,0,0,0,0,0,0,0,0,0,0,0,0,0,0,0,0,0,0,0,0,0,0,0.651700149370734,0,0,0,0
5664,0,0,0,0,0,0,0,0,0,0,0,0,0,0,0,0,0,0,0,0,0,0,0,0,0,0,0,0,0,0,0,0,0,0,0,0,0,0,0,0,0,0,0,0,0,0,0,0,0,0,0,0,0,0
5665,0,0,0,0,0,0,0,0,0,0,0,0,0,0,0,0,0,0,0,0,0,0,0,0,0,0,0,0,0,0,0,0,0,0,0,0,0,0,0,0,0,0,0,0,0,0,0,0,0,0,0,0,0,0
5667,0,0,0,0,0,0,0,0,0,0,0,0,0,0,0,0,0,0,0,0,0,0,0,0,0,0,0,0,0,0,1.07703276613234,0,0,0,0,0,0,0,0,0,0,0,0,0,0,0,0,0,0,0,0,0,0,0
5668,0,0,0,0,0,0,0,0,0,0,0.999325778467116,0,0.937273526698761,0,0,0,0,0,0,0,0,0,0,0,0,0,0,0,0,0,0,0,0,0,0,1.12182576823647,0,0,0,0,0,0,0,0,0,1.07013972156618,0,0,0,0,0,0,0,0
5669,0,0,0,0,0,0,0,0,0,0,0,0,0,0,0,0,0,0,0,0,0,0,0,0,0,0,0,0,0,0,0,0,0,0,0,0,0,0,0,0,0,0,0,0,0,0,0,0,0,0,0,0,0,0
567,0,0,0,0,0,0,0,0,0,0,0,0,0,0,0,0,0,0,0,0,0,0,0,0,0,0,0,0,0,0,0,0,0,0,0,0,0,0,0,0,0,0,0,0,0,0,0,0,0,0,0,0,0,0
5671,0,0,0,0.978530736118733,0,0.899995498938728,0,0,0,0,0,0,0,0,0,0,1.11610378782857,0.951316857058008,0,0,0,0,0,0,0,0,0,0,0,0,0,0,0,0,0,0,0,0,0,0,0,0.972523513890737,0,0,0,0,0,0,0,0,0,0,0,0
5672,0,0,0,0,0,0,0,0,0,0,0,0,0,0,0,0,0,0,0,0,0,0,0,0,0,0,0,0,0,0,0,0,0,0,0,0,0,0,0,0,0,0,0,0,0,0,0,0,0,0,0,1.47506723578603,0,0
5675,3.61323718030533,2.62961994081761,1.04306885611018,0,0,2.69998649681618,0,5.11204725690373,1.82054558648481,0.902166122317409,0,0,1.87454705339752,0,0,1.08142862941642,0,0,0,0,3.37619554051675,0,1.08216648605602,2.45604826477893,0,0,0,3.45408167558339,0,1.05463621574846,0,0,1.92215773959633,0,0,1.12182576823647,0,1.57144713460744,0,0,0,0,0,1.87066413159492,0,0,0,0,0,0,0,0,1.09678960865664,0
5676,0,0,0,0,0,0,0,0,0,0,0,0,0,0,0,0,0,0,0,0,0,0,0,0,0,0,0,0,0,0,1.07703276613234,0,0,0,0,0,0,0,0,0,0,0,0,0,0,0,0,0.813187062204528,0,0,0,0,0,0
5678,0,0,0,0,0,0,0,0,0,0,0.999325778467116,0,0,0,0,0,0,0,0,0,0.844048885129189,0,0,0,0,1.77316352118316,4.63622333979119,1.1513605585278,0,0,0,1.43407603414644,0,0,0,1.12182576823647,0,0.785723567303718,0,0,0.943096182561662,0,0,0,0,0,0,0,0,1.9551004481122,0,0,1.09678960865664,0
568,0.903309295076332,0,2.08613771222035,0,0,0,0,0,0,0,0,0,0,0,0,0,0,0,0,0,0.844048885129189,0,1.08216648605602,0,0,0,0,0,0,0,0,0,0,0,0,1.12182576823647,0,0,0.832811761267273,0,0,0,1.22564079061044,0.93533206579746,3.12418501333915,0,0,0,0,0,0.929302732550708,0,0,0
5680,0,0,0,0,0,0,0,0,0,0,0,0,0,0,0,0,0,0,0,0,0,0,0,0,0,0,0,0,0,0,0,0,0,0,0,0,0,0,0,0,0,0,0,0,0,0,0,0,0,0,0,0,0,0
5682,0,0,0,0,0,0,0,0,0,0,0,0,0,0,0,0,0,0,0,0,0,0,0,0,0,0,0,0,0,0,0,0,0,0,0,0,0,0,0,1.25385901189721,0,0,0,0,0,0,0,0,0,0,0,0,0,0
5686,0,0,0,0,0,0,0,0,0,0,0,0,0,0,0,1.08142862941642,0,0,0,0.958710443694007,0,0,0,0,0,0,0,0,0,0,0,0,0,0,0,0,0,0,0,0,0,0.972523513890737,0,0,0,0,0,0,0.796968882581562,0.651700149370734,0,0,0,0
5688,0,0,0,0,0,0,0,0,0,0,0,0,0,0,0,0,0,0,0,0,0,0,0,0,0,0,0,0,0,0,0,0,0,0,0,0,0,0,0,0,0,0,0,0,0,0,0,0,0,0,0,0,0,0
569,0,0,0,0,0,0,0,0,0,0.902166122317409,0,0,0,0,0,0,0,0,0,0,0,0,0,1.22802413238947,1.08340074459836,0,0,0,0,0,0,0,0,0,0,0,0,0,0,0,0,0,0,0,0,0,0,0,0,0,0,0,0,0
5690,0,0,0,0,0,0,0,0,0,0,0,0,0,0,0,0,0,0,0,0,0,0,0,0,0,0,0,0,0,0,0,0,0,0,0,0,0,0,0,0,0,0,0,0,0,0,0,0,0,0,0,0,0,0
5691,0,0,0,0,0,0.899995498938728,0.907096792539785,0,0,0,0,0,0,0,0,0,0,1.90263371411602,0,0,0,0,0,0,1.08340074459836,0,0,1.1513605585278,0,0,1.07703276613234,1.43407603414644,0,0,0,0,0,0,0,0,0,0,0,0,0,1.07013972156618,0,0,0,0,0,0,0,0
5696,0,0,0,0,0,0,0,0,0,0,0,0,0,0,0,0,0,0,1.02239568179542,0,0,0,0,0,0,0,0,0,0,0,0,0,0,0,0,0,0,0,0,0,0,0,0,0,0,0,0,0,0,0,0,0,0,0
5699,0,0,0,0,0,0,0,0,0,0,0,0,0,0,0,0,0,0,0,0,0,0,0,0,0,0,0,0,0,0,0,0,0,0,0,0,0,0,0,0,0,0,0,0,0,0,0,0,0,0,0,0,0,0
570,76.7812900814882,82.3947581456184,110.565298747679,77.3039281533799,45.5360133938356,78.2996084076693,39.0051620792107,52.142882020418,109.232735189089,77.5862865192972,184.875269016416,38.4548816648372,44.0518557548418,59.3333942208148,73.6732572384053,36.7685734001583,39.063632574,35.1987237111463,39.8734315900215,21.0916297612681,51.4869819928805,40.1976069076697,88.7376518565938,87.1897133996522,45.5028312731311,47.8754150719455,94.5789561317403,47.2057828996397,45.2590729993195,54.8410832189202,46.3124089436906,65.9674975707362,71.119836365064,45.8813929109536,39.5761694313965,56.0912884118237,37.7780441279049,53.4292025766528,40.8077763020964,82.7546947852161,25.4635969291649,24.3130878472684,71.0871658554057,57.9905880794425,115.594845493549,46.016008027346,57.6844513114258,104.08794396218,65.3514483716881,40.4054092609855,58.5460721506946,56.0525549598691,41.6780051289524,89.050148123098
5703,0,0,0,0,0,0,0,0,0,0,0,0,0,0,0,0,0,0,0,0,0,0,0,0,0,0,0,0,0,0,0,0,0,0,0,0,0,0,0,0,0,0,0,0,0,0,0,0,0,0,0,0,0,0
5705,0,0,0,0,0,0,0,0,0,0,0,0,0,0,0,0,0,0,0,1.91742088738801,0,0,0,0,0,1.77316352118316,0,1.1513605585278,0,0,0,0,0,0,0,0,0,0,0,0,0,0,0,0,0,0,0,0,0,0,0,0,1.09678960865664,0.908674980847939
5709,0,0,0,0,0,0,0,0,0,0.902166122317409,0,1.32603040223577,0,0,0,0,1.11610378782857,0,0,0,0,1.03070786942743,0,1.22802413238947,0,0,0,0,0,0,0,0,0,0,0,0,0,0,0,0,0.943096182561662,0,0,0,0,1.07013972156618,1.64812718032645,0,0,0,0,1.47506723578603,1.09678960865664,0
5711,0,0,0,0.978530736118733,0,0,0,0,0,0,0,0,0,0,0,0,2.23220757565714,0,0,0,0,0,0,0,0,0,0,0,0,0,0,0,0,0,0,0,0,0.785723567303718,0,0,0,0,0,0,0,0,0,0,0,0,0,0,0,0
5713,0,0,0,0,0,0,0,0,0,0,0,0,0,0,0,0,0,0,0,0,0,0,0,0,0,0,0,0,0,0,0,0,0,0,0,0,0,0,0,0,0,0,0,0,0,0,0,0,0,0,0,0,0,0
5717,0,0,0,0,0,0,0,1.02240945138075,0,0,0,0,1.87454705339752,0,0,0,0,1.90263371411602,1.02239568179542,0,0,0,0,0,0,0,1.85448933591648,0,0,0,0,0,0.961078869798163,0.819310587695601,0,0,0,0,0,0,0,0,0,0,0,0,0,0,0,0,1.85860546510142,0,0,0
5718,0,0,0,0,0,0,0,0,0,0,0,0,0,0,0,0,0,0,0,0,0,0,0,0,0,2.65974528177475,0,0,0,0,0,0,0,0,0,0,0,0,0,0,0,0,0,0,0,0,0,0,0,0,0,0,0,0
572,10.839711540916,10.5184797632704,10.4306885611018,11.7423688334248,9.53079350103536,8.99995498938728,9.07096792539785,19.4257795762342,6.37190955269683,9.02166122317409,1.99865155693423,19.2274408324186,2.81182058009628,9.68708477074527,8.79680683443645,6.48857177649852,2.23220757565714,12.3671191417541,11.2463524997496,15.3393670991041,6.75239108103351,5.15353934713713,11.9038313466162,2.45604826477893,6.50040446759016,7.09265408473266,0,9.21088446822238,1.88579470830498,12.6556345889816,1.07703276613234,0,5.76647321878898,6.5544847015648,11.8728508294189,1.12182576823647,4.87458633908451,7.07151210573346,4.16405880633637,0,6.60167327793163,2.91757054167221,2.45128158122089,2.80599619739238,4.68627752000872,5.35069860783092,6.59250872130581,2.43956118661358,3.18787553032625,7.16870164307807,5.57581639530425,0,7.67752726059649,10.9040997701753
5723,0,0,0,0,0,0,0,0,0,0,0,0,0,0,0,0,0,0,0,0,0,0,0,0,0,0,0,0,0,0,0,0,0,0,0,0,0,0,0,0,0,0,0,0,0,0,0,0,0,0,0,0,0,0
5727,0,0,0,0,0,0,0,0,0,0,0,0,0.937273526698761,0,0,0,0,0,0,0,0,0,0,0,0,0,0,0,0,0,0,0,0,0,0,0,0,0,0,0,0,0,0,0,0,0,0,0,0,0,0,0,0,0
5728,0,0,0,0,0,0,0,0,0,0,0,0,0,0,0,0,0,0,0,0,0,0,0,0,0,0,0,0,0,0,0,0,0,0,0,0,0,0,0,0,0,0,0,0,0,0,0,0,0,0,0,0,0,0
5729,0,0,0,0,0,0,0,0,0,0,0,0,0,0,0,0,0,0,0,0,0,0,0,0,0,0,0,0,0,0,0,0,0,0,0,0,0,0,0,0,0,0,0,0,0,0,0,0,0,0,0,0,0,0
5730,0,0,1.04306885611018,0,0,0,0,0,0,0,0,0,0,0,0,0,0,0,0,0,0,0,0,0,0,0,0,0,0,0,0,0,0,0,0,0,0,0,0,0,0,0,0,0,0,0,0,0,0,0,0,0,0,0
5732,0,0,0,0,0,0,0,0,0,0,0,0,0,3.63265678902947,0,4.32571451766568,0,0,0,0,0.844048885129189,0,0,0,0,0,0,0,0,0,1.07703276613234,0,0,0,0,0,0,0,0,0,0,0,0,0,0,0,0,0,0,0,0,2.95013447157206,0,0
5735,0,0,0,0,0,0,0,0,0,0,0,0,0,0,0,0,0,0,0,0,0,0,0,0,0,0,0,0,0,0,0,0,0,0,0,0,0,0,0,0,0,0,0,0,0,0,0,0,0,0,0,0,0,0
5736,0,0,0,0,0,0,0,0,0,0,0,0,0,0,0,0,0,0,0,0,0,0,0,0,0,0,0,0,0,0,0,0,0,0,0,0,0,0,0,0,0,0,0,0,0,0,0,0,0,0,0,0,0,0
5738,0,0,0,0,0,0,0,0,0,0,0,0,0,0,0,0,0,0,0,0,0,0,0,0,0,0,0,0,0,0,0,0,0,0,0,0,0,0,0,0,0,0,0,0,0,0,0,0,0,0,0,0,0,0
574,0,0.876539980272536,2.08613771222035,0,0,0.899995498938728,1.81419358507957,1.02240945138075,0,0.902166122317409,0,32.4877448547763,0,1.21088559634316,0,0,2.23220757565714,15.2210697129281,7.15676977256795,2.87613133108202,11.8166843918086,0,6.49299891633613,0,0,2.65974528177475,0,8.05952390969458,0.942897354152491,0,1.07703276613234,0,0,0,0,0,0,0.785723567303718,0,0,11.3171541907399,0.972523513890737,0,0,3.12418501333915,0,0,0,0.796968882581562,0.651700149370734,0.929302732550708,1.47506723578603,0,0
5740,0,0,0,0,0,0,0,0,0,0,0,0,0,0,0,0,0,0,0,0,0,0,0,0,0,0,0,0,0,0,0,0,0,0,0,0,0,0,0,0,0,0,0,0,0,0,0,0,0,0,0,0,0,0
5743,0,0,0,0,0,0,0,0,0,0,0,0,0,0,0,0,0,0,0,0,0,0,0,0,0,0,0,0,0,0,0,0,0,0,0,0,0,0,0,0,0,0,0,0,0,0,0,0,0,0,0,0,0,0
5747,0,0,0,0,0,0,0,0,0,0,0,0,0,0,0,0,0,0,1.02239568179542,0,0.844048885129189,0,0,0,0,0,0.927244667958238,0,0,0,0,0,0,0,0,0,0,0,0,0,0,0,0,0,0,0,0,0,0,0,0,0,0,0
5754,0,0,0,0,0,0,0,0,0,0,0,0,0,0,0,0,0,0,0,0,0,0,0,0,0,0,0,0,0,0,0,0,0,0,0,0,0,0,0,0,0,0,0,0,0,0,0,0,0,0,0,0,0,0
5755,0,0,0,0,0,0,0,0,0,0,0,0,0,0,0,0,0,0,0,0.958710443694007,0,0,2.16433297211204,0,0,0,0,0,0,1.05463621574846,0,0,0,0,0,0,0,0,0,0,0,0,0,0,0,0,0,0.813187062204528,0,0,0,0,0,0
5759,0,0,0,0,0,0,0,0,0,0,0,0,0,0,0,0,0,0,0,0,0,0,0,0,0,0,0,0,0,0,0,0,0,0,0,0,0,0,0,0,0,0,0,0,0,0,0,0,0,0,0,0,0,0
576,0,0,0,0,0,0,0,0,0,0,0,0,0,0,0,0,0,0,0,0,0,0,0,0,0,0,0.927244667958238,0,0,0,0,0,0,2.4579317630868,0,0,0,0,0,0,0,0,0,0,0,0,0,0,0,0,0,0,0,0
5761,0,0,0,0,0,0,0,0,0,0,0,0,0,0,0,0,0,0,0,0,0,0,0,0,0,0,0,0,0,0,0,0,0,0,0,0,0,0,0,0,0,0,0,0,0,0,0,0,0,0,0,0,0,0
5763,0,0,0,0,0,0,0,0,0.910272793242405,0,0.999325778467116,0,0,0,0,0,0,0,0,0,0,1.03070786942743,0,0,0,0,1.85448933591648,0,0.942897354152491,0,0,0,0,0,0,0,0,0,0,0,0,0,0,0,1.56209250666957,0,0,0,0,0,0,0,0,0
5766,0,0,0,0,0,0,0,0,0,0,0,0,0,0,0,0,0,0,0,0,0,0,0,0,0,0,0,0,0,0,0,0,0,0,0,0,0,0,0,0,0,0,0,0,0,0,0,0,0,0,0,0,0,0
5768,0,0,0,0,0,0,0,0,0,0,0,0,0,0,0,0,0,0,0,0,0,0,0,0,0,0,0,0,0,0,0,0,0,0,0,0,0,0,0,0,0,0,0,0,0,0,0.824063590163226,0,0,0,0.929302732550708,0,0,0
5771,0,0,0,0,0,0,0,0,0,0,0,0,0,0,0,0,0,0,0,0,0,0,0,0,0,0,0,0,0,0,0,0,0,0,0,0,0,0,0,0,0,0.972523513890737,2.45128158122089,0,0,0,0,0,0,0,0,0,0,0
580,0,0,0,0,0,0,0,0,0,0,0,0,0,0,0,0,0,0,0,0,0,0,0,0,0,0,0,0,0,1.05463621574846,0,0,0,0,0,0,0,0,0,0,0,0,0,0,0,0,0,0,0,0,0,0,0,0
5803,0,0,0,0,0,0,0,0,0,0,0,0,0,0,0,0,0,0,0,0,0,0,0,0,0,0,0,0,0,0,0,0,0,0,0,0,0,0,0,0,0,0,0,0,0,0,0,0,0,0,0,0,0,0
5804,0,1.75307996054507,0,0,0,0,0,0,0,0,0,0,0.937273526698761,0,1.09960085430456,0,0,0,0,0,0,0,0,1.22802413238947,0,0,0,0,0,0,0,2.86815206829288,0,0,0,0,0,0.785723567303718,0,0,0,0,0,0,0,0,1.64812718032645,0,0.796968882581562,0,0,0,0,0
5807,0,0,0,0,0,0,0,0,0,0,0,0,0,0,1.09960085430456,0,0,0,0,0,0,0,0,0,0,0,0,0,1.88579470830498,1.05463621574846,0,0,0,0,0,0,0,0,0,0,0,0,0,0,1.56209250666957,0,0,0,0,0,0,0,0,0
5808,0,0,0,0,0,0,0,0,0,0,0,0,0,0,0,0,0,0,0,0,0,0,0,0,0,0,0,0,0,0,0,0,0,0,0,0,0,0,0,0,0,0,0,0,0,0,0,0,0,0,0,0,0,0
5811,0,0,0,0,0,0.899995498938728,0,0,0,0.902166122317409,0,0.663015201117883,0,0,1.09960085430456,0,0,0.951316857058008,0,0.958710443694007,0,0,0,0,1.08340074459836,0,0,0,0,0,3.23109829839702,1.43407603414644,0,0,0,1.12182576823647,0,0.785723567303718,0,0,0.943096182561662,0,1.22564079061044,0,0,0,0,1.62637412440906,0,0.651700149370734,0,0,0,0.908674980847939
5812,0,0,0,0,0,0,0,0,0,0,0,0,0,0,0,0,0,0,0,0,0,0,0,0,0,0,0,0,0,0,0,0,0,0,0,0,0,0,0,0,0,0,0,0,0,0,0,0,0,0,0,0,0,0
5814,0,1.75307996054507,5.21534428055088,4.89265368059366,0,0,1.81419358507957,0,0.910272793242405,0.902166122317409,12.9912351200725,5.30412160894306,3.74909410679505,3.63265678902947,5.49800427152278,3.24428588824926,1.11610378782857,0,4.08958272718169,1.91742088738801,2.53214665538757,0,1.08216648605602,2.45604826477893,2.16680148919672,2.65974528177475,3.70897867183295,4.60544223411119,1.88579470830498,4.21854486299386,2.15406553226468,10.0385322390251,1.92215773959633,0.819310587695601,0,1.12182576823647,2.43729316954225,1.57144713460744,3.33124704506909,2.50771802379443,3.77238473024665,2.91757054167221,0,7.48265652637968,6.2483700266783,0,4.94438154097936,1.62637412440906,3.18787553032625,1.9551004481122,1.85860546510142,0,2.19357921731328,5.45204988508763
5815,1.80661859015266,4.38269990136268,8.34455084888141,9.78530736118733,6.35386233402358,7.19996399150982,0,1.02240945138075,0,2.70649836695223,0,4.64110640782518,1.87454705339752,0,2.19920170860911,0,0,0.951316857058008,0,3.83484177477603,0.844048885129189,2.06141573885485,0,3.6840723971684,0,2.65974528177475,4.63622333979119,6.90816335116678,0.942897354152491,4.21854486299386,0,0,2.88323660939449,5.7351741138692,5.93642541470947,0,0,6.28578853842975,0.832811761267273,0,0.943096182561662,0.972523513890737,0,0.93533206579746,3.12418501333915,0,0.824063590163226,0,0,0.651700149370734,0.929302732550708,2.95013447157206,0,0.908674980847939
5816,0,0,0,0,0,0,0,0,0,0,0,0,0,0,0,0,0,0,0,0,0,0,0,0,0,0,0,0,0,0,0,0,0,0,0,0,2.43729316954225,0,0,0,0,0,0,0,0,0,0,0,0,0,0,0,0,0
5818,0,0,0,0,0,0,0,0,0,0,1.99865155693423,0,1.87454705339752,0,3.29880256291367,0,0,0.951316857058008,0,2.87613133108202,0,0,0,2.45604826477893,0,0,0,0,0,0,0,0,0,0,0,2.24365153647295,0,0,0,0,1.88619236512332,0,0,0.93533206579746,3.12418501333915,2.14027944313237,0,2.43956118661358,0,0,0,0,0,2.72602494254382
582,0,0,0,0.978530736118733,0,0,0,1.02240945138075,0,0,0,0,0,0,0,0,0,0,1.02239568179542,0,0,0,0,0,0,0,0,0,0,0,0,0,0,0,0,0,0,0,0,0,0,0,0,0,0,0,0,0,0,0,0,0,0,0
5829,0,0,0,0,0,0,0,0,0,0,0,0,0,0,0,0,0,0,0,0,0,0,0,0,0,0,0,0,0,0,0,0,0,0,0,0,0,0,0,0,0,0,0,0,0,0,0,0,0,0,0,0,0,0
583,0,0,0,0,0,0,0,0,0,0,0,0,0,0,0,0,0,0,0,0,0,0,0,0,0,0,0,0,0,0,0,0,0,0,0,0,0,0,0,0,0,0,0,0,0,0,0,0,0,0,0,0,0,0
5830,0,0,0,0,0,0,0,0,0,0,0,0,0,0,0,0,0,0,0,0,0,0,0,0,0,0,0,0,0,0,0,0,0,0,0,0,0,0,0,0,0,0,0,0,0,0,0,0,0,0,0,0,0,0
5833,0,0,0,0,0,0,0,0,0,0,0,0,0,0,0,0,0,0,0,0,0.844048885129189,0,0,0,1.08340074459836,0,0,0,0.942897354152491,0,0,0,0,0,0,0,0,0,0,0,0,0,0,0,1.56209250666957,0,0,0,0.796968882581562,0,0,0,0,0
5835,0,1.75307996054507,1.04306885611018,0,0,6.2999684925711,0,0,4.55136396621202,0,1.99865155693423,0,0,4.84354238537263,0,0,0,0,0,0,0.844048885129189,0,0,0,0,0.886581760591582,0,0,0,0,0,0,1.92215773959633,0,0.989404235784912,0,0,0.785723567303718,0,0,0.943096182561662,0,0,0,1.56209250666957,0,0,0,0,0,0,0,0,0
5836,0,0,0,0,0,0,0,0,0,0,0,0,0,0,0,0,0,0,0,0,0,0,0,0,0,0,0,0,0,0,0,0,0,0,0,0,0,0,0,0,0,0,0,0,0,0,0,0,0,0,0,0,0,0
5837,0,0,0,0,0,0,0,0,0,0,0,0,0,0,0,0,0,0,0,0,0,0,0,0,0,0,0,0,0,0,0,0,0,0,0,0,0,0,0,0,0,0,0,0,0,0,0,0,0,0,0,0,0,0
5838,0,0,0,0,0,0,0,0,0,0,0,0,0,0,0,0,0,0,0,0,0,0,0,0,0,0,0,0,0,0,0,0,0,0,0,0,0,0,0,0,0,0,0,0,0,0,0,0,0,0,0,0,0,0
5839,0,0,0,0,0,0,0,0,0,0,0,0,0,0,0,0,0,0,0,0,0,0,0,0,0,0,0,0,0,0,0,0,0,0,0,0,0,0,0,0,0,0,0,0,0,0,0,0,0,0,0,0,0,0
584,0,0,0,0,0,0,0,0,0,0,0,0,0,0,0,0,0,0,0,0,0,0,0,0,0,0,0,0,0,0,0,0,0,0,0,0,0,0.785723567303718,0.832811761267273,0,0.943096182561662,0,0,0,0,1.07013972156618,0,0,0,0,0,0,0,0
5840,0,2.62961994081761,1.04306885611018,0,0,2.69998649681618,0,0,0,0,4.99662889233558,0.663015201117883,1.87454705339752,0,2.19920170860911,0,2.23220757565714,0,1.02239568179542,0,0,1.03070786942743,1.08216648605602,0,0,1.77316352118316,0,0,0,0,0,1.43407603414644,0,0,0,0,0,0,0.832811761267273,0,1.88619236512332,0,0,1.87066413159492,0,0,0.824063590163226,0.813187062204528,0,0,0,1.47506723578603,1.09678960865664,0.908674980847939
5841,0,0,0,0,0,0,0,0,0,0,0,0,0,0,0,0,0,0,0,0,0,0,0,0,0,0,0,0,0,0,0,0,1.92215773959633,0,0,0,1.21864658477113,0,0,0,0,0,0,0,0,0,0,0,0,0.651700149370734,0,0,0,0
5842,0,0,0,0.978530736118733,0,0,0,0,0,0,0,0,0,0,0,0,0,0,0,0,0,0,0,0,0,0,0,0,0.942897354152491,1.05463621574846,0,0,0,2.4579317630868,0,0,0,0,0,0,0,0.972523513890737,0,0,0,0,0.824063590163226,0,0.796968882581562,0.651700149370734,0,0,0,0
5843,124.656682720534,92.0366979286163,100.134610186577,35.2271065002744,42.3590822268238,83.6995814013017,57.1470979300064,82.8151655618404,43.6930940756354,73.9776220300276,17.9878640124081,35.8028208603657,29.9927528543604,29.0612543122358,61.5776478410551,67.048575023818,14.5093492417714,36.1500405682043,33.7390574992489,71.9032832770505,47.2667375672346,83.4873374236216,20.5611632350644,42.9808446336313,42.252629039336,45.2156697901707,25.0356060348724,28.7840139631949,49.973559770082,73.8245351023925,14.0014259597204,12.906684307318,111.485148896587,104.052444637341,23.7457016588379,8.97460614589179,56.0577428994718,33.0003898267562,40.8077763020964,27.5848982617387,45.2686167629598,22.368040819487,18.3846118591566,26.1892978423289,56.2353302401047,74.9097805096329,52.7400697704465,71.5604614739984,64.5544794891065,21.5061049292342,34.3842011043762,7.37533617893014,14.2582649125363,38.1643491956134
5846,0,0,0,0,0,0,0,0,0,0,0,0,0,0,0,0,0,0,0,0,0,0,0,0,0,0,0,0,0,0,0,0,0,0,0,0,0,0,0,0,0,0,0,0,0,0,0,0,0,0,0,0,0,0
5847,0,0,0,0,0,0,0,0,0,0,0,0,0,0,0,0,0,0,0,0,0,0,0,0,0,0,0,0,0,0,0,0,0,0,0,0,0,0,0,0,0,0,0,0,0,0,0,0,0,0,0,0,0,0
5848,0,0,0,0,0,0,0,0,0,0,0,0,0,0,0,2.16285725883284,0,0,0,0,0,0,0,0,0,0,0,0,0,0,0,0,0,0,0,0,0,0,0,0,0,0,1.22564079061044,0,0,0,0,0,0,0,0,0,0,0
585,0,0,0,0,0,0,0,0,0,0,0,0,0,0,0,0,0,0,0,0,0,0,0,0,0,0,0,0,0,0,0,0,0,0,0,0,0,0,0,0,0,0,0,0,0,0,0,0,0,0,0,0,0,0
5850,0,0,0,0,0,0,0,0,0.910272793242405,0.902166122317409,0,0,0,0,0,0,0,0,0,0,0,0,0,0,0,0.886581760591582,0,0,0,0,0,1.43407603414644,0,0,0,0,0,0,0,0,0,0,0,0.93533206579746,1.56209250666957,0,0,0,0,0,0,0,0,0
5852,0,0,0,0,0,0,0,0,0,0,0,0,0.937273526698761,0,0,0,0,0,0,0,1.68809777025838,0,0,0,0,0,0,0,0,1.05463621574846,0,0,0,0,0,0,0,0,0,0,0.943096182561662,0,0,0,0,0,0,0,0.796968882581562,0,0,0,0,0
5855,0,0,0,0,0,0,0,0,0,0,0,0,0,0,0,0,0,0,0,0,0,0,0,0,0,0,0,0,0,0,0,0,0,0,0,0,0,0,0,0,0,0,0,0,0,0,0,0,0,0,0,0,0,0
5856,0,0,0,0,0,0,0.907096792539785,0,0,0,1.99865155693423,0,0.937273526698761,0,0,0,0,0,0,0,0,0,0,0,7.58380521218852,0,0.927244667958238,2.30272111705559,0,0,0,2.86815206829288,0,0,0.989404235784912,0,0,0,0.832811761267273,0,1.88619236512332,0,0,0,0,0,1.64812718032645,0.813187062204528,0.796968882581562,0,0,0,1.09678960865664,0.908674980847939
5858,0,0,0,0,0,0,0,1.02240945138075,0,0,0.999325778467116,0,0,0,1.09960085430456,0,0,0.951316857058008,0,0,0,1.03070786942743,0,0,0,0.886581760591582,0,0,0,0,1.07703276613234,0,0.961078869798163,0,0,2.24365153647295,0,0,3.33124704506909,0,0.943096182561662,0,0,0,0,1.07013972156618,0.824063590163226,0,1.59393776516312,1.30340029874147,0,2.95013447157206,0,0
586,0.903309295076332,0,0,0,0,0,0,0,0,0,0,0,0,0,0,0,0,0,0,0,0,0,0,0,0,0,0,0,0,1.05463621574846,0,0,0,0,0,0,0,0,0,0,0,0,0,0,0,0,0,0,0,0,0,0,1.09678960865664,0
5860,1.80661859015266,4.38269990136268,10.4306885611018,2.9355922083562,1.0589770556706,8.09995949044855,4.53548396269892,4.08963780552298,5.46163675945443,18.0433224463482,1.99865155693423,3.9780912067073,5.62364116019257,4.84354238537263,15.3944119602638,2.16285725883284,6.69662272697142,1.90263371411602,2.04479136359084,2.87613133108202,12.6607332769378,5.15353934713713,4.32866594422409,8.59616892672627,4.33360297839344,3.54632704236633,5.56346800774943,2.30272111705559,11.3147682498299,8.43708972598772,7.53922936292637,0,1.92215773959633,6.5544847015648,7.91523388627929,4.48730307294589,6.09323292385563,3.14289426921487,1.66562352253455,25.0771802379443,11.3171541907399,14.5878527083611,2.45128158122089,0.93533206579746,3.12418501333915,5.35069860783092,2.47219077048968,7.31868355984075,0.796968882581562,4.56190104559514,0.929302732550708,7.37533617893014,2.19357921731328,3.63469992339175
5861,0,0,0,0,0,0,0,0,0,0,0,0,0,0,0,0,0,0,0,0,0,0,0,0,0,0,0,0,0,0,0,0,0,0,0,0,0,0,0,0,0,0,0,0,0,0,0,0,0,0,0,0,0,0
5862,0,0,0,0,0,0,0,0,0,0,0,0,0,0,0,0,0,0,0,0,0,0,0,1.22802413238947,0,0,0,0,0,0,0,0,0,0,0,0,0,0,0,0,0,0,0,0,0,0,0,0,0,0,0,0,0,0
5863,0,0,0,0,0,0,0,0,0,0,0,0,0,0,0,0,0,0,0,0,0,0,0,0,0,0,0,0,0,0,0,0,0,0,0,0,0,0,0,0,0,0,0,0,0,0,0,0,0,0,0,0,0,0
5867,0,0.876539980272536,0,0,0,0,0,1.02240945138075,0,0.902166122317409,0,0,0,0,0,0,1.11610378782857,0,0,0,0,0,0,0,0,0,0,0,0,0,0,0,0,0,0,0,0,0,0,0,0.943096182561662,0,0,0,0,0,0,0,0,0,0,0,0,0
587,0,0,0,0,0,0.899995498938728,0,0,0,0,0,0,0,0,0,0,0,0,0,0,0,0,0,0,0,0,0,0,0,0,0,0,0,0,0,0,0,0,0,0,0,0,0,0,0,0,0,0,0,0,0,0,0,0
5870,0,0,0,2.9355922083562,0,0,0,0,2.73081837972721,0,3.99730311386846,0.663015201117883,0,7.26531357805895,0,0,0,0,4.08958272718169,0.958710443694007,1.68809777025838,0,1.08216648605602,1.22802413238947,0,1.77316352118316,0,0,0,0,1.07703276613234,1.43407603414644,0,0,0,0,0,0.785723567303718,0,0,0,0,0,2.80599619739238,0,0,0,0.813187062204528,0,1.9551004481122,0,1.47506723578603,0,1.81734996169588
5871,0,0,0,0,0,0,0,0,0,0,0,0,0,0,0,0,0,0.951316857058008,0,0,0,0,0,0,0,0,0,0,0,0,0,0,0,0,0,0,0,0,0,0,0,0,0,0,0,0,0,0,0,0,0,0,0,0
5872,0,0,0,0,0,0,0,0,0,0,0,0,0,0,0,0,0,0,0,0,0,2.06141573885485,0,0,0,0,0,0,0,0,0,0,0,0,0,0,0,0,0.832811761267273,0,0,0,0,0,0,0,0.824063590163226,0,0,0,0,0,0,0
5874,0,0,0,0,0,0,0,0,0,0,0,0,0,0,0,0,0,0,0,0,0,0,0,0,0,0,0,0,0,0,0,0,0,0,0,0,0,0,0,0,0,0,0,0,0,0,0,0,0,0,0,0,0,0
5875,1.80661859015266,0,0,0,0,0,0,0,0.910272793242405,0,0,0,0,0,0,1.08142862941642,0,0,0,0,0,0,0,1.22802413238947,0,0,0,1.1513605585278,0.942897354152491,0,0,0,0,0.819310587695601,2.96821270735474,0,1.21864658477113,0,0.832811761267273,0,0,0,2.45128158122089,0,1.56209250666957,1.07013972156618,2.47219077048968,0,0.796968882581562,0,0.929302732550708,2.95013447157206,1.09678960865664,0
5876,0,0,0,0,0,0,0,0,0,0,0,0,0,0,0,0,0,0,0,0,0,0,0,0,0,0,0,0,0,0,0,0,0,0,0,0,0,0,0,0,0,0,0,0,0,0,0,0,0,0,0,0,0,0
5878,0,0,0,0,0,0,0,0,0,0,0,0,0,0,0,0,0,0,0,0,0,0,0,0,0,0,0,0,0,0,0,0,0,0,0,0,0,0,0,0,0,0,0,0,0,0,0,0,0,0,0,0,0,0
588,0,0,0,0,0,0,0,0,0,0,0,0,0,0,0,0,0,0,0,0,0,0,0,0,0,0,0,0,0,0,0,0,0,0.819310587695601,0,0,0,0,0,0,0,0,0,0,0,0,0,0,0,0,0,1.47506723578603,0,0
5881,0,0,1.04306885611018,0,0,0,0,0,0,0,0,0.663015201117883,0,0,0,0,0,0,2.04479136359084,0,0,0,0,0,0,0,0,0,0,0,0,0,0,0,0,0,0,0,0,0,0,0,0,0,0,0,0,0,0,0,0,0,0,0
5882,10.839711540916,5.25923988163522,2.08613771222035,4.89265368059366,5.29488527835298,4.49997749469364,0,0,5.46163675945443,5.41299673390446,4.99662889233558,0,2.81182058009628,4.84354238537263,3.29880256291367,1.08142862941642,2.23220757565714,13.3184359988121,2.04479136359084,2.87613133108202,10.9726355066795,1.03070786942743,34.6293275537927,0,3.25020223379508,2.65974528177475,0.927244667958238,3.45408167558339,2.82869206245747,7.38245351023925,2.15406553226468,2.86815206829288,3.84431547919265,8.19310587695601,1.97880847156982,8.97460614589179,9.74917267816901,0.785723567303718,16.6562352253455,26.3310392498415,1.88619236512332,12.6428056805796,29.4153789746506,8.41798859217714,37.4902201600698,14.9819561019266,18.129398983591,30.901108363772,23.1120975948653,5.8653013443366,4.64651366275354,4.42520170735808,28.5165298250727,2.72602494254382
5883,0,0,0,0,0,0,0,0,0,0,0,0,0,0,0,0,0,0,0,0,0,0,0,0,0,0,0,0,0,0,0,0,0,0,0,0,0,0,0,0,0,0,0,0,0,0,0,0,0,0,0,0,0,0
5884,0,0,0,0.978530736118733,0,0,0,0,0,0,0,0,0,1.21088559634316,1.09960085430456,0,0,0,0,0,0,0,1.08216648605602,0,0,0,0,0,0,0,1.07703276613234,1.43407603414644,0,0,0,0,0,0,0,0,0,0.972523513890737,0,0,0,0,0,0,0.796968882581562,1.9551004481122,0,0,0,0
5889,0,0,0,0,0,0,0,0,0,0,0,0,0,0,0,0,0,0,0,0,0,0,0,0,0,0,0,0,0,0,0,0,0,0,0,0,0,0,0,0,0,0,0,0,0,0,0,0,0,0,0,0,0,0
589,0,0,0,0,0,0,0,0,0,0,0,0,0,0,0,0,0,0,0,0,0,0,0,0,0,0,0,0,0,0,0,0,0,0,0,0,0,0,0,0,0,0,0,0,0,0,0,0,0,0,0,0,0,0
5890,0,0,1.04306885611018,0,0,0.899995498938728,0,0,0,0,0,0,0,0,0,0,1.11610378782857,0,1.02239568179542,0,0,0,0,0,0,0,0,0,0,0,0,0,0,0,0.989404235784912,0,0,0,0,0,0.943096182561662,0,0,0,0,0,0,0,0,0,0,0,0,0
5891,0,0,0,0,0,0,0,0,0,0,0,0,0,0,0,0,0,0,0,0,0,0,0,0,0,0,0,0,0,0,0,0,0,0,0,0,0,0,0,0,0,0,0,0,0,0,0,0,0,0,0,0,0,0
5892,0.903309295076332,3.50615992109015,0,0,0,0,0,0,0,0,0,0,0,0,0,1.08142862941642,0,0,0,0,0,0,0,0,0,0,0,0,0,0,0,0,0,0,0,0,0,0.785723567303718,0,0,0.943096182561662,0,0,0.93533206579746,0,0,0,0,0,0,0,1.47506723578603,0,0
5893,0,0,0,0,0,0.899995498938728,0,0,0,0,0,0,0,0,0,1.08142862941642,0,0,0,0,0,0,0,0,0,0,0,0,0,0,0,0,0,0.819310587695601,0,0,0,0,0,0,0,0,1.22564079061044,0,0,0,0,0,0,0,0,0,0,0
5894,0,0,0,0,0,0,0,0,0,0,0,0,0,0,0,0,0,0,1.02239568179542,0,0,0,0,0,0,0,0,0,0,0,0,8.60445620487864,0,0,0,0,0,0,0,0,0,0,0,0,1.56209250666957,0,0,0,0,0,0,0,0,0
5895,0,0,0,0.978530736118733,0,0,0,0,0,0,0,0,0,0,0,0,0,0,0,0.958710443694007,0,0,0,0,0,0,0,0,0,1.05463621574846,0,0,0,0,0,0,0,0,0,0,0,0,0,0,0,1.07013972156618,0.824063590163226,0,0,0,0.929302732550708,0,0,0
5896,0,0,0,0,0,0,0,0,0.910272793242405,0,0,0.663015201117883,0,0,0,0,0,0,0,0,0,0,0,0,0,0,0,0,0,0,0,0,0,0,0,0,0,0,0,0,0,0,0,0,0,0,0,0.813187062204528,0,0,0,0,0,0
5897,0,0,0,0.978530736118733,0,0,0,0,0,0,0,0,2.81182058009628,0,0,0,2.23220757565714,0,0,0,0,2.06141573885485,0,0,0,0.886581760591582,0,2.30272111705559,0,1.05463621574846,0,0,0.961078869798163,0,0,0,0,0,0.832811761267273,0,0,0.972523513890737,0,0,0,1.07013972156618,0,0,0,0,0.929302732550708,0,0,0.908674980847939
5898,0,0,0,0,0,0,0,0,0,0,0,0,0,0,0,0,0,0,0,0,0,0,0,0,0,0,0,0,0,0,0,0,0,0,0,0,0,0,0,0,0,0,0,0,0,0,0,0,0,0,0,0,0,0
5901,0,0,0,0,0,0,0,0,0,0,0,0,0,0,0,0,0,0,0,0,0,0,0,0,0,0,0,0,0,0,0,0,0,0,0,0,0,0,0,0,0,0,0,0,0,0,0,0,0,0,0,0,0,0
5903,0,0,0,0,0,0,0,0,0,0,0,0,0,0,0,0,0,0,0,0,0,0,0,0,0,0,0,0,0,0,0,0,0,0,0,0,0,0,0,0,0,0,0,0,0,0,0,0,0,0,0,0,0,0
5904,1.80661859015266,0.876539980272536,0,0,0,0,0,0,0.910272793242405,0.902166122317409,0,0,0,0,0,0,0,0,0,0,0,0,0,0,2.16680148919672,0,0,0,0,0,1.07703276613234,0,0,0,0,0,0,0.785723567303718,0,0,0,0,0,0,0,0,0,0.813187062204528,0,0,0,0,1.09678960865664,0
5906,0,0,0,0,0,0,0,0,0,0,0,0,0,0,0,0,0,0,0,0,0,0,0,0,0,0,0,0,0,0,0,0,0,0,0,0,0,0,0,0,0.943096182561662,0,0,0,0,0,0,0,0,0,0,0,0,0
5907,0,0,0,0,0,0,0,0,0,0,0,0,0,0,0,0,0,0,0,0,0,0,0,0,0,0,0,0,0,0,0,0,0,0,0,0,0,0,0.832811761267273,0,0,0,0,0,1.56209250666957,0,0,0,0,0,0,0,0,0
5909,0,0,0,0,0,0,0,0,0,0,0,1.32603040223577,0,0,2.19920170860911,0,0,0,0,0,1.68809777025838,0,2.16433297211204,0,1.08340074459836,0,0.927244667958238,0,0,0,0,0,0,0,0,0,0,0,0,0,0,0,0,0,0,0,0,0,0,0,0,0,0,0
591,0,0,0,0,0,0,0,0,0,0,0.999325778467116,0,1.87454705339752,0,0,0,0,0.951316857058008,0,0,0,0,0,0,0,0,0,0,0,2.10927243149693,1.07703276613234,0,0,0.819310587695601,0,0,0,0,0,0,0,0,0,0.93533206579746,0,0,0,0,3.18787553032625,0,0,0,0,0
5913,0,0,0,0.978530736118733,0,0,0,1.02240945138075,0,0,0.999325778467116,0,0,0,0,0,0,0,0,0,0,0,0,1.22802413238947,0,2.65974528177475,0,1.1513605585278,0,0,0,0,0,0,0,0,0,0.785723567303718,0,1.25385901189721,0.943096182561662,0,1.22564079061044,0,0,0,0,0,1.59393776516312,0,0,1.47506723578603,0,0
5917,0.903309295076332,0,0,0,0,0.899995498938728,0,0,0,0,0,1.98904560335365,0,0,5.49800427152278,0,2.23220757565714,2.85395057117402,1.02239568179542,0.958710443694007,0,1.03070786942743,0,0,0,1.77316352118316,0.927244667958238,2.30272111705559,0,0,2.15406553226468,1.43407603414644,0,1.6386211753912,0,0,1.21864658477113,0.785723567303718,1.66562352253455,0,0,0.972523513890737,1.22564079061044,0,1.56209250666957,1.07013972156618,0,0,1.59393776516312,0.651700149370734,1.85860546510142,0,0,0
5918,8.12978365568699,9.6419397829979,6.25841313666105,8.8067766250686,3.17693116701179,7.19996399150982,6.34967754777849,10.2240945138075,4.55136396621202,5.41299673390446,1.99865155693423,10.6082432178861,10.3100087936864,4.84354238537263,9.896407688741,4.32571451766568,12.2771416661143,4.75658428529004,2.04479136359084,10.5458148806341,11.8166843918086,8.24566295541942,9.7394983745042,3.6840723971684,2.16680148919672,12.4121446482822,0.927244667958238,11.513605585278,4.71448677076245,7.38245351023925,3.23109829839702,2.86815206829288,3.84431547919265,1.6386211753912,12.8622550652039,0,1.21864658477113,5.50006497112603,1.66562352253455,1.25385901189721,4.71548091280831,3.89009405556295,0,0.93533206579746,1.56209250666957,0,0,1.62637412440906,0.796968882581562,2.60680059748294,4.64651366275354,1.47506723578603,1.09678960865664,4.54337490423969
5919,0,0,0,0,0,0,0,0,0,0,0,0,0,0,0,0,0,0,0,0,0,0,0,0,0,0,0,0,0,0,0,0,0,0,0,0,0,0,0,0,0,0,0,0,0,0,0,0,0,0,0,0,0,0
592,0,0,0,0,0,0,0,0,0,0,0,0,0,0,0,0,0,0,0,0,0,0,0,0,0,0,0,0,0,0,0,0,0,0,0,0,0,0,0,0,0,0,0,0,0,0,0,0,0,0,0,0,0,0
5921,0,0,0,0,0,0,0,0,0,0,0,0,0,0,0,0,0,0,0,0,0,0,0,0,0,0,0,0,0,0,0,0,0,0,0,0,0,0,0,0,0,0,0,0,0,0,0,0,0,0,0,0,0,0
5922,0,0,0,0,0,0,0,0,0,0,0,0,0,0,0,0,0,0,0,0,0,0,0,0,0,0,0,0,0,0,0,0,0,0,0,0,0,0,0,0,0,0,0,0,0,0,0,0,0,0,0,0,0,0
5924,0,0,0,0,0,0,0,0,6.37190955269683,0.902166122317409,0.999325778467116,0,2.81182058009628,0,0,3.24428588824926,0,0,0,0.958710443694007,0,1.03070786942743,0,0,2.16680148919672,0,0,1.1513605585278,0,0,2.15406553226468,0,0,0,0,0,0,0,0,0,0.943096182561662,0.972523513890737,0,0.93533206579746,0,0,0.824063590163226,0,0,0.651700149370734,0,0,3.29036882596993,0
5925,0,0,0,0,0,0,0,0,0,0,0,0,0.937273526698761,0,0,0,0,0,0,0,0,0,0,0,0,0,0,0,0,0,1.07703276613234,0,0,0,0,0,0,0,0,0,0,0,0,0,0,0,0,0,0,0,0,0,0,0
5929,0,0,0,0,0,0,0,0,0,0,0,0,0,0,0,0,0,0,0,0,0,0,0,0,0,0,0,0,0,0,0,0,0,0,0,0,0,0,0,0,0,0,0,0,0,0,0,0,0,0,0,0,0,0
593,0,0,0,0,0,0,0,0,0,0,0,0,0,0,0,0,0,0,0,0,0,0,0,0,0,0,0,0,0,0,0,0,0,0,0,0,0,0,0,0,0,0,0,0,0,0,0,0,0,0,0,0,0,0
5931,0,0,1.04306885611018,0,1.0589770556706,0,0,0,0,0,0,0,0,3.63265678902947,0,1.08142862941642,0,0,0,0.958710443694007,0,0,0,0,0,0,0,0,0,0,0,0,0,0,0,0,0,0,0,0,0,0,0,0,1.56209250666957,0,0.824063590163226,0,0,0,0,0,0,0.908674980847939
5934,0,0,0,0,0,0,0,0,0,0,0,0,0,1.21088559634316,0,0,0,0,0,0,0,0,0,0,0,0,0,0,0,0,0,0,0,0,0,0,0,0,0,0,0,0,0,0,0,0,0,0,0,0,0,0,0,0
5937,0.903309295076332,0,0,0,0,0,0,0,0,0,0,0,0,0,0,0,0,0,0,0,0,0,1.08216648605602,0,1.08340074459836,0,0,0,0,0,0,0,0,0,0,0,0,0,0,1.25385901189721,0,0,0,0,0,0,0,0.813187062204528,0,0,0,0,0,0
5938,0,0,0,0,0,0,0,0,0,0,0,0,0.937273526698761,0,1.09960085430456,0,0,0,0,0,0,0,0,0,0,0,0,0,0,0,0,0,0,0,0,0,0,0,0,0,0.943096182561662,0,0,0,0,0,0,0,0,0,0,0,0,0
5939,0,0,0,0,0,0,0,0,0,0,0,0,0,0,0,0,0,0,0,0,0,0,0,0,0,0,0,0,0,0,0,0,0,0,0,0,0,0,0,1.25385901189721,0,0,0,0,0,0,0,0,0,0,0,0,0,0
594,0,0,0,0,0,0,0,0,0,0,0,0,0,0,0,0,0,0,0,0,0,0,0,0,0,0,0,0,0,0,0,0,0,0,0,0,0,0,0,0,0,0,0,0,0,0,0,0,0,0,0,0,0,0
5940,0,0,0,0,0,0,0,0,0,0,0,0,0.937273526698761,0,0,0,0,0,0,0,0,0,0,0,1.08340074459836,0,0,0,0,0,0,0,0,0,0,0,0,0.785723567303718,0,0,0,0,1.22564079061044,0.93533206579746,0,0,0,0,0,0,0,0,0,0
5943,0,0,0,0,0,0,0,0,0,0,0,0,0,0,0,0,0,0,0,0,0,0,0,0,0,0,0,0,0,0,0,0,0,0,0,0,0,0,0,0,0,0,0,0,0,0,0,0,0,0,0,0,0,0
5944,0,0,0,0,0,0,0,1.02240945138075,0,0,0,0.663015201117883,0,1.21088559634316,0,0,0,0,1.02239568179542,0,0,1.03070786942743,0,0,0,0,0,0,0,0,1.07703276613234,0,0,1.6386211753912,0,0,1.21864658477113,0,3.33124704506909,0,0,0,7.35384474366266,0,0,0,0,0,0,0.651700149370734,0,0,0,0
5945,0.903309295076332,0,0,0,0,0,0,0,0,0,0,0,0,0,0,0,0,0,0,0,1.68809777025838,0,0,0,0,0,0,0,0,0,0,0,0,0,0,0,0,0,0,0,0,0,0,0,0,0,0,0,0,0,0,0,0,0
5946,0,0,0,0,0,0,0.907096792539785,0,0,0,0,0,0,0,0,0,0,0,0,0,0,0,0,0,0,0,0,0,0,0,0,0,0,0,0,0,0,0,0,0,0,0,0,0,0,0,0,0,0,0,0,0,0,0
5947,0,0,0,0,0,0,0,0,0,0,0,0,0,0,0,0,0,0,0,0,0,0,0,0,0,0,0,0,0,0,0,0,0,0,0,0,0,0,0,0,0,0,0,0,0,0,0,0,0,0,0,0,0,0
5951,0,0,0,0,0,0,0,0,0,0,0,0,0,0,0,0,0,0,0,0,0,0,0,0,0,0,0,0,0,0,0,0,0,0,0,0,0,0,0,0,0,0,0,0,0,0,0,0,0,0,0,0,0,0
5952,2.709927885229,0,4.1722754244407,0,0,1.79999099787746,0,0,0,3.60866448926964,3.99730311386846,6.63015201117883,16.8709234805777,3.63265678902947,7.69720598013189,2.16285725883284,6.69662272697142,9.51316857058008,7.15676977256795,1.91742088738801,1.68809777025838,0,11.9038313466162,7.3681447943368,1.08340074459836,0,3.70897867183295,10.3622450267502,5.65738412491494,7.38245351023925,1.07703276613234,2.86815206829288,0.961078869798163,9.83172705234721,0.989404235784912,13.4619092188377,14.6237590172535,3.14289426921487,11.6593646577418,89.0239898447022,5.65857709536997,10.6977586527981,11.030767115494,16.8359771843543,23.4313876000436,17.122235545059,4.94438154097936,20.3296765551132,16.7363465342128,39.102008962244,41.8186229647819,4.42520170735808,4.38715843462657,14.538799693567
5953,0,0,0,0,0,0,0,0,0,0,0,0,0.937273526698761,0,0,0,0,0,0,0,0,0,0,0,0,0,0,0,0,0,0,0,0,0,0,0,0,0,0,0,0,0.972523513890737,0,0,0,0,0,0,0,0,0,0,0,0
5954,0,0,0,0,0,0,0,0,0,0,0,0,0.937273526698761,0,1.09960085430456,0,0,0,0,1.91742088738801,0,0,0,0,0,0,0,0,0,0,0,0,0,0,0,0,0,0,0,0,0,0,0,0.93533206579746,0,0,0,1.62637412440906,0,0,0,0,0,0
5955,0,0,0,0,0,0,0,0,0,0,0,0,0,0,0,0,0,0,0,0,0,0,0,0,0,0,0,0,0,0,0,0,0,0,0,0,0,0,0,1.25385901189721,0,0,0,0,0,1.07013972156618,0,0.813187062204528,0,0,0,0,1.09678960865664,0
5959,0,0,0,0,0,0,0,0,0,0.902166122317409,0,0,0,2.42177119268632,0,0,0,0,1.02239568179542,0,0,0,0,0,0,0,0,0,0,0,0,0,0,0,0,0,0,0,0,3.76157703569164,0,0,0,0,1.56209250666957,0,0,0.813187062204528,0.796968882581562,0,0,0,0,0
596,0,0,0,0,0,0,0,0,0.910272793242405,0,0,0,0,0,0,0,0,0,0,0,0,0,0,0,0,0,0,0,0,0,0,0,0,0,0,0,0,0,0,0,0,0,0,0,0,0,0,0,0,0,0,0,0,0
5961,13.549639426145,5.25923988163522,6.25841313666105,5.8711844167124,4.23590822268238,12.5999369851422,3.62838717015914,6.13445670828447,7.28218234593924,5.41299673390446,0.999325778467116,8.61919761453248,3.74909410679505,6.05442798171579,5.49800427152278,3.24428588824926,6.69662272697142,7.61053485646406,4.08958272718169,3.83484177477603,21.1012221282297,1.03070786942743,2.16433297211204,2.45604826477893,0,1.77316352118316,1.85448933591648,9.21088446822238,0.942897354152491,2.10927243149693,0,1.43407603414644,3.84431547919265,0.819310587695601,0.989404235784912,0,0,3.14289426921487,0,3.76157703569164,0,0.972523513890737,0,3.74132826318984,3.12418501333915,0,0,2.43956118661358,2.39090664774469,5.21360119496587,0,0,1.09678960865664,6.36072486593557
5965,0,0,0,0,0,0,0,0,0,0,0,0,0,0,0,0,0,0,0,0,0,0,0,0,0,0,0,0,0,0,0,0,0,0,0,0,0,0,0,0,0,0,0,0,0,0,0,0,0,0,0,0,0,0
5966,0,0,2.08613771222035,0,0,0,0,0,0,0,0,0,0,0,0,0,0,1.90263371411602,0,0,0,0,0,0,0,0,0,1.1513605585278,0,0,0,0,0,0,0,0,0,0,0,0,0,0,0,0,0,0,0,0,0,0,0,0,0,0.908674980847939
597,0,0,0,0,0,0,0,0,0,0,0,0,0,0,0,0,0,0,0,0,0,0,0,0,0,0,0,0,0,0,0,0,0,0,0,0,0,0,0,0,0,0,0,0,0,0,0,0,0,0,0,0,0,0
5970,0,0,0,0,0,0,0,0,0,0,0,0,0,0,0,0,0,0,0,0,0,0,0,0,0,0,0,0,0,0,0,0,0,0,0,0,0,0,0,0,0,0,0,0,0,0,0,0,0,0,0,0,0,0
5972,8.12978365568699,0.876539980272536,0,0.978530736118733,2.11795411134119,0,6.34967754777849,2.04481890276149,0.910272793242405,0,2.99797733540135,0,0.937273526698761,4.84354238537263,2.19920170860911,3.24428588824926,0,1.90263371411602,0,0,0,2.06141573885485,3.24649945816807,3.6840723971684,0,1.77316352118316,0,0,0.942897354152491,3.16390864724539,0,1.43407603414644,1.92215773959633,1.6386211753912,0,0,3.65593975431338,3.92861783651859,3.33124704506909,2.50771802379443,0.943096182561662,0,1.22564079061044,1.87066413159492,3.12418501333915,5.35069860783092,4.12031795081613,2.43956118661358,3.98484441290781,1.9551004481122,7.43442186040566,2.95013447157206,0,0
5973,0,0,0,0,0,0,0,0,0,0,0,0,0,0,0,0,0,0,0,0,0,0,0,0,0,0,0,0,0,0,0,0,0,0,0,0,0,0,0,0,0,0,0,0,0,0,0,0,0,0,0,0,0,0
5975,0,0,0,0,0,0,0,0,0,0,0,0,0,0,0,0,0,0,0,0,0,0,0,0,0,0,0,0,0,0,0,0,0,0,0,0,0,0,0,0,0,0,0,0,0,0,0.824063590163226,1.62637412440906,0,0,0,0,0,0
5977,0,0,0,0,0,0,0,0,0,0,0,0,0,0,0,0,0,0,0,0,0,0,0,0,0,0,0,0,0,0,0,0,0,0,0,0,0,0,0,0,0,0,0,0,0,0,0,0,0,0,0,0,0,0
5978,0,0,0,0,0,0,0,0,0,0,0,0,0,0,0,0,0,0,0,0,0,0,0,0,1.08340074459836,0,0,0,0,0,0,0,0,0,0,0,0,0,0,0,0,0,0,0,0,0,0,0,0,0,0,0,0,0
5980,0,0,0,0,0,0,0,0,0,0,0,0.663015201117883,0,0,0,0,0,0,0,0,0,0,0,0,0,0,0,0,0,0,0,0,0,0,0,0,0,0,0,0,0,0,0,0,0,0,0,0,0,0.651700149370734,0,0,0,0
5981,0,0,0,0,0,0,0,0,0,0,0,0,0,0,0,1.08142862941642,0,0,0,0,0,0,0,0,0,1.77316352118316,0,0,0,0,0,0,0,0,0,0,0,0,0,0,0,0,0,0,0,0,0,0,0,0,0,0,0,0
5983,0,0,0,0,0,0,0,0,0,0,0,0,0,0,0,0,0,0,0,0,0,0,0,0,0,0,0,0,0,0,0,0,0,0,0,0,0,0,0,0,0,0,0,0,0,0,0,0,0,0,0,0,0,0
5985,0,0,0,0,0,0,0,0,0,0,0,0,0,0,0,0,3.34831136348571,0,0,0,0,2.06141573885485,0,0,0,0,0,0,0,0,0,0,0,0,0,0,0,0,0.832811761267273,0,0,0,0,0,0,0,0,0,0,0,0,0,0,0
5986,0,0,0,0,0,0,0,0,0,0,0,0,0,0,0,0,0,0,0,0,0,0,0,0,0,0,0,0,0,0,0,0,0,0,0,0,0,0,0,0,0,0,0,0,0,0,0,0,0,0,0,0,0,0
5987,0,0,0,0,0,0,0,0,0,0,0,0,0,0,1.09960085430456,0,0,0,0,0,0,0,0,0,0,0,0,0,0,0,0,0,0,0,0,0,0,0,0,0,0,0,0,0,0,0,0,0,0,0,0,0,0,0
5988,0,0,0,0,0,0,0,0,0,0,0,0,0,0,0,0,0,0,0,0,0,0,0,0,0,0,0,0,0,0,0,0,0,0,0,0,0,0,0,0,0,0,0,0,0,0,0,0,0,0,0,0,0,0
5991,0,0,0,0,0,0,0,0,0,0,0,0,0,0,0,0,0,0,0,0,0,0,0,0,0,0,0,0,0,0,0,0,0,0,0,0,0,0,0,0,0,0,0,0,0,0,0,0,0,0,0,0,0,0
5992,0,0,0,0,0,0,0,0,0,0,0,0,0,0,0,0,0,0,0,0,0,0,0,0,0,0,0,0,0,0,0,0,0,0,0,0,0,0,0,0,0,0,0,0,0,0,0,0,0,0,0,0,0,0
5993,0,0,0,0,0,0,0,0,0,0,0,0,0,0,0,0,0,0,0,0,0,0,0,0,0,0,0,0,0,0,0,0,0,0,0,0,0,0,0,0,0,0,0,0,0,0,0,0,0,0,0,0,0,0
5994,0,0,0,0,0,0,0,0,0,0,0,0,0,0,0,0,0,0,0,0,0,0,0,0,0,0,0,0,0,0,0,0,0,0,0,0,0,0,0,0,0,0,0,0,0,0,0,0,0,0,0,0,0,0
5996,0,0,0,0,0,0,0,0,0,0,0,0,0,0,0,0,0,0,0,0,0,0,0,0,0,0,0,0,0,0,0,0,0,0,0,0,0,0,0,0,0,0,0,0,0,0,0,0,0,0,0,0,0,0
5997,0,0,0,0,0,0,0,0,0,0,0,0,0.937273526698761,0,0,0,0,0,0,0,0,0,0,0,0,0,0,0,0,0,0,0,0,0,0,0,0,0,0,0,0,0,0,0,0,1.07013972156618,0,0,0,0,0,0,0,0
5998,0,0,0,0,0,0,0,0,0,0,0,0,0,0,0,0,0,0,0,0,0,0,0,0,0,0,0,0,0,0,0,1.43407603414644,0,0,0,0,0,0,0,0,0,0,0,0,0,0,0,0,0,0,0,0,0,0
5999,0,0,0,0,0,0,0,0,0,0,0,0,0,0,0,0,0,0,0,0,0,0,0,0,0,0,0,0,0.942897354152491,0,0,0,0,0,0,0,0,0,0,0,0,0,0,0,0,0,0,0,0,0,0,0,0,0
600,0,0,0,0,0,0,0,0,0,0,0,0,0,0,0,0,0,0,0,0,0,0,0,0,0,0,0.927244667958238,0,0,0,0,0,0,0,0,0,0,0,0,0,0,0,0,0,0,0,0,1.62637412440906,0,0,0,0,0,0
6005,0,0,0,0,1.0589770556706,0,0,0,0,0,0,0.663015201117883,0,0,0,0,0,0,0,0,0,0,0,0,0,0,0,0,0,0,0,0,0,0,1.97880847156982,0,0,0,0,0,0,0,0,0,0,0,0,0,0,0,0,0,0,0
6007,10.839711540916,3.50615992109015,17.732170553873,4.89265368059366,6.35386233402358,1.79999099787746,4.53548396269892,4.08963780552298,8.19245513918164,18.0433224463482,0,13.2603040223577,0.937273526698761,1.21088559634316,3.29880256291367,1.08142862941642,24.5542833322286,13.3184359988121,12.2687481815451,12.4632357680221,0.844048885129189,7.21495508599199,3.24649945816807,18.420361985842,0,13.2987264088737,3.70897867183295,26.4812928461393,10.3718708956774,0,0,0,14.4161830469724,2.4579317630868,0.989404235784912,12.3400834506012,1.21864658477113,18.0716420479855,1.66562352253455,3.76157703569164,2.82928854768498,1.94504702778147,2.45128158122089,6.54732446058222,1.56209250666957,7.49097805096329,3.29625436065291,4.06593531102264,4.78181329548937,4.56190104559514,2.78790819765212,0,4.38715843462657,27.2602494254382
6009,0,0,0,0,0,0,0,0,0,0,0,0,0,0,0,0,0,0,0,0,0,0,0,0,0,0,0,0,0,0,0,0,0,0,0,0,0,0,0,1.25385901189721,0,0,0,0,0,0,0,0,1.59393776516312,0,0,0,0,0
6011,0,0,0,0,0,0,0,0,0,0,0,0,0,0,0,0,0,0,0,0,0,0,0,0,0,0,0.927244667958238,0,0,0,0,0,0,0,0,0,0,0,0,0,0,0,0,0,0,0,0,0,0,0,0,0,0,1.81734996169588
6013,0,0,0,0,0,0,0,0,0,0,0,0,0,0,0,0,0,0,0,0,0,0,0,0,0,0,0,0,0,0,0,0,0,0,0,0,0,0,0,0,0,0,0,0,0,0,0,0,0,0,0,0,0,0
6015,0,0,0,0,0,0,0,0,0,0,0,0,0,0,0,0,0,0,5.11197840897711,0,0,0,0,0,0,0,0,0,0,0,0,2.86815206829288,0,0,0,0,0,0,0,0,0,0,0,0,0,1.07013972156618,2.47219077048968,0,0,0,0,0,0,0
6016,0,0,1.04306885611018,0,0,0,0,0,0,0,0,0,0,0,1.09960085430456,0,0,0,0,0,0,1.03070786942743,0,0,0,0,0,0,0,1.05463621574846,0,0,0,0,0,0,0,0.785723567303718,0,0,0,0,0,0,0,0,0,0,0,0,0,0,1.09678960865664,0
6022,2.709927885229,8.76539980272536,0,0.978530736118733,19.0615870020707,2.69998649681618,2.72129037761935,1.02240945138075,5.46163675945443,0.902166122317409,0.999325778467116,5.30412160894306,1.87454705339752,1.21088559634316,7.69720598013189,3.24428588824926,7.8127265148,3.80526742823203,7.15676977256795,0.958710443694007,3.37619554051675,0,0,17.1923378534525,6.50040446759016,1.77316352118316,0,8.05952390969458,2.82869206245747,3.16390864724539,1.07703276613234,0,0.961078869798163,1.6386211753912,1.97880847156982,2.24365153647295,3.65593975431338,0.785723567303718,4.16405880633637,17.554026166561,7.54476946049329,2.91757054167221,2.45128158122089,5.61199239478476,4.68627752000872,1.07013972156618,4.94438154097936,9.75824474645433,0,1.9551004481122,1.85860546510142,2.95013447157206,2.19357921731328,4.54337490423969
6024,0,0,0,0,0,0,0,0,0,0,0,0,0,0,0,0,0,0,0,0,0,0,0,0,0,0,0,0,0,0,0,0,0,0,0,0,0,0,0,0,0,0,0,0,0,0,0.824063590163226,0,0,0,0,0,0,0
6025,0,0,0,0,0,0,0,0,0,0,0,0,0,0,0,0,0,0,0,0.958710443694007,0,0,0,0,0,0,0,0,0,0,0,0,0,0,0,0,0,0,0,0,0,0,0,0,0,0,0,0,0,0,0,0,0,0
6026,0,0,0,0,0,0,0,0,0,0,0,0,0.937273526698761,0,0,0,0,0,0,0,0,0,0,0,0,0,0,0,0,0,1.07703276613234,0,0,0,0,0,0,0,0,0,0,0,0,0,0,0,0,0,0,0,0,0,0,0
6028,0,0,0,0,0,0,0,0,0,0.902166122317409,0.999325778467116,0,0,0,1.09960085430456,0,0,0,0,0,1.68809777025838,0,0,0,0,0,0,0,0,0,0,0,0,0,0,0,0,0,0,1.25385901189721,0,0,0,0,0,0,0,0.813187062204528,0,0.651700149370734,0,1.47506723578603,0,0.908674980847939
6029,0,0,0,0,0,0,0,0,0,0,0,0,0,0,0,0,0,0,0,0,0,0,0,0,0,0,0,0,0,0,0,0,0,0,0,0,0,0,0,0,0,0,0,0,0,0,0,0,0,0,0,0,0,0
6032,9.03309295076332,3.50615992109015,8.34455084888141,0,0,5.39997299363237,5.44258075523871,1.02240945138075,4.55136396621202,1.80433224463482,0.999325778467116,5.30412160894306,2.81182058009628,3.63265678902947,7.69720598013189,6.48857177649852,2.23220757565714,0.951316857058008,5.11197840897711,1.91742088738801,5.06429331077513,2.06141573885485,2.16433297211204,8.59616892672627,4.33360297839344,3.54632704236633,0,5.75680279263899,1.88579470830498,4.21854486299386,3.23109829839702,2.86815206829288,0,5.7351741138692,1.97880847156982,2.24365153647295,2.43729316954225,7.85723567303718,2.49843528380182,3.76157703569164,1.88619236512332,1.94504702778147,6.12820395305221,7.48265652637968,0,2.14027944313237,3.29625436065291,6.50549649763622,2.39090664774469,1.9551004481122,3.71721093020283,0,1.09678960865664,5.45204988508763
6033,0,0,0,0,0,0.899995498938728,0,0,0,0,0,0,0,0,0,0,0,0,0,0,0,0,1.08216648605602,0,0,0,0,0,0,0,0,0,0,0,0,0,0,0,0,0,0,0,0,0,0,0,0,0,0,0,0,0,0,0
6034,0,0,0,0,0,0,0,0,0,0,0,0,0,0,0,0,0,0,0,0,0,0,0,0,0,0,0,0,0,0,0,0,0,0,0,0,0,0,0,0,0,0,0,0,0,0,0,0,0,0,0,0,0,0
6035,0,0,0,0,0,0,0.907096792539785,0,0,0,0,0,0,0,2.19920170860911,0,0,0,0,1.91742088738801,0,0,0,0,0,0,0.927244667958238,0,0,0,0,2.86815206829288,0,0,2.96821270735474,0,0,2.35717070191115,0,0,0,0.972523513890737,1.22564079061044,0,0,0,0,0.813187062204528,0,0.651700149370734,0,0,0,0
6036,0,0,0,0,0,0,0,0,0,0,0,0,0,0,0,0,0,0,0,0,0,0,0,0,0,0,0,0,0,0,1.07703276613234,0,0.961078869798163,0,0,0,0,0,0,0,0,0,0,0,0,0,0,0,0,0,0,0,0,0
6056,0,0,0,0.978530736118733,0,0.899995498938728,2.72129037761935,0,0,0,1.99865155693423,0.663015201117883,0,0,0,0,3.34831136348571,4.75658428529004,0,0.958710443694007,0.844048885129189,0,2.16433297211204,1.22802413238947,2.16680148919672,0,0.927244667958238,0,0,0,2.15406553226468,2.86815206829288,2.88323660939449,1.6386211753912,0,6.73095460941884,1.21864658477113,0,3.33124704506909,3.76157703569164,0,0,1.22564079061044,0.93533206579746,0,2.14027944313237,0,2.43956118661358,0.796968882581562,4.56190104559514,0,0,3.29036882596993,0
606,3.61323718030533,0.876539980272536,1.04306885611018,4.89265368059366,1.0589770556706,2.69998649681618,0.907096792539785,4.08963780552298,1.82054558648481,6.31516285622187,2.99797733540135,15.9123648268292,6.56091468689133,6.05442798171579,19.792815377482,54.071431470821,7.8127265148,2.85395057117402,7.15676977256795,4.79355221847003,0.844048885129189,12.3684944331291,2.16433297211204,18.420361985842,13.0008089351803,13.2987264088737,12.0541806834571,13.8163267023336,8.48607618737242,29.529814040957,16.1554914919851,24.3792925804895,14.4161830469724,10.6510376400428,64.3112753260193,6.73095460941884,9.74917267816901,19.643089182593,14.1577999415436,5.01543604758885,6.60167327793163,26.2581348750499,31.8666605558715,6.54732446058222,10.934647546687,42.8055888626474,14.0090810327748,2.43956118661358,28.6908797729362,6.51700149370734,33.4548983718255,28.0262774799345,7.67752726059649,4.54337490423969
6061,6.32316506553433,0.876539980272536,0,0.978530736118733,2.11795411134119,1.79999099787746,4.53548396269892,3.06722835414224,1.82054558648481,2.70649836695223,0.999325778467116,9.28221281565036,2.81182058009628,7.26531357805895,3.29880256291367,5.4071431470821,0,1.90263371411602,9.2015611361588,7.66968354955205,0.844048885129189,2.06141573885485,2.16433297211204,1.22802413238947,3.25020223379508,5.31949056354949,1.85448933591648,4.60544223411119,4.71448677076245,2.10927243149693,5.38516383066169,0,1.92215773959633,8.19310587695601,2.96821270735474,3.36547730470942,3.65593975431338,0,2.49843528380182,2.50771802379443,2.82928854768498,7.7801881111259,0,0.93533206579746,7.81046253334787,5.35069860783092,4.12031795081613,6.50549649763622,1.59393776516312,11.0789025393025,5.57581639530425,1.47506723578603,0,0.908674980847939
6062,0,2.62961994081761,1.04306885611018,0.978530736118733,2.11795411134119,0.899995498938728,1.81419358507957,1.02240945138075,0,1.80433224463482,2.99797733540135,4.64110640782518,0.937273526698761,1.21088559634316,6.59760512582734,3.24428588824926,2.23220757565714,0,0,1.91742088738801,1.68809777025838,4.12283147770971,0,1.22802413238947,2.16680148919672,0,0,0,0.942897354152491,2.10927243149693,1.07703276613234,0,0,3.2772423507824,0.989404235784912,1.12182576823647,1.21864658477113,1.57144713460744,1.66562352253455,1.25385901189721,0.943096182561662,1.94504702778147,0,1.87066413159492,1.56209250666957,1.07013972156618,2.47219077048968,1.62637412440906,2.39090664774469,0,0,0,1.09678960865664,4.54337490423969
6067,0.903309295076332,0,0,0,0,0,0,0,0,0.902166122317409,0,1.32603040223577,0.937273526698761,0,1.09960085430456,0,0,0,0,0,0,0,0,0,0,0,0,0,0,0,0,0,0.961078869798163,0,0,0,0,0,0,0,0,0,0,0,0,0,0,0,0,0,1.85860546510142,0,0,0
6068,18.969495196603,0,6.25841313666105,0,0,5.39997299363237,2.72129037761935,2.04481890276149,3.64109117296962,9.02166122317409,60.9588724864941,1.98904560335365,33.7418469611554,4.84354238537263,42.8844333178777,9.73285766474778,15.6254530296,7.61053485646406,9.2015611361588,10.5458148806341,5.90834219590432,7.21495508599199,19.4789967490084,3.6840723971684,1.08340074459836,6.20607232414108,1.85448933591648,9.21088446822238,1.88579470830498,42.1854486299386,10.7703276613234,10.0385322390251,8.64970982818347,20.48276469239,0.989404235784912,20.1928638282565,31.6848112040493,5.50006497112603,20.8202940316818,50.1543604758885,16.0326351035482,19.4504702778147,24.5128158122089,20.5773054475441,45.3006826934177,36.3847505332503,12.3609538524484,62.6154037897486,60.5696350761987,25.4163058254586,15.798146453362,30.9764119515066,20.8390025644762,10.9040997701753
607,5.41985577045799,0.876539980272536,0,0.978530736118733,2.11795411134119,0.899995498938728,5.44258075523871,5.11204725690373,3.64109117296962,0.902166122317409,0,9.28221281565036,2.81182058009628,0,2.19920170860911,1.08142862941642,1.11610378782857,4.75658428529004,3.06718704538627,2.87613133108202,0.844048885129189,3.09212360828228,0,0,1.08340074459836,2.65974528177475,2.78173400387471,9.21088446822238,1.88579470830498,3.16390864724539,10.7703276613234,4.30222810243932,0,2.4579317630868,2.96821270735474,0,2.43729316954225,3.92861783651859,4.16405880633637,2.50771802379443,0,2.91757054167221,1.22564079061044,0.93533206579746,0,11.771536937228,1.64812718032645,0,2.39090664774469,3.9102008962244,9.29302732550708,0,1.09678960865664,0
6072,16.259567311374,8.76539980272536,28.1628591149747,18.5920839862559,12.7077246680472,27.8998604671006,17.2348390582559,30.6722835414224,22.7568198310601,19.847654690983,24.9831444616779,16.5753800279471,19.682744060674,13.3197415597747,26.3904205033093,28.1171443648269,24.5542833322286,19.9776539982182,20.4479136359084,28.7613133108202,18.5690754728421,27.8291124745405,24.8898291792885,38.0687481040735,17.3344119135737,21.277962254198,2.78173400387471,17.270408377917,21.6866391455073,20.0380880992208,20.4636225565144,11.4726082731715,23.0658928751559,10.6510376400428,11.8728508294189,5.60912884118237,34.1221043735915,14.9287477787706,33.3124704506909,42.6312064045053,18.8619236512332,11.6702821666888,22.061534230988,32.7366223029111,7.81046253334787,19.2625149881913,26.3700348852232,37.4066048614083,31.8787553032625,14.3374032861561,34.3842011043762,14.7506723578603,6.58073765193985,44.525074061549
6073,0.903309295076332,0,1.04306885611018,0,1.0589770556706,0,0,0,0,0,2.99797733540135,0,0,0,0,1.08142862941642,0,3.80526742823203,1.02239568179542,0,0,0,0,0,0,0,0,2.30272111705559,0,1.05463621574846,0,0,0,0,0,0,0,0,0,1.25385901189721,0.943096182561662,0.972523513890737,1.22564079061044,0,0,0,0,0,0,0,0,0,0,0.908674980847939
6074,0,0,0,0,0,0,0,0,0,0,0,0,1.87454705339752,0,0,0,0,0,0,0,0,0,0,0,0,0,0,0,0,0,0,1.43407603414644,0.961078869798163,0,0,0,0,0.785723567303718,0,0,0,1.94504702778147,0,0,1.56209250666957,0,2.47219077048968,0,2.39090664774469,3.9102008962244,0.929302732550708,0,0,2.72602494254382
6075,2.709927885229,1.75307996054507,2.08613771222035,0,3.17693116701179,2.69998649681618,0.907096792539785,1.02240945138075,1.82054558648481,1.80433224463482,5.9959546708027,0,0,4.84354238537263,1.09960085430456,0,3.34831136348571,0,3.06718704538627,0,6.75239108103351,0,1.08216648605602,1.22802413238947,5.4170037229918,0,0,0,0.942897354152491,1.05463621574846,4.30813106452935,12.906684307318,1.92215773959633,0.819310587695601,0,2.24365153647295,4.87458633908451,3.14289426921487,0,0,0,0,0,2.80599619739238,17.1830175733653,0,0,7.31868355984075,0.796968882581562,7.16870164307807,0,0,1.09678960865664,0
6076,0,0,0,0,0,0,0,0,0,0,0,0,0,0,0,0,0,0,0,0,0,0,0,0,0,0,0,0,0,0,0,0,0,0,0,0,0,0,0,0,0,0,0,0,0,0,0,0,0,0,0,0,0,0
6078,0,0,0,0,0,0,0,0,0,0,0,0,0.937273526698761,0,0,0,1.11610378782857,0,0,0.958710443694007,0,0,2.16433297211204,0,0,0,0,0,0,0,0,0,0,0,0,0,0,0,0,1.25385901189721,0,0,0,0,0,0,0.824063590163226,0,0,0.651700149370734,0,0,0,0
6080,14.4529487212213,2.62961994081761,8.34455084888141,0,0,5.39997299363237,3.62838717015914,6.13445670828447,4.55136396621202,6.31516285622187,38.9737053602175,9.94522801676825,21.5572911140715,12.1088559634316,13.1952102516547,22.7100012177448,22.3220757565714,9.51316857058008,29.6494747720672,19.1742088738801,24.4774176687465,11.3377865637017,45.4509924143529,18.420361985842,5.4170037229918,9.75239936650741,0,10.3622450267502,5.65738412491494,22.1473605307178,11.8473604274557,7.1703801707322,17.2994196563669,17.2055223416076,4.94702117892456,12.3400834506012,13.4051124324824,10.2144063749483,14.9906117028109,2.50771802379443,12.2602503733016,14.5878527083611,4.90256316244177,14.9653130527594,21.869295093374,13.9118163803604,14.8331446229381,14.6373671196815,19.1272531819575,7.16870164307807,13.0102382557099,4.42520170735808,8.77431686925313,17.2648246361108
6081,0,0,0,0,0,0,0,0,0,0,1.99865155693423,0,0,0,0,1.08142862941642,0,0,1.02239568179542,0,0,0,0,0,1.08340074459836,0,0,0,0,0,0,0,0,0,0,0,0,0,0,0,1.88619236512332,0.972523513890737,0,0.93533206579746,3.12418501333915,0,0,0,0,0,0,0,0,0
6083,0,0,0,0,3.17693116701179,0,0,0,0,0.902166122317409,4.99662889233558,3.31507600558942,11.2472823203851,0,7.69720598013189,0,1.11610378782857,0.951316857058008,7.15676977256795,0,5.90834219590432,0,2.16433297211204,0,2.16680148919672,0,9.27244667958238,1.1513605585278,0.942897354152491,0,1.07703276613234,0,1.92215773959633,0,0,5.60912884118237,0,0.785723567303718,1.66562352253455,8.7770130832805,3.77238473024665,2.91757054167221,1.22564079061044,1.87066413159492,1.56209250666957,0,1.64812718032645,2.43956118661358,2.39090664774469,2.60680059748294,1.85860546510142,4.42520170735808,4.38715843462657,0
6084,0.903309295076332,0,0,0.978530736118733,0,1.79999099787746,0,0,2.73081837972721,0.902166122317409,1.99865155693423,5.30412160894306,0.937273526698761,0,4.39840341721822,7.57000040591494,1.11610378782857,3.80526742823203,4.08958272718169,0,0.844048885129189,1.03070786942743,0,1.22802413238947,1.08340074459836,0.886581760591582,3.70897867183295,3.45408167558339,10.3718708956774,1.05463621574846,2.15406553226468,0,0,3.2772423507824,0.989404235784912,1.12182576823647,4.87458633908451,0.785723567303718,3.33124704506909,1.25385901189721,4.71548091280831,1.94504702778147,0,0,1.56209250666957,1.07013972156618,0,0.813187062204528,3.18787553032625,2.60680059748294,1.85860546510142,10.3254706505022,0,3.63469992339175
6085,0.903309295076332,0,0,0,0,0,0,0,0,0,2.99797733540135,0,0,1.21088559634316,0,2.16285725883284,2.23220757565714,0,0,0,0.844048885129189,0,0,0,0,0,2.78173400387471,0,0,0,0,0,1.92215773959633,0,0,0,0,0,0.832811761267273,1.25385901189721,4.71548091280831,0.972523513890737,1.22564079061044,0,1.56209250666957,0,0,0,2.39090664774469,0,1.85860546510142,11.8005378862882,0,0.908674980847939
6086,2.709927885229,0,0,0,0,0,0,0,0,0,0,1.98904560335365,0,0,0,0,2.23220757565714,0,0,0,1.68809777025838,0,0,3.6840723971684,0,0,0,0,0,0,0,0,0,0,0.989404235784912,0,0,0,0,3.76157703569164,0,0,0,0,1.56209250666957,0,0,0.813187062204528,0,0,0,0,0,1.81734996169588
6087,0.903309295076332,2.62961994081761,0,0.978530736118733,0,0.899995498938728,0,0,0.910272793242405,0,0.999325778467116,0,0,1.21088559634316,0,7.57000040591494,0,0,0,0,1.68809777025838,0,2.16433297211204,0,0,0,0,0,0,2.10927243149693,0,0,0,1.6386211753912,0,0,1.21864658477113,0.785723567303718,0,0,2.82928854768498,0,0,0.93533206579746,0,1.07013972156618,0,0,0,0.651700149370734,0.929302732550708,22.1260085367904,1.09678960865664,0.908674980847939
6088,0,0,0,0,0,0,0,0,0,0,0,0,0,0,0,0,0,0,0,0,0,0,0,0,0,0,0,0,0,0,0,0,0,0,0,0,0,0,0,0,0,0,0,0,0,0,0,0,0,0,0,0,0,0
6091,0,0,1.04306885611018,3.91412294447493,0,0,0.907096792539785,0,0,0,0.999325778467116,3.31507600558942,11.2472823203851,1.21088559634316,4.39840341721822,3.24428588824926,0,2.85395057117402,1.02239568179542,0,1.68809777025838,0,0,3.6840723971684,2.16680148919672,1.77316352118316,0.927244667958238,4.60544223411119,3.77158941660996,5.27318107874232,3.23109829839702,4.30222810243932,1.92215773959633,0.819310587695601,2.96821270735474,7.85278037765532,0,2.35717070191115,3.33124704506909,0,2.82928854768498,2.91757054167221,1.22564079061044,1.87066413159492,4.68627752000872,7.49097805096329,2.47219077048968,3.25274824881811,0,4.56190104559514,9.29302732550708,1.47506723578603,4.38715843462657,0
6092,2.709927885229,0,1.04306885611018,0,0,1.79999099787746,0.907096792539785,2.04481890276149,0,0.902166122317409,0,0,0,0,1.09960085430456,0,0,0,0,0,0,0,0,1.22802413238947,2.16680148919672,0,0,4.60544223411119,1.88579470830498,0,0,0,0,0,0,0,1.21864658477113,0.785723567303718,0.832811761267273,1.25385901189721,0,0,0,0.93533206579746,0,0,0,0,0,0,0.929302732550708,0,0,3.63469992339175
6094,9.03309295076332,10.5184797632704,17.732170553873,10.7638380973061,16.9436328907295,13.4999324840809,9.97806471793763,8.17927561104597,11.8335463121513,3.60866448926964,11.9919093416054,27.1836232458332,28.1182058009628,15.7415127524611,23.0916179403957,21.6285725883284,18.9737643930857,19.0263371411602,23.5151006812947,11.5045253243281,19.4131243579713,22.6755731274034,8.65733188844818,22.1044343830104,11.917408190582,26.5974528177475,11.1269360154989,31.0867350802505,6.60028147906743,15.819543236227,17.2325242581174,17.2089124097573,15.3772619167706,11.4703482277384,14.8410635367737,1.12182576823647,13.4051124324824,25.9288777210227,8.32811761267273,8.7770130832805,11.3171541907399,35.9833700139573,14.7076894873253,6.54732446058222,18.7451100800349,2.14027944313237,5.76844513114258,15.450554181886,3.98484441290781,27.3714062735708,4.64651366275354,17.7008068294323,16.4518441298496,9.99542478932733
6095,97.5574038682439,185.826475817778,190.881600668162,72.4112744727862,153.551673072236,212.39893774954,89.8025824614387,95.0840789784094,134.720373399876,34.2823126480616,70.9521302711652,304.986992514226,153.712858378597,78.7075637623053,155.043720456942,164.377151671296,58.0373969670857,82.7645665640467,140.068208405973,72.8619937207445,71.744155235981,164.913259108388,48.697491872521,67.5413272814207,188.511729560115,178.202933878908,94.5789561317403,157.736396518308,179.150497288973,65.3874453764048,50.6205400082199,71.703801707322,85.5360194120365,63.0869152525612,143.463614188812,4.48730307294589,192.546160393838,273.431801421694,231.521669632302,84.0085537971133,84.8786564305495,133.235721403031,72.3128066460161,57.0552560136451,57.7974227467743,36.3847505332503,58.5085149015891,126.043994641702,31.8787553032625,129.688329724776,52.9702557553904,106.204840976594,99.8078543877544,62.6985736785078
6097,0,0,0,0,0,0,0,0,0,0,0,0,0,0,0,0,0,0,0,0,0,0,0,0,0,0,0,0,0,0,0,0,0,0,0,0,0,0,0.832811761267273,0,0,0,0,0,0,0,0,0,0,0,0,0,0,0
6098,0,0,0,0,0,0,0,0,0,0,0,0,0,0,0,0,0,0,0,0,0,0,0,0,0,0,0,0,0,0,0,0,0,0,0,0,0,0,0,0,0,0,0,0,0,0,0,0,0,0,0,0,0,0
6099,0,0,0,0,0,0,0,0,0,0,0,0,0,0,0,0,0,0,0,0,0,0,0,0,0,0,0,0,0,0,0,0,0,0.819310587695601,0,0,0,0,0,0,0,0,0,0,0,0,0,0,0,0,0,0,0,0
6104,0.903309295076332,0.876539980272536,1.04306885611018,0,0,0.899995498938728,0.907096792539785,0,3.64109117296962,3.60866448926964,0,2.65206080447153,4.68636763349381,3.63265678902947,3.29880256291367,0,0,10.4644854276381,0,3.83484177477603,2.53214665538757,1.03070786942743,3.24649945816807,2.45604826477893,1.08340074459836,0.886581760591582,0.927244667958238,6.90816335116678,1.88579470830498,1.05463621574846,1.07703276613234,1.43407603414644,1.92215773959633,0.819310587695601,1.97880847156982,0,0,4.71434140382231,2.49843528380182,0,1.88619236512332,0.972523513890737,1.22564079061044,1.87066413159492,3.12418501333915,0,0.824063590163226,1.62637412440906,0.796968882581562,3.25850074685367,2.78790819765212,2.95013447157206,1.09678960865664,0
6106,0,0,0,0,0,0,0,0,0,0,0,0.663015201117883,0,0,0,0,0,0,1.02239568179542,0,0,0,0,0,0,0,0,0,0,0,0,0,0,0,0,0,0,0.785723567303718,0,0,0,1.94504702778147,0,0.93533206579746,0,0,0,0,2.39090664774469,0.651700149370734,0,0,0,0
6107,0,0,0,0,7.41283938969417,0,0,0,0,0,0,0,0.937273526698761,0,0,0,0,0,0,0,0,0,0,0,0,0.886581760591582,0,1.1513605585278,0,0,0,0,0,0,0,0,0,0,0,0,0,2.91757054167221,0,0.93533206579746,0,0,0,0.813187062204528,0,0,0,0,1.09678960865664,0
6108,0,0,0,0,0,0,0,0,0,0,0,0,0,0,0,0,0,0,0,0,0,0,0,0,0,0,0,0,0,0,0,0,0,0,0,0,0,0,0,0,0,0,0,0,0,0,0,0,0,0,0,0,0,0
6109,0,0,0,0,0,0,0,1.02240945138075,0,0,0,0.663015201117883,0,0,0,0,0,0,0,0,0.844048885129189,0,0,0,0,0,0,1.1513605585278,0,0,0,0,0,0,0,0,0,0,0,0,0,0,0,0,0,0,0,0,0,0.651700149370734,0,0,0,0
611,1.80661859015266,0.876539980272536,1.04306885611018,2.9355922083562,0,1.79999099787746,0,0,0.910272793242405,0,0,3.9780912067073,4.68636763349381,1.21088559634316,7.69720598013189,4.32571451766568,0,1.90263371411602,2.04479136359084,0.958710443694007,0.844048885129189,8.24566295541942,0,2.45604826477893,1.08340074459836,7.09265408473266,0,12.6649661438058,7.54317883321993,2.10927243149693,1.07703276613234,1.43407603414644,0,2.4579317630868,5.93642541470947,0,2.43729316954225,1.57144713460744,0.832811761267273,5.01543604758885,0,6.80766459723516,2.45128158122089,0,31.2418501333915,3.21041916469855,1.64812718032645,0,0.796968882581562,1.9551004481122,3.71721093020283,0,0,0
6114,0,0,0,0,0,0,0,0,0,0.902166122317409,0,0,0,0,0,0,0,0,0,0,0.844048885129189,0,0,1.22802413238947,2.16680148919672,0.886581760591582,3.70897867183295,1.1513605585278,0,0,0,5.73630413658576,0,0,0,0,0,1.57144713460744,0,0,0,0.972523513890737,1.22564079061044,0,0,0,0,0,0,0,0,0,1.09678960865664,0
6115,0,0,0,0,0,0,0,0,0,0,0,0,0,0,0,0,0,0,0,0,0,0,0,0,0,0,0,0,0,0,0,0,0,0,0,0,0,0,0,0,0,0,0,0,0,0,0,0,0,0,0,0,0,0
6116,0,0,0,0,0,0,0,0,0,0,0,0,0.937273526698761,0,1.09960085430456,0,0,0,0,0,0,0,0,0,0,0,0,0,0,1.05463621574846,0,0,0,0,0,0,0,0,0,0,0,0,0,0,3.12418501333915,0,0.824063590163226,0,0,1.9551004481122,0,0,1.09678960865664,0
6118,0,0,0,0,0,0.899995498938728,0,0,0,0,0,0,0,0,0,0,0,0,0,0,0,0,0,0,1.08340074459836,0,0,0,0,0,0,0,0,0,0,0,0,0,0,0,0,0,0,0,0,0,0,0,0,0,0,0,0,0
6119,5.41985577045799,7.88885982245283,16.6891016977628,11.7423688334248,0,12.5999369851422,10.8851615104774,8.17927561104597,8.19245513918164,7.21732897853927,13.9905608985396,28.509653648069,11.2472823203851,4.84354238537263,42.8844333178777,32.4428588824926,11.1610378782857,6.65921799940605,22.4927049994993,15.3393670991041,5.06429331077513,13.3992023025565,6.49299891633613,52.8050376927471,13.0008089351803,18.6182169724232,17.6176486912065,28.7840139631949,17.9150497288973,15.819543236227,16.1554914919851,8.60445620487864,7.6886309583853,5.7351741138692,15.8304677725586,8.97460614589179,17.0610521867958,22.7859834518078,14.1577999415436,13.7924491308694,23.5774045640415,10.6977586527981,19.6102526497671,9.3533206579746,28.1176651200523,37.4548902548165,13.1850174426116,13.0109929952724,23.9090664774469,9.77550224056101,32.5255956392748,10.3254706505022,7.67752726059649,6.36072486593557
6120,0,0,0,0,0,0,0,0,0,0,0,0,0,0,0,0,0,0,0,0,0,0,0,0,0,0,0,0,0,0,0,0,0,0,0,0,0,0,0,0,0,0,0,0,0,0,0,0,0,0,0,0,0,0
6122,0,0.876539980272536,1.04306885611018,2.9355922083562,5.29488527835298,0.899995498938728,0,1.02240945138075,0,1.80433224463482,0.999325778467116,0,1.87454705339752,0,1.09960085430456,0,0,0.951316857058008,1.02239568179542,0,0,0,1.08216648605602,0,0,0.886581760591582,0,0,0,1.05463621574846,0,0,0,1.6386211753912,0,0,0,0,1.66562352253455,0,0.943096182561662,0,0,0,0,0,1.64812718032645,0,0,0.651700149370734,0,0,0,1.81734996169588
6123,7.22647436061066,2.62961994081761,1.04306885611018,3.91412294447493,0,3.59998199575491,1.81419358507957,3.06722835414224,2.73081837972721,0.902166122317409,4.99662889233558,1.98904560335365,4.68636763349381,2.42177119268632,2.19920170860911,8.65142903533136,2.23220757565714,4.75658428529004,4.08958272718169,8.62839399324606,0.844048885129189,1.03070786942743,5.41083243028011,1.22802413238947,0,0,0,1.1513605585278,0.942897354152491,5.27318107874232,2.15406553226468,2.86815206829288,4.80539434899081,11.4703482277384,0.989404235784912,1.12182576823647,2.43729316954225,2.35717070191115,3.33124704506909,28.8387572736359,7.54476946049329,4.86261756945369,9.80512632488354,1.87066413159492,10.934647546687,7.49097805096329,9.88876308195872,7.31868355984075,9.56362659097874,10.4272023899317,9.29302732550708,1.47506723578603,8.77431686925313,5.45204988508763
6124,0,0,0,0,0,0,0,0,0,0,0,0,0,0,0,0,0,0,0,0,0,0,0,0,0,0,0,0,0,0,0,0,0,0,0,0,0,0,0,0,0,0,0,0,0,0,0,0,0,0,0,0,0,0
6125,0,0,0,0,0,0,0,0,0,0,0,0,0,0,0,1.08142862941642,0,0,0,0,0,0,0,0,0,0,0,0,0,0,0,0,0.961078869798163,0,0,0,3.65593975431338,0,0,0,0,0,0,0,1.56209250666957,0,0,0,0,0,0,1.47506723578603,0,0
6126,0.903309295076332,0.876539980272536,0,0,0,0,0,2.04481890276149,0,0.902166122317409,0,1.32603040223577,0.937273526698761,1.21088559634316,1.09960085430456,0,0,0,1.02239568179542,0.958710443694007,0.844048885129189,0,2.16433297211204,2.45604826477893,0,0,0,1.1513605585278,0.942897354152491,4.21854486299386,0,0,0,0,1.97880847156982,0,2.43729316954225,0,0.832811761267273,1.25385901189721,0,0,1.22564079061044,2.80599619739238,3.12418501333915,1.07013972156618,0,4.87912237322717,3.18787553032625,0,0,0,0,2.72602494254382
6127,2.709927885229,0,0,2.9355922083562,2.11795411134119,1.79999099787746,1.81419358507957,4.08963780552298,3.64109117296962,1.80433224463482,8.99393200620405,0.663015201117883,4.68636763349381,0,4.39840341721822,2.16285725883284,3.34831136348571,1.90263371411602,2.04479136359084,0,5.90834219590432,4.12283147770971,1.08216648605602,2.45604826477893,0,3.54632704236633,0.927244667958238,3.45408167558339,2.82869206245747,0,4.30813106452935,0,6.72755208858714,1.6386211753912,1.97880847156982,0,0,1.57144713460744,0,5.01543604758885,1.88619236512332,1.94504702778147,1.22564079061044,0.93533206579746,0,3.21041916469855,4.12031795081613,6.50549649763622,2.39090664774469,1.9551004481122,0.929302732550708,5.90026894314411,2.19357921731328,5.45204988508763
6128,0,0,0,0,0,0,0,2.04481890276149,0,0,0,0,0,0,0,0,0,0,0,0,2.53214665538757,0,0,1.22802413238947,0,0,0.927244667958238,0,0,0,0,0,0,0,0,0,0,0,0,0,0,0,0,0,0,0,0,0,0,0,0,0,0,0
6129,0,0,0,0,0,0,0,0,0,0,0,0,0,0,0,0,0,0,0,0.958710443694007,0,0,1.08216648605602,0,0,0,0,0,0,0,0,0,0,0,0,0,0,0,0,0,0,0,0,0,0,0,0,0,0,0,0,0,0,0
6132,0,0,0,0,0,0,0,0,0.910272793242405,0.902166122317409,0.999325778467116,0,0.937273526698761,0,0,0,0,0,1.02239568179542,0,0,0,0,0,0,0,0,0,0,0,0,0,0,0,0,0,0,0,0,0,0,0,0,0,0,0,0,0,0,0,0,0,1.09678960865664,0
6135,0,0,0,0,0,0,0,0,0,0,0,0,0,0,0,0,0,0,0,0,0,0,0,0,0,0,0,0,0,0,0,0,0,0,0,0,0,0,0,0,0,0,0,0,0,0,0,0,0,0,0,0,0,0
6136,0,0,0,0,0,0,0,0,0,0,0,0,0,0,0,0,0,0,0,0,0,0,0,0,0,0,0,0,0,0,0,0,0,0,0,0,0,0,0,0,0,0,0,0,0,0,0,0,0,0,0,0,0,0
6139,0,0,0,0,0,0,0,0,0,0,0,0,0,0,0,0,0,0,0,0,0,0,0,0,0,0,0,0,0,0,0,0,0,0,0,0,0,0,0,0,0,0,0,0,0,0,0,0,0,0,0,0,0,0
6143,0,0,0,0,0,0,0,0,0,0,0,0,0,0,0,0,0,0,0,0,0,0,0,0,0,0,0,0,0,0,0,0,0,0,0,0,0,0,0,0,0,0,0,0,0,0,0,0,0,0,0,0,0,0
6144,0.903309295076332,0,0,0.978530736118733,0,0.899995498938728,0,0,0,0,0,0,0,0,0,0,0,0,0,0,0,0,0,0,0,0,0,0,0,0,0,0,0,0,0.989404235784912,0,0,0,0,0,0,0,0,0,0,0,0,0,0,0,0,0,0,0
6145,0,0,0,0,0,0,0,0,0,0,0,0,0,0,0,0,0,0,0,0,0,0,0,0,0,0,0,0,0,0,0,0,0,0,0,0,0,0,0,0,0,0,0,0,0,0,0,0,0,0,0,0,0,0
6146,0,0,0,0,0,0,0,0,0,0,0,0,0,0,0,0,0,0,0,0,0,0,0,0,0,0,0,0,0,0,0,0,0,0,0,0,0,0,0,0,0,0,0,0,0,0,0,0,0,0,0,0,0,0
6148,0,0,0,0,0,0,0,0,0,0,0,0,0,0,0,0,0,0,0,0,0,0,0,0,0,0,0,0,0,0,0,0,0,0,0,0,0,0,0,0,0,0,0,0,0,0,0,0,0,0,0,0,0,0
6152,0,0,0,0,0,0,0,0,0,0,0,0,0,0,0,0,0,0,0,0,0.844048885129189,0,0,0,0,0,0,0,0,0,0,0,0,0,0,0,0,0,0,0,0,0,0,0,0,0,0,0,0,0,0,0,0,0
6155,0,0,1.04306885611018,0,0,0,0,0,0,0,0,0,0,0,1.09960085430456,0,0,0,0,0,0,1.03070786942743,0,0,0,0,0,0,0,0,0,0,0,0,0,0,0,0,0,0,0,0,0,0,0,0,0,0,0,0,0,0,0,0
6157,0,0,0,0,0,0,0,0,0,0,0,0,0,0,0,0,0,0,0,0,0,0,0,0,0,0,0,0,0,0,0,0,0,0,0,0,0,0,0,0,0,0,0,0,0,0,0,1.62637412440906,0,0,0,0,0,0
6164,12.6463301310687,0,0,2.9355922083562,1.0589770556706,3.59998199575491,0,0,3.64109117296962,0,0,0,2.81182058009628,0,0,0,0,1.90263371411602,0,0,2.53214665538757,1.03070786942743,0,1.22802413238947,0,0,0,0,0,0,1.07703276613234,0,0,7.3737952892604,0,0,0,0.785723567303718,1.66562352253455,0,0,0,0,2.80599619739238,7.81046253334787,1.07013972156618,0,1.62637412440906,2.39090664774469,3.9102008962244,0,0,0,0
6165,48.7787019341219,0,0,11.7423688334248,11.6487476123766,25.1998739702844,0,0,4.55136396621202,0,0,0,11.2472823203851,15.7415127524611,1.09960085430456,0,2.23220757565714,14.2697528558701,2.04479136359084,0,41.3583953713302,12.3684944331291,0,33.1566515745156,0,0,0,2.30272111705559,0,0,7.53922936292637,4.30222810243932,4.80539434899081,9.01241646465161,0,0,0,9.42868280764462,8.32811761267273,0,0.943096182561662,0,7.35384474366266,2.80599619739238,18.7451100800349,13.9118163803604,0,8.9450576842498,3.18787553032625,7.16870164307807,0,0,0,0
6166,0,0,0,0,0,0,0,0,0,0,0,0,0,0,0,0,0,0,0,0,0,0,0,0,0,0,0,0,0,0,0,0,0,0,0,0,0,0,0,0,0,0,0,0,0,0,0,0,0,0,0.929302732550708,0,0,0
6169,0,0,0,0,0,0,2.72129037761935,1.02240945138075,0,0,0,1.32603040223577,0,0,0,0,1.11610378782857,0,0,0.958710443694007,0,0,0,0,0,0,0,0,0,3.16390864724539,0,1.43407603414644,0,0,0,0,0,0,0.832811761267273,0,0,0.972523513890737,0,0,1.56209250666957,0,0.824063590163226,0.813187062204528,0.796968882581562,0.651700149370734,0.929302732550708,0,1.09678960865664,0.908674980847939
6171,0.903309295076332,0,0,2.9355922083562,0,0,0,0,0,0.902166122317409,3.99730311386846,5.30412160894306,2.81182058009628,0,0,0,4.46441515131428,0,1.02239568179542,0,0,2.06141573885485,0,1.22802413238947,2.16680148919672,0,4.63622333979119,0,2.82869206245747,0,2.15406553226468,14.3407603414644,0,0,0.989404235784912,2.24365153647295,2.43729316954225,2.35717070191115,0.832811761267273,0,1.88619236512332,4.86261756945369,1.22564079061044,0,3.12418501333915,1.07013972156618,0.824063590163226,3.25274824881811,0.796968882581562,3.25850074685367,0.929302732550708,0,4.38715843462657,1.81734996169588
6174,0,0,1.04306885611018,0,0,0,0,0,0,0,0.999325778467116,0,1.87454705339752,1.21088559634316,0,0,0,0,0,0,0,0,1.08216648605602,0,0,0,0,0,0,0,0,0,0,0,0,0,0,0,0,0,0.943096182561662,0,0,0,0,0,0,0,0,0,0,0,0,0
6176,0,0,0,0,0,0,0,0,0,0,0,0,0,0,0,0,0,0,0,0,0,0,0,0,0,0,0,0,0,0,0,0,0,0,0,0,0,0,0,0,0,0,0,0,0,0,0,0,0,0,0,0,0,0
6177,0,0,0,0,0,0,0,0,0,0,0,0,0,1.21088559634316,0,0,0,0,0,0,0,0,0,0,0,0,0,0,0,0,0,0,0,0,0,0,0,0,0,0,0,0,0,0,0,0,0,0,0,0,0,0,0,0
6180,0,0,0,0,0,0,0,1.02240945138075,0,0,0,0,0,0,0,0,0,0,0,0,0,0,0,0,0,0,0,0,0,0,0,0,0,0,0,0,0,0,0,0,0,0,1.22564079061044,0,0,0,0,0,0,0,0,0,0,0
6181,0,0,1.04306885611018,0,0,2.69998649681618,0.907096792539785,1.02240945138075,0,0,0.999325778467116,0.663015201117883,0,0,0,0,0,0,0,0,0.844048885129189,1.03070786942743,0,0,0,0,0,0,0,0,0,0,0,0.819310587695601,0,1.12182576823647,0,0,0.832811761267273,0,0.943096182561662,0,0,0,0,0,0,0,0,5.21360119496587,0,0,0,0
6183,0,0,0,0,0,0,0,0,0,0,0,0,0,0,0,0,0,0,0,0,0,0,0,0,0,0,0,0,0,0,0,0,0,0,0,0,0,0,0,0,0,0,0,0,0,0,0,0,0,0,0,0,0,0
6184,0.903309295076332,0,2.08613771222035,0.978530736118733,0,0.899995498938728,0.907096792539785,1.02240945138075,0.910272793242405,0.902166122317409,0,0,0.937273526698761,0,5.49800427152278,0,0,0,0,0,0,0,0,0,0,0,0,0,0,1.05463621574846,0,1.43407603414644,0,0,0,0,0,0,0.832811761267273,0,0.943096182561662,0,0,0,0,1.07013972156618,0.824063590163226,0,0,0,0.929302732550708,2.95013447157206,0,0.908674980847939
6185,0,0,0,0,0,0,0,0,0,0,0,0,0,0,0,0,0,0,0,0,0,0,0,0,0,0,0,0,0,0,0,0,0,0.819310587695601,0.989404235784912,0,0,0,0,1.25385901189721,0,0,0,0,0,0,0,0,0,0,0,0,0,0
6187,0,0,0,0,0,0,0,0,0.910272793242405,0,0,0,0,0,0,0,0,0,0,0,0,0,0,0,0,0.886581760591582,0,0,0,0,0,0,0,0.819310587695601,0,0,0,0,0,0,0,0,0,0,0,0,0,0,0,0,0,0,0,0
6188,0.903309295076332,0,0,0,0,0.899995498938728,0,0,0,0,0,0,0,0,0,0,0,0,0,0,0,1.03070786942743,0,0,0,0,0,0,0,0,0,1.43407603414644,0,0,0,0,0,0,0,0,0,0,0,0,0,0,0,0,0,0,0,0,0,0
6189,0,0,0,0,0,0,0,0,0,0,0,0,0,0,0,0,0,0,0,0,0,0,0,0,0,0,0,0,0,0,0,0,0,0,0,0,0,0,0,0,0,0,0,0,0,0,0,0,0,0,0,0,0,0
6191,0,0,0,0,0,0,0,1.02240945138075,0,0,0,0,0,0,0,0,0,0,0,0,0,0,0,0,0,0,0,0,0,0,0,0,0,0,0,0,0,0,0,0,0,0,0,0,0,0,0,0,0,0,0,0,0,0
6192,0,0,0,0,0,0,0,0,0,0,0,0,0.937273526698761,0,0,0,0,0.951316857058008,0,0,0,0,0,0,0,0,0,0,0,0,0,0,0,0,0,0,0,0,0,0,0,0,0,0,0,0,0,0,0,0.651700149370734,0,0,0,0
6193,0,0,0,0,0,0,0,0,0,0,0,0,0,0,0,0,0,0,0,0,0,0,0,0,0,0,0,0,0,0,0,0,0,0,0,0,0,0,0,0,0,0,0,0,0,0,0,0,0,0,0,0,0,0
6195,0,0,0,0,0,0,0,0,0,0,0,0.663015201117883,0,0,0,0,0,0,0,0,0.844048885129189,0,0,0,0,0,0,0,0,0,0,0,0,0,0,0,0,0,0,0,0,0,0,0.93533206579746,1.56209250666957,0,0,0,0,0,0,0,0,0
6196,0,0,0,0,0,0,0,0,0,0,0.999325778467116,0,0,0,0,0,0,0,0,0,0,0,0,0,0,0,0,0,0,0,0,0,0,0,0,0,0,0,0,0,0,0,0,0,0,0,0,0,0,0,0,0,0,0
6199,0,0,0,0,0,0,0,0,0,0,0,0,0,0,0,0,0,0,0,0.958710443694007,0,0,0,0,0,0,0,0,0,0,0,0,0,0,0,0,0,0,0,0,0,0,1.22564079061044,0,0,0,0,0.813187062204528,0,0,0,0,0,0
6202,0,0,0,0,0,0,0,0,0,0,0,0,0,0,0,0,0,0,0,0,0,0,0,0,0,0,0,0,0,0,0,0,0,0,0,0,0,0,0,0,0,0,0,0,0,0,0,0,0,0,0,0,0,0
6203,0,0,0,0,0,0,0,0,0,0,0.999325778467116,0,0,0,0,0,0,0,0,0,0,0,0,0,0,0,0,1.1513605585278,0,0,0,0,0,0,0,0,0,0,0,0,0,0,0,0,0,0,0,0,0,0,0,0,0,0
6205,0,0,0,0,0,3.59998199575491,0,0,0,0,0,0,0,0,0,0,0,0,0,0,0,0,1.08216648605602,0,0,0,0,0,0,0,0,0,0,0,0,0,0,0,0,0,0,0,0,0,0,0,0,0,0,0,0,0,0,0
6206,0,0,0,0,0,0,0,0,0,0,0,0,0,0,1.09960085430456,0,0,0,0,0,0,0,0,0,0,0,0,0,0,0,0,1.43407603414644,0,0,0,0,0,0,0,0,0,0,0,0.93533206579746,0,0,0.824063590163226,0,0,0,0,0,0,0
6207,0,0,0,0,0,0,0,0,0,0,0,0,0,0,0,0,0,0,0,0,0,0,0,0,0,0,0,0,0,0,0,0,0,0,0,0,0,0,0,0,0,0,0,0,0,0,0,0,0,0.651700149370734,0,0,0,0
6208,0,0,0,0,0,0,0,0,0,0,0,0,0,0,0,0,0,0,0,0,0,0,0,0,0,0,0,0,0,0,0,0,0,0,0,0,0,0,0,0,0,0,0,0,0,0,0,0,0,0,0,0,0,0
6209,0,0,0,0,0,0,0,0,0,0,0,0,0,0,0,0,0,0,0,0,0,0,0,0,1.08340074459836,0,0,0,0,0,0,0,0,0,0,0,0,0,0,0,0,0,0,0,0,0,0,0,0,0,0,0,0,0
6211,0,0,0,0,0,0,0,0,0,0,0,0,0,0,0,0,0,0,0,0,0,0,0,0,0,0,0,0,0,0,0,0,0,0,0,0,0,0,0,0,0,0,0,0,0,0,0,2.43956118661358,0,0,0,0,0,0
6212,0,0,0,0,0,0,0,0,0,0,0,0,0,0,0,0,0,0,0,0,0,0,0,0,0,0,0,0,0,0,0,0,0,0,0,0,0,0,0,0,0,0,0,0,0,0,0,0,0,0,0,0,0,0
6214,0,0,0,0,1.0589770556706,0,0,0,0,0,1.99865155693423,0,0,0,0,0,0,0,0,0,0.844048885129189,0,0,0,0,0,0.927244667958238,0,0,0,0,0,0,0,0,0,0,0,0.832811761267273,0,0,0,0,0,3.12418501333915,0,0,0,0,0,0,0,0,0
6215,0,0,0,0,1.0589770556706,0,0,0,0,0.902166122317409,0,0,0.937273526698761,0,0,0,0,0,0,0,0,0,0,0,0,0,0,0,0,0,0,1.43407603414644,0,0,0,0,0,0,0,0,0,0,0,0,0,0,0,0,0,0,0,0,0,0
6217,51.4886298193509,0.876539980272536,40.6796853882969,82.1965818339736,1.0589770556706,0,17.2348390582559,23.5154173817572,0,118.183762023581,1.99865155693423,0,0,1.21088559634316,4.39840341721822,0,39.063632574,0,3.06718704538627,9.58710443694007,25.3214665538757,4.12283147770971,15.1503308047843,6.14012066194733,0,0,1.85448933591648,10.3622450267502,0.942897354152491,5.27318107874232,66.776031500205,1.43407603414644,16.3383407865688,0,0,0,0,7.07151210573346,1.66562352253455,12.5385901189721,16.9757312861099,0,8.5794855342731,0.93533206579746,0,19.2625149881913,1.64812718032645,45.5384754834535,2.39090664774469,0.651700149370734,1.85860546510142,0,0,0.908674980847939
6218,0.903309295076332,2.62961994081761,1.04306885611018,0,1.0589770556706,0.899995498938728,0.907096792539785,0,0,0.902166122317409,0,0,0.937273526698761,3.63265678902947,0,2.16285725883284,0,0,0,0,0,1.03070786942743,0,0,2.16680148919672,0,0.927244667958238,0,0,0,1.07703276613234,0,0,0,0,0,2.43729316954225,0,0,1.25385901189721,0,0.972523513890737,0,0,0,1.07013972156618,0,0.813187062204528,0,0,0,0,0,0
6219,0,0,0,0,0,0,0,0,0,0,0,0,0,0,0,0,0,0,0,0,0,0,0,0,0,0,0,0,0,0,0,0,0,0,0,0,0,0,0,0,0,0,0,0,0,0,0,0,0,0,0,0,0,0
6223,0,0,0,0,0,0,0,0,0,0.902166122317409,0,0,1.87454705339752,0,0,0,0,0,0,0,0,0,0,0,0,0,0.927244667958238,0,0,0,1.07703276613234,0,0,0.819310587695601,0,0,0,0.785723567303718,0,0,1.88619236512332,0,0,0,0,0,0,3.25274824881811,0,0,1.85860546510142,0,0,0.908674980847939
6224,0,0,0,0,0,0,0,0,0.910272793242405,0,0,0,0,0,0,0,0,0,1.02239568179542,0,0,0,1.08216648605602,0,1.08340074459836,0,0.927244667958238,0,0,0,0,0,0,0,0,0,0,0,0,0,0,0,0,0,0,0,0,0.813187062204528,0,0,0,0,0,0
6225,0,0,0,0,0,0,0,0,0,0,0,0,0,0,0,0,0,0,0,0,0,0,0,0,0,0,0,0,0,1.05463621574846,0,0,0,0,0,0,0,0,0,0,0,0,0,0,0,0,0,0,0,0,0,0,0,0
6226,0.903309295076332,0,0,0,0,0,0,0,0,1.80433224463482,0,0,0.937273526698761,0,0,0,0,0.951316857058008,0,0,0.844048885129189,0,0,0,0,0.886581760591582,0,0,0,1.05463621574846,0,0,0,0,0,0,0,0,0,0,0,0,2.45128158122089,0,0,0,0,0,0,0,0.929302732550708,0,0,0
6228,0,0,0,0,0,0,0,0,0,0,0,0,0,0,0,0,0,0,0,0,0,0,0,0,0,0,0,0,0,0,0,0,0,0.819310587695601,0,0,0,0,0,0,0,0,0,0.93533206579746,0,0,0,0,0,0,0,0,0,0
6229,0,0.876539980272536,0,0,0,0.899995498938728,0,1.02240945138075,0,0.902166122317409,0,0,0,0,0,0,0,0,0,0,0,1.03070786942743,0,0,0,0,0.927244667958238,0,0,0,0,0,0,0,0,0,0,0,0,3.76157703569164,0,0,0,0,0,0,0.824063590163226,0,0,0,0,0,0,0
6230,0,0,0,0,0,0,0,0,0,0,0,0,0,0,1.09960085430456,0,0,0,0,0,0,0,0,0,0,0,0,0,0,0,0,0,0,0,0,0,0,0,0,0,0,0,0,0,0,0,0,0,0,0,0,0,0,0
6231,0,0,0,0,0,0,0,0,0,0,0.999325778467116,0,0,0,0,0,0,0,0,0,0,0,0,0,1.08340074459836,0,0,0,0,0,0,0,0,0,0,1.12182576823647,0,0,0,0,0,0,0,0,0,0,0,0,0,0.651700149370734,0,0,0,0
6234,0,0,0,0,0,0,0,0,0,0,0,0,0,0,0,0,0,0,0,0,0,0,0,0,0,0,0,0,0,0,0,1.43407603414644,0,0.819310587695601,0,0,0,0,0.832811761267273,0,0,0,0,0,0,0,0,0,0.796968882581562,0,0,0,0,0
6238,0,0,0,0,0,0,0,0,0,0,0,0,0,0,0,0,0,0,0,0,0,0,0,0,0,0,0,0,0,0,0,0,0,0,0,0,0,0,0,0,0,0,0,0,0,0,0,0,0,0,0,0,0,0
6239,0,0,0,0,0,0,0,0,0,0,0,0,0,0,0,0,0,0,0,0,0,0,0,0,0,0,0,0,0,0,0,0,0,0,0,0,0,0,0,0,0,0,0,0,0,0,0,0,0,0,0,0,0,0
624,0.903309295076332,0,162.718741553187,205.491454584934,194.85177824339,0.899995498938728,152.392261146684,1.02240945138075,0,267.943338328271,0,127.298918614634,0.937273526698761,150.149813946552,83.5696649271462,237.914298471612,130.584143175943,1.90263371411602,106.329150906724,0.958710443694007,163.745483715063,271.076169659413,0,2.45604826477893,530.866364853196,90.4313395803414,1.85448933591648,164.644559869475,95.2326327694016,93.8626232016133,141.091292363336,212.243253053673,0,150.75314813599,174.135145498144,104.329796445992,223.012325013116,0,91.6092937394,238.233212260471,0,148.796097625283,0,134.687817474834,0,92.0320160546919,0.824063590163226,0.813187062204528,114.763519091745,95.7999219574979,0,234.535690489978,1.09678960865664,130.849197242103
6244,11.7430208359923,0,0,0,1.0589770556706,0.899995498938728,1.81419358507957,6.13445670828447,0,0,7.99460622773693,0,0.937273526698761,3.63265678902947,5.49800427152278,1.08142862941642,1.11610378782857,5.70790114234805,3.06718704538627,0.958710443694007,5.06429331077513,1.03070786942743,5.41083243028011,0,0,0.886581760591582,0.927244667958238,0,0,0,2.15406553226468,1.43407603414644,3.84431547919265,12.289658815434,0,0,0,2.35717070191115,4.16405880633637,0,1.88619236512332,6.80766459723516,0,0.93533206579746,0,2.14027944313237,0,8.13187062204527,3.98484441290781,4.56190104559514,2.78790819765212,0,1.09678960865664,0
6245,0,0,0,0,0,0,0,0,0,0,0,0,0,0,0,0,0,0,0,0.958710443694007,0,0,0,0,0,0,0,0,0,0,0,0,0.961078869798163,0,0,0,0,0.785723567303718,0,0,0,0,0,0,0,0,0.824063590163226,0,0,0,0,0,0,0
6248,0,0,0,0,0,0,0,0,0,0,0,0,0,0,0,0,0,0,0,0,0.844048885129189,0,0,0,0,0,0,0,0,0,0,0,0.961078869798163,0,0,0,0,0,0,0,0,0,0,0,0,0,0,0,0,0,0,0,0,0
6249,0,0,0,0,0,0,0,0,0,0,0,0,0,0,0,0,0,0,0,0,0,0,0,0,0,0,0,0,0,0,0,0,0,0,0,2.24365153647295,0,0,0.832811761267273,1.25385901189721,0,0.972523513890737,0,0,0,1.07013972156618,0,0,0,0,0,0,0,0
6251,0,0,0,0,0,0,0,0,0,0,0,0,0,0,0,0,0,0,0,0,0,0,0,0,0,0,0,0,0,0,0,0,0,0,0,0,0,0,0,0,0,0,0,0,0,0,0,0,0,0,0,0,0,0
6253,2.709927885229,0,1.04306885611018,0,0,0,0,0,0,1.80433224463482,0,7.29316721229671,7.49818821359009,1.21088559634316,0,0,1.11610378782857,23.7829214264502,13.2911438633405,16.2980775427981,37.1381509456843,0,22.7254962071765,0,0,0,9.27244667958238,12.6649661438058,2.82869206245747,0,7.53922936292637,0,0.961078869798163,4.9158635261736,0,2.24365153647295,0,0,8.32811761267273,1.25385901189721,23.5774045640415,4.86261756945369,1.22564079061044,0,0,0,1.64812718032645,2.43956118661358,1.59393776516312,10.4272023899317,0,0,6.58073765193985,0.908674980847939
6254,0,0,0,0,0,0,0,0,0,0,0,0,0,0,0,0,0,0,0,0,0,0,0,0,0,0,0,0,0,0,0,0,0,0,0,0,0,0,0,0,0,0,0,0,0,0,0,0,0,0,0,0,0,0
6255,70.4581250159539,26.2961994081761,21.9044459783137,39.1412294447493,21.1795411134119,16.1999189808971,32.6554845314322,18.4033701248534,17.2951830716057,15.336824079396,18.9871897908752,40.4439272681909,164.960140698982,99.292618900139,103.362480304628,1.08142862941642,8.92883030262857,31.3934562829143,4.08958272718169,89.1600712635426,21.9452710133589,13.3992023025565,29.2184951235126,47.8929411631892,0,12.4121446482822,25.9628507028307,3.45408167558339,66.9457121448268,93.8626232016133,81.8544902260577,17.2089124097573,23.0658928751559,39.3269082093888,11.8728508294189,0,51.1831565603873,436.076579853564,26.6499763605527,23.8233212260471,46.2117129455214,30.1482289306129,20.8358934403775,14.9653130527594,60.9216077601134,7.49097805096329,7.41657231146904,57.7362814165215,25.50300424261,22.8095052279757,34.3842011043762,38.3517481304367,17.5486337385063,1.81734996169588
6259,0,0,0,0,0,0,0,0,0,0,0,0,0,0,0,0,0,0,0,0,0,0,0,0,0,0,0,0,0,0,0,0,0,0,0,0,0,0,0,0,0,0,0,0,0,0,0,0,0,0,0,0,0,0
626,1.80661859015266,2.62961994081761,1.04306885611018,0.978530736118733,0,0.899995498938728,0,2.04481890276149,0.910272793242405,0,4.99662889233558,4.64110640782518,2.81182058009628,1.21088559634316,5.49800427152278,0,0,3.80526742823203,3.06718704538627,6.71097310585805,5.06429331077513,1.03070786942743,3.24649945816807,0,2.16680148919672,3.54632704236633,0,6.90816335116678,0.942897354152491,3.16390864724539,2.15406553226468,8.60445620487864,7.6886309583853,1.6386211753912,2.96821270735474,2.24365153647295,6.09323292385563,0.785723567303718,4.99687056760364,3.76157703569164,3.77238473024665,0.972523513890737,0,10.2886527237721,1.56209250666957,3.21041916469855,3.29625436065291,0.813187062204528,5.57878217807093,3.9102008962244,0,4.42520170735808,2.19357921731328,15.447474674415
6261,0,0,0,0,0,0,0,0,0,0,0,0,0,0,0,0,0,0,0,0,0,0,0,0,0,0,0,0,0,0,0,0,0,0,0,0,0,0,0,0,0,0,0,0,0,0,0,0,0,0,0,0,0,0
6262,22.5827323769083,2.62961994081761,2.08613771222035,2.9355922083562,0,3.59998199575491,1.81419358507957,0,1.82054558648481,0,45.9689858094873,3.31507600558942,7.49818821359009,10.8979703670884,3.29880256291367,4.32571451766568,4.46441515131428,0,0,0,0.844048885129189,1.03070786942743,0,1.22802413238947,20.5846141473688,2.65974528177475,9.27244667958238,1.1513605585278,6.60028147906743,1.05463621574846,2.15406553226468,24.3792925804895,3.84431547919265,0.819310587695601,0.989404235784912,8.97460614589179,10.9678192629401,6.28578853842975,10.8265528964746,11.2847311070749,0.943096182561662,1.94504702778147,0,6.54732446058222,3.12418501333915,20.3326547097575,14.8331446229381,6.50549649763622,16.7363465342128,3.25850074685367,0.929302732550708,22.1260085367904,6.58073765193985,14.538799693567
6265,0,0,0,0,0,0,0,0,0,0,2.99797733540135,0,0,1.21088559634316,0,0,0,0,0,0,0,0,0,0,0,0,0,0,0,0,0,4.30222810243932,0,0,0,0,0,0,0,0,0,0,0,0,0,0,0,0,0,0,0,0,0,0.908674980847939
6268,0,0,0,0,0,0,0,0,0,0,0,0,0,0,0,0,0,0,0,0,0,0,0,0,0,0,0,0,0,0,0,0,0,0,0,0,0,0,0,0,0,0,0,0,0,0,0,0,0,0,0,0,0,0
627,0.903309295076332,0.876539980272536,0,2.9355922083562,0,0.899995498938728,0.907096792539785,1.02240945138075,1.82054558648481,0,3.99730311386846,3.9780912067073,4.68636763349381,0,0,3.24428588824926,0,0.951316857058008,2.04479136359084,0,0,0,0,1.22802413238947,0,0,2.78173400387471,1.1513605585278,0.942897354152491,1.05463621574846,0,0,0.961078869798163,0,0,0,0,0,3.33124704506909,0,0.943096182561662,0.972523513890737,0,0,0,1.07013972156618,2.47219077048968,0.813187062204528,1.59393776516312,1.30340029874147,0.929302732550708,1.47506723578603,2.19357921731328,1.81734996169588
6272,0,0,0,0,0,0.899995498938728,0,0,0,0,0,0,0,0,0,0,0,0,0,0,0,0,0,0,0,0,0,0,0,0,0,0,0,0,0,0,0,0,0,0,0,0,0,0,0,0,0,0,0,0,0,0,0,0
6275,0,0,0,0,0,0,0,0,0,0,0,0.663015201117883,0,0,0,0,0,0,0,0,0,0,0,0,0,0,0,0,0,0,0,0,0,0,0,0,0,0,0,0,0,0,0,0,0,0,0,0,0,0,0,0,0,0
6277,34.3257532129006,50.8393188558071,32.3351345394154,7.82824588894986,28.5923805031061,0.899995498938728,3.62838717015914,1.02240945138075,46.4239124553626,41.4996416266008,112.923812966784,42.4329728715445,20.6200175873728,31.4830255049221,28.5896222119185,23.7914298471612,4.46441515131428,1.90263371411602,2.04479136359084,1.91742088738801,7.5964399661627,5.15353934713713,21.6433297211204,9.82419305911574,20.5846141473688,26.5974528177475,36.1625420503713,13.8163267023336,35.8300994577946,63.2781729449079,19.3865897903821,196.468416678062,11.532946437578,14.7475905785208,0,30.2892957423848,52.4018031451584,67.5722267881198,15.8234234640782,1.25385901189721,0,17.5054232500333,6.12820395305221,14.9653130527594,29.6797576267219,3.21041916469855,1.64812718032645,25.2087989283404,23.1120975948653,28.6748065723123,12.0809355231592,28.0262774799345,2.19357921731328,0
6279,0,0,0,0,0,0,0,0,0,0,0,0,0,0,0,0,0,0,0,0,0,0,0,0,0,0,0,0,0,0,0,0,0,0,0,0,0,0,0,0,0,0,0,0,0,0,0,0,0,0,0,0,0,0
6281,0,0,0,0,0,0,0,0,0,0,0,0,0,0,0,0,0,0,0,0,0,0,0,0,0,0,0.927244667958238,0,0,0,0,0,0,0,0,0,0,0,0,0,0,0,0,0,0,0,0,0,0,0,0,0,0,0
6283,0.903309295076332,2.62961994081761,1.04306885611018,0,0,0,0,0,1.82054558648481,2.70649836695223,0.999325778467116,3.31507600558942,0.937273526698761,1.21088559634316,8.79680683443645,3.24428588824926,3.34831136348571,0.951316857058008,0,0,0,4.12283147770971,0,3.6840723971684,4.33360297839344,2.65974528177475,0,4.60544223411119,2.82869206245747,6.32781729449079,1.07703276613234,2.86815206829288,0.961078869798163,0,3.95761694313965,1.12182576823647,26.8102248649648,2.35717070191115,12.4921764190091,8.7770130832805,0,3.89009405556295,3.67692237183133,0,3.12418501333915,8.56111777252948,0.824063590163226,12.1978059330679,6.37575106065249,1.30340029874147,8.36372459295637,5.90026894314411,4.38715843462657,0
6285,0,0.876539980272536,5.21534428055088,0,0,5.39997299363237,0,3.06722835414224,0,0,0,3.31507600558942,0,1.21088559634316,5.49800427152278,0,0,0.951316857058008,0,0,3.37619554051675,0,0,1.22802413238947,0,4.43290880295791,0,0,3.77158941660996,4.21854486299386,0,0,0,0,0,0,2.43729316954225,0.785723567303718,0.832811761267273,6.26929505948607,2.82928854768498,1.94504702778147,0,0,0,1.07013972156618,0,3.25274824881811,0,0.651700149370734,0,0,0,2.72602494254382
629,0,0,0,0,0,0,0,0,0,0,0,0,0,0,0,0,2.23220757565714,0,0,0,0,0,0,0,0,0,0,0,0,0,0,0,2.88323660939449,0.819310587695601,0,0,1.21864658477113,0,0,1.25385901189721,0,0,0,0,0,0,0.824063590163226,0,0,0,0,0,0,0
631,0,0,0,0,0,0,0,0,0,0,0,0,0,0,0,0,0,0,0,0,0.844048885129189,0,0,0,0,0,0,0,0,0,0,0,0,0,0,0,0,0,0,0,0,0,0,0,0,0,0,0,0,0,0,0,0,0
634,0,0,0,0,0,0,0,0,0,0,0,0,0,0,0,0,0,0,0,0,0,0,0,0,0,0,0,0,0,0,0,1.43407603414644,0,0,0,0,0,0,0,0,0,0,0,0,0,0,0,0,0,0,0,0,0,0.908674980847939
637,0,0,0,0,0,0,0,0,0,0,0,0,0,0,0,0,0,0,0,0,0,0,0,0,0,0,0,0,0,0,0,0,0,0,0,0,0,0,0,0,0,0,0,0,0,0,0,0,0,0,0,0,0,0
639,0,0,0,0,0,0,0,0,0,0,0,0,0,0,0,0,0,0,0,0,0,0,0,0,0,0,0,0,0,0,0,0,0,0,0,0,0,0,0,0,0,0,0,0,0,0,0,0,0,0,0,0,0,0
642,0,0,0,0,0,0,0,0,0,0,0,0,0,0,0,0,0,0,0,0,0,0,0,0,0,0,0.927244667958238,0,0,0,0,0,0,0,0,0,0,0,0,0,0,0,0,0,0,0,0,0,0,0,0,0,0,0
643,0,0,0,0,0,0.899995498938728,0,0,0,0,0,0,0,0,0,1.08142862941642,0,0,0,1.91742088738801,0,1.03070786942743,0,0,1.08340074459836,0,0,0,0,0,0,0,0.961078869798163,0,0,1.12182576823647,0,0,0,0,0.943096182561662,0,0,0,0,0,0,0,0,0,0,0,0,0
645,0,0,0,0,0,0,0,0,0,0,0,0,0,0,0,0,0,0,0,0,0,0,0,0,0,0,0,0,0,0,0,0,0,0,0,0,0,0,0,0,0,0,0,0,0,0,0,0,0,0,0,0,0,0
646,1.80661859015266,0.876539980272536,0,0,0,0,0,0,0,0.902166122317409,1.99865155693423,1.98904560335365,2.81182058009628,4.84354238537263,3.29880256291367,2.16285725883284,0,4.75658428529004,5.11197840897711,0,2.53214665538757,0,0,0,0,1.77316352118316,0.927244667958238,1.1513605585278,0.942897354152491,2.10927243149693,1.07703276613234,0,0,0.819310587695601,0.989404235784912,0,1.21864658477113,1.57144713460744,0,2.50771802379443,0,0,0,2.80599619739238,0,3.21041916469855,0.824063590163226,0,0,0.651700149370734,0,2.95013447157206,2.19357921731328,0
653,0,0,0,0,0,0,0,0,0,0,0,0,0,0,0,0,0,0,0,0,0.844048885129189,0,0,0,0,0,0,0,0,0,0,0,0,0,0,0,0,0,0,0,0,0,0,0,0,0,0,0,0,0,0,0,0,0
654,0,0,0,0,0,0,0,0,0,0,0,0,0,0,0,0,0,0,0,0,0,0,0,0,0,0,0,0,0,0,0,0,0,0,0,0,0,0,0,0,0,0,0,0,0,0,0,0,0,0,0,0,0,0
655,0,0,0,0,0,0,0,0,0,0,0,0,0,0,0,0,0,0,0,0,0,0,0,0,0,0,0,0,0,0,0,0,0,0,0,0,0,0,0,0,0,0,0,0,0,0,0,0,0,0,0,0,0,0
657,0,0,0,0,0,0,0,0,0,0,0,0,0,0,0,0,0,0,0,0,0,0,0,0,0,0,0,0,0,0,0,0,0,0,0,0,0,0,0,0,0,0,0,0,0,0,0,0,0,0,0,0,0,0
658,0,0,0,0,0,0,0,0,0,0,0,0,0,0,0,0,0,0,0,0,0,0,0,0,0,0,0,0,0,0,0,0,0,0,0,0,0,0,0,0,0,0,0,0,0,0,0,0,0,0,0,0,0,0
660,0,0,0,0,0,0,0,0,0,0,0,0,0,0,0,0,0,0,0,0,0,0,0,0,0,0,0,0,0,0,0,0,0,0,0,0,0,0,0,0,0,0,0,0,0,0,0,0,0,0,0,0,0,0
662,0.903309295076332,0,0,0,0,0,0,0,0,0,0.999325778467116,0,0,0,1.09960085430456,0,0,0,0,0,0,0,0,0,0,0,0,0,0,0,0,0,0,0,0,0,0,0,0,0,0,0,0,0,0,0,0,0,0,0,0,0,0,0
667,0,0,0,0,0,0,0,0,0,0,0,0,0,0,0,0,0,0,0,0,0,0,0,0,0,0,0,0,0,0,0,0,0,0,0,0,0,0,0,0,0,0,0,0,0,0,0,0,0,0,0,0,0,0
668,0,0,0,0,0,0,0,0,0,0,0,0,0,0,0,0,0,0,0,0,0,0,0,0,0,0,0,0,0,0,0,0,0,0,0,0,0,0,0,0,0,0,0,0,0,0,0.824063590163226,0,0,0,0,0,0,0
669,0,0,0,0,0,0,0,0,0,0,0,0,0,0,0,0,0,0,0,0,0,0,0,0,0,0,0,0,0,0,0,0,0,0,0,0,0,0,0,0,0,0,0,0,0,0,0,0,0,0,0,0,0,0
673,0,0,0,0,0,0,0,0,0,0,0,0,0,0,0,0,0,0,0,0,0,0,0,0,0,0,0,0,0,0,0,0,0,0,0,0,0,0,0,0,0,0,0,0,0,0,0,0,0,0,0,0,0,0
674,0,0,0,0,0,0,0,0,0,0,0,0,0,0,0,0,0,0,0,0,0,0,0,0,0,0,0,0,0,0,0,0,0,0,0,0,0,0,0,0,0,0,0,0,0,0,0,0,0,0,0,0,0,0
676,0,0,0,0,0,0,0,0,0,0,0,0,0,0,0,0,0,0,0,0,0,0,0,0,0,0,0,0,0,0,0,0,0,0,0,0,0,0,0,0,0.943096182561662,0,0,0,0,0,0.824063590163226,0,0,0,0,0,0,0
679,0.903309295076332,0,0,0,1.0589770556706,0,0,0,0,0,0,1.98904560335365,0,1.21088559634316,1.09960085430456,1.08142862941642,2.23220757565714,0.951316857058008,0,0,0.844048885129189,0,3.24649945816807,0,1.08340074459836,2.65974528177475,0,1.1513605585278,0.942897354152491,0,1.07703276613234,0,0,0,0.989404235784912,0,0,0,1.66562352253455,0,0,1.94504702778147,0,0.93533206579746,0,0,0,5.69230943543169,0,0,0,0,0,0
686,0,0,0,0,0,0,0,0,0.910272793242405,3.60866448926964,0,1.32603040223577,0,0,0,0,0,0,0,0,1.68809777025838,0,0,0,0,0,0,0,0,0,2.15406553226468,0,0,3.2772423507824,0,0,1.21864658477113,0,3.33124704506909,0,1.88619236512332,0,0,0,3.12418501333915,0,0,4.06593531102264,2.39090664774469,0,0,0,0,0
690,0,0,0,0,0,0,0,0,0,0,0,0,0,0,0,0,0,0,1.02239568179542,0.958710443694007,0,0,2.16433297211204,0,1.08340074459836,0.886581760591582,0,2.30272111705559,0,0,0,0,1.92215773959633,0,0.989404235784912,0,0,0.785723567303718,0,1.25385901189721,0,0,0,0,0,0,0,0,0,0,0,0,0,0.908674980847939
691,0,0,0,0,0,0,0,0,0,0,0.999325778467116,0,0.937273526698761,0,0,0,0,0,0,0,0,0,0,0,0,0,0,0,0,0,0,0,0,0,0,0,0,0,0,1.25385901189721,0,0,0,0,0,0,0,0,0,0,0,0,0,0
693,0,0,0,0,0,0,0,0,0,0,0,0,0,0,0,1.08142862941642,0,0,0,0,0,0,0,0,0,0.886581760591582,0,0,0,0,0,0,0,0.819310587695601,0,0,0,0,0,0,0,0,0,0,0,0,0,0,0,0,0,0,0,0
695,0,0,0,0,0,0.899995498938728,0.907096792539785,0,0,0,1.99865155693423,2.65206080447153,0.937273526698761,0,1.09960085430456,0,0,0,1.02239568179542,1.91742088738801,0,1.03070786942743,0,0,0,0,0,1.1513605585278,0,0,2.15406553226468,0,0,0,0,0,0,0,1.66562352253455,0,0,0,0,0,0,0,0,0,1.59393776516312,0.651700149370734,1.85860546510142,0,1.09678960865664,0
697,0,0,0,0,0,0,0,0,0,0,0.999325778467116,0,0,0,0,0,0,0,0,0,0,0,0,0,0,0,0,0,0,0,0,0,0,0,0,0,0,0,0,0,0,0,0,0,0,0,0,0,0,0,0,0,0,0
698,0,0,0,0,0,0,0,0,0,0,0,0,0,0,0,0,0,0,0,0,0,0,0,0,0,0,0,0,0,0,0,0,0,0,0,0,0,0,0,0,0,0,0,0,0,0,0,0,0,0,0,0,0,0
699,0,0,0,0,0,0,0,0,0,0,0,0,0,0,0,0,0,0,0,0,0,0,0,0,0,0,0,0,0,0,0,0,0,0,0,0,0,0,0,0,0,0.972523513890737,0,0,0,0,0,0,0,0,0,0,0,0
700,0,0,0,0,0,0,0,0,0,0,0,0,0,0,0,0,0,0,0,0,0,0,0,0,0,0,0,0,0,0,0,0,0,0,0,0,0,0,0,0,0,0,0,0,0,0,0,0,0,0,0,0,0,0
701,0,0,0,0,0,0,0,0,0,0,0,0,0,0,0,0,0,0,0,0,0,0,0,0,0,0,0,0,0,0,0,0,0,0,0,0,0,0,0,0,0,0,0,0,0,0,0,0,0,0,0,0,0,0
702,0,0,0,0,0,0,0,0,0,0,0,0,0,1.21088559634316,0,0,0,0,0,0,0,0,0,0,0,0,0,0,0,0,0,0,0,0,0,0,0,0,0,0,0,0,0,0,0,0,0,0,0,0,0,0,0,0
704,0,0,0,0,0,0,0,0,0,0,0,0,0,0,0,0,0,0,0,0,0,0,0,0,0,0,0,0,0,0,0,0,0,0,0,0,0,0,0,0,0,0,0,0,0,0,0,0,0,0,0,0,0,0
705,0,0,0,0,0,0,0,0,0,0,0,0,0,0,0,0,0,0,0,0,0,0,0,0,0,0,0,0,0,0,0,0,0,0,0,0,0,0,0,0,0,0,0,0,0,0,0,0,0,0,0,0,0,0
707,0,0,0,0,0,0,0,0,0,0,0,0,0,0,0,0,0,0,0,0,0,0,0,0,0,0,0,0,0,0,0,0,0,0,0,0,0,0,0,0,0,0.972523513890737,0,0,0,0,0,0,0,0,0,0,0,0
708,0,0,0,0,0,0,0,0,0,0,0,0,0,0,0,0,0,0,0,0,0,0,0,0,0,0,0,0,0,0,0,0,0,0,0,0,0,0,0,0,0,0,0,0,0,0,0,0,0,0,0,0,0,0
710,0,0,0,0,0,0,0,0,0,0,0,0,0,0,0,0,0,0,0,0,0,0,0,0,0,0,0,0,0,0,0,0,0,0,0,0,0,0,0,0,0,0,0,0,0,0,0,0,0,0,0,0,0,0
711,0,0,0,0,0,0,0,0,0,0,0,0,0,0,1.09960085430456,0,0,0,1.02239568179542,0,0,0,0,0,0,0,0,0,0,0,0,0,0,0,0,0,0,0,0,0,0,0,0,0,0,2.14027944313237,0,0,0,0.651700149370734,0,0,2.19357921731328,0
713,1.80661859015266,0,0,0,0,0,0.907096792539785,0,0,1.80433224463482,0,0.663015201117883,0,0,0,0,2.23220757565714,0,0,2.87613133108202,0,0,1.08216648605602,0,0,0,0,1.1513605585278,0,0,0,0,0,1.6386211753912,0,0,1.21864658477113,3.92861783651859,0.832811761267273,1.25385901189721,0.943096182561662,0,0,4.6766603289873,1.56209250666957,0,0.824063590163226,1.62637412440906,0.796968882581562,0.651700149370734,0,0,0,0.908674980847939
714,0,0,0,0,0,0,0,0,0,0,0,0,0,0,0,0,0,0,0,0,0,0,0,0,0,0,0,0,0,0,0,0,0,0,0,0,0,0,0,0,0,0,0,0,0,0,0,0,0,0,0,0,0,0
715,0,0,0,0,0,0,0,0,0,0,0,0,0,0,0,0,0,0,0,0,0,0,0,0,0,0,0,0,0,0,0,0,0,0,0,0,0,0,0,0,0,0,0,0,0,0,0,0,0,0,0,0,0,0
717,0,0,0,0,0,0,0,0,0,0,0,0,0,0,0,0,0,0,0,0,0,0,0,0,0,0,0,0,0,0,0,0,0,0,0,0,0,0.785723567303718,0,0,0,0,0,0,0,0,0,0,0,0,0,0,0,0
720,0,0,0,0,0,0,0,0,0,0,0,0,0,0,0,0,0,0,0,0,0,0,0,0,0,0,0,0,0,0,0,0,0,0,0,0,0,0,0,0,0,0,0,0,0,0,0,0,0,0,0,0,0,0
721,0,0,0,0,0,0,0,0,0,0,0,0,0,0,0,0,0,0,0,0,0,0,0,0,0,0.886581760591582,0,1.1513605585278,0,0,1.07703276613234,0,0,0,0,0,0,0,0,0,0,0,0,0,1.56209250666957,0,0,0,0,0,0,0,0,0
722,0,0,0,0,0,0,0,0,0,0,0,0,0,0,0,0,0,0,0,0,0,0,0,0,0,0,0,0,0,0,0,0,0,0,0,0,0,0,0,0,0,0,0,0,0,0,0,0,0,0,0,0,0,0
723,0,0,0,0,0,0,0,0,0,0,0,0,0,0,0,0,0,0,0,0,0,0,0,0,0,0,0,0,0,0,0,0,0,0,0,0,0,0,0,0,0,0,0,0,0,0,0,0,0,0,0,0,0,0
724,0,0,0,0,0,0,0,0,0,0,0,0,0,0,0,0,0,0,0,0,0,0,0,0,0,0,0,0,0,0,0,0,0,0,0,0,0,0,0,0,0,0,0,0,0,0,0,0,0,0,0,0,0,0
726,0,0.876539980272536,0,0,0,0,0,0,0,0,0,0,0,0,0,0,0,0,0,0,0,0,1.08216648605602,0,0,0,1.85448933591648,0,0,0,0,0,0,0.819310587695601,0,0,0,0.785723567303718,0.832811761267273,0,0,0.972523513890737,0,0,0,0,0.824063590163226,2.43956118661358,0,0,0,0,0,0.908674980847939
727,0,0,0,0,0,0,0.907096792539785,0,0,0,0,0,0,0,0,0,0,0,0,0,0,0,0,0,0,0,0,0,0,0,0,0,0,0,0,0,0,0,0,0,0,0,0,0,0,0,0,0,0,0.651700149370734,0,0,0,0
728,0,0,0,0,0,0,0,0,0,0,0,0,0,1.21088559634316,0,0,0,0,0,0,0,0,0,0,0,0,0,0,0,0,0,0,0,0,0,1.12182576823647,0,0,0,0,0,0,0,0,0,0,1.64812718032645,0.813187062204528,0,1.30340029874147,0,0,0,0
732,0,0,0,0,0,0,0,0,0,0,0,0,0,0,0,0,0,0,0,0,0,0,0,0,0,0,0,0,0,0,0,0,0,0,0,0,0,0,0,0,0,0,0,0,0,0,0,0,0,0,0,0,0,0
734,0,0,0,0,0,0,0,0,0,0,0,0,0,0,0,0,0,0,0,0,0,0,0,0,0,0,0,0,0,0,0,0,0,0,0,0,0,0,0,0,0,0,0,0,0,0,0,0,0,0,0,0,0,0
735,0,0,0,0,0,0,0,0,0,0,0,0,0,0,0,0,0,0,0,0,0,0,0,0,0,0,0,0,0,0,0,0,0,0,0,0,0,0,0,0,0,0,0,0,0,0,0,0,0,0,0,0,0,0
736,0,0,0,0.978530736118733,0,0,0,0,0,0,0,0,0,0,0,0,0,0,0,0,0,0,0,1.22802413238947,0,0,0,0,0,0,1.07703276613234,0,0,0,0,0,0,0,0,1.25385901189721,0,0,0,0,0,0,0,0,0,0,0,0,0,0
737,0,0,0,0,0,0,0,0,0,2.70649836695223,0,0,0,0,0,0,0,0,0,0,0,0,0,0,0,0,0,0,0.942897354152491,0,0,0,0,0,0,0,0,0,0,0,0.943096182561662,0,0,0,1.56209250666957,0,0,0,0,0,0,0,0,0
740,0,0,0,0,0,0,0,0,0,0,0,0,0,0,0,0,0,0,0,0,0,0,0,0,0,0,0,0,0,0,0,0,0,0,0,0,0,0,0,0,0,0,0,0,0,0,0,0,0,0,0,0,0,0
744,0,0,0,0,0,0,0,0,0,0.902166122317409,2.99797733540135,0,0,1.21088559634316,1.09960085430456,1.08142862941642,0,0,0,0,0,0,0,0,0,0,0,0,0,0,0,0,0,2.4579317630868,0,0,0,0,0.832811761267273,1.25385901189721,1.88619236512332,1.94504702778147,1.22564079061044,0,0,0,0,0,0,0,0,0,0,0
745,0,0,0,0,0,0,0,0,0,0,0,0,0,0,0,0,0,0,0,0,0,0,0,0,0,0,0,0,0,0,0,0,0,0,0,0,1.21864658477113,0,0,1.25385901189721,0,0,0,0,0,0,0,0,0,0,0,0,0,0
747,0,6.13577986190775,2.08613771222035,2.9355922083562,1.0589770556706,2.69998649681618,0,1.02240945138075,1.82054558648481,0.902166122317409,0,2.65206080447153,4.68636763349381,1.21088559634316,5.49800427152278,0,1.11610378782857,0,5.11197840897711,0,0,7.21495508599199,0,3.6840723971684,8.66720595678687,0.886581760591582,7.41795734366591,0,3.77158941660996,2.10927243149693,5.38516383066169,8.60445620487864,1.92215773959633,1.6386211753912,2.96821270735474,0,2.43729316954225,1.57144713460744,4.99687056760364,7.52315407138328,1.88619236512332,2.91757054167221,4.90256316244177,2.80599619739238,3.12418501333915,0,1.64812718032645,5.69230943543169,0.796968882581562,1.30340029874147,0,4.42520170735808,2.19357921731328,1.81734996169588
748,0,0,0,0,2.11795411134119,0,0,1.02240945138075,0,0.902166122317409,0,0,0,1.21088559634316,0,1.08142862941642,0,0,1.02239568179542,0,0,0,0,0,0,0.886581760591582,0,0,0.942897354152491,0,0,0,0,1.6386211753912,0,3.36547730470942,0,1.57144713460744,0,1.25385901189721,0,0,0,0,0,0,0,0.813187062204528,0,0,0,1.47506723578603,0,0
749,0,0,0,0,0,0,0,0,0,0,0,0,0,0,0,0,0,0,0,0,0,0,0,1.22802413238947,0,0,0,0,0,0,0,0,0,0,0,0,0,0.785723567303718,0.832811761267273,0,0,0,0,0,0,0,0,0,0,0,0,0,0,0
750,0,0,1.04306885611018,0,0,0,0,0,0,0,0,0,0,0,0,0,0,0,0,0,0,0,0,0,0,0,0,0,0,0,0,0,0,0,0,0,0,0,0,0,0,0,0,0,0,0,0,0.813187062204528,0,0,0,0,0,0
753,0,0,0,0,0,0,0,0,0,0,0,0,0,0,0,0,0,0,0,0,0,0,0,0,0,0.886581760591582,0,0,0,0,0,0,0,0,0,0,0,0,0,0,0,0,0,0,0,0,0,0,0,0,0,0,0,0
755,0,0,0,0,0,0,0,0,0,0,0,0,0,0,0,0,0,0,0,0,0,0,0,0,0,0,0,0,0,0,0,0,0,0,0,0,0,0,0,0,0,0,0,0,0,0,0,0,0,0,0,0,0,0
759,0,1.75307996054507,0,0,0,0.899995498938728,0,0,0,0,0,0,0,0,0,0,0,0,1.02239568179542,0,0,0,0,1.22802413238947,0,0,0,0,0,0,0,0,0,0,0,0,0,0,0,0,0,0,0,0,0,0,0,0,0.796968882581562,0,0,0,0,0.908674980847939
763,0,0,0,0,0,0,0,0,0,0,0,0,0,0,0,0,0,0,0,0,0,0,0,0,0,0,0,0,0,0,0,0,0,0,0,0,0,0,0,0,0,0,0,0,0,0,0,0,0,0,0,0,0,0
765,0,0,0,0,0,0,0,0,0,0,0,0,0,0,0,0,0,0,0,0,0,0,0,0,0,0,0,0,0,0,0,0,0,0,0,0,0,0,0,0,0.943096182561662,0,0,0,0,0,0,0,0,0,0,0,0,0
766,0,0,0,0,0,0,0,0,0,0,0,0,0,0,0,0,0,0,0,0,0,0,0,0,0,0,0,0,0,0,0,0,0,0,0,0,0,0,0,0,0,0,0,0,0,0,0,0,0,0,0,0,0,0
767,0,0,0,0,0,0,0,0,0,0,0,0,0,0,0,0,0,0,0,0,0,0,0,0,0,0,0,0,0,0,0,0,0,0,0,0,0,0,0,0,0,0,0,0,0,0,0,0,0,0,0,0,0,0
768,0,0,2.08613771222035,0,0,0,0,0,0,0,0,0,0.937273526698761,0,0,0,0,0,0,0,0,0,0,0,0,0,0,0,0,0,0,0,0,0,0,0,0,0,0,0,0,0,0,0,0,0,0,0,0.796968882581562,0,0,0,0,0
769,0,0,0,0,0,0,0,0,0,0.902166122317409,0,0,0,0,0,0,0,0,0,0,0,1.03070786942743,1.08216648605602,1.22802413238947,0,0,0,0,0,0,0,0,0,0,0,0,0,0,0,1.25385901189721,0,0,0,0,0,0,0,0,0,0,0.929302732550708,0,0,0
770,0,0,0,0,0,0,0,0,0,0,0,0,0.937273526698761,0,0,0,0,0,0,2.87613133108202,0,0,0,0,0,0,0,0,0,0,0,0,0,0.819310587695601,0.989404235784912,0,0,0,0,0,0,0,0,0,0,0,0,0,0,0,0.929302732550708,0,0,0
772,0,0,0,0,0,0,0,0,0,0,0,0,0,0,0,0,0,0,1.02239568179542,0,0,0,0,0,0,0,0,0,0,0,0,0,0,0,0,0,0,0,0,0,0,0,0,0,0,0,0,0,0,0,0,0,0,0
774,0,0,0,0,0,0,0,0,0.910272793242405,0,0,0,0,0,0,0,0,0,0,0,0,0,0,0,0,0,0,0,0,0,0,0,0,0,0,0,0,0.785723567303718,0,0,0,0,0,0,0,0,0,0,0,0,0,0,0,0
775,0,0,0,0,0,0,0,0,0,0,0,0,0,0,0,0,0,0,0,0,0,0,0,0,0,0,0,0,0,0,0,0,0,0,0,0,0,0,0,0,0,0,0,0,0,0,0,0,0,0,0,0,0,0
776,0,0,0,0,0,0,0,0,0,0,0,0,0,0,0,0,0,0,0,0,0,0,0,0,0,0,0.927244667958238,0,0,0,0,0,0.961078869798163,4.9158635261736,0,0,0,0,0,0,0.943096182561662,0,0,0,0,0,0,0,0,0,0,0,0,0
777,0,0,0,0,0,0,0,0,1.82054558648481,0,0,0,0,1.21088559634316,0,0,1.11610378782857,3.80526742823203,1.02239568179542,0,0,0,0,0,1.08340074459836,0,0,1.1513605585278,0,1.05463621574846,0,12.906684307318,0,0,0,0,0,0.785723567303718,0.832811761267273,0,0,0,0,0.93533206579746,0,0,0,0,0,0,0,1.47506723578603,0,0
778,0,0,0,0,0,0,0,0,0,0,0,0,0,0,0,0,0,0,0,0,0.844048885129189,0,0,0,0,0,0.927244667958238,0,0,0,1.07703276613234,0,0,0,0,1.12182576823647,0,0,0,0,0,0,0,0,0,0,0,0,0,0,0,0,0,0
780,0,0,0,0,0,0,0,0,0,0,0,0,0,0,0,0,0,0,0,0,0,0,0,0,0,0,0,0,0,0,0,0,0,0,0,0,0,0,0,0,0,0,0,0,0,0,0,0,0,0,0,0,0,0
781,0,0,0,0,0,0,0,0,0,0,0,0,0,0,0,0,0,0,0,0,0,0,0,0,0,0,0,0,0,0,0,0,0,0,0,0,0,0,0,0,0,0,0,0,0,0,0,0,0,0,0,0,0,0
782,0,0,0,0,0,0,0,0,0,0,0,0,0,0,0,0,0,0,0,0,0,0,0,0,0,0,0,0,0,0,0,0,0,0,0,0,0,0,0,0,0,0,0,0,0,0,0,0,0,0,0,0,0,0
786,2.709927885229,0,1.04306885611018,2.9355922083562,2.11795411134119,1.79999099787746,2.72129037761935,0,3.64109117296962,6.31516285622187,4.99662889233558,3.31507600558942,5.62364116019257,1.21088559634316,7.69720598013189,1.08142862941642,6.69662272697142,2.85395057117402,10.2239568179542,3.83484177477603,4.22024442564594,1.03070786942743,3.24649945816807,8.59616892672627,1.08340074459836,3.54632704236633,0.927244667958238,1.1513605585278,6.60028147906743,2.10927243149693,6.46219659679403,1.43407603414644,2.88323660939449,9.01241646465161,2.96821270735474,2.24365153647295,2.43729316954225,5.50006497112603,5.82968232887091,43.8850654164025,4.71548091280831,6.80766459723516,1.22564079061044,1.87066413159492,1.56209250666957,2.14027944313237,4.94438154097936,11.3846188708634,13.5484710038865,6.51700149370734,8.36372459295637,2.95013447157206,3.29036882596993,4.54337490423969
787,0.903309295076332,1.75307996054507,1.04306885611018,0,0,0.899995498938728,0,0,0,0,0,3.31507600558942,4.68636763349381,8.47619917440211,6.59760512582734,1.08142862941642,1.11610378782857,0.951316857058008,1.02239568179542,0.958710443694007,5.90834219590432,0,0,3.6840723971684,1.08340074459836,0,1.85448933591648,4.60544223411119,0.942897354152491,2.10927243149693,3.23109829839702,0,0,1.6386211753912,0,1.12182576823647,2.43729316954225,1.57144713460744,0,12.5385901189721,0.943096182561662,1.94504702778147,7.35384474366266,0.93533206579746,0,0,0,4.06593531102264,3.18787553032625,6.51700149370734,4.64651366275354,2.95013447157206,1.09678960865664,4.54337490423969
788,0,0,0,0,0,0,0,0,0,0,0,0,0,0,0,0,0,0,0,0,0,0,0,0,0,0,0,0,0.942897354152491,0,0,0,0,0,0.989404235784912,0,0,0,0,0,0,0,0,0,0,0,0,3.25274824881811,0,0,0,0,0,0
789,0,0,0,0,0,0,0,0,0,0,0.999325778467116,0,2.81182058009628,0,0,0,0,0.951316857058008,0,0,0,0,0,1.22802413238947,0,0,0,0,0,1.05463621574846,1.07703276613234,0,0,0,0,0,0,0.785723567303718,0,0,0,0,0,0,0,0,0,0,0,0,0,0,0,0
790,0,0,0,0,0,0.899995498938728,0,0,0,0,0,0,0.937273526698761,0,0,4.32571451766568,0,0,1.02239568179542,0,0.844048885129189,0,0,0,0,0.886581760591582,1.85448933591648,0,0,0,1.07703276613234,0,1.92215773959633,0,0,0,0,0,0.832811761267273,0,0.943096182561662,0,0,0,0,0,0,0,0,0.651700149370734,0,0,0,0.908674980847939
791,0,0,0,0,0,0,0,0,0,0,0,0,0,0,0,0,0,0,0,0,0,0,0,0,0,0,0,0,0,0,0,1.43407603414644,1.92215773959633,0,0,0,0,0,0,0,0,0,0,0,0,0,0,0,0,0,0,0,0,0
792,0,0,0,0,0,0,0,0,0,0,0,0,0,0,0,0,0,0,0,0,0,0,0,0,0,0,0,0,0,0,0,0,0,0,0,0,0,0,0,0,0,0,0,0,0,0,0,0,0,0,0,0,0,0
794,0,0,0,0.978530736118733,0,0,0,0,0,0,0,0,0,0,1.09960085430456,0,0,0,0,0,0,0,0,0,0,2.65974528177475,0.927244667958238,0,0,0,0,1.43407603414644,0,0.819310587695601,0,0,0,0,0,0,0,0,0,0,0,0,0,2.43956118661358,0,0,0,0,0,0
795,0,0,0,0,0,0,0,0,0,0,0,0,0,0,0,0,0,0,0,0,0,0,0,0,0,0,0,0,0,0,0,0,0,0,0,0,0,0,0,0,0,0,0,0,0,0,0,0,0,0,0,0,0,0
796,0,0,0,0,0,0,0,0,0,0,0,0,0,0,0,0,0,0,0,0,0,0,0,0,0,0,0,0,0,0,0,0,0,0,0,0,0,0,0,0,0,0,0,0,0,0,0,0,0,0,0,0,0,0
797,0,0,0,0,0,0,0,0,0,0,0,0,0,0,0,0,0,0,0,0,0,0,0,0,0,0,0,0,0,0,0,0,0,0,0,0,0,0,0,0,0,0,0,0,0,0,0,0,0,0,0,0,0,0
800,0,0,0,0,0,0,0,0,0,0,0.999325778467116,0,0,0,0,0,0,0,0,0,0,0,0,0,0,0,0,0,0,0,0,0,0,0,0,0,0,0,0,0,0,0,0,0,0,0,0,0,0,0,0,0,0,0
801,0,0,0,0,0,0,0,0,0,0,0,0,0,0,0,0,0,0,0,0,0,0,0,0,0,0,0,0,0,0,0,0,0,0,0,0,0,0,0,0,0,0,0,0.93533206579746,0,0,0,0,0,0,0,0,0,0
803,0,0,0,0,0,0,0,0,0,0,0,0,0,0,0,0,0,0,0,0,0,0,0,0,0,1.77316352118316,0,0,0,0,1.07703276613234,0,0,0,0,0,0,0,0,0,0,0,0,0,0,0,0,0,0,0,0,0,0,0
805,0,0,0,0,0,0,0,0,0,0,0,0,0,0,0,0,0,0,0,0,0,0,0,0,0,0,0,0,0,0,0,0,0,0,0,0,0,0,0,0,0,0,0,0,0,0,0,0,0,0,0,0,0,0
806,0,0,0,0,0,0,0,0,0,0,0,0,0,0,0,0,0,0,0,0,0,0,0,0,0,0,0,0,0,0,0,0,0,0,0,0,0,0,0,0,0,0,0,0,0,0,0,0,0,0,0,0,0,0
812,0,0,0,0,0,0,0,0,0,0,0,0,0,0,0,0,0,0,0,0,0,0,0,0,0,0,0,0,0,0,0,0,0,0,0,0,0,0,0,0,0,0,0,0,0,0,0,0,0,0,0,0,0,0
813,0,0,0,0,0,0,0,1.02240945138075,0,0,0,0.663015201117883,0,0,0,0,0,0,0,0,0,0,0,2.45604826477893,0,0.886581760591582,0.927244667958238,1.1513605585278,0,0,0,0,0,0,0,0,0,0,0,0,0.943096182561662,0,0,0,0,0,0.824063590163226,0,0,0.651700149370734,0,0,0,0
814,15.3562580162976,7.88885982245283,6.25841313666105,11.7423688334248,2.11795411134119,6.2999684925711,7.25677434031828,14.3137323193304,10.9232735189089,17.1411563240308,14.9898866770067,21.8795016368901,42.1773087014443,14.5306271561179,23.0916179403957,9.73285766474778,39.063632574,14.2697528558701,54.1869711351574,28.7613133108202,27.8536132092632,7.21495508599199,22.7254962071765,9.82419305911574,20.5846141473688,7.97923584532424,52.8529460736196,19.5731294949726,3.77158941660996,26.3659053937116,44.1583434114259,15.7748363756108,4.80539434899081,72.9186423049084,3.95761694313965,5.60912884118237,32.9034577888204,23.5717070191115,28.3155998830873,38.8696293688136,33.9514625722198,73.911787055696,30.6410197652611,28.9952940397213,51.549052720096,23.5430738744561,29.6662892458761,57.7362814165215,44.6302574245675,90.586320762532,28.808384709072,30.9764119515066,70.1945349540251,15.447474674415
817,0,0,0,0,1.0589770556706,0,0,0,0,0.902166122317409,0.999325778467116,0.663015201117883,1.87454705339752,0,1.09960085430456,0,1.11610378782857,0.951316857058008,1.02239568179542,0.958710443694007,0,4.12283147770971,2.16433297211204,1.22802413238947,2.16680148919672,0,5.56346800774943,0,0.942897354152491,3.16390864724539,0,1.43407603414644,0,4.096552938478,0.989404235784912,4.48730307294589,0,0,1.66562352253455,3.76157703569164,1.88619236512332,0,2.45128158122089,0,3.12418501333915,2.14027944313237,1.64812718032645,2.43956118661358,1.59393776516312,1.30340029874147,0.929302732550708,1.47506723578603,0,2.72602494254382
824,0,0,0,0,0,0,0,0,0,0,0,0,0,0,0,0,0,0,0,0,0,0,0,0,0,0,0,0,0,0,0,0,0,0,0,0,0,0,0,0,0,0,0,0,0,0,0,0,0,0,0,0,0,0
826,0,0,0,0,0,0,0,0,0,0,0,0,0,0,0,0,0,0,0,0,0,0,0,0,0,0,0,0,0,0,0,0,0,0,0,0,0,0,0,0,0,0,0,0,0,0,0,0.813187062204528,0,0,0,0,0,0
827,0,0,0,0,0,0,0,0,0,0,0,0,0,0,0,0,0,0,0,0,0,0,0,0,0,0,0,0,0,0,0,0,0,0,0,0,0,0,0,0,0,0,0,0,0,0,0,0,0,0,0,0,0,0
829,0,0,0,0,0,0,0,0,0,0,0,0,0,0,0,0,0,0,0,0,0,0,0,0,0,0,0,0,0,0,0,0,0,0,0,0,0,0,0,0,0,0,0,0,0,0,0,0,0,0,0,0,0,0
830,0,0,0,0,0,0,0,0,0,0,0,0,0,0,0,0,0,0,0,0,0,0,0,0,0,0,0,0,0,0,0,0,0,0,0,0,0,0,0,0,0,0,1.22564079061044,0,0,0,0,0,0,0,0,0,0,0
831,0,0,1.04306885611018,0,0,0,0,0,0,0,0,0,0,0,0,0,0,0,1.02239568179542,0,0,0,0,0,0,0,0,0,0,0,0,1.43407603414644,0,0,0,0,0,0,0,0,0,0,0,0,0,0,0,0,0,0,0,0,0,0
833,0,0,0,0,0,0,0,0,0,0,0,0,0,0,0,0,0,0,0,0,0,0,0,0,0,0,0,0,0,0,0,0,0,0,0,0,0,0,0,0,0,0,0,0,0,0,0,0,0,0,0,0,0,0
836,0,0,0,0,0,0,0,0,0,0,0,0,0,1.21088559634316,0,0,0,0,0,0,0,0,0,0,0,0,0,0,0,0,0,0,0,0,0,0,0,0,0,0,0,0,0,0,0,0,0,0,0,0,0,0,0,0
838,102.073950343626,84.1478381061635,55.2826493738393,149.715202626166,83.6591873979771,89.0995543949341,113.387099067473,62.3669765342255,52.7958220080595,68.5646252961231,28.9804475755464,35.1398056592478,119.971011417441,94.4490765147663,164.940128145683,127.608578271138,15.6254530296,119.865923989309,9.2015611361588,10.5458148806341,92.0013284790815,19.5834495191211,27.0541621514006,8.59616892672627,10.8340074459836,12.4121446482822,57.4891694134108,16.1190478193892,13.2005629581349,54.8410832189202,94.7788834196458,94.649018253665,34.5988393127339,98.3172705234721,45.5125948461059,7.85278037765532,84.0866143492077,25.143154153719,39.9749645408291,60.1852325710663,107.512964812029,41.8185110973017,34.3179421370924,84.1798859217714,35.9281276534002,35.3146108116841,17.3053353934278,114.659375770838,27.0969420077731,22.157805078605,3.71721093020283,16.2257395936463,115.162908908947,34.5296492722217
843,0,0,0,0,0,0,0,0,0,0,0,0,0,0,0,0,0,0,0,0,0,0,0,0,0,0,0,0,0,0,0,0,0,0,0,1.12182576823647,0,0,0,0,0,0,0,0,1.56209250666957,0,0,0,0,0,0,0,0,0
844,0,0,1.04306885611018,0.978530736118733,0,0.899995498938728,0,0,0,0.902166122317409,0,0.663015201117883,0,1.21088559634316,0,0,0,1.90263371411602,0,0.958710443694007,0.844048885129189,4.12283147770971,0,0,0,0,0,0,0,0,1.07703276613234,0,0,0.819310587695601,0,0,0,1.57144713460744,0,0,1.88619236512332,0,0,0,0,2.14027944313237,0,0,0.796968882581562,0,0.929302732550708,0,0,0
845,0,0,0,0,0,0,0,0,0.910272793242405,0,0,0,0,0,0,0,0,0.951316857058008,0,0,0.844048885129189,0,0,1.22802413238947,1.08340074459836,0.886581760591582,0,0,0,1.05463621574846,0,0,0.961078869798163,0,0,1.12182576823647,0,0,0,0,0,0,0,0,1.56209250666957,0,0,0,0,0,0,0,0,0
846,0,0,0,0,0,0,0,0,0,0,0,0,0,0,0,0,0,0,0,0,0,0,0,0,0,0,0,0,0,0,0,0,0,0,0,0,0,0,0,0,0,0,0,0,0,0,0,0,0,0,0,0,0,0
848,0,0,0,0,0,0,0,0,0,0,0,0,0,0,0,0,0,0,0,0,0,0,0,0,0,0,0,0,0,0,0,0,0,0,0,0,0,0,0,0,0,0,0,0,0,0,0,0,0,0,0,0,0,0
849,0,0,0,0,0,0,0,0,0,0,0,0,0,0,1.09960085430456,0,0,0,3.06718704538627,0,0,0,0,0,0,0,0,0,0,0,0,0,0,0,0,0,0,0,0,0,3.77238473024665,0,0,0,1.56209250666957,0,0,0,0,0,0,0,0,0
850,0,0,0,0,0,0,0,0,0,0,0,0,0,0,0,0,0,0,0,0,0,0,0,0,0,0,0,0,0,0,0,0,0,0,0,0,0,0,0,0,0,0,0,0,0,0,0,0,0,0,0,0,0,0
851,0,0,0,0,0,0,0,0,0,0,0,0,0,0,0,0,0,0,0,0,0,0,0,0,0,0,0,0,0,0,0,0,0,0,0,0,0,0,0,0,0,0,0,0,0,0,0,0,0,0,0,0,0,0
852,0,0,0,0,0,0,0,0,0,0,0,0,0,0,0,0,0,0,0,0,0,0,0,0,0,0.886581760591582,0.927244667958238,0,0,0,0,0,0,0,0,0,0,0,0,0,0,0,0,0,0,0,0,0,0,0,0,0,0,0
856,0,0,0,0,0,0,0,0,0,0,0,0,0,0,1.09960085430456,0,0,0,0,0,0,0,0,0,0,0,0,0,0,0,0,0,0,0,0,0,0,0,0,0,0,0,0,0,0,0,0,0,0,0,0,0,0,0
857,0,0.876539980272536,8.34455084888141,0,5.29488527835298,2.69998649681618,2.72129037761935,0,1.82054558648481,4.51083061158705,4.99662889233558,9.94522801676825,6.56091468689133,1.21088559634316,12.0956093973501,20.547143958912,2.23220757565714,3.80526742823203,9.2015611361588,7.66968354955205,6.75239108103351,3.09212360828228,7.57516540239216,28.2445550449577,1.08340074459836,8.86581760591582,3.70897867183295,10.3622450267502,13.2005629581349,15.819543236227,5.38516383066169,5.73630413658576,0.961078869798163,4.096552938478,16.8198720083435,4.48730307294589,8.53052609339789,7.85723567303718,8.32811761267273,11.2847311070749,6.60167327793163,9.72523513890737,4.90256316244177,3.74132826318984,9.37255504001745,14.9819561019266,7.41657231146904,3.25274824881811,8.76665770839718,5.8653013443366,18.5860546510142,2.95013447157206,6.58073765193985,9.08674980847939
858,0,0,0,0,0,0,0,0,0,0,0,0,0,0,0,0,0,0,0,0,0,0,0,0,0,0,0,0,0,0,0,0,0,0,0,0,0,0,0,0,0,0,0,0,0,0,0,0,0,0,0,0,0,0
859,0,0,0,0,0,0,0,0,0,0,0,0,0,0,0,0,0,0,0,0,0,0,0,0,0,0,0,0,0,0,0,0,0,0,0,0,0,0,0,0,0,0,0,0,0,0,0,0,0,0,0,0,0,0
860,0,0,0,0,0,0,0,2.04481890276149,0,0,0,0,0,0,3.29880256291367,0,0,0.951316857058008,0,0,0,0,0,0,0,0,0,0,0,0,0,0,0,0,0,0,0,0,0,0,0,0,0,0,0,0,0,0,0,0,0,0,0,0
862,0,0,0,0,0,0,0,0,0,0,0,0,0,0,0,0,0,0,0,0,0,0,0,2.45604826477893,0,0,1.85448933591648,0,0,1.05463621574846,0,0,0,0,0,0,0,0.785723567303718,0,0,0,0,0,0,0,0,0,0,0,0,0,0,0,0
863,0,0,0,0,0,0,0,0,0,0,0,0,0,0,0,0,0,0,0,0,0,0,0,0,0,0,0,0,0,0,0,0,0,0,0,0,0,0,0,0,0,0,0,0,0,0,0,0,0,0,0,0,0,0
864,1.80661859015266,0,2.08613771222035,3.91412294447493,0,0.899995498938728,0.907096792539785,0,0,0,0,0,0,0,0,0,0,1.90263371411602,0,0.958710443694007,0.844048885129189,0,0,0,1.08340074459836,0,0.927244667958238,0,0,0,1.07703276613234,0,0,0.819310587695601,0,0,0,0,0.832811761267273,0,0,0.972523513890737,0,0,0,0,0.824063590163226,0.813187062204528,0,0,0,0,0,0
865,0,0,0,0,0,0,0,0,0,0,0,0,0,0,0,0,0,0,0,0,0,0,0,0,0,0,0,0,0,0,0,0,0,0,0,0,0,0,0,0,0,0,0,0,0,0,0,0,0,0,0,0,0,0
867,0,0,0,0,0,0,0,0,0,0,0,0.663015201117883,0.937273526698761,0,0,0,0,0,0,0,0,0,0,0,0,0,0,0,0,0,0,0,0,0,0,0,0,0,0,0,0,0,0,0,0,0,0,0,0,0,0.929302732550708,0,0,0
868,0,0,0,0,0,0,0,0,0,0,0,0,0,0,0,0,0,0,0,0,0,0,0,0,0,0,0,0,0,0,0,0,0,0,0,0,0,0,0,0,0,0,0,0,0,0,0,0,0,0,0,0,0,0
869,11.7430208359923,5.25923988163522,6.25841313666105,5.8711844167124,4.23590822268238,13.4999324840809,10.8851615104774,8.17927561104597,5.46163675945443,15.336824079396,7.99460622773693,2.65206080447153,8.43546174028885,6.05442798171579,8.79680683443645,9.73285766474778,4.46441515131428,0.951316857058008,5.11197840897711,6.71097310585805,5.06429331077513,4.12283147770971,10.8216648605602,13.5082654562841,8.66720595678687,9.75239936650741,9.27244667958238,2.30272111705559,4.71448677076245,4.21854486299386,2.15406553226468,1.43407603414644,7.6886309583853,9.83172705234721,2.96821270735474,7.85278037765532,6.09323292385563,7.85723567303718,3.33124704506909,0,4.71548091280831,8.75271162501664,2.45128158122089,2.80599619739238,7.81046253334787,7.49097805096329,5.76844513114258,0.813187062204528,4.78181329548937,3.9102008962244,14.8688437208113,2.95013447157206,2.19357921731328,8.17807482763145
871,0.903309295076332,0,0,0,0,0,0,0,0,0,0,0.663015201117883,0,0,0,0,0,0,0,0,0,0,0,0,0,0,0,0,0,0,0,0,0,0,0,1.12182576823647,0,0,0,0,0,0,0,0,0,0,0.824063590163226,1.62637412440906,0.796968882581562,0,0,1.47506723578603,0,0
872,0,0,0,0,0,0,0,0,0,0,0,0,0,0,0,0,0,0,0,0,0,0,0,0,0,0,0,0,0,0,0,0,0,0,0,0,0,0,0,0,0,0,0,0,0,0,0,0,0,0,0,0,0,0
874,0,0,0,0,0,0,0,0,0,0,0,0,0.937273526698761,0,0,0,0,0,0,0,0,0,0,0,0,0,0,0,0,0,0,0,0,0,0,0,0,0,0,0,0,0.972523513890737,0,0.93533206579746,0,0,0,0,0,0,0,0,0,0
875,0,0,0,0,0,0,0,0,0,0,0,0,0,0,0,0,0,0,0,0,0,0,0,0,0,0,0,0,0,0,0,0,0,0,0,0,0,0,0,0,0,0,0,0,0,0,0.824063590163226,0,0,0,0,0,0,0
876,2.709927885229,4.38269990136268,0,5.8711844167124,0,2.69998649681618,2.72129037761935,3.06722835414224,1.82054558648481,0.902166122317409,24.9831444616779,0.663015201117883,1.87454705339752,7.26531357805895,3.29880256291367,7.57000040591494,2.23220757565714,0,8.17916545436338,1.91742088738801,1.68809777025838,2.06141573885485,3.24649945816807,19.6483861182315,20.5846141473688,4.43290880295791,32.4535633785383,0,4.71448677076245,5.27318107874232,9.69329489519105,44.4563570585396,7.6886309583853,0.819310587695601,0,1.12182576823647,60.9323292385563,14.1430242114669,6.66249409013819,77.7392587376273,2.82928854768498,2.91757054167221,9.80512632488354,38.3486146976959,7.81046253334787,11.771536937228,0.824063590163226,8.9450576842498,8.76665770839718,1.30340029874147,0,22.1260085367904,4.38715843462657,9.99542478932733
877,0.903309295076332,3.50615992109015,0,0,0,0.899995498938728,0,0,0,0,4.99662889233558,0,0.937273526698761,1.21088559634316,2.19920170860911,3.24428588824926,0,0,0,3.83484177477603,0,0,1.08216648605602,0,0,0,0,0,0,0,1.07703276613234,0,0,4.9158635261736,1.97880847156982,4.48730307294589,0,0,0,0,0,0,0,0,0,3.21041916469855,0.824063590163226,0,0,0,1.85860546510142,0,0,0
879,0,0,1.04306885611018,0,0,0,0,0,0,0.902166122317409,0,0,0,0,0,1.08142862941642,0,0.951316857058008,0,0.958710443694007,0,1.03070786942743,0,0,0,0,0,1.1513605585278,0.942897354152491,1.05463621574846,0,0,0.961078869798163,1.6386211753912,0,1.12182576823647,0,0,0,0,0,4.86261756945369,0,0,0,0,1.64812718032645,0,0,0.651700149370734,0,0,0,0
882,16.259567311374,7.88885982245283,15.6460328416526,20.5491454584934,4.23590822268238,4.49997749469364,8.16387113285806,22.4930079303764,20.0260014513329,17.1411563240308,48.9669631448887,41.7699576704266,22.4945646407703,8.47619917440211,62.6772486953597,48.6642883237389,32.3670098470286,16.1723865699861,77.7020718164521,40.2658386351483,34.6060042902967,19.5834495191211,67.0943221354734,18.420361985842,13.0008089351803,41.6693427478044,18.5448933591648,104.77381082603,28.2869206245747,18.9834518834724,12.9243931935881,15.7748363756108,11.532946437578,19.6634541046944,7.91523388627929,15.7055607553106,3.65593975431338,11.0001299422521,12.4921764190091,10.0308720951777,38.6669434850281,32.0932759583943,11.030767115494,18.7066413159492,10.934647546687,17.122235545059,46.9716246393039,47.1648496078626,15.9393776516312,22.157805078605,54.8288612204918,11.8005378862882,15.355054521193,31.8036243296779
884,0,0,0,0,0,0,0,0,0,0.902166122317409,0,0,0,0,0,0,0,0,0,0,0,0,0,0,0,0,0,0,0,0,0,0,0,0,0,0,0,0,0,0,0,0,0,0,0,0,0,0,0,0,0,0,0,0
886,0,0,0,0,0,0,0,0,0,0,0,0,0,0,0,0,0,0,0,0.958710443694007,0,0,0,1.22802413238947,0,0,0,0,0,0,0,0,0,0,0,0,0,0,0,0,0,0,0,0,0,0,0,0,0,0,0,0,0,0
889,0,0,0,0,0,0,0,0,0,0,0,0,0,0,0,0,0,0,0,0,0,0,0,0,0,0,0,0,0,0,0,0,0,0,0,0,0,0,0,0,0,0,0,0,1.56209250666957,0,0,0,0,0,0,0,0,0
890,0,0,0,0,0,0,0,0,0,0,0,0,0,0,0,0,0,0,0,0,0,0,0,0,0,0,0,0,0,0,0,0,0,0,0,0,0,0,0,0,0,0,0,0,0,0,0,0,0,0,0,0,0,0
894,0,0,0,0,0,0,0,0,0,0,0,0,0,0,0,0,0,0,0,0,0,0,0,0,0,0,0,0,0,0,0,0,0,0,0,0,0,0.785723567303718,0,0,0,0,0,0,0,0,0,0,0,0,0,0,0,0
897,0,0,0,0,0,0,0,0,0,0,0,0,0,0,0,0,0,0,0,0,0,0,0,0,0,0,0,0,0,0,0,0,0,0,0,0,0,0,0,0,0,0,0,0,0,0,0,0,0,0,0,0,0,0
901,0,0,0,0,0,0,0,0,0,0,0,0,0,0,0,0,0,0,0,0,0,0,0,0,0,0,0,0,0,0,0,0,0,0.819310587695601,0,0,0,0,0,0,0,0,0,0,0,0,0,0,0,0,0,0,0,0
902,0,0,0,0,0,0,0,0,0,0,0.999325778467116,0,0,0,0,0,0,0,0,0,0,0,0,0,0,0,0,0,0,0,0,0,0,0,0,0,0,0,0,0,0,0,0,0,0,0,0,0,0,0,0,0,0,0
906,1.80661859015266,0.876539980272536,1.04306885611018,0.978530736118733,0,4.49997749469364,5.44258075523871,0,8.19245513918164,2.70649836695223,6.99528044926981,2.65206080447153,2.81182058009628,1.21088559634316,9.896407688741,1.08142862941642,0,1.90263371411602,3.06718704538627,3.83484177477603,1.68809777025838,3.09212360828228,0,6.14012066194733,3.25020223379508,5.31949056354949,0,2.30272111705559,3.77158941660996,12.6556345889816,6.46219659679403,0,0,2.4579317630868,0.989404235784912,0,2.43729316954225,0.785723567303718,2.49843528380182,3.76157703569164,10.3740580081783,0.972523513890737,2.45128158122089,0,4.68627752000872,4.28055888626474,3.29625436065291,6.50549649763622,1.59393776516312,1.30340029874147,8.36372459295637,0,0,3.63469992339175
909,20.7761137867556,45.5800789741719,8.34455084888141,11.7423688334248,13.7667017237177,19.799900976652,9.07096792539785,18.4033701248534,30.0390021769994,59.542964072949,70.9521302711652,67.6275505140241,68.4209674490096,33.9047966976084,211.123364026475,30.2800016236597,53.5729818157714,63.7382294228865,69.5229063620887,35.4722864166782,50.6429331077513,26.7984046051131,62.7656561912493,98.2419305911574,16.2510111689754,55.8546509172697,46.3622333979119,92.1088446822238,21.6866391455073,46.4039934929324,93.7018506535135,24.3792925804895,17.2994196563669,81.1117481818645,4.94702117892456,17.9492122917836,73.1187950862676,28.2860484229339,44.1390233471655,386.188575664342,60.3581556839463,42.7910346111924,37.9948645089237,44.8959391582781,93.7255504001745,53.5069860783092,53.5641333606097,148.813232383429,42.2393507768228,106.8788244968,65.0511912785496,91.4541686187337,109.678960865664,62.6985736785078
911,0.903309295076332,2.62961994081761,7.30148199277123,2.9355922083562,7.41283938969417,13.4999324840809,9.07096792539785,2.04481890276149,5.46163675945443,1.80433224463482,0,3.9780912067073,3.74909410679505,6.05442798171579,6.59760512582734,3.24428588824926,3.34831136348571,6.65921799940605,5.11197840897711,3.83484177477603,5.06429331077513,3.09212360828228,4.32866594422409,2.45604826477893,3.25020223379508,3.54632704236633,1.85448933591648,6.90816335116678,5.65738412491494,4.21854486299386,4.30813106452935,7.1703801707322,5.76647321878898,1.6386211753912,7.91523388627929,0,10.9678192629401,3.92861783651859,0.832811761267273,1.25385901189721,2.82928854768498,4.86261756945369,1.22564079061044,10.2886527237721,7.81046253334787,3.21041916469855,0.824063590163226,5.69230943543169,1.59393776516312,2.60680059748294,2.78790819765212,8.85040341471617,8.77431686925313,4.54337490423969
912,4.51654647538166,7.01231984218029,4.1722754244407,6.84971515283113,10.589770556706,9.89995048832601,6.34967754777849,11.2465039651882,6.37190955269683,15.336824079396,0.999325778467116,9.94522801676825,36.5536675412517,4.84354238537263,27.4900213576139,4.32571451766568,4.46441515131428,13.3184359988121,14.3135395451359,5.75226266216404,15.1928799323254,14.429910171984,0,13.5082654562841,7.58380521218852,9.75239936650741,16.6904040232483,10.3622450267502,4.71448677076245,2.10927243149693,11.8473604274557,11.4726082731715,0.961078869798163,22.1213858677812,7.91523388627929,10.0964319141283,12.1864658477113,7.85723567303718,3.33124704506909,0,4.71548091280831,4.86261756945369,3.67692237183133,4.6766603289873,4.68627752000872,0,2.47219077048968,8.13187062204527,4.78181329548937,8.47210194181954,3.71721093020283,22.1260085367904,9.87110647790978,6.36072486593557
914,0,0,0,0,0,0,0,0,0,0,0,0,0,0,0,0,0,0,0,0,0.844048885129189,0,0,0,0,0,0,0,0,0,0,0,0,0,0,0,0,0,0,0,0,0,0,0,0,0,0,0,0,0,0,0,0,0
915,0.903309295076332,0.876539980272536,1.04306885611018,0,0,0,2.72129037761935,1.02240945138075,1.82054558648481,0.902166122317409,0,4.64110640782518,0.937273526698761,0,1.09960085430456,0,0,0,1.02239568179542,0.958710443694007,0,1.03070786942743,2.16433297211204,0,0,2.65974528177475,0,1.1513605585278,0.942897354152491,1.05463621574846,6.46219659679403,0,0,1.6386211753912,0,0,3.65593975431338,0.785723567303718,0,3.76157703569164,4.71548091280831,1.94504702778147,1.22564079061044,1.87066413159492,0,0,1.64812718032645,2.43956118661358,0.796968882581562,1.30340029874147,3.71721093020283,0,2.19357921731328,0
916,0,0,0,0,0,0,0,0,0,0,0,0,0,0,0,0,0,0,0,0,0,0,0,0,0,0,0.927244667958238,0,0,0,0,0,0,0,0,0,0,0,0,0,0,0,0,0,0,0,0,0,0,0,0,0,0,0
917,0,0,0,0,0,0,0,0,0,0,0,0,0,0,0,0,0,0,0,0,0,0,0,0,0,0,0,0,0,0,0,0,0,0,0,0,0,0,0,0,0,0,0,0,0,0,0,0,1.59393776516312,0,0,0,0,0
918,0,0,0,0,0,0,0,0,0,0,0,0,0,0,0,0,0,0,0,0,0,0,0,0,0,0,0,0,0,0,0,0,0,0,0,0,0,0,0,0,0,0,0,0,0,0,0,0,0,0,0,0,0,0
920,0,0,0,0,0,0,0,0,0,0,0,0,0,0,0,0,0,0,0,0,0,0,0,0,0,0,0,0,0,0,0,2.86815206829288,0,0,0,1.12182576823647,0,1.57144713460744,0,0,0,0,0,0,0,0,0,0,0,0,0,1.47506723578603,0,0.908674980847939
921,0,3.50615992109015,2.08613771222035,0,0,1.79999099787746,0,0,0,3.60866448926964,6.99528044926981,9.28221281565036,1.87454705339752,1.21088559634316,1.09960085430456,0,3.34831136348571,9.51316857058008,18.4031222723176,1.91742088738801,10.1285866215503,0,7.57516540239216,6.14012066194733,5.4170037229918,5.31949056354949,3.70897867183295,6.90816335116678,3.77158941660996,5.27318107874232,10.7703276613234,4.30222810243932,0,1.6386211753912,0.989404235784912,10.0964319141283,1.21864658477113,1.57144713460744,0.832811761267273,2.50771802379443,1.88619236512332,3.89009405556295,0,0,0,1.07013972156618,1.64812718032645,1.62637412440906,1.59393776516312,3.25850074685367,7.43442186040566,0,2.19357921731328,2.72602494254382
923,0,0,0,0,0,0,0,0,0,0,15.9892124554739,0,0,0,0,0,1.11610378782857,4.75658428529004,0,0,0,0,0,0,0,0,8.34520201162414,1.1513605585278,0,0,3.23109829839702,0,0,0,0,0,0,1.57144713460744,0,0,0,0,0,4.6766603289873,3.12418501333915,0,0,0.813187062204528,0,0,0.929302732550708,0,0,0.908674980847939
925,3.61323718030533,0.876539980272536,15.6460328416526,2.9355922083562,2.11795411134119,3.59998199575491,1.81419358507957,2.04481890276149,0.910272793242405,0.902166122317409,1.99865155693423,1.32603040223577,0.937273526698761,7.26531357805895,3.29880256291367,7.57000040591494,0,1.90263371411602,1.02239568179542,5.75226266216404,3.37619554051675,19.5834495191211,1.08216648605602,4.91209652955787,0,7.09265408473266,0,6.90816335116678,0,5.27318107874232,2.15406553226468,1.43407603414644,4.80539434899081,2.4579317630868,3.95761694313965,1.12182576823647,3.65593975431338,2.35717070191115,1.66562352253455,3.76157703569164,0.943096182561662,1.94504702778147,2.45128158122089,0.93533206579746,1.56209250666957,5.35069860783092,1.64812718032645,3.25274824881811,2.39090664774469,0,5.57581639530425,1.47506723578603,4.38715843462657,12.7214497318711
926,0,0,0,0,0,0,0,0,0,0,0,0,0,0,0,0,0,0,0,0,0,0,0,0,0,0,0,0,0,0,0,0,0.961078869798163,0,0,0,0,0,0,0,0,0,0,0,0,0,0,0,0,0,0,0,0,0
927,0,0,2.08613771222035,0.978530736118733,0,0,0,0,0,0,0.999325778467116,0,0,1.21088559634316,2.19920170860911,0,0,0,0,0.958710443694007,0.844048885129189,0,0,0,0,0,0,1.1513605585278,0,0,0,1.43407603414644,0,0,0,0,0,0,0,0,0,0,0,0,0,1.07013972156618,0.824063590163226,0.813187062204528,0,0,0,0,0,1.81734996169588
928,0,0,0,0,0,0,0,0,0,0,0,0,0,0,0,0,0,0,1.02239568179542,0,0,0,0,0,0,0,0,0,0,0,0,0,0,0,0,0,0,0.785723567303718,0,0,0,0,0,0,0,0,0,0,0,0,0,0,1.09678960865664,0
930,0.903309295076332,0.876539980272536,0,0,0,3.59998199575491,0.907096792539785,3.06722835414224,5.46163675945443,1.80433224463482,6.99528044926981,1.98904560335365,4.68636763349381,1.21088559634316,3.29880256291367,0,1.11610378782857,2.85395057117402,3.06718704538627,0.958710443694007,3.37619554051675,1.03070786942743,2.16433297211204,0,5.4170037229918,2.65974528177475,3.70897867183295,1.1513605585278,4.71448677076245,2.10927243149693,0,2.86815206829288,3.84431547919265,5.7351741138692,0.989404235784912,3.36547730470942,0,4.71434140382231,5.82968232887091,0,3.77238473024665,0.972523513890737,6.12820395305221,4.6766603289873,7.81046253334787,0,1.64812718032645,0,1.59393776516312,1.9551004481122,0.929302732550708,0,1.09678960865664,3.63469992339175
934,0,1.75307996054507,0,0,0,0,0,2.04481890276149,0,0,0.999325778467116,0,0.937273526698761,0,0,0,0,0,0,0,0,0,0,0,0,0,0,0,0,0,0,0,0,1.6386211753912,0,0,1.21864658477113,0,0,0,0,0,2.45128158122089,0,0,0,3.29625436065291,2.43956118661358,0.796968882581562,0,0,0,0,0
935,0,0,0,0,0,0,0,0,0,0,0,0,0,0,0,0,0,0,0,0,0,0,0,0,0,0,0,0,0,0,0,0,0,0,0,0,0,0,0,0,0,0,0,0,0,0,0,0,0,0,0,0,0,0
936,4.51654647538166,1.75307996054507,2.08613771222035,4.89265368059366,3.17693116701179,3.59998199575491,0,1.02240945138075,1.82054558648481,2.70649836695223,1.99865155693423,5.30412160894306,3.74909410679505,1.21088559634316,5.49800427152278,7.57000040591494,4.46441515131428,6.65921799940605,8.17916545436338,4.79355221847003,5.06429331077513,5.15353934713713,1.08216648605602,3.6840723971684,9.75060670138524,9.75239936650741,2.78173400387471,2.30272111705559,1.88579470830498,12.6556345889816,1.07703276613234,8.60445620487864,3.84431547919265,2.4579317630868,12.8622550652039,7.85278037765532,2.43729316954225,2.35717070191115,3.33124704506909,12.5385901189721,0.943096182561662,4.86261756945369,6.12820395305221,3.74132826318984,1.56209250666957,4.28055888626474,3.29625436065291,4.87912237322717,8.76665770839718,4.56190104559514,12.0809355231592,11.8005378862882,3.29036882596993,4.54337490423969
937,0,0,0,0,0,0,0,0,0.910272793242405,0,32.9777506894148,5.30412160894306,14.9963764271802,0,3.29880256291367,0,1.11610378782857,0,6.13437409077253,6.71097310585805,0,0,2.16433297211204,1.22802413238947,7.58380521218852,0,21.3266273630395,3.45408167558339,0.942897354152491,2.10927243149693,5.38516383066169,1.43407603414644,0.961078869798163,3.2772423507824,0,4.48730307294589,0,2.35717070191115,2.49843528380182,0,0.943096182561662,0,0,0.93533206579746,1.56209250666957,0,0,0,0.796968882581562,2.60680059748294,0,0,0,4.54337490423969
938,2.709927885229,0.876539980272536,4.1722754244407,0,0,0.899995498938728,1.81419358507957,2.04481890276149,0,6.31516285622187,0,1.32603040223577,0.937273526698761,2.42177119268632,1.09960085430456,0,0,2.85395057117402,1.02239568179542,1.91742088738801,0,1.03070786942743,5.41083243028011,1.22802413238947,2.16680148919672,2.65974528177475,1.85448933591648,3.45408167558339,0.942897354152491,0,2.15406553226468,0,0,4.096552938478,4.94702117892456,1.12182576823647,1.21864658477113,1.57144713460744,0,2.50771802379443,0,0.972523513890737,0,0,0,3.21041916469855,0.824063590163226,0.813187062204528,3.18787553032625,3.25850074685367,5.57581639530425,0,1.09678960865664,0.908674980847939
939,0,0,0,0,0,0,0,0,0,0.902166122317409,0,4.64110640782518,0.937273526698761,0,0,0,0,1.90263371411602,2.04479136359084,0,0,0,1.08216648605602,0,0,0,0,0,0,1.05463621574846,0,0,0,1.6386211753912,0,0,0,0,0,2.50771802379443,0,0,0,0,3.12418501333915,0,0,0.813187062204528,0,0,0,0,0,0
940,0,0,0,0.978530736118733,0,0,0,0,0,0.902166122317409,1.99865155693423,1.32603040223577,0,0,1.09960085430456,0,0,0,0,0.958710443694007,0,0,0,0,9.75060670138524,0,0.927244667958238,1.1513605585278,0,0,0,4.30222810243932,0,0,0,0,0,0,0,1.25385901189721,0,1.94504702778147,0,0,3.12418501333915,0,0,0.813187062204528,0.796968882581562,0,2.78790819765212,0,0,0.908674980847939
941,0,0,0,0,0,0,0,0,0,0,0,0,0,0,0,0,0,3.80526742823203,0,0,1.68809777025838,0,1.08216648605602,3.6840723971684,1.08340074459836,0,0,4.60544223411119,0,0,0,0,0,0,0,0,0,0,1.66562352253455,0,0,0,0,0,0,0,0,0,0,1.9551004481122,0.929302732550708,0,0,0.908674980847939
942,9.03309295076332,12.2715597238155,12.5168262733221,0.978530736118733,1.0589770556706,8.99995498938728,9.97806471793763,5.11204725690373,4.55136396621202,36.0866448926964,311.78964288174,281.7814604751,90.9155320897799,30.272139908579,355.171075940372,29.1985729942433,118.307001509829,801.008793642842,62.3661365895207,162.022064984287,891.315622696423,25.7676967356857,189.379135059804,168.239306137357,88.8388610570655,63.8338867625939,170.613018904316,256.753404551699,12.2576656039824,34.8029951196993,73.238228096999,54.4948892975647,8.64970982818347,43.4234611478668,14.8410635367737,28.0456442059118,123.083305061884,81.7152509995867,69.1233761851837,125.385901189721,165.984928130852,303.42733633391,36.7692237183133,21.5126375133416,90.6013653868353,31.0340519254194,54.3881969507729,30.901108363772,43.8332885419859,241.780755416542,210.02241755646,115.05524439131,70.1945349540251,40.8903741381572
943,0,0,0,0,0,0,0,0,0,0,7.99460622773693,11.271258419004,11.2472823203851,0,17.5936136688729,2.16285725883284,10.0449340904571,16.1723865699861,7.15676977256795,1.91742088738801,21.9452710133589,2.06141573885485,4.32866594422409,1.22802413238947,20.5846141473688,8.86581760591582,5.56346800774943,9.21088446822238,0,2.10927243149693,5.38516383066169,12.906684307318,12.4940253073761,9.01241646465161,0.989404235784912,3.36547730470942,1.21864658477113,5.50006497112603,4.16405880633637,10.0308720951777,14.1464427384249,20.4229937917055,0,0,1.56209250666957,1.07013972156618,9.88876308195872,4.87912237322717,3.18787553032625,17.5959040330098,17.6567519184635,4.42520170735808,5.48394804328321,3.63469992339175
944,6.32316506553433,0,3.12920656833053,0,2.11795411134119,24.2998784713457,4.53548396269892,6.13445670828447,20.9362742445753,27.9671497918397,695.530741813113,3.31507600558942,29.0554793276616,87.1837629367074,167.139329854292,73.5371468003165,52.4568780279428,10.4644854276381,3.06718704538627,5.75226266216404,2.53214665538757,3.09212360828228,5.41083243028011,354.898974260556,56.3368387191147,14.1853081694653,0,2.30272111705559,2.82869206245747,102.299712927601,34.4650485162348,243.792925804895,44.2096280107155,12.289658815434,21.7668931872681,12.3400834506012,246.166610123768,96.6439987783574,224.859175542164,426.312064045053,135.805850288879,23.3405643333777,14.7076894873253,341.396204016073,209.320395893723,146.609141854567,4.94438154097936,281.362723522767,19.1272531819575,9.12380209119027,18.5860546510142,112.105109919738,62.5170076934286,842.341707246039
947,63.2316506553433,45.5800789741719,57.3687870860597,36.2056372363931,49.771921616518,46.7997659448139,35.3767749090516,39.8739686038491,43.6930940756354,38.7931432596486,22.9844929047437,32.4877448547763,24.3691116941678,26.6394831195495,75.8724589470144,40.0128592884075,41.2958401496571,21.8802877123342,17.3807265905222,26.8438924234322,37.1381509456843,51.5353934713713,27.0541621514006,33.1566515745156,15.167610424377,37.2364339448465,12.9814253514153,46.0544223411119,32.0585100411847,31.6390864724539,23.6947208549115,11.4726082731715,26.9102083543486,22.1213858677812,22.756297423053,24.6801669012024,17.0610521867958,31.4289426921487,27.48278812182,27.5848982617387,38.6669434850281,15.5603762222518,15.9333302779358,14.0299809869619,21.869295093374,23.5430738744561,18.129398983591,23.5824248039313,27.0969420077731,29.9782068710538,28.808384709072,17.7008068294323,19.7422129558196,29.986274367982
948,0,1.75307996054507,1.04306885611018,0,0,0,0,0,0.910272793242405,0.902166122317409,0,3.31507600558942,0,0,1.09960085430456,0,3.34831136348571,0,1.02239568179542,0,0.844048885129189,0,0,0,0,0,0,1.1513605585278,0,0,0,2.86815206829288,0,0,0,0,0,0,0,0,0.943096182561662,0.972523513890737,0,0,0,0,0.824063590163226,0.813187062204528,0,0.651700149370734,0,1.47506723578603,1.09678960865664,0
950,0,0,0,0,0,0,0,0,0,0.902166122317409,0,1.32603040223577,0,0,2.19920170860911,0,0,1.90263371411602,0,0.958710443694007,0.844048885129189,2.06141573885485,0,2.45604826477893,0,0,0,0,0,0,0,0,0,0,0,0,0,0,0,1.25385901189721,0,0,0,1.87066413159492,1.56209250666957,0,0,3.25274824881811,0,1.9551004481122,0,1.47506723578603,0,1.81734996169588
957,0,0,0,0,0,0,0,0,0,0,0,0,0,0,0,0,0,0,0,0,0,0,0,0,0,0,0,0,0,0,0,0,0,0,0,0,0,0,0,0,0,0,0,0,0,0,0,0,0,0,0,0,0,0
958,0,0,0,0,0,0,0,0,0,0,0,0,0,0,0,0,0,0,0,0,0,0,0,0,0,0,0,0,0,0,0,0,0,0,0,0,0,0,0,0,0,0,0,0,0,0,0,0,0,0,0,0,0,0
960,0,0,0,0,0,0,0,0,0,0,0,0,0,0,0,0,0,0,0,0,0,0,0,0,0,0,0,0,0,0,0,0,0,0,0,0,0,0,0,0,0,0,0,0,0,0,0,0,0,0,0,0,0,0
962,0.903309295076332,0,0,1.95706147223747,0,0,0,0,0,2.70649836695223,2.99797733540135,1.32603040223577,0,1.21088559634316,0,0,0,0,0,0,0.844048885129189,0,1.08216648605602,0,0,0,0,0,0,0,1.07703276613234,12.906684307318,0,0.819310587695601,0,0,1.21864658477113,0,0.832811761267273,0,0,0,0,0,1.56209250666957,0,0,11.3846188708634,0,0,0,0,0,0
965,0,0,1.04306885611018,0,0,0,0,1.02240945138075,0,0.902166122317409,0,0,0,0,3.29880256291367,0,0,0,1.02239568179542,0,0,1.03070786942743,0,0,0,0,0,0,0,1.05463621574846,0,0,0.961078869798163,0,0,0,0,0,0,0,0,0,0,0,0,0,0,0,0,0,0,0,0,0
967,0,0,0,0,0,0,0,0,0,0,0,0,0,0,0,0,0,0,0,0,0,0,0,0,0,0,0,0,0,0,0,0,0,0,0,0,0,0,0,0,0,0,0,0,0,0,0,0,0,1.9551004481122,0,0,0,0
971,0,0,0,0,0,0,0,0,0,0,0,0,0,0,1.09960085430456,0,0,0,0,0,0,0,0,0,0,0,0,0,0,0,0,0,0,0,0,0,0,0,0,0,0,0,0,0,0,0,0,0,0,0.651700149370734,0,0,0,0
973,0,0,0,0,0,0.899995498938728,0,0,0,0,0,1.32603040223577,0,0,0,0,0,0,0,0,1.68809777025838,0,0,2.45604826477893,0,0,0,0,0,0,0,0,0,0,0,0,0,0,0,0,0,0,0,0,0,0,0,0.813187062204528,0,0,0,0,0,0
975,0,0,0,0,0,0,0.907096792539785,0,0,0,0,0,0,0,0,0,0,0.951316857058008,0,0,0,0,1.08216648605602,0,0,0,0,0,0,0,0,0,0,0,0,0,0,0,0,0,0,0,0,0,0,0,0,0,0,0,0,0,0,0
976,0,0,0,0,0,0,0,0,0,0,0,0,0,0,0,0,0,0,0,0,0,0,0,0,0,0,0,0,0,0,0,0,0,0,0,0,0,0,0,0,0,0,0,0,0,0,0,0,0,0,0,0,0,0
977,0,0,0,0,0,0.899995498938728,0,0,0,0,0,0,0,0,1.09960085430456,0,0,0,0,0,0,0,0,0,0,0,0,0,0,0,0,0,0,0,0,0,0,0,0,0,0,0,1.22564079061044,0,0,0,0,0,0,0.651700149370734,0,0,0,0.908674980847939
978,0,0,0,0,0,0,0,0,0,0,0,0,0,0,0,0,0,0,0,0,0,0,0,0,0,0,0,0,0,0,0,0,0,0,0,0,0,0,0,0,0,0,0,0,0,0,0,0,0,0,0,0,0,0
980,0,0,0,0,0,0,0,0,0,0,0,0,0,0,0,0,0,0,0,0,0,0,0,0,0,0,0,0,0,0,0,0,0,0,0,0,0,0,0,0,0,0,0,0,0,0,0,0,0,0,0,0,0,0
982,0,0,0,0,0,0,0,0,0,0,0,0,0,0,0,0,0,0,0,0,0,0,0,0,0,0,0,0,0,0,0,0,0,0,0,0,0,0,0,0,0,0,0,0,0,0,0,0,0,0,0,0,0,0
983,0,0,0,0,0,0,0,0,0,0,0,0.663015201117883,0,1.21088559634316,0,0,0,0,0,0,0,0,0,0,0,0,0,0,0,0,0,0,0,0,0,0,0,0,0,0,0,0,0,0,0,0,0,0,0,0,0,0,0,0
985,0,2.62961994081761,0,0,0,0,0,1.02240945138075,0,0,4.99662889233558,0.663015201117883,1.87454705339752,0,1.09960085430456,4.32571451766568,0,0,2.04479136359084,0,0,0,1.08216648605602,2.45604826477893,0,0,0,0,0,0,0,4.30222810243932,0,0.819310587695601,1.97880847156982,0,1.21864658477113,0.785723567303718,0,2.50771802379443,0.943096182561662,0,0,1.87066413159492,0,0,0.824063590163226,2.43956118661358,0,1.30340029874147,1.85860546510142,0,0,1.81734996169588
987,0,0,0,0,0,0,0,0,0,0,0,0,0,0,0,0,0,0,0,0,0,0,0,0,0,0,0,0,0,0,0,0,0,0,0,0,0,0,0,0,0,0,0,0,0,0,0,0,0,0,0,0,0,0
988,0,0,0,0,0,0,0,0,0,0,0,0,0,0,0,0,0,0,0,0,0,0,0,0,0,0,0,0,0,0,0,0,0,0,0,0,0,0,0,0,0,0,0,0,0,0,0,0,0,0,0,0,0,0
989,0,0,0,0,0,0,0,0,0,0,0,0,0,0,0,0,0,0,0,0,0,0,0,0,0,0,0,0,0,0,0,0,0,0,0,0,0,0,0,0,0,0,0,0,0,0,0,0,0,0,0,0,0,0
990,0,0,0,0,0,0,0,0,0,0,0,0,0,0,0,0,0,0,0,0,0,0,0,0,0,0,0,0,0,0,0,0,0,0,0,0,0,0,0,0,0,0,0,0,0,0,0,0,0,0,0,0,0,0
991,0,0,0,0,0,0,0,0,0,0,0,0,0,0,0,0,0,0,0,0,0,0,0,0,0,0,0,0,0,0,0,0,0,0,0,0,0,0,0,1.25385901189721,0,0,0,0,0,0,0,0.813187062204528,0,0,0,0,0,0
992,0,0,1.04306885611018,0,0,0,0.907096792539785,3.06722835414224,0.910272793242405,0,0.999325778467116,0.663015201117883,0,0,1.09960085430456,0,0,0.951316857058008,3.06718704538627,3.83484177477603,0.844048885129189,0,1.08216648605602,0,1.08340074459836,0.886581760591582,0,1.1513605585278,1.88579470830498,0,4.30813106452935,0,0,0,0,0,0,1.57144713460744,0.832811761267273,2.50771802379443,0,2.91757054167221,6.12820395305221,0,4.68627752000872,2.14027944313237,1.64812718032645,2.43956118661358,0,1.9551004481122,2.78790819765212,0,0,0
994,0,0,0,0,0,0,0,0,0,0,0,0,0,0,0,0,0,0,0,0,0,0,0,0,0,0,0,0,0,0,0,0,0,0,0,0,0,0,0,0,0,0,0,0,0,0,0,0,0,0,0,0,0,0
995,0,0,0,0,0,0,0,0,0,0,0,0,0,0,0,0,0,0,0,0,0,0,0,0,0,0,0,0,0,0,0,0,0,0,0,0,0,0,0,0,0,0,0,0,0,0,0,0,0,0,0,0,0,0
996,0,0,0,0,0,0,0,0,0,0,0,0,0,0,0,0,0,0,0,0,0,0,0,0,0,0,0,0,0,0,0,0,0,0,0,0,0,0,0,0,0,0,0,0,0,0,0,0,0,0,0,0,0,0
997,0,0,0,0,0,0,0,0,0,0,0,0,0,0,0,0,0,0,0,0,0,0,0,0,0,0,0,0,0,0,0,0,0,0,0,0,0,0,0,0,0,0,0,0,0,0,0,0,0,0,0,0,0,0
999,0,0,0,0,0,0,0,0,0,0,0,0,0,0,0,0,0,0,0,0,0,0,0,0,0,0,0,0,0,0,0,0,0,0,0,0,0,0,0,0,0,0,0,0,0,0,0,0,0,0,0,0,0,0
ERV18-1,0,0,0,0,0,0,0,0,0,0,0,0,0,0,0,0,0,0,0,0,0,0,0,0,0,0,0,0,0,0,0,0,0,0,0,0,0,0,0,0,0,0,0,0,0,0,0,0,0,0,0,0,0,0
ERV3-1,1661.18579364537,782.750202383375,1006.56144614632,925.690076368321,357.934244816661,894.595525945096,653.109690628645,905.854773923341,1305.33118550961,1415.49864591602,2384.39130742254,972.643300039935,1755.51331550678,848.830803036554,2568.66759565544,922.458620892206,1561.42919917217,815.278546498713,1359.78625678791,1782.24271482716,1355.54250951748,531.845260624552,1903.53084897254,1006.97978855936,318.519818911918,805.016238617157,735.305021690883,1364.36226185544,757.14657538445,987.139497940563,1091.03419209206,532.042208668329,706.39296930165,1423.96180141495,358.164333354138,637.197036358317,782.371107423063,894.939143158935,1157.60834816151,2814.91348170924,1265.63507699775,1383.90096026652,1001.34852592873,1244.92697957642,1935.4326157636,1903.77856466624,2568.60621053878,2407.0337041254,1814.69814563822,2206.6567057693,1538.92532510397,1374.76266375258,1118.72540082977,2491.58679748505
ERVFRD-1,0,2.62961994081761,1.04306885611018,0.978530736118733,6.35386233402358,6.2999684925711,1.81419358507957,0,0.910272793242405,0.902166122317409,2.99797733540135,0.663015201117883,0,0,0,0,0,1.90263371411602,0,3.83484177477603,0.844048885129189,3.09212360828228,0,0,0,0,0,0,2.82869206245747,0,2.15406553226468,14.3407603414644,4.80539434899081,1.6386211753912,0.989404235784912,0,0,0,1.66562352253455,0,0.943096182561662,0,1.22564079061044,2.80599619739238,0,4.28055888626474,0.824063590163226,1.62637412440906,0.796968882581562,0,0,0,0,1.81734996169588
ERVFRD-2,0,0,0,0,0,0,0,0,0,0,0,0,0,0,0,0,0,0,0,0,0,0,0,0,0,0,0,0,0,0,0,0,0,0,0,0,0,0,0,0,0,0,0,0,0,0,0,0,0,0,0,0,0,0
ERVH13q33.3,0,0,12.5168262733221,7.82824588894986,2.11795411134119,8.99995498938728,0,2.04481890276149,1.82054558648481,5.41299673390446,4.99662889233558,0.663015201117883,52.4873174951306,21.7959407341768,31.8884247748321,27.0357157354105,4.46441515131428,6.65921799940605,1.02239568179542,6.71097310585805,6.75239108103351,11.3377865637017,5.41083243028011,0,2.16680148919672,8.86581760591582,3.70897867183295,16.1190478193892,0,26.3659053937116,3.23109829839702,0,6.72755208858714,29.4951811570416,7.91523388627929,0,24.3729316954225,0,14.9906117028109,15.0463081427666,11.3171541907399,8.75271162501664,11.030767115494,12.159316855367,7.81046253334787,5.35069860783092,27.1940984753865,22.7692377417268,31.0817864206809,32.5850074685367,5.57581639530425,20.6509413010044,4.38715843462657,19.9908495786547
ERVH16q24.1,0,0.876539980272536,0,0,1.0589770556706,0,0,0,0,0.902166122317409,0.999325778467116,0,0,0,0,0,0,0,0,0,0,0,0,0,0,0,4.63622333979119,0,1.88579470830498,0,0,0,0,0,0,0,0,0.785723567303718,0,0,0,0,0,0,0,0,0,0,0,0,0,0,0,0
ERVH1q31.3,0,0,0,0,0,1.79999099787746,0,0,0.910272793242405,0,0.999325778467116,0,0,1.21088559634316,0,0,0,0,0,0,0,0,0,0,0,0,0,4.60544223411119,0,0,0,0,0,0,0,0,0,6.28578853842975,0,0,0,0,0,0,0,0,0,0,0,0.651700149370734,0,0,0,0
ERVH1q42.2,0,0,2.08613771222035,0,0,0,0,0,0,0,3.99730311386846,0,0.937273526698761,0,0,1.08142862941642,0,0,0,0,0,0,1.08216648605602,0,0,0,0.927244667958238,3.45408167558339,0,1.05463621574846,0,0,0,0,0,0,0,0,0,1.25385901189721,0,0,3.67692237183133,0,0,0,0,0.813187062204528,0,1.30340029874147,0,0,0,0
ERVH3q24,0,0,0,0,0,0,0,0,0,0,0.999325778467116,0,0,0,0,0,0,0,0,0,0.844048885129189,0,0,0,0,0,0,0,0,0,0,0,0,0,0,0,0,0,0,0,0,0,0,0,0,0,0,0,0,0,0,0,0,0
ERVH5q23.2,0,0,0,0,0,0,0,0,0,0.902166122317409,0.999325778467116,0,0.937273526698761,0,0,0,0,0,0,0,0,0,0,0,0,0,0,0,0,0,0,0,0.961078869798163,0,0,0,0,0,0,0,0,0,0,0,0,0,0,0.813187062204528,0,0.651700149370734,0.929302732550708,0,0,0
ERVHXq23,0,0,0,0,0,0,0,0,0,0,0,0,0.937273526698761,0,0,0,0,0,0,0,0,0,0,0,0,0,0,0,0,0,0,0,0,0,0,0,0,0.785723567303718,0,0,0,0,0,0,0,0,0,0,0.796968882581562,0,0,0,0,0
ERVK3-1,999.9633896495,464.566189544444,729.105130421013,481.437122170417,310.280277311485,555.297222845195,421.800008531,454.972205864432,618.985499404835,620.690292154378,898.393874841937,404.439272681909,493.943148570247,399.592246793242,753.226585198621,563.424315925955,446.441515131428,432.849169961393,484.61555317103,504.281693383047,640.633103813054,455.572878286923,609.25973164954,508.401990809239,264.349781682,474.321241916497,245.719837008933,490.479597932842,363.015481348709,471.422388439564,342.496419630084,236.622545634162,448.823832195742,580.071896088485,323.535185101666,265.872707072044,380.217734448591,404.647637161415,421.40275120124,348.572805307425,430.051859248118,393.872023125749,421.620431969992,464.860036701338,681.072332907935,428.055888626474,532.345079245444,738.373852481711,495.714644965731,452.93160381266,394.953661334051,365.816674474935,310.39145924983,716.035884908176
ERVMER61-1,0,0,0,0,0,0,0,0,0,0,0,0,0,0,0,0,0,0,0,0,0,0,0,0,0,0,0,0,0,0,0,0,0,0,0,0,0,0,0,0,0,0,0,0,0,0,0,0,0,0,0,0,0,0
ERVV-1,0,2.62961994081761,0,0,0,0.899995498938728,0,1.02240945138075,0,0,0,0,0,0,0,1.08142862941642,0,1.90263371411602,0,0,0,0,0,0,0,0,0,0,0,0,0,0,0,0,0,0,0,0,0,0,0,0,0,0,0,0,0,0,0,0,0,0,0,0
ERVV-2,0,0,0,0,0,0,0,0,0,0,0,0,0,0,0,0,0,0,0,0,0,0,0,0,0,0,0,0,0,0,0,0,0,0,0,0,0,0,0,0,0,0,0,0,0,0,0,0,0,0,0,0,0,0
ERVW-1-2013,0,0,0,0,0,0,0,0,0,0,0,0,0,0,0,0,0,0,0,0,0,0,0,0,0,0,0,0,0,0,0,0,0,0,0,0,0,0,0,0,0,0,0,0,0,0,0,0,0,0,0,0,0,0
ERVW-10,0,0,0,0,0,0,0,0,0,0,0,0.663015201117883,0,0,0,0,0,0,0,0,0,0,0,0,0,0,0,0,0,0,0,0,0,0,0,0,0,0,0,0,0,0,0,0,0,0,0,0,0,0,0,0,0,0
ERVW-13,0,0,0,0.978530736118733,0,1.79999099787746,0,2.04481890276149,0.910272793242405,0,0,0.663015201117883,0,0,0,0,0,0,2.04479136359084,0,0,0,1.08216648605602,0,1.08340074459836,0,0,0,0,0,0,0,0,1.6386211753912,0,0,0,1.57144713460744,0.832811761267273,0,1.88619236512332,2.91757054167221,0,0,1.56209250666957,0,0,1.62637412440906,0,1.30340029874147,0,0,0,0
ERVW-14,0,0,0,0,0,0,0,0,0,0,0,0,0,0,0,0,0,0,0,0,0,0,0,0,0,0,0,0,0,0,0,0,0,0,0,0,0,0,0,0,0,0,0,0,0,0,0,0,0,0,0,0,0,0
ERVW-15,0,0,0,0,0,0,0,0,0,0,0,0,0,0,0,0,0,0,0,0,0,0,0,0,0,0,0,0,0,0,0,0,0,0,0,0,0,0,0,0,0,0,0,0,0,0,0,0,0,0,0,0,0,0
ERVW-16,0,0,0,0,0,0,0,0,0,0,0,0,0,0,0,0,0,0,0,0,0,0,0,0,0,0,0,0,0,0,0,0,0,0,0,0,0,0,0,0,0,0,0,0,0,0,0,0,0,0,0,0,0,0
ERVW-17,0,0,1.04306885611018,0,0,0,0,0,0,0,3.99730311386846,0,0.937273526698761,3.63265678902947,2.19920170860911,0,1.11610378782857,4.75658428529004,0,1.91742088738801,2.53214665538757,0,2.16433297211204,0,0,0,0,0,0.942897354152491,1.05463621574846,2.15406553226468,0,0,1.6386211753912,0,0,1.21864658477113,3.92861783651859,0,6.26929505948607,3.77238473024665,1.94504702778147,1.22564079061044,0,0,0,0,2.43956118661358,4.78181329548937,0.651700149370734,0,0,0,0
ERVW-19,0,0,0,0,0,0,0,0,0,0,0,0,0,0,0,0,0,0,0,0,0,0,0,0,0,0,0,0,0,0,0,0,0,0,0,0,0,0,0,0,0,0,0,0,0,0,0,0,0,0,0,0,0,0.908674980847939
ERVW-2-2013,22.5827323769083,35.938139191174,31.2920656833053,18.5920839862559,8.47181644536477,23.3998829724069,12.699355095557,14.3137323193304,20.0260014513329,23.4563191802526,32.9777506894148,11.9342736201219,15.9336499538789,14.5306271561179,42.8844333178777,24.8728584765777,8.92883030262857,12.3671191417541,7.15676977256795,20.1329193175741,12.6607332769378,30.9212360828228,11.9038313466162,14.7362895886736,48.7530335069262,18.6182169724232,38.944276054246,14.9676872608614,15.0863576664399,15.819543236227,20.4636225565144,10.0385322390251,22.1048140053577,26.2179388062592,13.8516593009888,19.07103806002,20.7169919411091,21.2145363172004,17.4890469866127,11.2847311070749,20.7481160163566,11.6702821666888,15.9333302779358,11.2239847895695,42.1764976800785,16.0520958234928,16.4812718032645,26.0219859905449,14.3454398864681,16.2925037342683,16.7274491859127,23.6010757725764,23.0325817817895,24.5342244828943
ERVW-20,0,0,0,0,0,0,0,0,0,0,0,0,0,0,0,0,0,0,0,0,0,0,0,0,0,0,0,0,0,0,0,1.43407603414644,0,0,0,0,0,0,0,0,0,0,0,0,0,0,0,0,0,0,0,0,0,0
ERVW-22,11.7430208359923,2.62961994081761,8.34455084888141,0,4.23590822268238,3.59998199575491,6.34967754777849,4.08963780552298,6.37190955269683,3.60866448926964,7.99460622773693,4.64110640782518,2.81182058009628,3.63265678902947,10.9960085430456,5.4071431470821,5.58051893914285,3.80526742823203,4.08958272718169,15.3393670991041,10.9726355066795,9.27637082484684,8.65733188844818,1.22802413238947,4.33360297839344,9.75239936650741,11.1269360154989,6.90816335116678,6.60028147906743,4.21854486299386,5.38516383066169,4.30222810243932,5.76647321878898,14.7475905785208,2.96821270735474,10.0964319141283,2.43729316954225,11.0001299422521,2.49843528380182,2.50771802379443,2.82928854768498,1.94504702778147,2.45128158122089,2.80599619739238,3.12418501333915,6.42083832939711,3.29625436065291,4.06593531102264,5.57878217807093,3.9102008962244,7.43442186040566,2.95013447157206,1.09678960865664,0.908674980847939
ERVW-23,0,0,0,0,0,0,0,0,0,0,0,0,0,0,0,0,0,0,0,0,0,0,0,0,0,0,0.927244667958238,0,0,0,0,1.43407603414644,0,0,0,0,0,0,0,1.25385901189721,0,0,0,0,0,0,0,0,0,0,0.929302732550708,0,0,0
ERVW-24,0,0,0,0,0,0,0,0,0,0,0,0,0,0,0,0,0,0,0,0,0,0,0,1.22802413238947,0,0.886581760591582,0,0,0,0,0,0,0,0,0,0,0,0.785723567303718,0,1.25385901189721,0,0,0,0,0,0,0,0,0.796968882581562,0,0,1.47506723578603,0,0
ERVW-25,0,0,0,0,0,0,0,0,0,0,0,0,0,0,0,0,0,0,0,0,0,0,0,0,0,0,0,0,0,0,0,0,0,0,0,0,0,0,0,0,0,0,0,0,0,0,0,0,0,0,0,0,0,0
ERVW-26,0,0,0,0,0,0,0,1.02240945138075,0,0,0,0,0,0,0,0,0,0,0,0,0,0,0,0,0,0,0,0,0,0,0,0,0,0,0,0,0,0,0,0,0,0,0,0,0,0,0,0,0,0,0,0,0,0
ERVW-27,0,0,1.04306885611018,0,0,0,0,0,0,0,0,0,0,0,0,0,0,0.951316857058008,0,0,0,0,0,0,0,0,0,0,0,0,0,0,0,0,0.989404235784912,0,0,0,0,0,0,0,0,0,0,0,0,0.813187062204528,0,0,0,0,0,0
ERVW-29,0,0.876539980272536,0,0,0,0,1.81419358507957,0,0.910272793242405,0,0,0,0.937273526698761,0,0,0,0,0,0,0,0,0,0,0,0,0,0,0,0,1.05463621574846,1.07703276613234,0,0,0,0,2.24365153647295,0,0,0,0,0,0,0,0,1.56209250666957,0,0,0,0.796968882581562,0.651700149370734,0,1.47506723578603,0,0.908674980847939
ERVW-3-2013,0,0,0,0,0,0,0,0,0,0,0,0,0,0,0,0,0,0,0,0,0,0,0,0,0,0,0,0,0,0,2.15406553226468,0,0,0,0,0,0,0,0,3.76157703569164,0,0,1.22564079061044,0,0,0,0,0.813187062204528,0,0,0,0,0,0
ERVW-8,12.6463301310687,1.75307996054507,7.30148199277123,14.677961041781,5.29488527835298,0,5.44258075523871,4.08963780552298,3.64109117296962,4.51083061158705,0,10.6082432178861,23.431838167469,13.3197415597747,32.9880256291367,6.48857177649852,2.23220757565714,3.80526742823203,6.13437409077253,2.87613133108202,5.06429331077513,7.21495508599199,1.08216648605602,3.6840723971684,4.33360297839344,7.09265408473266,6.49071267570767,3.45408167558339,1.88579470830498,12.6556345889816,5.38516383066169,8.60445620487864,6.72755208858714,5.7351741138692,14.8410635367737,0,17.0610521867958,28.2860484229339,12.4921764190091,6.26929505948607,1.88619236512332,12.6428056805796,8.5794855342731,9.3533206579746,7.81046253334787,16.0520958234928,4.12031795081613,15.450554181886,3.18787553032625,10.4272023899317,0.929302732550708,11.8005378862882,16.4518441298496,4.54337490423969
ERVW-9,0,0,0,0,0,0,0,0,0,0,0,0,0,0,0,0,0,0,0,0,0,0,0,0,0,0,0,0,0,0,0,0,0,0,0,0,0,0,0,0,0,0,0,0,0,0,0,0,0,0,0,0,0,0
HERV-H19a,0,0,0,0,0,0,0,0,0,0,1.99865155693423,0,1.87454705339752,0,0,0,0,0,1.02239568179542,0,0,0,0,0,0,0,0,0,0,0,2.15406553226468,5.73630413658576,0,1.6386211753912,0.989404235784912,0,2.43729316954225,0,0.832811761267273,1.25385901189721,0.943096182561662,0,0,0,3.12418501333915,0,0,4.06593531102264,0,0,0,0,0,0
HERVE(HERV4-1),0,0,0,0,0,0,0,0,0,0,0,0,0,0,0,0,0,0,0,0,0,0,0,0,0,0,0,0,0,0,0,0,0,0,0,0,0,0,0,0,0,0,0,0,0,0,0,0,0,0,0,0,0,0
HERVER(HCML-ARV),0.903309295076332,0,0,0,0,0,0,0,1.82054558648481,0,0,1.32603040223577,0,0,0,0,0,0,0,0.958710443694007,0.844048885129189,0,0,0,1.08340074459836,0,0,0,0,0,1.07703276613234,0,0,0,0,0,0,0,0,0,0,0,6.12820395305221,0,0,0,0,0.813187062204528,0,0,0,0,2.19357921731328,0
HERVH,0,0,0,0,0,0,0,0,0,0,0,0,0,0,0,0,0,0,0,0,0,0,0,0,0,0,0,0,0,0,0,0,0,0,0,0,0,0,0,0,0,0,0,0,0,0,0,0,0,0.651700149370734,0,0,0,0
HERVK-26,0,0,0,0,0,0,0,0,0,0,0,0,0,0,0,0,0,0,0,0,0,0,0,0,0,0,0,0,0,0,0,0,0,0,0,0,0,0,0,0,0,0,0,0,0,0,0,0,0,0,0,0,0,0
HERVK-27,0,0,0,0,0,0,0,0,0,0,1.99865155693423,0,0,0,1.09960085430456,0,0,0,3.06718704538627,0,0,0,0,0,2.16680148919672,0,0,0,0.942897354152491,1.05463621574846,3.23109829839702,1.43407603414644,3.84431547919265,0,0.989404235784912,1.12182576823647,0,0,0,0,2.82928854768498,0,0,0,0,0,1.64812718032645,4.06593531102264,0.796968882581562,0,0,1.47506723578603,0,1.81734996169588
HERVK-29,23.4860416719846,15.7777196449057,9.38761970499158,15.6564917778997,8.47181644536477,10.7999459872647,11.7922583030172,9.20168506242671,22.7568198310601,27.0649836695223,35.9757280248162,19.2274408324186,13.1218293737827,14.5306271561179,18.6932145231775,11.8957149235806,7.8127265148,20.9289708552762,26.582287726681,26.8438924234322,14.3488310471962,17.5220337802663,35.7114940398487,15.9643137210631,13.0008089351803,15.9584716906485,4.63622333979119,17.270408377917,6.60028147906743,17.9288156677239,19.3865897903821,5.73630413658576,10.5718675677798,10.6510376400428,6.92582965049438,20.1928638282565,9.74917267816901,15.7144713460744,14.9906117028109,26.3310392498415,14.1464427384249,15.5603762222518,13.4820486967149,17.7713092501517,15.6209250666957,20.3326547097575,11.5368902622852,27.6483601149539,7.17271994323406,18.8993043317513,21.3739628486663,22.1260085367904,15.355054521193,33.6209742913737
HERVK30,0,0,0,0,0,0,0,0,0,0,0,0,0,0,0,0,0,0,0,0,0,0,0,0,0,0,0,0,0,1.05463621574846,0,0,0,0,0,0,0,0,0,0,0,0,0,0,0,0,0,0,0,0,0,0,0,0
HERVK31,0,0,0,0,0,0,0,0,0,0,0,0,0,0,0,0,0,0,0,0,0,0,0,0,0,0,0,0,0,0,0,0,0,0,0,0,0,0,0,0,0,0,0,0,0,0,0,0,0,0,0,0,0,0
HERVL(ERV-likeelement),0,0,0,0,0,0,0,0,0,0,0,0,0,0,0,0,0,0,0,0,0,0,0,0,0,0,0,0,0,0,0,0,0,0,0,0,0,0,0,0,0,0,0,0,0,0,0,0,0,0,0,0,0,0
K-10,126.463301310687,67.4935784809853,119.95291845267,92.9604199312796,27.5334034474355,117.899410360973,104.316131142075,59.2997481800833,101.040280049907,190.357051808973,162.89010189014,88.1810217486784,130.281020211128,152.571585139238,201.226956337734,84.3514330944807,90.4044068141142,110.352755418729,88.9484243162017,159.145933653205,132.515674965283,111.316449898162,203.447299378532,88.4177375320416,9.75060670138524,129.440937046371,14.8359146873318,101.319729150446,47.1448677076245,97.0265318488587,91.5477851212488,22.945216546343,52.859337838899,48.3393246740404,37.5973609598266,42.629379192986,40.2153372974472,77.0009095957644,60.7952585725109,97.8010029279827,109.399157177153,71.9667400279146,39.2205052995342,43.9606070924806,62.483700266783,29.9639122038532,60.1566420819155,90.2637639047026,35.0666308335887,60.6081138914782,25.0911737788691,63.4278911387992,123.937225778201,196.273795863155
K-11,0,0,0,0,0,0,0,0,0.910272793242405,0,0.999325778467116,0.663015201117883,0.937273526698761,1.21088559634316,1.09960085430456,0,0,0,0,0,0.844048885129189,0,0,1.22802413238947,0,0,0,0,0.942897354152491,1.05463621574846,0,0,0.961078869798163,0.819310587695601,0,0,0,0,0,1.25385901189721,0.943096182561662,0,0,0,0,1.07013972156618,0.824063590163226,0.813187062204528,0,0.651700149370734,0,0,0,0
K-12,5.41985577045799,0.876539980272536,3.12920656833053,0.978530736118733,5.29488527835298,4.49997749469364,0.907096792539785,0,1.82054558648481,0.902166122317409,0.999325778467116,4.64110640782518,4.68636763349381,3.63265678902947,5.49800427152278,4.32571451766568,5.58051893914285,0,3.06718704538627,6.71097310585805,4.22024442564594,4.12283147770971,12.9859978326723,8.59616892672627,0,3.54632704236633,0,4.60544223411119,3.77158941660996,2.10927243149693,2.15406553226468,0,1.92215773959633,2.4579317630868,0,0,1.21864658477113,4.71434140382231,3.33124704506909,5.01543604758885,0.943096182561662,3.89009405556295,1.22564079061044,3.74132826318984,7.81046253334787,0,3.29625436065291,1.62637412440906,2.39090664774469,3.9102008962244,1.85860546510142,1.47506723578603,1.09678960865664,7.26939984678351
K-13,0,0,1.04306885611018,0,0,0,1.81419358507957,0,0,0,0,0,0.937273526698761,1.21088559634316,0,0,0,0,0,0.958710443694007,0,0,0,0,0,0,0,0,0,0,0,0,1.92215773959633,0,0,0,0,0,0,0,0,0,0,0,1.56209250666957,0,0,0,0,0.651700149370734,0,0,1.09678960865664,0
K-14,0,0,0,0,0,0,0,0,0,0,0,0,0.937273526698761,0,0,0,0,0,0,0,0,0,0,1.22802413238947,0,0,0.927244667958238,0,0,0,0,0,0,0,0,0,0,0,0,0,0,0,0,0,0,0,0,0,0,0,0,0,1.09678960865664,0
K-15,0.903309295076332,0,4.1722754244407,0,0,0,3.62838717015914,0,0,3.60866448926964,0,0,1.87454705339752,1.21088559634316,1.09960085430456,1.08142862941642,1.11610378782857,2.85395057117402,0,0,2.53214665538757,0,5.41083243028011,2.45604826477893,1.08340074459836,0.886581760591582,0,0,0.942897354152491,1.05463621574846,1.07703276613234,0,0.961078869798163,1.6386211753912,0,0,0,0.785723567303718,1.66562352253455,0,0,0.972523513890737,0,0.93533206579746,1.56209250666957,0,0.824063590163226,1.62637412440906,0,1.30340029874147,0,0,0,1.81734996169588
K-19,0,0,0,0.978530736118733,0,0,0,0,2.73081837972721,0.902166122317409,0.999325778467116,2.65206080447153,1.87454705339752,0,1.09960085430456,2.16285725883284,0,0.951316857058008,1.02239568179542,0,1.68809777025838,0,1.08216648605602,0,0,0,0.927244667958238,0,0,0,1.07703276613234,0,0,2.4579317630868,0,0,1.21864658477113,0,0.832811761267273,0,0.943096182561662,0,0,3.74132826318984,0,0,0,3.25274824881811,0,1.30340029874147,0,0,0,2.72602494254382
K-20,0.903309295076332,0.876539980272536,0,0.978530736118733,0,2.69998649681618,0,0,0,0,0,0.663015201117883,0,0,0,0,0,0,0,0.958710443694007,0.844048885129189,0,0,1.22802413238947,1.08340074459836,0.886581760591582,0,0,0,0,2.15406553226468,0,0.961078869798163,0,0,0,0,1.57144713460744,0.832811761267273,0,0,0,0,0,1.56209250666957,0,0,0,0,0,0.929302732550708,0,0,0.908674980847939
K-21,8.12978365568699,12.2715597238155,10.4306885611018,3.91412294447493,2.11795411134119,8.09995949044855,3.62838717015914,8.17927561104597,12.7438191053937,11.7281595901263,44.9696600310202,35.1398056592478,47.8009498616368,13.3197415597747,30.7888239205276,19.4657153294956,16.7415568174286,12.3671191417541,35.7838488628398,10.5458148806341,21.9452710133589,12.3684944331291,49.779658358577,74.9094720757575,74.7546513772868,8.86581760591582,30.5990740426219,19.5731294949726,8.48607618737242,12.6556345889816,80.7774574599254,15.7748363756108,15.3772619167706,75.3765740679953,10.883446593634,81.8932810812626,29.247518034507,14.9287477787706,9.16092937394,12.5385901189721,80.1631755177412,30.1482289306129,8.5794855342731,5.61199239478476,34.3660351467306,18.1923752666251,34.6106707868555,10.5714318086589,26.2999731251915,26.0680059748294,34.3842011043762,16.2257395936463,64.7105869107419,9.08674980847939
K-22,13.549639426145,6.13577986190775,8.34455084888141,3.91412294447493,1.0589770556706,12.5999369851422,10.8851615104774,3.06722835414224,7.28218234593924,2.70649836695223,4.99662889233558,1.32603040223577,6.56091468689133,4.84354238537263,3.29880256291367,12.977143552997,5.58051893914285,0.951316857058008,4.08958272718169,0.958710443694007,5.90834219590432,1.03070786942743,1.08216648605602,2.45604826477893,0,8.86581760591582,0,29.9353745217227,2.82869206245747,0,0,0,3.84431547919265,4.096552938478,3.95761694313965,0,7.31187950862676,1.57144713460744,0.832811761267273,6.26929505948607,2.82928854768498,6.80766459723516,12.2564079061044,3.74132826318984,0,2.14027944313237,0,14.6373671196815,1.59393776516312,4.56190104559514,2.78790819765212,0,2.19357921731328,0
K-26,0,0,0,0,0,0,0,0,0,0,0,0,0,1.21088559634316,0,0,0,0,0,0,0,0,0,0,0,0,0,0,0.942897354152491,0,0,0,0,0,0,0,0,0,0,0,0,0,0,0,0,0,0,0,0,0,0,0,0,0
K-28,0,0,0,0,0,0,0,0,0,0,0,0,0,0,0,0,0,0,0,0,0,0,0,0,0,0,0,0,0,0,0,0,0,0,0,0,0,0,0,0,0,0,0,0,0,0,0,0,0,0,0,0,0,0
K-29,0,0,0,0,0,0,0,0,0,0,0,0.663015201117883,0,0,0,0,0,0,0,0,0.844048885129189,0,0,0,0,0,0,0,0,0,0,0,0,0,0,0,0,0,0,0,0,0,0,0,0,0,0,0,0,0,0,0,0,0
K-31,0,0,0,0,0,0,0,0,0,0,0,0,0,0,0,0,0,0,0,0,0,0,0,0,0,0,0,0,0,0,0,0,0,0,0,0,0,0,0,0,0,0,0,0,0,0,0,0,0,0,0,0,0,0
K-32,0,0,0,0,0,0,0,0,0,0,0,0,0,0,0,0,0,0,0,0,0,0,0,0,0,0,0,0,0,0,0,0,0,0,0,0,0,0,0,0,0,0,0,0,0,0,0,0,0,0,0,0,0,0
K-34,0,0,0,0,0,0,0,0,0,0,0,0,0,0,0,0,0,0,0,0,0,0,0,0,0,0,0,0,0,0,0,0,0,0,0,0,0,0,0,0,0,0,0,0,0,0,0,0,0,0,0,0,0,0
K-35,0,0,1.04306885611018,0,0,0,0.907096792539785,0,0.910272793242405,0,0,0,0,3.63265678902947,0,0,0,0,0,0,0,0,0,0,0,0,0,0,0,0,0,0,0,0,0,0,0,0,0,0,0,0.972523513890737,0,0,0,2.14027944313237,0.824063590163226,0,0,0,0,1.47506723578603,0,0
K-36,6.32316506553433,17.5307996054507,12.5168262733221,8.8067766250686,0,4.49997749469364,5.44258075523871,2.04481890276149,4.55136396621202,5.41299673390446,0.999325778467116,0.663015201117883,2.81182058009628,20.5850551378337,2.19920170860911,4.32571451766568,0,0.951316857058008,7.15676977256795,1.91742088738801,0,2.06141573885485,0,1.22802413238947,1.08340074459836,2.65974528177475,4.63622333979119,0,0.942897354152491,4.21854486299386,1.07703276613234,0,10.5718675677798,0.819310587695601,0.989404235784912,0,0,0.785723567303718,0,1.25385901189721,1.88619236512332,0.972523513890737,0,2.80599619739238,0,0,4.12031795081613,0,0.796968882581562,1.30340029874147,0.929302732550708,0,0,4.54337490423969
K-38,0.903309295076332,4.38269990136268,0,0,0,0,0,2.04481890276149,0,0,0,0,0,0,0,0,0,0,0,0,1.68809777025838,0,0,0,0,0,0,0,0,0,0,0,0,0,0,0,0,0,0,0,0,0,0,0,0,0,0,0,0,0,0,0,0,0
K-41,0,0,0,0,0,0,0,0,0,0,0,0,0,0,0,0,0,0,0,0,0,0,0,0,0,0,0,0,0,0,0,0,0,0.819310587695601,0,0,0,0,0.832811761267273,0,0,0,0,0,0,0,0,0,0,0.651700149370734,0,0,0,0
K-42,0,0.876539980272536,0,0.978530736118733,0,0.899995498938728,2.72129037761935,2.04481890276149,1.82054558648481,2.70649836695223,9.99325778467116,1.32603040223577,4.68636763349381,0,5.49800427152278,1.08142862941642,0,2.85395057117402,0,0,0.844048885129189,1.03070786942743,2.16433297211204,0,0,0,2.78173400387471,0,0,3.16390864724539,2.15406553226468,2.86815206829288,7.6886309583853,0,0.989404235784912,2.24365153647295,0,1.57144713460744,2.49843528380182,2.50771802379443,0,1.94504702778147,1.22564079061044,1.87066413159492,0,2.14027944313237,0,0.813187062204528,0.796968882581562,1.9551004481122,0.929302732550708,0,1.09678960865664,0
K-44,0,0,0,0,0,0,0,0,0,0,0,0,0,0,0,0,0,0,0,0,0,0,0,0,0,0,0,0,0,0,0,0,0,0,0,0,0,0,0,0,0,0,0,0,0,0,0,0,0,0,0,0,0,0
K-46,0,1.75307996054507,5.21534428055088,0.978530736118733,0,4.49997749469364,2.72129037761935,0,2.73081837972721,1.80433224463482,9.99325778467116,0.663015201117883,4.68636763349381,2.42177119268632,1.09960085430456,2.16285725883284,1.11610378782857,2.85395057117402,8.17916545436338,1.91742088738801,6.75239108103351,6.18424721656456,3.24649945816807,4.91209652955787,6.50040446759016,4.43290880295791,3.70897867183295,3.45408167558339,9.42897354152491,3.16390864724539,2.15406553226468,5.73630413658576,2.88323660939449,3.2772423507824,0.989404235784912,3.36547730470942,6.09323292385563,3.92861783651859,2.49843528380182,2.50771802379443,5.65857709536997,1.94504702778147,2.45128158122089,2.80599619739238,0,3.21041916469855,8.24063590163226,4.06593531102264,3.18787553032625,3.9102008962244,3.71721093020283,4.42520170735808,4.38715843462657,6.36072486593557
K-47,0,0,0,0.978530736118733,0,0,0,0,0,0,0.999325778467116,0,0,0,1.09960085430456,0,0,0,1.02239568179542,0,0,0,0,0,0,0,0,0,0,0,0,0,0,0.819310587695601,0,0,0,0,0,0,1.88619236512332,0,0,0,0,0,0,1.62637412440906,0,0.651700149370734,0,0,0,0
K-48,0,0,0,0,0,0,0,0,0,0,0,0,0,0,0,0,0,0,0,0,0,0,0,0,0,0,0,0,0,0,0,0,0,0,0,0,0,0,0,0,0,0,0,0,0,0,0,0,0,0,0,0,0,0
K-49,0,0,0,0,0,0,0,0,0.910272793242405,0,0,0,0,0,0,0,0,0,0,0,0,0,0,0,0,0,0,0,0,0,0,0,0,0,0,0,0,0.785723567303718,0.832811761267273,0,0,0,0,0,0,0,0,0,0,0.651700149370734,0,0,0,0
K-51,0,0,0,0,0,0,0,0,0,0,0,0,0,0,0,0,0,0,0,0,0,0,0,0,0,0,0,0,0,0,0,0,0,0,0,0,0,0,0,0,0,0,0,0,0,0,0,0,0,0,0,0,0,0
K-57,0,0,0,0,0,0,0,0,0,0,0,0,0,0,0,0,0,0,1.02239568179542,0,0,0,0,0,0,0,0,0,0,0,0,0,0.961078869798163,0,0,0,0,0,0,0,0,0,0,0,0,0,0.824063590163226,0,0,0,0,0,0,0
K-60,0,0,0,0,0,0,0,0,0,0,0,0,0,0,1.09960085430456,0,0,0,0,0.958710443694007,0,0,0,0,0,0,0,0,0,0,0,0,0,0,0,0,0,0,0,0,0,0,0,0,1.56209250666957,0,0,0,0,0,0,0,0,0
K-62,0,0,0,0,0,0,0,0,0,0,0,0,0,0,0,0,0,0,0,0,0,0,0,0,0,0,0,0,0,0,0,0,0,0,0,0,0,0,0,0,0,0,0,0,0,0,0,0,0,0,0,0,0,0
K-63,0,0,0,0,0,0,0,0,0,0,0,0,0,0,0,0,0,0,0,0,0,0,0,0,0,0,0,0,0,0,0,0,0,0,0,0,0,0,0,0,0,0,0,0,0,0,0,0,0,0,0,0,0,0
K-64,0,0,0,0,0,0,0,0,0.910272793242405,0,0,0,0.937273526698761,0,0,0,0,0,4.08958272718169,0,0,0,0,0,0,0,0.927244667958238,1.1513605585278,0.942897354152491,0,0,0,0,0,0.989404235784912,1.12182576823647,0,0.785723567303718,0,1.25385901189721,0,0,0,0.93533206579746,0,0,0,0,0,0,0,0,1.09678960865664,0
K-66,0,0,0,0,0,0,0,0,0,0,0,0,0,0,0,0,0,0,0,0,0,0,0,0,0,0,0,0,0,0,0,0,0,0,0,0,0,0,0,0,0,0,0,0,0,1.07013972156618,0,0,0,0,0,0,0,0
K-68,0,0.876539980272536,1.04306885611018,0,0,0,0.907096792539785,1.02240945138075,0.910272793242405,0,1.99865155693423,2.65206080447153,0.937273526698761,2.42177119268632,1.09960085430456,0,1.11610378782857,0,5.11197840897711,0,0,0,0,0,0,2.65974528177475,0.927244667958238,1.1513605585278,0.942897354152491,2.10927243149693,0,2.86815206829288,0.961078869798163,0,0,2.24365153647295,1.21864658477113,0,0.832811761267273,1.25385901189721,7.54476946049329,0,0,0,3.12418501333915,12.8416766587942,0.824063590163226,0,0,0,0.929302732550708,0,0,0.908674980847939
K-69,0,0,0,0,0,0.899995498938728,0,0,0,0,0,0,0,0,0,0,0,0,2.04479136359084,0.958710443694007,0,0,0,0,0,0,0,0,0,0,1.07703276613234,0,0,0,0,0,0,0,0,0,0,0,0,0,0,0,0,0,0,0,0,0,0,0
K-7,8.12978365568699,1.75307996054507,4.1722754244407,8.8067766250686,8.47181644536477,8.09995949044855,12.699355095557,5.11204725690373,7.28218234593924,10.8259934678089,5.9959546708027,3.31507600558942,3.74909410679505,14.5306271561179,15.3944119602638,3.24428588824926,5.58051893914285,8.56185171352207,6.13437409077253,7.66968354955205,2.53214665538757,5.15353934713713,8.65733188844818,3.6840723971684,0,5.31949056354949,0,0,4.71448677076245,5.27318107874232,2.15406553226468,1.43407603414644,2.88323660939449,6.5544847015648,1.97880847156982,1.12182576823647,1.21864658477113,7.85723567303718,6.66249409013819,1.25385901189721,3.77238473024665,2.91757054167221,0,2.80599619739238,3.12418501333915,2.14027944313237,2.47219077048968,3.25274824881811,3.18787553032625,3.25850074685367,9.29302732550708,8.85040341471617,8.77431686925313,1.81734996169588
K-75,0,0,0,0,0,0,0,0,0,0,0,0,0,0,0,0,0,0,0,0,0,0,0,0,0,0,0,0,0,0,0,0,0,0,0,0,0,0,0,0,0,0,0,0,0,0,0,0,0,0,0,0,0,0
K-77,0,0,0,0,0,0,0,0,0,0,0.999325778467116,0,0,0,0,0,0,0,1.02239568179542,0,0,0,0,0,0,0,0.927244667958238,0,0,0,0,0,0,1.6386211753912,0,0,0,0,0,0,0,0,0,0,0,0,0,0,0,0,0,0,0,0
K-78,0.903309295076332,0,0,0,3.17693116701179,0,1.81419358507957,0,0,0,4.99662889233558,0,3.74909410679505,1.21088559634316,2.19920170860911,2.16285725883284,5.58051893914285,0,0,0,0.844048885129189,0,0,0,5.4170037229918,0.886581760591582,0.927244667958238,1.1513605585278,0.942897354152491,3.16390864724539,3.23109829839702,2.86815206829288,4.80539434899081,2.4579317630868,1.97880847156982,1.12182576823647,0,2.35717070191115,2.49843528380182,3.76157703569164,4.71548091280831,2.91757054167221,2.45128158122089,1.87066413159492,3.12418501333915,2.14027944313237,2.47219077048968,0.813187062204528,3.18787553032625,2.60680059748294,3.71721093020283,1.47506723578603,3.29036882596993,0.908674980847939
K-8,0,0,1.04306885611018,0,0,0,0,0,0,0,0,0,0.937273526698761,0,1.09960085430456,0,0,0,5.11197840897711,2.87613133108202,0.844048885129189,0,0,1.22802413238947,0,0,0,0,0,1.05463621574846,0,0,0.961078869798163,0,0,5.60912884118237,0,0,0,0,0,0,0,0,0,0,2.47219077048968,1.62637412440906,0,2.60680059748294,0,0,0,0
K-81,0,0,0,0,0,0,0,0,0,0,0,0,0,0,0,0,0,0,0,0,0,0,0,0,0,0,0,0,0,0,0,0,0,0,0,0,0,0,0,0,0,0,0,0,0,0,0,0,0,0,0,0,0,0
K-83,0,0,0,0,0,0,0,0,0,0,0,0,0,0,0,0,0,0,0,0,0,0,0,0,0,0,0,0,0,0,0,0,0,0,0,0,0,0,0,0,0,0,0,0,0,0,0,0,0,0,0,0,0,0
K-9,0,0.876539980272536,0,0,0,0,0,0,0,0.902166122317409,0,0,0,0,1.09960085430456,0,0,0,0,0,0,0,0,0,0,0.886581760591582,0.927244667958238,0,0,0,1.07703276613234,0,0,0,0,0,0,0,0,0,0.943096182561662,0,0,0,0,0,0,0,0.796968882581562,0,0,0,0,0
W-102,0,0,0,0,0,0,0,0,0,0,0,0,0,0,0,0,0,0,0,0,0,0,0,0,0,0,0,0,0,0,0,0,0,0,0,0,0,0,0,0,0,0,0,0,0,0,0,0,0,0,0,0,0,0
W-103,0,0,0,0,0,0,0,0,0,0,0,0,0,0,0,0,0,0,0,0,0,0,0,0,0,0,0,0,0,0,0,0,0,0,0,0,0,0,0,0,0,0,0,0,0,0,0,0,0,0,0,0,0,0
W-104,0,0,0,0,0,0,0,0,0,0,0.999325778467116,0.663015201117883,0,1.21088559634316,0,0,0,0,0,0,0,0,1.08216648605602,1.22802413238947,1.08340074459836,0,0,0,0,0,0,0,0,0,0,0,0,0,0,0,0,0,0,0,0,0,0,0,0,0.651700149370734,0,0,0,0
W-106,0,0,0,0,0,0,0,0,0,0,0,0,0,0,0,0,0,0,0,0,0,0,0,0,0,0,0,0,0,0,0,0,0,0,0,0,0,0,0,0,0,0,0,0,0,0,0,0,0,0,0,0,0,0
W-108,0,0,1.04306885611018,1.95706147223747,0,0,0,0,3.64109117296962,0.902166122317409,0.999325778467116,0,1.87454705339752,0,0,0,0,0,0,3.83484177477603,2.53214665538757,0,0,0,0,0,0,0,0,0,0,0,0,0,0,0,0,0,0,0,0,0,0,0,0,0,0,0,0,1.30340029874147,0,0,0,0
W-109,0,0,0,0,0,0,0,0,0,0,0,0,0,0,0,0,0,0,0,0,0,0,0,0,0,0,0,0,0,0,0,0,0,0,0,0,0,0,0,0,0,0,0,0,0,0,0,0,0,0,0,0,0,0
W-11,0,0,1.04306885611018,0,2.11795411134119,0,0,3.06722835414224,2.73081837972721,0,0,1.32603040223577,0,0,4.39840341721822,0,1.11610378782857,0,6.13437409077253,1.91742088738801,0,1.03070786942743,2.16433297211204,9.82419305911574,0,0.886581760591582,0,0,2.82869206245747,4.21854486299386,0,0,1.92215773959633,0.819310587695601,2.96821270735474,1.12182576823647,1.21864658477113,2.35717070191115,5.82968232887091,0,0,4.86261756945369,0,0,1.56209250666957,1.07013972156618,3.29625436065291,1.62637412440906,1.59393776516312,0,6.50511912785496,0,1.09678960865664,0
W-110,0,0,0,0,0,0,0,0,0,0,0,0,0,0,0,0,0,0,0,0,0,0,0,0,0,0,0,0,0,0,0,0,0,0,0,0,0,0,0,0,0,0,0,0,0,0,0,0,0,0,0,0,0,0
W-113,0,0,0,0,0,0,0,0,0,0,0,0,0,0,0,0,0,0,0,0,0,0,0,0,0,0,0,0,0,0,0,0,0,0,0,0,0,0,0,0,0,0,0,0,0,0,0,0,0,0,0,0,0,0
W-114,0,0,0,0,0,0,0,0,0,0,0,0,0,0,0,0,0,0,0,0,0,0,0,0,0,0,0,0,0,0,0,0,0,0,0,0,0,0,0,0,0,0,0,0,0,0,0,0,0,0,0,0,0,0
W-115,0,0,0,0,0,0,0,0,0,0,0,0,0,0,0,0,0,0,0,0,0,0,0,0,0,0,0,0,0,0,0,0,0,0,0,0,0,0,0,0,0,0,0,0,0,0,0,0,0,0,0,0,0,0
W-116,0,0,0,0,0,0,0,0,0,0,0,0,0,0,0,0,0,0,0,0,0,0,0,0,0,0,0,0,0,0,0,0,0,0,0,0,0,0,0,0,0,0,0,0,0,0,0,0,0,0,0,0,0,0
W-117,0,0,0,0,0,0,0,0,0,0,0,0,0,0,0,0,0,0,0,0,0,0,0,0,0,0,0,0,0,0,0,0,0,0,0,0,0,0,0,0,0,0,0,0,0,0,0,0,0,0,0,0,0,0
W-118,0,0,0,0,0,0,0,0,0,0,0,0,0,0,0,0,1.11610378782857,0,0,0,0,0,0,0,0,0,0,0,0,0,0,0,0,0,0,0,0,0,0,0,0,0,0,0,0,0,0,0,0,0,0,0,0,0
W-12,0,0,0,0,0,0,0,0,0,0,0,0,0,0,0,0,0,1.90263371411602,0,0,0,0,0,0,0,0,0,0,0,0,0,0,0,0,0,0,0,0,0,0,0,0,0,0,0,0,0,0,0,0,0,0,0,0
W-122,0,0,0,0,0,0,0,0,0,0,0,0,0,0,0,0,0,0,0,0,0,0,0,0,0,0,0,0,0,0,0,0,0,0,0,0,0,0,0,0,0,0,0,0,0,0,0,0,0,0,0,0,0,0
W-123,0,0,0,0,0,0,0,0,0,0,0,0,0,0,0,0,0,0,0,0,0,0,0,0,0,0,0,0,0,0,0,0,0,0,0,0,0,0,0,0,0,0,0,0,0,0,0,0,0,0,0,0,0,0
W-125,0,0,0,0,0,0,0,0,0,0,0,0,0,0,0,0,0,0,0,0,0,0,0,0,0,0,0,0,0,0,0,0,0,0,0,0,0,0,0,0,0,0,0,0,0,0,0,0,0,0,0,0,0,0
W-126,0,0,0,0,0,0,0,0,0,0,0,0,0,0,0,0,0,0,0,0,0,0,0,0,0,0,0,0,0,0,0,0,0,0,0,0,0,0,0,0,0,0,0,0,0,0,0,0,0,0,0,0,0,0
W-127,0,0,0,0,0,0,0,0,0,0,0,0,0,0,0,0,2.23220757565714,0,0,0,0,0,0,0,0,0,0,0,0,0,0,0,0,0,0,1.12182576823647,0,0.785723567303718,0.832811761267273,1.25385901189721,0.943096182561662,0,0,0,0,0,0,1.62637412440906,0,0,0,0,0,0
W-129,2.709927885229,3.50615992109015,1.04306885611018,3.91412294447493,0,7.19996399150982,1.81419358507957,5.11204725690373,0.910272793242405,2.70649836695223,0,2.65206080447153,0.937273526698761,0,3.29880256291367,0,0,0,1.02239568179542,0.958710443694007,0,5.15353934713713,1.08216648605602,0,1.08340074459836,1.77316352118316,0,1.1513605585278,0,4.21854486299386,0,0,0.961078869798163,0,1.97880847156982,0,0,0.785723567303718,0,0,0,0,0,0,0,0,0,0,0.796968882581562,0,0,0,0,0
W-13,0,0,0,0,0,0,0,0,0,0,0,0,0,0,0,0,0,0,0,0,0,0,0,0,0,0,0,0,0,0,0,0,0,0,0,0,0,0,0.832811761267273,0,17.9188274686716,0,0,0,0,0,0,0,0,0,0,0,0,0
W-130,0,0,0,0,0,0,0,0,0,0,0,0,0,0,0,0,0,0,0,0,0,0,0,0,0,0,0,0,0,0,0,0,0,0,0,0,0,0,0,0,0,0,0,0,0,0,0,0,0,0,0,0,0,0
W-131,1.80661859015266,0,2.08613771222035,0,0,0.899995498938728,0.907096792539785,0,0,1.80433224463482,0,0,0,0,0,0,0,0,0,0,0,0,0,0,0,0,0,0,0,0,0,0,0,0,0,0,0,0,0,0,0,0,0,0,0,0,0,0,0,0,0,0,0,0
W-132,0,0,0,0,0,0,0,0,0,0,0,0,0,0,0,0,0,0,0,0,0,0,0,0,0,0,0,0,0,0,0,0,0,0,0,0,0,0,0,0,0,0,0,0,0,0,0,0,0,0,0,0,0,0
W-134,13.549639426145,10.5184797632704,17.732170553873,9.78530736118733,1.0589770556706,12.5999369851422,7.25677434031828,10.2240945138075,16.3849102783633,10.8259934678089,2.99797733540135,10.6082432178861,13.1218293737827,10.8979703670884,12.0956093973501,10.8142862941642,12.2771416661143,9.51316857058008,15.3359352269313,10.5458148806341,16.0369288174546,13.3992023025565,4.32866594422409,2.45604826477893,3.25020223379508,15.9584716906485,2.78173400387471,20.7244900535004,15.0863576664399,4.21854486299386,1.07703276613234,0,8.64970982818347,9.83172705234721,9.89404235784912,6.73095460941884,18.2796987715669,3.14289426921487,6.66249409013819,11.2847311070749,16.9757312861099,8.75271162501664,9.80512632488354,4.6766603289873,12.4967400533566,7.49097805096329,15.6572082131013,34.1538566125902,7.96968882581562,13.0340029874147,15.798146453362,4.42520170735808,9.87110647790978,5.45204988508763
W-135,0,0,0,0,0,0,0,0,0,0,0,0,0,0,0,0,0,0,0,0,0,0,0,0,0,0,0,0,0,0,0,0,0,0,0,0,0,0,0,0,0,0,0,0,0,0,0,0,0,0,0,0,0,0
W-137,0,0,0,0,0,0,0,0,0,0,0,0,0,0,0,0,1.11610378782857,0,0,0,0,0,1.08216648605602,0,0,0,0.927244667958238,0,0,0,0,2.86815206829288,0,0,0,0,1.21864658477113,3.92861783651859,0,0,0,0,1.22564079061044,0,0,0,0,0.813187062204528,0,0,0,0,0,0
W-138,0,0,0,0,0,0,0,0,0,0,0,0,0,0,0,0,0,0,0,0,0,0,0,0,0,0,0,0,0,0,0,0,0,0,0,0,0,0,0,0,0,0,0,0,0,0,0,0,0,0,0,0,0,0
W-14,0,0,0,0,0,0.899995498938728,0,0,0,0,0,0,0,0,0,0,0,0,0,0,0,0,0,0,0,0,0,0,0,0,0,0,0,0,0,0,0,0,0,0,0,0,0,0,0,0,0,0,0,0,0,0,0,0
W-141,5.41985577045799,7.01231984218029,3.12920656833053,6.84971515283113,2.11795411134119,7.19996399150982,3.62838717015914,4.08963780552298,1.82054558648481,4.51083061158705,1.99865155693423,1.98904560335365,3.74909410679505,2.42177119268632,2.19920170860911,2.16285725883284,0,0.951316857058008,3.06718704538627,2.87613133108202,5.06429331077513,5.15353934713713,0,4.91209652955787,4.33360297839344,6.20607232414108,1.85448933591648,4.60544223411119,1.88579470830498,1.05463621574846,5.38516383066169,4.30222810243932,0.961078869798163,1.6386211753912,5.93642541470947,5.60912884118237,4.87458633908451,6.28578853842975,0,3.76157703569164,0,1.94504702778147,0,0.93533206579746,0,0,2.47219077048968,3.25274824881811,0.796968882581562,4.56190104559514,2.78790819765212,0,1.09678960865664,6.36072486593557
W-142,0,0,0,0,0,0,0,0,0,0,0,0,0,0,0,0,0,0,0,0,0,0,0,0,0,0,0,0,0,0,0,0,0,0.819310587695601,0,0,0,0,0,0,0,0,0,0,0,0,0,0.813187062204528,0,0,0,0,0,0
W-145,0,0,0,0,0,0,0,0,0,0,0,0,0,0,0,0,0,0,0,0,0,0,0,0,0,0,0,0,0,0,0,0,0,0,0,0,0,0,0,0,0,0,0,0,0,0,0,0,0,0,2.78790819765212,0,0,0
W-146,0,0,0,0,0,0,0,0,0,0,0,0,0,0,0,0,0,0,0,0,0,0,0,0,0,0,0,0,0,0,0,0,0,0,0,0,0,0,0,0,0,0,0,0,0,0,0,0,0,0,0,0,0,0
W-148,0,0,0,0,0,0,0,0,0,0,0,0,0,0,0,0,0,0,0,0,0,0,0,0,0,0,0,0,0,0,0,0,0,0,0,0,0,0,0,0,0,0,0,0,0,0,0,0,0,0,0,0,0,0
W-149,0.903309295076332,0,6.25841313666105,0.978530736118733,0,0.899995498938728,2.72129037761935,0,0.910272793242405,4.51083061158705,8.99393200620405,3.9780912067073,6.56091468689133,2.42177119268632,6.59760512582734,5.4071431470821,3.34831136348571,1.90263371411602,4.08958272718169,0,1.68809777025838,0,3.24649945816807,3.6840723971684,11.917408190582,0,3.70897867183295,4.60544223411119,3.77158941660996,6.32781729449079,1.07703276613234,12.906684307318,13.4551041771743,4.9158635261736,5.93642541470947,5.60912884118237,0,0,9.16092937394,8.7770130832805,5.65857709536997,8.75271162501664,2.45128158122089,2.80599619739238,10.934647546687,6.42083832939711,3.29625436065291,7.31868355984075,6.37575106065249,9.12380209119027,0.929302732550708,0,12.0646856952231,8.17807482763145
W-15,0,0,0,0,0,0,0,0,0,0,0,0,0,0,0,0,0,0,0,0,0,0,0,0,0,0,0,0,0,0,0,0,0,0,0,0,0,0,0,0,0,0,0,0,0,0,0,0,0,0,0,0,0,0
W-151,0,0,0,0,0,0,0,0,0,0,0,0,0,0,0,0,0,0,0,0,0,0,0,0,0,0,0,0,0,0,0,0,0,0,0,0,0,0,0,0,0,0,0,0,0,0,0,0,0,0,0,0,0,0
W-16,0,0,0,0,0,0,0,0,0,0,0.999325778467116,0,0,0,0,0,0,0,0,0,0,0,0,0,0,0,0,0,0,0,0,0,0,0,0,0,0,0,0,0,0,0,0,0,0,0,0,0,0,0,0,0,0,0
W-17,10.839711540916,4.38269990136268,14.6029639855425,4.89265368059366,0,5.39997299363237,2.72129037761935,15.3361417707112,15.4746374851209,16.2389902017134,128.913025422258,1.98904560335365,20.6200175873728,9.68708477074527,31.8884247748321,5.4071431470821,26.7864909078857,2.85395057117402,17.3807265905222,11.5045253243281,4.22024442564594,1.03070786942743,21.6433297211204,6.14012066194733,16.2510111689754,18.6182169724232,13.9086700193736,13.8163267023336,10.3718708956774,32.6937226882024,22.6176880887791,35.851900853661,20.1826562657614,59.8096729017788,3.95761694313965,15.7055607553106,24.3729316954225,5.50006497112603,19.1546705091473,31.3464752974303,22.6343083814799,37.9284170417388,14.7076894873253,26.1892978423289,42.1764976800785,51.3667066351769,48.6197518196304,39.8461660480218,51.00600848522,33.8884077672782,30.6669901741734,17.7008068294323,43.8715843462657,23.6255495020464
W-18,0,0,0,0,0,0,0,0,0,0,0,0,0,0,0,0,0,0,0,0,0,0,0,0,0,0,0,0,0,0,0,0,0,0,0,0,0,0,0,0,0,0,0,0,0,0,0,0,0,0,0,0,0,0
W-19,0,0,0,0,0,0,0,0,0,0,0,0,0,0,0,0,0,0,0,0,0,0,0,0,0,0,0,0,0,0,0,0,0,0,0,0,0,0,0,0,0,0,0,0,0,0,0,0,0,0,0,0,0,0
W-20,0,0,0,0,0,0,0,0,0,0,0,0,0,0,0,0,0,0,0,0,0,0,0,0,0,0,0,0,0,0,0,0,0,0,0,0,0,0,0,0,0,0,4.90256316244177,0,0,0,0,0,0,0,0,0,0,0
W-23,0,0,0,0,0,0,0,0,0,0,0,0,0,0,0,0,0,0,0,0,0,0,0,0,0,0,0,0,0,0,0,0,0,0,0,0,0,0,0,0,0,0,0,0,0,0,0,0,0,0,0,0,0,0
W-25,0,0,0,0,0,0,0,0,0,0,0,0,0,0,0,0,0,0,0,0,0,0,0,0,0,0,0,0,0,0,0,0,0,0,0,0,0,0,0,0,0,0,0,0,0,0,0,0,0,0,0,0,0,0
W-26,0,0,0,0,0,0,0,0,0,0,0,0,0,0,0,0,0,0,0,0,0,0,0,0,0,0,0,0,0,0,0,0,0,0,0,0,0,0,0,0,0,0,0,0,0,0,0,0,0,0,0,0,0,0
W-27,0,0,0,0,0,0,0,0,0,0,0,0,0,0,1.09960085430456,0,0,0,1.02239568179542,0,0,0,0,0,0,0,0.927244667958238,0,0,0,0,0,0,0.819310587695601,0,0,0,0,0,0,0,0,0,0,0,0,0,1.62637412440906,0,0,0,1.47506723578603,0,0
W-28,0,0,0,0,0,0,0,0,0,0,0,0,0,0,0,0,0,0,0,0,0,0,0,0,0,0,0,0,0,0,0,0,0,0,0,0,0,0,0,0,0,0,0,0,0,0,0,0,0,0,0,0,0,0
W-30,0,0,0,0,0,0,0,0,0,0,0,0,0,0,0,0,0,0,0,0,0,0,0,0,0,0,0,0,0,0,0,0,0,0,0,0,0,0,0,0,0,0,0,0,0,0,0,0,0,0,0,0,0,0
W-31,1.80661859015266,0,0,0,0,0,0.907096792539785,0,0,0,0,0,0,0,0,0,0,0,0,0.958710443694007,0,0,0,0,1.08340074459836,0,0.927244667958238,0,1.88579470830498,0,0,0,0,0,0,0,1.21864658477113,0,0,0,0,0,0,0,0,0,0.824063590163226,2.43956118661358,0,0.651700149370734,0,0,0,0
W-33,0,0,0,0,0,0,0,0,0,0,0,0,0,0,0,0,0,0,0,0,0,0,0,0,0,0,0,0,0,0,0,0,0,0,0,0,0,0,0,0,0,0,0,0,0,0,0,0,0,0,0,0,0,0
W-34,0,0,0,0,0,0,0,0,0,0,0,0,0,0,0,0,0,0,0,0,0,0,0,0,0,0,0,0,0,0,0,0,0,0,0,0,0,0,0,0,0,0,0,0,0,0,0,0,0,0,0,0,0,0
W-35,0,0,0,0,0,0,0,0,0,0,0,0,0,0,0,0,0,0,0,0,0,0,0,0,0,0,0,0,0,0,0,0,0,0,0,1.12182576823647,0,0,0,0,0,0,0,0,0,0,0,0,0,0,0,0,0,0
W-38,0,0,0,0,0,0,0,0,0,0,0,0,0,0,1.09960085430456,0,1.11610378782857,0,0,0,0,0,0,0,0,0,0,0,0,0,0,0,0,0,0,0,0,0,0,0,0,0,0,0,0,0,0,0,0,0,0,0,0,0
W-39,0,0,0,0,0,0,0,0,0,0,0,0,0,0,0,0,0,0,0,0,0,0,0,0,0,0,0,0,0,0,0,0,0,0,0,0,0,0,0,0,0,0,0,0,0,0,0,0,0,0,0,0,0,0
W-4,9.03309295076332,0.876539980272536,0,0.978530736118733,0,14.3999279830196,8.16387113285806,11.2465039651882,3.64109117296962,6.31516285622187,6.99528044926981,11.9342736201219,5.62364116019257,10.8979703670884,7.69720598013189,2.16285725883284,2.23220757565714,4.75658428529004,7.15676977256795,6.71097310585805,9.28453773642107,8.24566295541942,8.65733188844818,27.0165309125683,2.16680148919672,8.86581760591582,1.85448933591648,10.3622450267502,8.48607618737242,12.6556345889816,5.38516383066169,1.43407603414644,1.92215773959633,7.3737952892604,0.989404235784912,3.36547730470942,3.65593975431338,7.85723567303718,7.49530585140546,2.50771802379443,4.71548091280831,20.4229937917055,3.67692237183133,4.6766603289873,9.37255504001745,2.14027944313237,5.76844513114258,10.5714318086589,3.98484441290781,4.56190104559514,4.64651366275354,10.3254706505022,13.1614753038797,23.6255495020464
W-40,0,0,0,0,0,0,0,0,0,0,0,0,0,0,0,0,0,0,0,0,0,0,0,0,0,0,0,0,0,0,0,0,0,0,0,0,0,0,0,0,0,0,0,0,0,0,0,0,0,0,0,0,0,0
W-42,0,0,0,0,0,0,0,0,0,0,0,0,0,0,0,0,0,0,0,0,0,0,0,0,0,0,0,0,0,0,0,0,0,0,0,0,0,0,0,0,0,0,0,0,0,0,0,0,0,0,0,0,0,0
W-43,0,0,0,0,0,0,0,0,0,0,0,0,0,0,0,0,0,0,0,0,0,0,0,0,0,0,0,0,0,0,0,0,0,0,0,0,0,0,0,0,0,0,0,0,0,0,0,0,0,0,0,0,0,0
W-44,0,1.75307996054507,1.04306885611018,0,0,0,0,0,0,0,0.999325778467116,0,0,1.21088559634316,1.09960085430456,0,0,0,1.02239568179542,0,0,1.03070786942743,0,0,0,0,0,0,0,0,0,0,0,0,0,1.12182576823647,0,0,0,1.25385901189721,0,0,0,0,0,0,0,0.813187062204528,0,0,0,0,0,0
W-45,0,0,0,0,1.0589770556706,0.899995498938728,0.907096792539785,0,0,0,0,0,0,0,0,0,0,0,0,0,1.68809777025838,0,0,0,0,0,0.927244667958238,0,0,0,0,0,0,0,0,0,0,0,0,0,0,0,0,0,0,0,0,0,0,0,0,0,0,0
W-47,0,0,0,0,0,0,0,0,0,0,0,0,0,0,0,0,0,0,0,0,0,0,0,0,0,0,0,0,0,0,0,0,0,0,0,0,0,0,0,0,0,0,0,0,0,0,0,0,0,0,0,0,0,0
W-49,0,0,0,0,0,0,0,0,0,0,0,0,0,0,0,0,0,0,0,0,0,0,0,0,0,0,0,0,0,0,0,0,0,0,0,0,0,0,0,0,0,0,0,0,0,0,0,0,0,0,0,0,0,0
W-5,0,0,0,0,0,1.79999099787746,0,0,0,0,0,0,0,0,1.09960085430456,0,0,0,0,0,0,0,0,0,0,0,0,0,0,0,0,0,0,0,0,0,0,0,0,0,0,0,0,0,0,0,0,0,0,0,0,0,0,0
W-50,0,0,0,0,0,0,0,0,0,0,0,0,0,0,0,0,0,0,0,0,0,0,0,0,0,0,0,0,0,0,0,0,0,0,0,0,0,0,0,0,0,0,0,0,0,0,0,0,0,0,0,0,0,0
W-51,0,0,0,0,0,0,0,0,0,0,0,0,0,0,0,0,0,0,0,0,0,0,0,0,0,0,0,0,0,0,0,0,0,0,0,0,0,0,0,0,0,0,0,0,0,0,0,0,0,0,0,0,0,0
W-52,0,0,0,0,0,0,0,0,0,0,0,0,0,0,0,0,0,0,0,0,0,0,0,0,0,0,0,0,0,0,0,0,0,0,0,0,0,0,0,0,0,0,0,0,0,0,0,0,0,0,0,0,0,0
W-53,0,0,0,0,0,0,0,0,0,0,0,0,0,0,0,0,0,0,0,0,0,0,0,0,0,0,0,0,0,0,0,0,0,0,0,0,0,0,0,0,0,0,0,0,0,0,0,0,0,0,0,0,0,0
W-55,0,0,0,0,0,0,0,0,0,0,0,0,0,0,0,0,0,0,0,0,0,0,0,0,0,0,0,0,0,0,0,0,0,0,0,0,0,0,0,0,0,0,0,0,0,0,0,0,0,0,0,0,0,0
W-56,0,0,0,0,0,0.899995498938728,0,1.02240945138075,0.910272793242405,0,4.99662889233558,0,0,0,0,0,0,0,0,0.958710443694007,0,0,0,1.22802413238947,0,0,0,0,0,0,0,0,0,0,0,0,0,0,0,2.50771802379443,0,0,0,0,3.12418501333915,0,0,0,0,0,0,0,0,0.908674980847939
W-61,0,0,0,0,0,0,0,0,0,0,0,0,0,0,0,0,0,0,0,0,0,0,0,0,0,0,0,0,0,0,0,0,0,0,0,0,0,0,0,0,0,0,0,0,0,0,0,0,0,0,0,0,0,0
W-62,0,0,0,0,0,0,0,0,0,0,0,0,0,0,0,0,0,0,0,0,0,0,0,0,0,0,0,0,0,0,0,0,0,0,0,0,0,0,0,0,0,0,0,0,0,0,0,1.62637412440906,0,0,0,0,0,0
W-63,0,0,0,0,0,0,0,0,0,0,0,0,0,0,0,0,0,0,0,0,0,0,0,0,0,0,0,0,0,0,0,0,0,0,0,0,0,0,0,0,0,0,0,0,0,0,0,0,0,0,0,0,0,0
W-64,0,0,0,0,0,0,0,0,0,0,0,0,0,0,0,0,0,0,0,0,0,0,0,0,0,0,0,0,0,0,0,0,0,0,0,0,0,0,0,0,0,0,0,0,0,0,0,0,0,0,0,0,0,0
W-66,0,0,0,0,0,0,0,0,0,0,0,0,0,0,0,0,0,0,0,0,0,0,0,0,0,0,0,0,0,0,0,0,0,0,0,0,0,0,0,0,0,0,0,0,0,0,0,0,0,0,0,0,0,0
W-68,0,0,0,0,0,0,0,0,0,0,0,0,0,0,0,0,0,0,0,0,0,0,0,0,0,0,0,0,0,0,0,0,0,0,0,0,0,0,0,0,0,0,0,0,0,0,0,0,0,0,0,0,0,0
W-7,0,0,0,0,0,0,0,0,0,0,0,0,0,0,0,0,0,0,0,0,0,0,0,0,0,0,0,0,0,0,0,0,0,0,0,0,0,0,0,0,0,0,0,0,0,0,0,0,0,0,0,0,0,0
W-70,0,0,0,0,0,0,0,0,0,0,0,0,0,0,0,0,0,0,0,0,0,0,0,0,0,0,0,0,0,0,0,0,0,0,0,0,0,0,0,0,0,0,0,0,0,0,0,0,0,0,0,0,0,0
W-71,0,0,0,0,0,0,0,0,0,0,0,0,0,0,0,0,0,0,0,0,0,0,0,0,0,0,0,0,0,0,0,0,0,0,0,0,0,0,0,0,0,0,0,0,0,0,0,0,0,0,0,0,0,0
W-73,4.51654647538166,6.13577986190775,0,0.978530736118733,4.23590822268238,4.49997749469364,0.907096792539785,1.02240945138075,3.64109117296962,5.41299673390446,2.99797733540135,1.32603040223577,0,1.21088559634316,2.19920170860911,1.08142862941642,0,1.90263371411602,2.04479136359084,3.83484177477603,2.53214665538757,2.06141573885485,2.16433297211204,3.6840723971684,1.08340074459836,6.20607232414108,2.78173400387471,1.1513605585278,0.942897354152491,0,3.23109829839702,0,3.84431547919265,4.096552938478,0.989404235784912,2.24365153647295,4.87458633908451,2.35717070191115,1.66562352253455,3.76157703569164,0.943096182561662,1.94504702778147,4.90256316244177,1.87066413159492,6.2483700266783,3.21041916469855,1.64812718032645,7.31868355984075,3.98484441290781,2.60680059748294,1.85860546510142,1.47506723578603,0,5.45204988508763
W-74,0,0,0,0,0,0,0,0,0,0,0,0,0,0,0,0,0,0,0,0,0,0,0,0,0,0,0,0,0,0,0,0,0,0,0,0,0,0,0,0,0,0,0,0,0,0,0,0,0,0,0,0,0,0
W-76,0,0,0,0,0,0,0,0,0,0,0,0,0,0,0,0,0,0,0,0,0,0,0,0,0,0,0,0,0,0,0,0,0,0,0,0,0,0,0,0,0,0,0,0,0,0,0,0,0,0,0,0,0,0
W-77,0,0,0,0,0,0,0,0,0,0,0,0.663015201117883,0,0,0,1.08142862941642,0,0,0,0,0,3.09212360828228,0,0,0,0,0,1.1513605585278,0.942897354152491,0,1.07703276613234,1.43407603414644,0,0.819310587695601,0,0,0,0,0,0,0,0.972523513890737,0,0,0,0,0,0,0,0,0,0,1.09678960865664,0.908674980847939
W-78,0,0,0,0,0,0,0,0,0,0,0,0,0,0,0,0,0,0,0,0,0,0,0,0,0,0,0,0,0,0,0,0,0,0,0,0,0,0,0,0,0,0,0,0,0,0,0,0,0,0,0,0,0,0
W-79,0,0,0,1.95706147223747,0,0,0,0,0,0,0,1.32603040223577,0,0,0,0,0,0,2.04479136359084,0,0,0,0,0,0,0,0,0,0,0,0,0,0,0,0,0,0,0,0,0,0,0,0,0,0,0,0,0,0,0,0.929302732550708,0,0,0
W-8,3.61323718030533,35.938139191174,8.34455084888141,4.89265368059366,3.17693116701179,3.59998199575491,7.25677434031828,3.06722835414224,10.0130007256665,27.0649836695223,52.9642662587572,25.8575928435974,103.100087936864,16.9523983488042,103.362480304628,48.6642883237389,129.468039388114,18.0750202841021,50.0973884079757,47.9355221847003,17.725026587713,22.6755731274034,46.533158900409,15.9643137210631,27.085018614959,24.8242892965643,51.9257014056613,18.4217689364448,74.4888909780468,52.7318107874232,88.3166868228518,1.43407603414644,24.9880506147522,49.9779458494316,14.8410635367737,50.4821595706413,26.8102248649648,45.5719669036157,45.8046468697,87.770130832805,75.4476946049329,91.4172103057293,36.7692237183133,45.8312712240756,84.352995360157,21.4027944313237,53.5641333606097,43.09891429684,49.4120707200568,58.0013132939953,26.9497792439705,19.1758740652184,57.0330596501454,59.063873755116
W-82,0,0,0,0,0,0,0,0,0,0,0,0,0,0,1.09960085430456,0,0,0,0,0,0,0,0,0,0,0,0,0,0,0,0,0,0,0,0,0,0,0,0,0,0,0,0,0,0,0,0,0,0,0,0,0,0,0
W-83,0,0,0,0,0,0,0,0,0,0,0,0,0,0,0,0,0,0,0,0,0,0,0,0,0,0,0,0,0,0,0,0,0,0,0,0,0,0,0,0,0,0,0,0,0,0,0,0,0,0,0,0,0,0
W-84,0,0,0,0,0,0,0,0,0,0,0,0,0,0,0,0,0,0,0,0,0,0,0,0,0,0,0,0,0,0,0,0,0,0.819310587695601,0,0,0,0,0,0,0,0,0,0,0,0,0,0,0,0,0,0,1.09678960865664,0
W-86,0,0,0,0,0,0,0,0,0,0,0,0,0,0,0,0,0,0,0,0,0,0,0,0,0,0,0,0,0,0,0,0,0,0,0,0,0,0,0,0,0,0,0,0,0,0,0,0,0,0,0,0,0,0
W-87,0,0,0,0,0,0,0,0,0,0,0,0,0,0,0,0,0,0,0,0,0,0,0,0,0,0,0,0,0,0,0,0,0,0,0,0,0,0,0,0,0,0,0,0,0,0,0,0,0,0,0,0,0,0
W-9,0,0,0,0,0,0,0,0,0,0,0,0,0,0,0,0,0,0,0,0,0,0,0,0,0,0,0,0,0,0,0,0,0,0,0,0,0,0,0,0,0,0,0,0,0,0,0,0,0,0,0,0,0,0
W-90,0,0,0,0,0,0,0,0,0,0,0,0,0,0,0,0,0,0,0,0,0,0,0,0,0,0,0,0,0,0,0,0,0,0,0,0,0,0,0,0,0,0,0,0,0,0,0,0,0,0,0,0,0,0
W-92,0,0,0,0,0,0,0,0,0,0,0.999325778467116,0.663015201117883,0.937273526698761,0,0,1.08142862941642,0,0,0,0,0,0,1.08216648605602,0,0,0.886581760591582,0,0,0,0,1.07703276613234,0,0,0,0,0,0,0,0,0,0,0,0,0,0,0,0,0.813187062204528,0,0,0,0,0,0
W-93,0,0,0,0,0,0,0,0,0,0,0,0,0,0,0,0,0,0,0,0,0,0,0,0,0,0,0,0,0,0,0,0,0,0,0,0,0,0,0,0,0,0,0,0,0,0,0,0,0,0,0,0,0,0
W-96,0,0,0,0,0,0,0,0,0,0,0,0,0,0,0,0,0,0,0,0,0,0,0,0,0,0,0,0,0,0,0,0,0,0,0,0,0,0,0,0,0,0,0,0,0,0,0,0,0,0,0,0,0,0
W-97,0,1.75307996054507,0,2.9355922083562,2.11795411134119,0,0.907096792539785,3.06722835414224,2.73081837972721,0,0,0.663015201117883,0,0,1.09960085430456,1.08142862941642,1.11610378782857,0,0,1.91742088738801,0,1.03070786942743,1.08216648605602,0,0,0,0,0,0.942897354152491,0,4.30813106452935,0,0,1.6386211753912,1.97880847156982,0,0,20.4288127498967,26.6499763605527,0,0,0.972523513890737,1.22564079061044,0,0,1.07013972156618,0.824063590163226,0,0,1.30340029874147,0,0,0,0
W-98,0,0,0,0,0,0,0,0,0,0,0,0,0,0,0,0,0,0,0,0,0,0,0,0,0,0,0,0,0,1.05463621574846,0,0,0,0,0,0,0,0,0,0,0,0,0,0,0,0,0,0,0,0,0,0,0,0
