,SRX9690461_SRR13259899,SRX9690462_SRR13259900,SRX9690463_SRR13259901,SRX9690464_SRR13259902,SRX9690465_SRR13259903,SRX9690466_SRR13259904,SRX9690467_SRR13259905,SRX9690468_SRR13259906
1002,0,0,0,0,0,0,2.10300387749986,0
1004,0,0,0,0,0,0,0,0
1007,0,0,0,0,0,0,0,0
1008,0,0,0,0,0,0,0,0
1011,0,0,0,0,0,0,1.05150193874993,0
1012,0,0,0,0,0,0,0,0
1013,0,0,0,0,0,0,0,0
1014,0,0,0,0,0,0,0,0
1017,0,0,0,0,0,0,0,0
1023,0,0,0,0,0,0,0,0.840047247244072
1024,0,0,0,0,0,0,0,0
1025,0,0,0,0,0,0,0,0
1027,0,0,0,0,0,0,0,0
1031,0,0,0,0,0,0,0,0
1033,0,0,2.37891471506631,0,0,0,0,0
1035,0,0,0,0,0,0,0,0
1036,0,0,0,0,0,0,0,0
1041,0,0,0,0,0,0,0,0
1043,1.17727881798902,0,1.18945735753315,0.768706690806,1.84501571389187,0,2.10300387749986,0.840047247244072
1045,72.9912867153191,100.227018352852,45.1993795862598,90.707389515108,24.9077121375403,50.0866453084762,36.8025678562476,56.2831655653528
1046,0,0,0,0,0,0,0,0
1047,0,0,0,0,0,0,0,0
1048,0,0,0,0,0,0,0,0
1049,0,0,0,0,0,0,0,0
1051,0,0,0,0,0,0.945031043556156,1.05150193874993,0.840047247244072
1054,0,0,0,0,0,0,0,0
1056,0,0,0,0,0,0,0,0
1058,0,0,0,0,0,0,0,0
1060,0,0,0,0,0,0,0,0
1061,0,0,0,0,0,0,0,0
1063,0,0,0,0,0,0,0,0
1064,216.619302509979,48.5949179892614,422.257361924269,501.965469096318,133.763639257161,136.084470272086,727.639341614953,110.046189388973
1066,0,1.01239412477628,1.18945735753315,0.768706690806,0,0,1.05150193874993,0.840047247244072
1068,0,0,0,0,0,0,0,0
1069,0,0,0,0,0,0,0,0
1073,0,0,0,0,0,0,1.05150193874993,0
1074,3.53183645396705,0,0,2.306120072418,0,0,3.1545058162498,0
1075,0,0,1.18945735753315,0,0,0,6.30901163249959,0
1077,0,0,0,0,0,0,0,0
1079,0,0,0,0,0,0,0,0
1080,0,0,1.18945735753315,0,0,0,0,0
1081,0,0,0,0,0,0,0,0
1083,0,0,0,0,0,0,0,0
1084,0,0,0,0,0,0,0,0
1086,0,0,0,0,0,0,0,0
1090,0,0,0,0.768706690806,0,0.945031043556156,0,0
1091,1.17727881798902,0,0,0,0,0.945031043556156,0,0
1094,0,0,1.18945735753315,0,0.922507856945936,0,1.05150193874993,0
1096,0,0,0,0,0.922507856945936,0,0,0
1097,0,0,0,0,0,0,0,0
1098,0,0,0,0,0,0,0,0
1100,0,0,0,0,0,1.89006208711231,0,0.840047247244072
1104,2.35455763597804,0,0,0,0,0,0,0.840047247244072
1108,0,0,0,0,0,0,0,0
1109,0,0,0,0,0,0,0,0
1110,0,0,0,0,0.922507856945936,0,0,0
1111,1.17727881798902,2.02478824955256,1.18945735753315,6.149653526448,1.84501571389187,1.89006208711231,0,5.8803307307085
1112,7.06367290793411,5.0619706238814,0,13.836720434508,5.53504714167562,2.83509313066847,10.5150193874993,7.56042522519665
1113,0,0,0,0,0.922507856945936,0,1.05150193874993,0
1114,0,0,0,0.768706690806,0,0,0,1.68009449448814
1115,0,0,0,0,0,0,0,0
1116,0,0,0,0,0,0,0,0
1117,0,0,0,0,0,0,0,0
1118,1.17727881798902,0,1.18945735753315,0,1.84501571389187,0,0,0
1119,0,0,0,0,0,0,0,0
1120,0,0,0,0,0,0,1.05150193874993,0
1122,0,0,0,0,0,0,0,0
1124,0,0,0,0,0,0,0,0
1127,0,0,0,0,0,0,0,0
1128,0,0,0,3.074826763224,0.922507856945936,0,0,1.68009449448814
1130,0,0,0,0,0,0,0,0
1132,0,0,0,0,0,0,0,0
1136,0,0,0,0,0,0,0,0
1138,0,0,0,0,0,0,0,0
1143,0,0,0,0,0,0,0,0
1148,0,0,0,0,0,0,0,0
1149,0,0,0,0,0,0,0,0
1151,0,0,0,0,0,0,0,0
1153,0,0,0,0,0,0,0,0
1154,0,0,0,0,0,0,0,0
1155,0,0,0,0,0.922507856945936,0,0,0
1156,0,0,0,0,0,0,0,0
1157,0,0,0,0,0,0,0,0
1158,0,0,0,0,0,0,0,0
1159,0,0,0,0,0,0,0,0
1160,0,0,0,0,0,0,0,0
1161,0,0,0,0,0,0,0,0
1162,0,0,0,0,0,0,0,0
1163,0,0,0,0,0,0,0,0
1164,0,0,0,0,0,0,0,0.840047247244072
1166,0,0,0,0,0,0,0,0
1168,4.70911527195607,3.03718237432884,1.18945735753315,1.537413381612,0,5.67018626133693,0,4.20023623622036
1170,0,0,0,0.768706690806,0,0,0,0
1171,1.17727881798902,0,0,0,0,0,1.05150193874993,0
1174,0,0,0,0,0,0,0,0
1175,0,0,0,0,0,0,0,0
1176,0,0,0,0,0,0,0,0
1178,0,0,0,0,0,0,0,0
1179,2.35455763597804,1.01239412477628,1.18945735753315,0,0.922507856945936,2.83509313066847,16.8240310199989,0
1180,0,0,0,0,1.84501571389187,0,0,0
1182,0,0,0,0,0,0,0,0.840047247244072
1184,0,0,0,0,0,0,0,0
1186,0,0,0,0,0,0,0,0
1188,0,0,0,0,0,0,0,0
1189,0,0,0,0,0,0,0,0
1194,0,0,0,0,0,0,0,0
1196,0,0,0,0,0,0,0,0
1197,0,0,0,0,0,0,0,0
1198,0,0,0,0,0,0,0,0
1199,0,0,0,0,0,0,0,0
1200,0,0,0,0,0,0,0,0
1201,0,0,0,0,0,0,0,0
1202,0,0,0,0,0,0,0,0
1203,0,0,0,0,0,0,0,0
1205,0,0,0,0,0,0,0,0
1206,0,0,0,0,0,0,0,0
1208,0,0,0,0,0,0,0,0
1209,0,0,0,0,0,0,0,0
1210,0,0,0,0,0,0,0,0
1211,0,0,0,0,0,0,0,0
1212,0,0,0,0,0.922507856945936,0,0,0
1216,0,0,0,0,0,0,0,0
1217,0,0,0,0,0,0,0,0
1219,0,0,0,0,0,0,0,0
1220,0,0,0,0,0,0,0,0
1223,0,0,0,0,0,0,0,0
1224,0,0,0,0,0,0,0,0
1225,0,0,1.18945735753315,0.768706690806,2.76752357083781,4.72515521778078,1.05150193874993,1.68009449448814
1227,0,0,0,0,0,0,0,0
1229,0,0,0,0,0,0,0,0
1230,0,0,0,0,0,0,0,0
1233,1.17727881798902,0,0,0,0,0,0,0
1234,0,0,17.8418603629973,1.537413381612,8.30257071251343,3.78012417422462,2.10300387749986,0
1236,0,0,0,0,0,0,0,0
1237,0,0,0,0,0,0,0,0
1239,0,0,0,0,0,0,0,0
1242,0,0,0,0,0,0,0,0
1244,0,0,0,0,0,0,0,0
1245,0,0,0,0,0,0,0,0
1246,0,0,0,1.537413381612,0,0,0,0
1247,0,0,0,0,0,0,0,0
1248,0,0,0,0.768706690806,0,0,0,0.840047247244072
1249,1.17727881798902,0,0,0,0,0,0,0
1250,0,0,0,0,0,0,0,0
1251,0,1.01239412477628,0,0.768706690806,0,0,0,0
1256,0,0,0,0,0,0,0,0
1257,0,0,0,0.768706690806,0,0,0,0
1259,0,0,2.37891471506631,0,0,0,0,0
1262,0,0,0,0,0,0,1.05150193874993,0
1264,0,0,0,0,0,0.945031043556156,0,0
1265,0,0,0,0,0,0,0,0
1266,0,0,1.18945735753315,4.612240144836,1.84501571389187,0,0,0
1267,0,0,0,0,0,0,0,0
1268,0,0,0,0,0,0,1.05150193874993,0
1269,0,0,0,0,0,0,0,0
1271,0,0,0,0,0,0,0,0
1274,1.17727881798902,0,1.18945735753315,0.768706690806,0,0.945031043556156,0,0
1275,0,0,0,0,0,0,0,0
1276,0,0,0,0,0.922507856945936,0,2.10300387749986,0
1278,0,0,0,0,0,0,1.05150193874993,0
1280,0,0,0,0,0,0,0,0
1281,0,0,0,0,0,0.945031043556156,0,0.840047247244072
1284,0,1.01239412477628,0,0,0,0,0,0
1285,0,3.03718237432884,0,0.768706690806,0,0.945031043556156,0,1.68009449448814
1286,1.17727881798902,0,0,0,0,0.945031043556156,2.10300387749986,1.68009449448814
1287,0,0,0,0,0,0,0,0
1288,0,0,0,0,0,0,0,0
1290,0,0,0,0,0,0,0,0
1291,0,0,0,0,0,0,0,0
1294,0,0,0,0,0,0,0,0
1296,0,0,0,0,0,0,0,0
1298,0,0,0,0,0,0,0,0.840047247244072
1299,0,0,0,0,0,0,0,0
1300,0,0,0,0,0,0,0,0
1302,0,0,0,0,0,0,0,0
1303,0,0,0,0,0,0,0,0
1308,0,0,0,0,0,0,0,0
1309,0,0,0,0,0,0,0,0
1310,0,0,0,0,0.922507856945936,0,1.05150193874993,0.840047247244072
1313,0,1.01239412477628,1.18945735753315,0,0,0.945031043556156,3.1545058162498,0.840047247244072
1315,0,0,0,0,0,0,0,0
1316,0,0,0,0,0,1.89006208711231,0,0
1317,0,0,0,0,0,0,0,0
1321,0,0,0,0,0,0,0,0
1323,0,0,0,0,0,0,0,0
1324,0,0,0,0,0,0,0,0
1325,0,0,0,0,0,0,0,0
1329,1.17727881798902,1.01239412477628,2.37891471506631,3.074826763224,1.84501571389187,0.945031043556156,3.1545058162498,1.68009449448814
1334,0,0,0,0,0,0,0,0
1335,0,0,0,0,0,0,0,0
1336,0,0,0,0,0,0,0,0
1339,1.17727881798902,0,0,0,0,0,0,0
1342,0,0,1.18945735753315,3.074826763224,0,0,0,0
1343,0,0,1.18945735753315,0.768706690806,0,0,0,0
1347,0,0,0,0,0,0,0,0
1349,0,0,0,0,0,0,0,0
1350,0,0,0,0.768706690806,0,0,0,0
1351,0,0,0,0,0,0,0,0
1352,0,0,0,0,0,0,0,0
1356,0,0,0,0,0,0,0,0
1359,0,0,0,0,0,0,1.05150193874993,0
1362,0,0,0,0,0,0,0,0
1365,0,0,0,0,0,0,0,0
1366,0,0,0,0,0,0,0,0
1368,0,0,0,0,0,0,0,0
1370,0,0,0,0,0,0,0,0
1371,0,0,2.37891471506631,1.537413381612,1.84501571389187,5.67018626133693,0,0
1372,0,0,0,0,0,0,0,0
1374,0,0,2.37891471506631,0,0,0,0,0
1376,0,0,0,0,0,0,0,0
1378,0,0,0,0,0,0,0,0
1379,4.70911527195607,2.02478824955256,2.37891471506631,5.380946835642,4.61253928472968,3.78012417422462,4.20600775499973,1.68009449448814
1383,0,0,0,0,0,0,0,0
1385,0,0,0,0,0,0,0,0
1386,0,0,0,0,0,0,0,0
1387,0,0,0,0,0,0,0,0
1388,0,0,0,0,0,0,0,0
1389,0,0,0,0.768706690806,0,0,0,0
1390,0,0,0,0,0,0,0,0
1392,0,0,0,0,0,0,0,0
1393,0,0,0,0,0,0,0,0
1396,0,0,0,0,0,0,0,0
1398,0,0,0,0,0,0,0,0
1405,1.17727881798902,1.01239412477628,0,2.306120072418,0.922507856945936,0.945031043556156,3.1545058162498,0
1406,0,0,0,0,0,0,0,0
1407,0,0,0,0,0,0,1.05150193874993,0
1412,2.35455763597804,2.02478824955256,1.18945735753315,3.84353345403,0,0,0,0
1413,0,0,0,0,0,0,0,0
1414,0,0,0,0,0,0,0,0
1417,0,0,0,0,0,0,0,0
1419,0,0,0,0,0,0,1.05150193874993,0
1420,0,0,0,0,0,0,0,0
1422,0,0,0,0,0,0,0,0
1424,0,0,0,0,0,0,0,0
1425,0,0,0,0,0,0,0,0
1426,0,0,0,0,0,0,0,0
1427,0,0,0,0,0,0,0,0
1428,0,0,0,0,0,0,0,0
1429,0,0,0,0,0,0,0,0
1434,0,0,0,0,0,0,0,0
1435,0,0,0,0,0,0,0,0
1436,0,0,0,0,0,0,0,0
1437,0,0,0,0,0,0,0,0
1438,0,0,0,0,0,0,0,0
1439,0,0,0,0,0,0,0,0
1440,0,0,0,0,0,0,0,0
1443,0,0,0,0,0,0,0,0
1444,0,0,0,0,0,0,0,0
1445,0,0,0,0,0,0,0,0
1446,0,0,0,0,0,0,0,0
1448,0,0,0,0,0,0,0,0
1449,0,0,0,0,0,0,0,0
1450,0,2.02478824955256,0,0,0,0,0,0.840047247244072
1452,0,0,0,0,0,0,0,0
1454,0,0,0,0,0,0,0,0
1455,3.53183645396705,14.1735177468679,3.56837207259946,7.68706690806,9.22507856945936,2.83509313066847,6.30901163249959,4.20023623622036
1458,0,0,0,0,0,0,0,0
1459,0,0,0,0,0,0,0,0
1463,0,0,0,0,0,0,0,0
1464,2.35455763597804,0,0,0,0,0,1.05150193874993,0
1465,0,0,0,0,0,0,0,0
1466,0,0,0,0,0,0,0,0
1467,0,0,0,0,0,0,0,0
1472,0,0,0,0,0.922507856945936,0,0,0
1474,0,0,0,0,0,0,0,0
1475,0,0,1.18945735753315,0,0.922507856945936,0.945031043556156,4.20600775499973,0
1476,0,0,0,0,0,0.945031043556156,0,0.840047247244072
1477,0,0,0,0,0,0,0,0
1478,0,0,0,0,0,0,0,0
1481,9.41823054391214,8.09915299821023,1.18945735753315,2.306120072418,5.53504714167562,2.83509313066847,7.36051357124952,3.36018898897629
1483,0,0,0,0,0,0,0,0
1484,0,0,0,0,0,0,0,0
1488,0,0,0,0,0,0,0,0
1489,0,0,0,0,0,0,0,0.840047247244072
1491,0,0,0,0,0,0,0,0
1493,4.70911527195607,0,2.37891471506631,1.537413381612,0,0,4.20600775499973,0
1494,0,0,4.75782943013261,0,0.922507856945936,0,2.10300387749986,0
1495,1.17727881798902,1.01239412477628,73.7463561670555,2.306120072418,4.61253928472968,0.945031043556156,15.772529081249,0
1496,0,0,0,0,0,0,0,0
1497,0,0,0,0,0,0,0,0
1500,0,0,0,0,0,0,1.05150193874993,0
1501,0,0,0,0,0,0,0,0
1503,0,0,0,0,0,0,0,0
1505,0,0,0,0,0,0,0,0
1506,0,0,0,0,0,0,0,0
1507,0,0,0,0,0,0,0,0
1508,0,0,0,0,0,0,0,0
1509,0,0,0,0,0,0,0,0
1510,0,0,0,0,0,0,0,0
1513,0,0,0,0,0,0,0,0
1514,0,0,0,0,0,0,1.05150193874993,0
1516,0,0,0,0,0,0.945031043556156,0,0
1518,0,0,0,0,0,0,0,0
1519,0,0,0,0,0,0,0,0
1520,0,0,10.7051162177984,9.224480289672,2.76752357083781,0.945031043556156,1.05150193874993,0
1523,0,1.01239412477628,0,0,0,0,0,0
1527,0,0,0,0,0,0,1.05150193874993,0
1528,0,0,0,0,0,0,0,0
1531,0,0,0,0,0,0,0,0
1532,0,0,0,0,0,0,0,0
1535,0,0,0,0,0,0,0,0
1536,0,0,0,0,0,0,0,0
1537,0,0,0,0,0,0,0,0.840047247244072
1538,0,0,0,0,0,0,0,0
1539,0,0,0,0,0,0,0,0
1542,0,0,0,0,0,0,0,0
1543,0,0,32.1153486533951,3.074826763224,11.0700942833512,2.83509313066847,9.46351744874939,2.52014174173222
1544,0,0,0,0,0,0,0,0
1545,0,0,0,0,0,0,0,0
1549,0,0,0,0,0,0,0,0
1550,0,0,0,0,0,0,0,0
1552,0,0,0,0,0,0,0,0
1553,0,0,0,0,0,0,0,0
1555,0,0,0,0,0,0,0,0
1556,0,0,0,0,1.84501571389187,0,0,0
1557,0,0,0,0,0,0.945031043556156,0,0
1559,0,0,0,0,0,0,0,0
1561,0,0,0,0,0.922507856945936,0,0,0
1563,0,0,0,0,0,0,0,0
1566,0,0,0,0,0,0,0,0
1568,0,0,0,0,0,0,0,0
1570,0,0,0,0,0,0,0,0
1574,0,0,0,0,0,0,0,0
1575,0,0,0,0,0,0,0,0
1576,0,0,0,0,0,0,0,0
1577,0,0,2.37891471506631,0,0,0,0,0
1579,0,0,0,0,0,0,0,0
1580,0,0,0,0,0,0,0,0
1584,0,0,0,0,0,0,0,0
1588,0,0,0,0,0,0,0,0
1589,0,0,0,0,0,0,1.05150193874993,0
1590,0,0,0,0,0,0,0,0
1591,0,0,0,0,0,0,0,0
1592,0,0,0,0,0,0,0,0
1593,0,0,0,0,0,0,0,0.840047247244072
1594,0,0,0,0,0,0,0,0
1595,0,0,0,0,0,0,0,0
1596,0,0,0,0,0,0,0,0
1598,0,0,0,0,0,0,0,0
1599,0,0,0,0,0,0,0,0
1600,0,0,0,0,0,0,0,0
1601,0,0,0,0,0,0,0,0
1602,0,0,0,0,0,0,0,0
1603,0,0,0,0,0,0,0,0
1605,0,0,0,0,0,0,0,0
1606,0,0,0,0,0,0,0,0
1610,0,0,0,0,0,0,0,0
1613,0,0,0,0,0,0,0,0
1615,0,0,0,0,0,0,0,0
1617,0,0,0,0,0,0,0,0
1619,0,0,0,0,0,0,0,0
1620,0,0,0,0,0,0,0,0
1621,0,0,0,0,0,0,0,0
1622,1.17727881798902,0,0,0,0,0.945031043556156,0,0
1624,0,0,0,0,0,0,0,0
1627,0,0,0,0,0,0,0,0
1629,0,0,0,0,0,0,0,0
1632,0,0,0,0,0,0,0,0
1637,0,0,0,2.306120072418,0,0,1.05150193874993,0.840047247244072
1638,4.70911527195607,6.07436474865768,0,0.768706690806,0.922507856945936,0,1.05150193874993,1.68009449448814
1639,0,0,0,0,1.84501571389187,0,0,0.840047247244072
1641,0,0,0,0,0,0,0,0
1643,8.24095172592313,3.03718237432884,3.56837207259946,1.537413381612,2.76752357083781,0,0,0.840047247244072
1645,0,0,0,0,0,0,1.05150193874993,0
1646,1.17727881798902,0,1.18945735753315,0,0,0.945031043556156,1.05150193874993,0.840047247244072
1647,0,0,2.37891471506631,0,0,0,0,0
1648,0,0,0,0,0,0,0,0
1650,0,0,0,0,0,0,0,0
1653,0,0,1.18945735753315,0,0.922507856945936,0,0,0
1654,0,0,7.13674414519892,3.84353345403,0,2.83509313066847,6.30901163249959,1.68009449448814
1658,0,0,0,0,0,0,0,0
1659,0,0,0,0,0,0,0,0
1661,0,0,0,0,0,0,0,0
1662,0,0,0,0,0,0,0,0
1663,0,0,0,0,0,0,0,0
1664,0,0,0,0,0,0,1.05150193874993,0
1665,0,0,0,0,0,0,0,0
1667,0,0,0,0,0,0,0,0
1669,0,0,0,0,0,0,0,0
1672,0,0,0,0,0,0,0,0
1673,0,0,0,0,0,0,0,0
1675,0,0,0,0,0,0,0,0
1676,0,0,0,0.768706690806,0,0,0,0
1678,0,0,0,0,0,0,0,0
1679,0,1.01239412477628,0,0.768706690806,0.922507856945936,1.89006208711231,1.05150193874993,0.840047247244072
1680,0,0,0,0,0,0,0,0
1685,0,0,0,0,0.922507856945936,0,0,0
1687,0,0,0,0,0,0,0,0
1688,0,0,0,0,0,0,0,0
1690,0,0,0,0.768706690806,0,0,0,0
1691,0,0,0,0,0,0,0,0
1692,0,0,0,0,0,0,0,0
1693,0,0,0,0,0,0,0,0
1696,0,0,0,0,0,0,0,0
1698,0,0,0,0,0,0,0,0
1702,0,0,0,0,0,0,0,0
1703,0,0,0,0,0,0,0,0
1708,0,0,0,0,0,0,0,0
1710,0,0,0,0,0,0,0,0
1711,0,0,0,0,0,0,0,0
1712,0,0,0,0,1.84501571389187,0,0,0
1716,0,0,0,0,0,1.89006208711231,0,0
1717,0,0,0,0,0,0,0,0
1718,0,0,0,0,0,0,0,0
1719,0,2.02478824955256,0,0,0.922507856945936,0,0,0.840047247244072
1720,0,0,2.37891471506631,0.768706690806,0.922507856945936,0.945031043556156,1.05150193874993,0
1721,0,0,0,0.768706690806,0,0.945031043556156,0,0
1722,0,0,0,0,0,0,0,0
1723,0,0,0,0,0,0,0,0
1724,0,0,0,0,0,0,0,0
1725,1.17727881798902,0,1.18945735753315,1.537413381612,4.61253928472968,0,0,0
1727,0,0,0,0,0,0,0,0
1728,0,0,1.18945735753315,0,1.84501571389187,0,0,0
1729,0,0,0,0,0,0,0,0
1731,0,0,0,0,0,0,0,0
1734,0,0,0,0,0,0,0,0
1735,0,0,0,0,0,0,0,0
1737,0,0,3.56837207259946,0.768706690806,0,0,0,0
1739,0,0,0,0,0,0,0,0
1740,1.17727881798902,0,3.56837207259946,5.380946835642,1.84501571389187,0.945031043556156,0,2.52014174173222
1741,0,0,0,0,0,0,0,0
1742,2.35455763597804,1.01239412477628,2.37891471506631,2.306120072418,0.922507856945936,2.83509313066847,3.1545058162498,0.840047247244072
1744,0,0,0,0,0,0,0,0.840047247244072
1745,15.3046246338572,29.3594296185121,7.13674414519892,19.986373960956,13.837617854189,14.1754656533423,18.9270348974988,36.1220316314951
1746,0,0,0,0,0,0,0,0
1747,0,0,0,0,0,0,2.10300387749986,0
1748,0,0,0,0,0,0,0,0
1749,0,1.01239412477628,0,0.768706690806,0.922507856945936,0.945031043556156,0,0
1753,0,0,0,0,0,0,0,0.840047247244072
1756,0,0,0,0,0,0,0,0
1757,0,0,0,0,0,0,0,0
1758,1.17727881798902,0,0,0.768706690806,0,0.945031043556156,0,0.840047247244072
1759,0,0,0,0,0,0,0,0
1761,0,0,0,0,0,0,0,0
1763,0,0,0,0,0,0,0,0
1764,0,0,0,0,0,0,0,0
1766,0,0,0,0,0,0,0,0
1767,0,0,0,0,0,1.89006208711231,0,0
1768,0,0,0,0,0,0,0,0
1770,0,0,0,0,0,0,0,0
1773,0,0,0,0,0,0,0,0
1774,0,0,0,0,0,0,0,0
1778,0,0,0,0,0,0,0,0
1779,0,0,0,0,0,0,0,0
1782,0,0,0,0,0,0,0,0
1783,0,0,0,0,0,0,0,0
1785,0,0,0,0,0,0,0,0
1788,0,0,0,0,0,0,0,0
1790,0,0,0,0,0,0,0,0
1791,0,0,0,0,0,0,0,0
1793,0,0,0,0,0,0,0,0
1795,0,0,0,0,1.84501571389187,0,0,0
1797,3.53183645396705,0,0,0,2.76752357083781,0,0,0
1798,0,0,0,0,0,0,0,0
1799,0,0,0,0,0,0,0,0
1805,0,0,0,0,0,0,0,0
1806,0,0,0,0,0,0,0,0
1811,0,0,0,0,0,0,0,0
1812,0,0,0,0,0,0,0,0
1813,0,0,0,0,0,0,0,0
1814,0,0,0,0,0,0,0,0
1818,0,0,0,0,0,0,0,0
1822,0,0,0,0,0,0,0,0
1823,0,0,0,0,0,0,0,0
1824,1.17727881798902,5.0619706238814,2.37891471506631,5.380946835642,4.61253928472968,4.72515521778078,2.10300387749986,2.52014174173222
1827,0,0,0,0,0,0,0,0
1829,0,0,0,0,0,0,0,0
1830,0,0,0,0,0,0,0,0
1831,0,0,0,0,0,0,0,0
1832,0,0,0,0,0,0,0,0
1834,0,0,0,0,0,0,0,0
1841,0,0,0,0.768706690806,0,0,0,0
1842,0,0,0,0,0.922507856945936,1.89006208711231,0,0
1844,0,0,0,0,0,0,0,0
1846,0,0,0,0,0,0,0,0
1847,0,0,0,0,0,0,0,0
1849,0,0,0,0,0,0,0,0
1850,1.17727881798902,1.01239412477628,0,0,0,0.945031043556156,0,0
1852,0,0,0,0,0,0,0,0
1855,1.17727881798902,0,0,0,0,0,0,0
1864,0,0,0,0,0,0,0,0
1866,0,0,0,0,0,0,0,0
1870,34.1410857216815,6.07436474865768,385.384183840742,18.448960579344,1.84501571389187,3.78012417422462,2.10300387749986,0
1872,0,0,0,0,0.922507856945936,0,0,0
1874,14.1273458158682,2.02478824955256,129.650851971114,5.380946835642,19.3726649958647,8.5052793920054,30.493556223748,16.8009449448814
1875,0,0,0,0,0,0,0,0
1876,0,0,0,0,0,0,0,0.840047247244072
1878,18.8364610878243,22.2726707450781,9.51565886026523,25.367320796598,10.1475864264053,11.3403725226739,18.9270348974988,19.3210866866137
1879,9.41823054391214,7.08675887343396,15.462945647931,8.455773598866,13.837617854189,3.78012417422462,7.36051357124952,3.36018898897629
1881,0,0,0,0,0,0,0,0
1882,1.17727881798902,0,0,0,0,0.945031043556156,10.5150193874993,0
1884,0,0,0,0,0,0,0,0
1885,7.06367290793411,12.1487294973154,4.75782943013261,6.918360217254,2.76752357083781,17.0105587840108,9.46351744874939,5.8803307307085
1889,0,0,0,0,0,0,0,0
1891,0,0,0,0,0,0,0,0
1892,0,5.0619706238814,0,1.537413381612,0,0,2.10300387749986,2.52014174173222
1894,0,0,0,0,0,0.945031043556156,0,0
1896,0,0,0,0,0,0,2.10300387749986,0
1899,0,0,0,0,0,0,0,0
1901,0,0,0,0,0,0,0,0
1903,0,0,0,0,0,0,0,0
1905,0,0,0,0,0,0,0,0
1906,0,0,0,0,0,0,1.05150193874993,0
1908,0,0,0,0,0,0,0,0
1909,0,0,0,0,0,0,0,0
1912,0,0,0,0,0,0,0,0.840047247244072
1914,0,0,0,0,0,0,0,0
1916,0,0,0,0,0,0,0,0
1918,0,0,0,0,0,0,0,0
1921,0,0,4.75782943013261,0,1.84501571389187,0,3.1545058162498,0
1922,0,1.01239412477628,0,0,0,0,0,0
1924,0,0,0,0,0,0,0,0
1925,0,0,0,0,0,0,0,0
1926,0,0,0,0,0,0,0,0
1928,0,0,0,0,0,0,0,0
1932,0,1.01239412477628,0,0,0,0.945031043556156,0,0
1936,0,0,1.18945735753315,1.537413381612,0,0,0,0
1937,0,0,0,0,0,0,0,0
1939,0,1.01239412477628,0,0,0,0,0,0
1942,0,0,0,0,0,0,0,0
1944,0,0,0,0,0,0,0,0
1945,75.3458443512972,59.7312533618005,13.0840309328647,48.428521520778,49.8154242750806,26.4608692195724,39.9570736724974,40.3222678677154
1946,0,0,0,0,0,0,0,0
1947,0,0,0,0,0,0,0,0
1948,0,0,0,0,0,0,0,0
1950,0,0,0,0,0,0,0,0
1951,0,0,0,0,0,0,0,0
1953,0,0,0,0,0,0,0,0
1954,0,0,0,0,0,0,0,0
1959,0,0,0,0,0,0,0,0
1960,1.17727881798902,0,0,0,0.922507856945936,0,0,0
1961,0,0,0,0,0,0,0,0
1962,1.17727881798902,0,2.37891471506631,0.768706690806,0.922507856945936,1.89006208711231,0,0
1964,0,0,0,0,0,0,0,0
1968,0,1.01239412477628,0,0.768706690806,0,0,0,0
1972,0,0,0,0,0,0,0,0
1973,0,0,0,0,0,0,1.05150193874993,0
1975,0,0,0,0.768706690806,0,0,0,0
1976,0,0,0,0,0,0,0,0
1978,0,0,0,0,0,0,0,0
1979,0,0,0,0,0,0,0,0
1981,0,0,0,0.768706690806,0,0,0,0.840047247244072
1982,10.5955093619012,0,5.94728678766577,8.455773598866,0.922507856945936,3.78012417422462,10.5150193874993,6.72037797795257
1988,0,0,0,0,0,0,0,0
1989,0,0,0,0,0,0,0,0
1992,0,0,0,0,0,0,1.05150193874993,0
1994,0,0,0,0,0,0,0,0
1995,0,0,1.18945735753315,0,0,0,0,0
1997,0,0,0,0.768706690806,0,0,0,0
1999,1.17727881798902,0,0,0,0,0,0,0
2000,0,0,4.75782943013261,3.074826763224,0.922507856945936,0,0,0
2003,1.17727881798902,0,0,0,0,0,0,0
2006,0,0,0,0,0,0,0,0
2007,0,0,0,0,0,0,0,0
2010,0,0,0,0,0,0,0,0
2012,0,0,0,0,0,0,0,0
2013,0,0,0,0,0,0,0,0
2014,0,0,0,0.768706690806,0,0,0,0
2015,1.17727881798902,2.02478824955256,0,0,1.84501571389187,0,0,0
2017,0,0,0,0,0,0,0,0
2019,0,1.01239412477628,9.51565886026523,0,0.922507856945936,3.78012417422462,13.6695252037491,3.36018898897629
2022,1.17727881798902,0,0,1.537413381612,1.84501571389187,0.945031043556156,3.1545058162498,1.68009449448814
2026,0,0,0,0,0,0,0,0
2029,0,4.04957649910512,0,0,0,0,0,0
2030,2.35455763597804,3.03718237432884,2.37891471506631,5.380946835642,4.61253928472968,2.83509313066847,2.10300387749986,5.04028348346443
2031,0,0,0,0,0,0,0,0
2033,0,0,0,0,0,0,1.05150193874993,0
2035,0,0,0,0,0,0,0,0
2038,0,0,0,0,0,0,0,0
2039,0,0,2.37891471506631,1.537413381612,0,0,0,0
2042,1.17727881798902,0,0,0,0,0,0,0
2043,0,0,0,0,0,0,0,0
2044,0,0,0,0,0,0,0,0
2045,0,0,0,0,0,0,0,0
2046,0,0,0,0,0,0,0,0
2048,0,0,0,0,0,0,0,0
2049,0,1.01239412477628,0,0,0,0,0,0
2054,0,0,0,0,0,0,0,0
2055,3.53183645396705,2.02478824955256,3.56837207259946,2.306120072418,0.922507856945936,2.83509313066847,8.41201550999945,1.68009449448814
2059,0,0,0,0,0,0,2.10300387749986,0
2061,0,0,0,0.768706690806,0,0,0,0
2063,0,0,0,0,0,0,0,0
2064,0,0,0,0,0,0,0,0
2065,0,1.01239412477628,0,0,0,0,1.05150193874993,0.840047247244072
2070,0,0,0,0,0,0,0,0
2074,0,0,0,0,0,0,0,0
2076,1.17727881798902,0,0,0,0,0,0,0
2077,0,0,0,0,0,0,0,0
2078,1.17727881798902,2.02478824955256,1.18945735753315,3.84353345403,0,3.78012417422462,11.5665213262492,0.840047247244072
2080,1.17727881798902,0,2.37891471506631,0,1.84501571389187,0,4.20600775499973,1.68009449448814
2081,1.17727881798902,0,0,0,0,0,1.05150193874993,0
2082,0,0,0,0,0,0,0,0
2083,0,1.01239412477628,0,0,0,0,0,0
2084,0,0,0,0,0,0,0,0
2086,1.17727881798902,0,0,0,0,0,1.05150193874993,0
2089,0,0,2.37891471506631,0,0,0,0,0
2090,0,0,0,0,0,0,0,0
2091,0,0,0,0,0,0,0,0
2092,0,0,0,0,2.76752357083781,0.945031043556156,1.05150193874993,0
2093,0,0,0,0,0,0,0,0
2094,0,0,0,0,0,0,1.05150193874993,0
2095,15.3046246338572,9.11154712298651,19.0313177205305,6.149653526448,10.1475864264053,7.56024834844925,9.46351744874939,5.04028348346443
2098,1.17727881798902,2.02478824955256,0,0,0,0,0,0
2100,0,0,0,0,0,0,0,0
2101,5.88639408994509,0,1.18945735753315,0,0.922507856945936,0.945031043556156,0,0
2104,0,0,0,0,0,0,0,0
2107,0,0,0,0,0,0,0,0
2108,1.17727881798902,3.03718237432884,83.2620150273207,49.197228211584,28.597743565324,12.28540356623,3.1545058162498,1.68009449448814
2112,0,0,0,0,0,0,0,0
2113,0,0,0,0,0,0,0,0
2115,0,0,0,0,0,0,0,0
2116,0,0,0,0,0,0,0,0
2118,0,0,0,0,0,0,0,0
2119,0,0,0,0,0,0,0,0
2120,0,0,0,0,0,0,0,0
2121,0,0,0,0,0,0,0,0
2122,0,3.03718237432884,1.18945735753315,1.537413381612,0,0.945031043556156,0,0
2123,2.35455763597804,1.01239412477628,0,2.306120072418,1.84501571389187,1.89006208711231,0,0
2124,56.5093832634729,0,121.324650468382,43.816281375942,66.4205657001074,9.45031043556156,60.987112447496,12.6007087086611
2126,0,1.01239412477628,0,0,0,0,0,0
2128,0,0,0,0,0,0,0,0
2129,0,0,0,0,0,0.945031043556156,0,0
2134,0,0,0,0,0,0,0,0
2135,0,0,0,0,0,0,0,0
2136,0,0,0,0,0,0,0,0
2137,0,0,0,0,0,0,0,0
2139,0,0,0,0,0,0,0,0
2140,0,0,0,0,0,0,0,0
2144,1.17727881798902,0,0,0,0,0,0,0
2151,0,0,0,0,0,0,0,0
2152,8.24095172592313,1.01239412477628,1.18945735753315,7.68706690806,0.922507856945936,5.67018626133693,4.20600775499973,6.72037797795257
2153,0,0,0,0,0,0,0,0
2156,0,0,0,0.768706690806,0,0,0,0
2157,0,0,0,0,0,0,0,0
2159,0,0,0,0,0,0,0,0
2160,0,0,0,0,0,0,0,0
2161,0,0,0,0,0,0,0,0
2162,0,0,0,0,0,0,1.05150193874993,0
2164,0,0,0,0,0,0,0,0
2166,0,0,0,0,0,0,0,0
2167,0,0,0,0.768706690806,0,0,0,0
2169,0,0,0,0,0,0,0,0
2170,0,0,3.56837207259946,1.537413381612,1.84501571389187,0,2.10300387749986,1.68009449448814
2171,2.35455763597804,5.0619706238814,0,0.768706690806,4.61253928472968,1.89006208711231,3.1545058162498,0
2172,0,0,1.18945735753315,0,0,0,0,0
2174,0,0,0,0,0,0,0,0
2175,0,0,0,0,0,0,0,0
2177,0,0,0,0,0,0,0,0
2180,0,0,0,0,0,0,0,0
2181,0,0,0,0,0,0,0,0
2184,0,0,0,0,0,0,0,0
2187,0,0,0,0,0,0,0,0
2188,0,0,0,0,0,0,0,0
2192,0,0,0,0,0,0,0,0
2193,0,0,0,0,0,0,0,0
2194,0,0,0,0,0,0,0,0
2196,0,0,1.18945735753315,0,0,0,0,0
2199,0,0,0,0,0,0,0,0
2201,0,0,0,0,0,0,0,0
2204,0,0,0,0,0,0,0,0
2208,0,0,0,0,0,0,0,0
2209,0,0,0,0,0,0,0,0
2211,0,0,0,0,0,0,0,0
2212,0,0,0,0,0,0,0,0
2213,0,0,0,0.768706690806,0.922507856945936,2.83509313066847,0,0
2216,0,0,0,0,0,0,0,0
2218,0,0,4.75782943013261,0,0,0,0,0
2219,0,0,0,0,0,0.945031043556156,0,0
2223,0,0,0,0,0,0,0,0
2224,0,0,0,0.768706690806,1.84501571389187,0,0,0
2225,0,0,0,0,0,0,0,0
2226,0,0,0,0,0,0,0,0
2228,1.17727881798902,0,0,0,0,0,0,0
2230,0,0,0,0,0.922507856945936,0,0,0
2232,0,0,0,0,0,0,0,0
2240,0,0,0,0,0,0,0,0
2242,0,0,0,0,0,0,0,0
2248,0,0,0,0,0,0,0,0
2249,0,0,0,0,0,0,0,0
2251,0,0,0,0,0,0,1.05150193874993,0
2255,0,0,0,0,1.84501571389187,0.945031043556156,0,0
2256,0,0,0,0,0,0,0,0
2259,0,0,0,0,0,0,0,0
2261,0,0,0,0,0,0,0,0
2262,0,0,0,0,0,0.945031043556156,2.10300387749986,0
2263,0,0,0,0,0,0,0,0
2266,0,0,0,0,0,0,0,0
2267,0,0,0,0,0,0,0,0
2268,0,0,0,0,0,0,0,0
2269,0,0,0,0,0,0,0,0
2272,0,0,0,0,0,0,0,0
2273,0,0,0,0,0,0,0,0
2275,0,0,0,0,0,0,0,0
2276,0,0,5.94728678766577,0,0,0.945031043556156,0,0.840047247244072
2277,0,0,0,0,0,0,0,0
2282,0,0,0,0,0,0,0,0
2284,0,0,0,0,0,0,0,0
2285,0,0,0,0.768706690806,0.922507856945936,0,0,2.52014174173222
2287,0,1.01239412477628,0,6.149653526448,0.922507856945936,2.83509313066847,0,3.36018898897629
2288,0,1.01239412477628,0,0,1.84501571389187,0,0,0
2289,0,0,0,0,0,0,0,0
2292,0,0,0,0,0,0,0,0
2294,0,0,0,0,0.922507856945936,0,0,0
2295,0,0,3.56837207259946,1.537413381612,0,0,1.05150193874993,0
2296,0,0,2.37891471506631,0,0,0,1.05150193874993,0
2297,0,1.01239412477628,0,0,0,3.78012417422462,0,0
2298,0,0,0,0,0,0,0,0
2301,0,0,0,0,0,0,0,0
2303,1.17727881798902,1.01239412477628,0,0,2.76752357083781,0,0,0.840047247244072
2305,0,0,0,0,0,0,0,0
2306,0,0,0,0,0,0,0,0
2307,0,0,0,0,0,0,0,0
2310,0,0,0,0,1.84501571389187,0,0,0
2312,0,0,0,0,0,0,0,0
2313,0,0,0,1.537413381612,2.76752357083781,1.89006208711231,1.05150193874993,1.68009449448814
2314,0,0,0,0,0,0,0,0
2315,0,0,0,0,0,0,0,0
2317,0,0,0,0,0,0,0,0
2318,7.06367290793411,1.01239412477628,9.51565886026523,4.612240144836,2.76752357083781,6.61521730489309,1.05150193874993,0
2319,0,0,0,0,0,0,1.05150193874993,1.68009449448814
2320,0,0,0,0,0,0,0,0
2321,0,0,0,0,0,0,0,0
2322,0,0,0,0,0,0,0,0
2323,0,0,0,0,0,0,0,0
2324,0,0,0,0,0,0,0,0
2325,0,0,0,0,0,0,0,0
2328,1.17727881798902,1.01239412477628,0,2.306120072418,6.45755499862155,0,3.1545058162498,0.840047247244072
2329,0,0,0,0,0,0,0,0
2331,1.17727881798902,0,1.18945735753315,0,0,0.945031043556156,1.05150193874993,0
2334,0,0,0,0,0,0,0,0
2337,0,0,0,0,0.922507856945936,2.83509313066847,0,0.840047247244072
2338,0,1.01239412477628,0,0,0,0,0,0
2339,0,0,1.18945735753315,0,0,0.945031043556156,1.05150193874993,0
2340,0,0,0,0,0,0,1.05150193874993,0
2342,0,0,0,0.768706690806,0,0,0,0
2344,0,0,0,0,0,0,0,0
2345,0,0,0,0,0,0,0,0
2346,0,0,1.18945735753315,0,0,0,0,0
2348,0,0,3.56837207259946,1.537413381612,0,0,1.05150193874993,0
2349,0,0,1.18945735753315,0,0,0,0,0
2350,0,0,0,0,0,1.89006208711231,0,0
2352,0,0,0,0,0,0,0,0
2353,0,0,0,0,0,0,0,0
2356,0,0,0,0,0,0,0,0
2357,0,0,0,0,0,0,0,0
2358,0,0,0,0,0,0,0,0
2359,0,0,0,0,0,0,0,0
2360,0,0,1.18945735753315,0.768706690806,0,0.945031043556156,0,0
2365,0,0,4.75782943013261,0,0.922507856945936,0.945031043556156,0,0
2366,0,0,0,0,0,0,0,0
2368,0,0,0,0,0,0,0,0
2370,0,0,1.18945735753315,0,1.84501571389187,0.945031043556156,0,0
2371,5.88639408994509,2.02478824955256,8.32620150273207,8.455773598866,3.69003142778375,1.89006208711231,4.20600775499973,1.68009449448814
2372,0,1.01239412477628,21.4102324355968,3.074826763224,0.922507856945936,3.78012417422462,6.30901163249959,2.52014174173222
2373,0,0,27.3575192232625,8.455773598866,0,5.67018626133693,2.10300387749986,5.04028348346443
2375,0,0,0,0,0,0,0,0
2377,0,0,0,0.768706690806,0.922507856945936,0,0,0
2378,0,0,0,0,0,0,0,0
2380,0,0,0,0,0,0,0,0
2381,0,0,0,0,0,0,0,0
2382,0,0,0,0,0.922507856945936,0,1.05150193874993,0
2383,0,0,0,0,0,0,0,0
2384,15.3046246338572,14.1735177468679,24.9786045081962,23.829907414986,13.837617854189,14.1754656533423,16.8240310199989,16.8009449448814
2386,1.17727881798902,0,3.56837207259946,0,0.922507856945936,0.945031043556156,2.10300387749986,0
2387,0,1.01239412477628,0,0,0.922507856945936,0,0,0
2388,0,0,0,0.768706690806,0,0,0,0
2390,0,0,0,0,0,0,0,0
2393,0,0,0,0,0,0,1.05150193874993,0
2394,0,0,0,0,0,0,0,0
2395,0,0,0,0,0,0,0,0
2396,0,0,0,0,0,0,1.05150193874993,0
2399,0,0,0,0,0,0,0,0
2400,0,0,0,0,0,0,0,0
2405,0,0,0,0,0,0,0,0
2407,0,0,0,0,0,0,0,0.840047247244072
2409,44.7365950835827,84.0287123564312,29.7364339383288,64.571362027704,61.8080264153777,70.8773282667117,41.0085756112473,28.5616064062984
2411,0,0,0,0,0,0,0,0
2413,0,0,0,0,0,0,0,0
2415,2.35455763597804,1.01239412477628,1.18945735753315,0.768706690806,0,0,0,0
2416,0,0,0,0,0,0,1.05150193874993,0
2417,0,0,0,0,0,0,0,0
2419,0,0,0,0,0,0,0,0
2420,0,0,1.18945735753315,1.537413381612,1.84501571389187,0,1.05150193874993,0
2421,0,0,0,0,0,0,0,0
2424,0,0,1.18945735753315,0,0,0,0,0
2425,0,0,0,1.537413381612,0,0,0,0
2427,0,0,0,0,0,0,0,0
2428,0,0,0,0,0,0,0,0
2432,0,0,0,0,0,0,0,0
2433,1.17727881798902,0,0,0,0,0,0,0
2434,0,0,0,0,0,0,0,0
2435,0,0,0,0,0,0,0,0
2436,0,0,0,0,0,0,0,0
2437,0,0,0,0,0,0,0,0
2439,0,0,0,0,0,0,0,0
2440,0,1.01239412477628,0,0,0,0,0,0
2441,0,0,0,0,0,0,0,0
2443,0,0,0,0,0,0,0,0
2444,0,0,0,0,0,0,0,0
2445,0,0,0,0,0,0,1.05150193874993,0.840047247244072
2446,0,0,2.37891471506631,0.768706690806,2.76752357083781,0.945031043556156,0,0
2448,0,0,0,0,0,0,0,0
2449,11.7727881798902,12.1487294973154,17.8418603629973,19.986373960956,13.837617854189,21.7357140017916,27.3390504074982,53.7630238236206
2450,0,0,0,0,0,0,0,0
2452,0,0,0,0,0.922507856945936,0,1.05150193874993,0.840047247244072
2453,104.777814801023,93.1402594794177,147.492712334111,202.938566372784,100.553356407107,96.3931664427279,49.4205911212468,88.2049609606275
2454,0,0,0,0,0,0,1.05150193874993,0
2457,2.35455763597804,0,1.18945735753315,0.768706690806,1.84501571389187,1.89006208711231,2.10300387749986,0
2458,0,0,0,0.768706690806,0,0,0,0
2459,0,1.01239412477628,0,0,0.922507856945936,0.945031043556156,0,0
2463,0,0,0,0,0,0.945031043556156,0,0
2466,0,0,1.18945735753315,0,0.922507856945936,0,1.05150193874993,1.68009449448814
2468,0,0,0,0,0,0,0,0
2469,0,0,0,0,0,0,0,0
2471,1.17727881798902,4.04957649910512,0,0,0,0,0,2.52014174173222
2472,0,0,0,0,0,0,0,0
2474,0,0,0,0,0,0,0,1.68009449448814
2476,0,0,0,0,0,0,0,0
2477,0,0,0,0.768706690806,0,0,1.05150193874993,0
2480,0,0,0,0,0,0,0,0
2482,0,0,0,0,0,0,0,0
2483,0,0,0,0,0,0,0,0
2487,0,0,0,0,0,0,1.05150193874993,0
2489,0,0,0,0,0,0,0,0
2492,0,0,0,0,0,0,0,0
2495,0,0,0,0,0,0,3.1545058162498,0
2496,0,0,0,0,0,0,0,0
2498,0,0,0,0,0,0,0,0
2500,0,0,0,0,0,0,0,0
2501,0,0,0,0,0,0,0,0
2518,7.06367290793411,8.09915299821023,24.9786045081962,24.598614105792,14.760125711135,8.5052793920054,18.9270348974988,4.20023623622036
2519,0,0,0,0,0,0,0,0
2522,0,0,0,0,0,0,0,0
2523,0,0,0,0,0,0,0,0
2525,0,0,3.56837207259946,0,0.922507856945936,0,0,0
2533,0,0,0,0,0,0,0,0
2534,5.88639408994509,16.1983059964205,17.8418603629973,2.306120072418,3.69003142778375,4.72515521778078,9.46351744874939,4.20023623622036
2542,0,0,0,0,0,0,0,0
2543,0,0,0,0,0,0,0,0
2547,0,0,0,0,0,0,0,0
2548,0,0,0,0,0,0,0,0
2550,5.88639408994509,7.08675887343396,7.13674414519892,4.612240144836,0.922507856945936,0.945031043556156,0,0.840047247244072
2552,0,0,0,0,0,0,0,0
2554,1.17727881798902,0,0,3.84353345403,0,0,0,0
2565,0,0,0,0,0,0,0,0
2566,0,0,0,0.768706690806,0,0,0,0
2568,0,0,0,0,0,0,0,0
2574,20.0137399058133,35.4337943671698,2.37891471506631,36.129214467882,9.22507856945936,22.6807450453477,16.8240310199989,15.1208504503933
2577,5.88639408994509,4.04957649910512,2.37891471506631,2.306120072418,0.922507856945936,0,2.10300387749986,0
2579,0,0,4.75782943013261,4.612240144836,1.84501571389187,1.89006208711231,1.05150193874993,0
2580,0,0,0,0,0.922507856945936,0,0,0
2581,96.5368630750995,58.7188592370242,168.902944769708,122.99307052896,138.37617854189,94.5031043556156,114.613711323743,25.2014174173222
2585,0,0,0,0.768706690806,0,0,1.05150193874993,0
2587,0,0,0,0,0,0,0,0
2589,0,0,0,0,0,0,0,0
2590,0,0,0,0,0,0,0,0
2592,0,0,0,0,0,0,0,0
2593,0,0,0,0,0,0,0,0
2594,0,0,0,0,0,0,0,0
2595,0,0,0,0,0,0,0,0
2596,0,0,0,0,0,0,0,0
2598,0,0,0,0,0,0,0,0
2599,0,0,0,0,0,4.72515521778078,0,0
2603,0,3.03718237432884,4.75782943013261,2.306120072418,5.53504714167562,5.67018626133693,3.1545058162498,1.68009449448814
2604,0,0,0,0,0,0,0,0
2605,0,0,0,0,0,0,0,0
2607,0,0,0,0,0,0,0,0
2608,0,0,0,0,0,0,0,0
2609,0,0,0,0,0,0.945031043556156,0,0
2611,0,0,0,0,0,0,0,0
2612,0,0,0,0,0,0,0,0
2613,0,0,0,0,0,0,0,0
2614,0,0,0,0,0,0,0,0
2618,0,0,0,0,0,0,0,0
2620,0,0,0,0,0,0,0,0
2621,0,0,0,0,0,0,0,0
2623,0,0,0,0,0,0,0,0
2624,0,0,0,0,0,0,0,0
2626,0,0,0,0,0,0,0,0
2627,0,0,1.18945735753315,0,0,0,0,0
2628,0,0,5.94728678766577,0.768706690806,0,0.945031043556156,0,0.840047247244072
2630,0,0,0,0,0,0,0,0
2631,0,0,0,0,0,0,0,0
2636,0,0,0,0,0,0,0,0
2637,299.028819769211,112.375747850167,861.167126854003,287.496302361444,1115.31199904764,447.944714645618,258.669476932483,371.30088328188
2639,0,0,0,0,0,0,0,0
2640,0,0,0,0,0,0,0,0
2641,0,0,0,0,0,0,0,0
2643,0,0,0,0,0,0,0,0
2644,0,0,0,0,0,0,0,0
2645,0,0,0,0,0,0,0,0
2646,0,0,0,0,0,0,0,0
2647,0,0,0,0,0,0,0,0
2648,0,0,0,0.768706690806,0,0,0,0
2649,0,0,1.18945735753315,0,0,0,0,0
2650,0,0,0,0,0,0,0,0
2651,0,0,0,0,0,0,0,0
2653,0,0,0,2.306120072418,0,0.945031043556156,2.10300387749986,0.840047247244072
2658,0,0,0,0,0,0,0,0
2662,1.17727881798902,0,0,0.768706690806,0,0,0,0
2663,0,0,0,0,0,0,0,0
2664,0,2.02478824955256,0,0,0,0,2.10300387749986,0
2666,0,0,0,0,0,0,0,0
2667,0,0,0,0,0.922507856945936,0,0,0
2668,0,0,0,0,0,0,0,0
2670,1.17727881798902,0,0,2.306120072418,0,0,0,0
2671,0,0,0,0,0,0,0,0.840047247244072
2673,0,1.01239412477628,0,0,0,0.945031043556156,0,0
2674,0,6.07436474865768,0,0.768706690806,0,0,2.10300387749986,1.68009449448814
2675,1.17727881798902,0,8.32620150273207,2.306120072418,0.922507856945936,0,4.20600775499973,0
2676,0,0,0,0,0,0,0,0
2677,0,3.03718237432884,3.56837207259946,0,0,0,0,1.68009449448814
2679,0,0,0,0,0,0,0,0
2681,0,0,0,0,0,0,0,0
2683,0,0,0,0,0,0,0,0
2687,0,0,0,0,0,0,0,0
2688,0,0,0,0,0,0,0,0
2689,0,0,0,0.768706690806,0,0,0,0
2690,0,0,0,0,0,0,0,0
2691,0,0,0,0,0,0,0,0
2692,1.17727881798902,1.01239412477628,0,1.537413381612,0,2.83509313066847,0,4.20023623622036
2696,0,0,0,0,0,0,0,0
2698,0,0,1.18945735753315,0.768706690806,1.84501571389187,0.945031043556156,0,0.840047247244072
2699,1.17727881798902,0,0,2.306120072418,0.922507856945936,0.945031043556156,0,5.8803307307085
2703,1.17727881798902,1.01239412477628,0,0,0,0,0,0
2706,0,0,0,0,0,0,0,0
2710,0,0,0,0,0,0,0,0
2715,0,0,0,0,0,0,0,0
2716,0,0,0,0,0,0,0,0
2718,0,0,0,0,0,0,0,0
2721,0,1.01239412477628,0,0,0,0,0,0
2724,22.3682975417913,1.01239412477628,57.0939531615914,1.537413381612,24.9077121375403,4.72515521778078,48.3690891824969,6.72037797795257
2727,0,0,0,0,0,0,0,0
2729,0,0,0,0,0,0,0,0
2730,0,0,0,0,0,0,0,0
2731,0,0,0,0,0,0,0,0
2732,0,0,0,0,0,0,0,0
2734,0,0,0,0.768706690806,0,0,0,0
2735,0,0,0,0,0,0,0,0
2737,0,0,0,1.537413381612,0,0,0,0
2740,0,0,0,0,0,0,0,0.840047247244072
2741,0,0,0,0,0,0,0,0
2744,2.35455763597804,0,1.18945735753315,0,0,1.89006208711231,1.05150193874993,0.840047247244072
2745,0,0,0,0,0,0,0,0
2748,0,0,0,0,0,0,0,0
2749,0,0,0,0,0.922507856945936,0,0,0
2750,0,0,0,0,0,0,0,0
2754,0,0,0,0,0,0,0,0
2755,0,1.01239412477628,0,0,0.922507856945936,0,2.10300387749986,0
2756,0,0,0,0,0,0,0,0
2758,0,0,0,0,0,0,0,0
2761,0,0,0,0,0,0,0,0
2763,0,0,0,0,0,0,0,0
2764,0,0,0,0,0,0,0,0
2765,0,0,0,0,0,0,0,0
2766,0,0,0,0,0,0,0,0
2770,0,0,0,0,0,0,0,0
2772,0,0,0,0,0,0,0,0
2773,0,0,0,0,0,0,0,0
2776,0,1.01239412477628,0,0,0,0.945031043556156,0,0
2777,0,0,0,0,0,0,0,0
2781,0,0,0,0,0,0,0,0
2782,0,0,0,0,0,0,0,0
2787,0,0,0,0,0,0,0,0
2788,0,0,0,0,0,0,0,0
2793,0,0,0,0,0,0,0,0
2795,0,0,0,0,0,0,0,0
2797,0,0,0,0,0,0,0,0
2798,0,0,0,0,0,0,0,0
2800,9.41823054391214,1.01239412477628,4.75782943013261,2.306120072418,0.922507856945936,1.89006208711231,0,0
2804,0,0,0,0,0,0,0,0
2806,0,0,0,0.768706690806,0,0,0,0
2807,0,0,0,0,0,0,0,0
2809,0,0,0,0,0,0,0,0
2812,0,0,0,0,0,0,0,0
2813,0,0,0,0,0,0,0,0
2814,0,0,0,0.768706690806,0,0,0,0
2815,0,0,0,0,0,0,0,0
2817,0,0,0,0,0,0,0,0.840047247244072
2819,0,0,0,0,0,0,0,0
2820,0,0,0,0,0,0,0,0
2821,0,0,0,0,0,0,0,0
2822,0,0,2.37891471506631,0,0,0,0,0.840047247244072
2823,0,0,0,0,0,0,0,0
2824,0,0,0,0,0,0,0,0
2825,0,0,0,0,0,0,0,0
2826,0,0,0,0,0,0,0,0
2827,0,0,0,0,0,0,0,0
2828,0,0,0,0,0,0,1.05150193874993,0
2829,1.17727881798902,0,1.18945735753315,0,0,0,0,0
2830,0,0,0,0,0,0,0,0
2832,0,0,0,0,0,0,0,0
2836,0,0,0,0,0.922507856945936,0,0,0
2837,0,1.01239412477628,0,0,0,0,0,0
2839,0,0,0,0,0,0,0,0
2841,0,1.01239412477628,1.18945735753315,0.768706690806,0.922507856945936,0,0,0.840047247244072
2844,0,0,0,0,0,0,0,0
2845,0,0,0,0,0,0,0,0
2846,0,0,0,0,0,0,0,0
2847,0,0,0,0,0,0,0,0
2848,0,0,0,0,0,0,0,0
2849,0,0,0,0,0,0,0,0
2850,0,0,0,0,0,0,0,0
2852,0,0,0,0,1.84501571389187,0,0,0
2855,0,0,0,0,0,0,0,0
2856,0,0,0,0,0,0,2.10300387749986,0
2858,0,0,0,0,0,0,0,0
2860,0,0,0,0,0,0,0,0
2862,0,0,0,0,0,0,0,0
2863,0,0,0,0,0,0,0,0
2864,0,0,0,0,0,0,0,0
2865,0,0,0,0,0,0,0,0
2866,0,0,0,0,0,0,0,0
2867,0,0,4.75782943013261,1.537413381612,2.76752357083781,0.945031043556156,2.10300387749986,0
2869,1.17727881798902,0,0,0.768706690806,0,0,0,0
2871,0,0,0,0,0,0,0,0
2872,0,0,0,0,0,0,0,0
2873,0,0,0,0,0,0,0,0
2875,0,0,0,0,0,0,0,0
2876,0,0,0,0,0,0,0,0
2878,0,0,0,0,0,0,0,0
2879,0,0,0,0,0,0,2.10300387749986,0
2885,0,0,0,0,0,0,0,0
2886,0,0,0,0,0,0,0,0
2890,0,0,0,0,0,0,0,0
2891,0,0,0,1.537413381612,0,0,1.05150193874993,0
2895,0,0,0,0,0,0,0,0
2897,0,0,0,0,0,0,0,0
2898,0,0,0,0,0,0,0,0
2899,0,0,0,0,0,0,0,0
2900,0,0,0,0,0,0,0,0
2902,0,0,0,0,0,0,0,0
2903,0,0,0,0,0,0,0,0
2907,0,0,0,0,0,0,0,0
2909,382.615615846431,164.007848213757,471.025113583129,405.108426054762,748.153871983154,537.722663783453,492.102907334968,277.215591590544
2910,1.17727881798902,0,2.37891471506631,1.537413381612,2.76752357083781,2.83509313066847,0,0
2912,0,0,0,0,0,0,0,0
2914,9.41823054391214,9.11154712298651,9.51565886026523,11.53060036209,13.837617854189,11.3403725226739,7.36051357124952,5.04028348346443
2916,0,0,0,0.768706690806,0.922507856945936,0,0,0
2917,0,0,1.18945735753315,0,0,0,3.1545058162498,0
2921,0,2.02478824955256,0,0,0,0,0,0
2924,0,0,0,1.537413381612,0,0,0,0
2926,0,0,0,0,0,0,0,0
2930,0,0,0,0,0,0,0,0
2932,0,0,0,0,0,0,0,0
2933,0,0,0,0,0,0,0,0
2934,0,1.01239412477628,0,0,0,0,0,0
2937,0,0,0,0.768706690806,0,0.945031043556156,0,0
2938,0,1.01239412477628,0,0,0,0,0,0
2939,0,0,0,0,0,0,0,0
2940,3.53183645396705,0,0,1.537413381612,0,0,1.05150193874993,0
2941,0,0,0,0,0,0,0,0
2946,0,0,0,0,0,0,0,0
2948,0,0,0,0,0,0,0,0
2952,4.70911527195607,0,1.18945735753315,0,0,0,1.05150193874993,0
2953,0,0,0,0,0,0,0,0
2955,0,2.02478824955256,0,1.537413381612,6.45755499862155,2.83509313066847,2.10300387749986,0.840047247244072
2957,0,0,0,0,0,0,0,0
2959,0,0,0,0,0,0,0,0
2962,0,0,0,0,0,0,0,0
2963,0,0,0,0,0,0,0,0
2964,0,0,0,0.768706690806,0,0,0,0
2965,0,1.01239412477628,0,0,0.922507856945936,0,0,0
2966,0,0,0,0,0,0,0,0
2969,0,0,0,0,0,0,0,0
2970,0,0,0,0,0,0,0,0
2971,0,0,0,0,0,0,0,0
2972,0,0,0,0,0,0,1.05150193874993,0
2976,0,0,0,0,0,0,0,0
2977,0,0,0,0,0,0,0,0
2978,0,0,0,0,0,0,0,0
2981,0,1.01239412477628,0,2.306120072418,0,0,2.10300387749986,2.52014174173222
2982,9.41823054391214,3.03718237432884,24.9786045081962,18.448960579344,8.30257071251343,10.3953414791177,14.721027142499,18.4810394393696
2983,0,2.02478824955256,2.37891471506631,0,1.84501571389187,0,0,0.840047247244072
2984,16.4819034518463,17.2107001211967,2.37891471506631,12.299307052896,8.30257071251343,16.0655277404546,13.6695252037491,10.0805669669289
2985,1.17727881798902,0,0,0,0,0,0,0
2986,0,0,0,0,0,0,2.10300387749986,0
2989,1.17727881798902,0,0,0.768706690806,0.922507856945936,1.89006208711231,0,0
2991,0,0,0,0,0,0,0,0
2993,0,0,1.18945735753315,0,0,0,0,1.68009449448814
2997,0,0,0,0,0,0,0,0
2998,2.35455763597804,3.03718237432884,0,13.068013743702,4.61253928472968,2.83509313066847,2.10300387749986,4.20023623622036
3002,0,0,2.37891471506631,0,0,0,0,0
3003,0,0,0,0,0,0,0,0
3004,0,1.01239412477628,0,0,0,0,0,0
3005,0,0,0,0,0,0.945031043556156,0,0
3016,1.17727881798902,0,0,0,0,0,0,0
3017,0,0,0,0,0,0,0,0
3018,0,0,0,0,0.922507856945936,0.945031043556156,0,0
3020,0,0,0,0,0,0,0,0
3024,0,0,0,0,0,0,0,0
3025,0,0,0,0,0,0,0,0
3026,0,0,0,0,0,0,0,0
3027,0,0,0,0,0,0,0,0
3030,0,0,0,0,0,0,0,0
3031,0,0,0,0,0,0,0,0
3032,0,0,0,0,0,0,0,0
3033,0,0,0,0,0,0,0,0
3035,0,0,0,0,0,0,0,0
3037,0,0,1.18945735753315,0,0,0,0,0
3038,0,0,0,0,0,0,0,0
3042,0,0,0,0,0,0,0,0
3043,0,0,0,0,0,0,0,0
3046,0,0,0,0,0,0,0,0
3050,0,0,0,1.537413381612,0,0,0,0
3052,11.7727881798902,0,7.13674414519892,7.68706690806,21.2176807097565,6.61521730489309,17.8755329587488,4.20023623622036
3054,0,0,0,0,0,0,0,0
3055,0,0,0,0,0,0,0,0
3058,0,0,0,0,0,0,0,0
3064,0,0,0,0,0,0,0,0
3066,0,0,0,0,0,0,0,0
3068,0,0,0,0,0,0,0,0
3069,0,0,0,0,0,0,0,0
3070,0,0,0,0,0,0,0,0
3072,0,0,0,0,0,0,0,0
3074,0,0,0,0,0,0,0,0
3076,0,0,0,0,0,0,0,0
3078,0,0,0,0,0,0,0,0
3081,0,0,0,0,0,0,0,0
3083,0,0,0,0,0,1.89006208711231,0,0
3085,0,0,0,0,0,0,0,0
3087,1.17727881798902,0,1.18945735753315,2.306120072418,0,0,0,0
3088,0,0,0,0,0,0,0,0
3089,1.17727881798902,2.02478824955256,7.13674414519892,3.074826763224,2.76752357083781,0.945031043556156,5.25750969374966,0.840047247244072
3090,1.17727881798902,1.01239412477628,2.37891471506631,1.537413381612,0,0.945031043556156,0,1.68009449448814
3092,0,3.03718237432884,0,0,0.922507856945936,0,1.05150193874993,0
3093,0,0,0,0,0,0,0,0
3095,0,0,0,1.537413381612,1.84501571389187,0,5.25750969374966,0.840047247244072
3097,0,0,0,0,0,0,0,0
3099,0,0,0,0,0,0,0,0
3100,0,0,0,0,0,0,0,0
3101,0,0,0,0,0,0,3.1545058162498,0
3102,0,0,0,0,0,0,0,0
3103,0,0,0,0,0,0,0,0
3104,10.5955093619012,8.09915299821023,22.5996897931299,13.068013743702,8.30257071251343,12.28540356623,5.25750969374966,6.72037797795257
3107,0,0,0,0,0,0,0,0
3109,0,0,0,0,0,0,0,0
3110,0,0,0,0,0,0,0,0
3112,0,0,0,0,0,0,0,0
3113,0,0,0,0.768706690806,0,0,0,0
3118,0,0,0,1.537413381612,0,0,0,0
3120,0,0,0,0,0,0,0,0
3122,0,0,0,2.306120072418,0,0,2.10300387749986,0
3123,2.35455763597804,1.01239412477628,0,0,0,0,0,0
3126,0,0,0,0,0,0,0,0
3129,0,0,0,0,0,0,0,0
3136,0,0,0,0,0,0,0,0
3138,0,0,0,0,0,0,0,0
3142,0,0,0,0,0,0,3.1545058162498,0
3145,0,0,0,1.537413381612,0.922507856945936,0,0,0
3149,0,0,0,0,0,0,0,0
3150,0,0,0,0,0,0.945031043556156,0,0
3151,0,0,0,0,0,0,0,0
3155,2.35455763597804,1.01239412477628,0,0,0,0,4.20600775499973,0
3156,0,2.02478824955256,1.18945735753315,1.537413381612,0.922507856945936,2.83509313066847,3.1545058162498,0
3158,0,0,0,0,0,0,0,0
3162,0,0,0,0,0,0,0,0
3165,0,0,0,0,0,0,0,0.840047247244072
3166,0,0,0,0,0,0,0,0
3167,0,1.01239412477628,0,0,0.922507856945936,0,2.10300387749986,0
3170,0,0,0,0,0,0,0,0.840047247244072
3171,3.53183645396705,0,2.37891471506631,0,0,0,0,0
3172,0,0,0,0,0,0,0,0
3173,0,0,0,0,0,0,0,0
3175,1.17727881798902,0,0,0,0,1.89006208711231,4.20600775499973,0.840047247244072
3176,0,0,0,0,0,0,0,0
3177,0,0,0,0,0,0,0,0
3178,0,1.01239412477628,0,0,0,0,0,0
3180,0,0,0,0,0,0,0,0
3182,0,0,0,0,0,0,0,0
3183,0,0,0,0,0,0,0,0
3184,0,0,0,0,0,0,0,0
3185,0,0,0,0,0,0,0,0
3187,0,0,1.18945735753315,0,0,0,0,0
3189,0,0,0,0,0,0,0,2.52014174173222
3191,0,0,1.18945735753315,0,0,0,0,0
3193,0,0,0,0,0.922507856945936,0,0,0
3194,0,0,0,0,0,0,0,0
3196,1.17727881798902,0,1.18945735753315,0,0,0,0,0
3199,9.41823054391214,10.1239412477628,21.4102324355968,21.523787342568,23.0626964236484,10.3953414791177,9.46351744874939,8.40047247244072
3200,0,0,0,0,0,0,0,0
3203,0,0,0,0,0,0,0,0
3204,0,0,0,0,0,0,0,0
3209,0,0,0,0,0,0,0,0
3213,9.41823054391214,3.03718237432884,2.37891471506631,8.455773598866,9.22507856945936,2.83509313066847,7.36051357124952,3.36018898897629
3215,1.17727881798902,1.01239412477628,3.56837207259946,9.99318698047799,0.922507856945936,4.72515521778078,14.721027142499,15.1208504503933
3221,0,0,0,0,0,0,0,0
3222,0,0,0,0,0,0,0,0.840047247244072
3224,0,0,0,0,0,0,0,0
3226,0,0,0,0,0,0,0,0
3231,0,0,0,0,0,0,0,0
3232,0,0,0,0,0,0,0,0
3233,0,0,0,0,0,0,0,0
3234,0,0,0,0,0,0,0,0
3236,0,0,0,0,0,0,0,0
3238,0,0,0,0,0,0,0,0
3241,0,0,0,0,0,0,0,0
3244,0,0,0,0,0,0,0,0
3245,1.17727881798902,0,4.75782943013261,0,1.84501571389187,0,1.05150193874993,1.68009449448814
3247,0,0,0,0,0,0,0,0
3250,1.17727881798902,0,0,1.537413381612,0,0.945031043556156,1.05150193874993,0.840047247244072
3253,0,0,0,0,0,0,0,0
3254,0,0,0,0,0,0,0,0
3255,0,0,0,0,0,0,0,0
3256,0,0,0,0,0,0,0,0
3257,0,0,0,0,0,0,1.05150193874993,0
3258,0,0,0,0,0,0,0,0.840047247244072
3261,0,0,0,0,0,0,0,0
3263,0,0,0,0,0,0,0,0
3269,0,0,0,0,0,0,0,0
3274,0,0,0,0,0,0,0,0
3275,0,0,0,0,0,0,0,0
3276,0,0,0,0,0,0,0,0
3279,0,0,0,0,0,0,0,0
3283,0,0,0,0,0,0,0,0
3284,0,0,0,0,0,0,0,0
3286,0,0,0,0,0,0,0,0
3288,0,0,0,0,0,0,0,0
3289,0,0,0,0,0,0,0,0
3290,0,0,0,0,0,0,0,0
3291,0,0,0,0,0,0,0,0
3292,0,0,0,0,0,0,0,0
3294,0,0,0,0,0,0,0,0
3297,1.17727881798902,1.01239412477628,1.18945735753315,0,0,0,0,0
3300,0,0,1.18945735753315,0.768706690806,0,0,0,0
3301,0,0,0,0,0,0,0,0.840047247244072
3302,0,0,0,0,0.922507856945936,0,0,0
3305,0,0,0,0,0,0,1.05150193874993,0
3306,0,0,0,0,0,0,0,0
3307,0,0,0,0,0,0,0,0
3308,0,0,0,0,0,0,0,0
3313,0,0,0,0,0,0,0,0
3314,0,0,0,0,0,0,0,0
3315,0,0,0,0,0,0,0,0
3316,0,0,0,0,0,0,0,0
3317,20.0137399058133,25.309853119407,1335.76061250973,7.68706690806,84.8707228390261,8.5052793920054,376.437694072476,9.24051971968479
3318,0,0,5.94728678766577,3.84353345403,9.22507856945936,7.56024834844925,0,0
3319,0,0,0,0,0,0,0,0
3320,0,2.02478824955256,7.13674414519892,2.306120072418,0.922507856945936,0.945031043556156,0,0
3321,0,0,0,0,0,0,0,0
3322,0,0,0,0,0,0,1.05150193874993,0
3323,0,0,0,0,0,0,0,0
3326,0,0,0,0,0,0,0,0
3328,0,0,0,0,0,0,0,0
3334,0,0,2.37891471506631,0,0,0,0,0
3335,0,0,0,0,1.84501571389187,0,0,0
3338,0,0,0,0,0,0,0,0
3339,0,0,0,0,0,0,0,0
3340,0,0,3.56837207259946,0.768706690806,0.922507856945936,0,0,0
3341,7.06367290793411,12.1487294973154,3.56837207259946,5.380946835642,1.84501571389187,15.1204966968985,7.36051357124952,19.3210866866137
3342,0,0,0,0,0,0,0,0
3344,0,4.04957649910512,1.18945735753315,0,6.45755499862155,0.945031043556156,0,0
3346,0,0,1.18945735753315,0,0,0,0,0
3349,1.17727881798902,0,0,0,0,0,0,0
3350,0,0,0,0,0,0,1.05150193874993,0
3351,0,0,0,0,0,0,0,0
3353,0,0,0,0,0,0,0,0
3355,0,0,0,0,0,0,0,0
3358,0,0,0,0,0.922507856945936,0,0,0
3363,0,0,0,0,0,0,0,0
3364,0,0,0,0,0,0,0,0
3365,0,0,0,0,0,0,0,0
3366,0,0,1.18945735753315,0,0,0,2.10300387749986,0
3367,0,0,0,0,0,0,0,0.840047247244072
3370,0,0,0,1.537413381612,0.922507856945936,0,1.05150193874993,0
3371,0,0,0,0,0,0,0,0
3372,0,0,0,0,0,0,0,0
3375,0,0,0,0,0,0,0,0
3379,0,0,0,0,0,0,0,0.840047247244072
3380,2.35455763597804,1.01239412477628,2.37891471506631,0.768706690806,0,0,0,1.68009449448814
3382,0,0,0,0,0.922507856945936,0,0,0
3383,0,0,0,0,0,0,0,0
3385,0,0,0,0,0,0,0,0
3386,0,0,0,0,0,0.945031043556156,0,0
3387,2.35455763597804,2.02478824955256,2.37891471506631,3.84353345403,4.61253928472968,4.72515521778078,8.41201550999945,0.840047247244072
3388,0,0,0,0,0,0,0,0
3389,0,0,0,0,0,0,0,0
3392,0,0,0,0,0,0,0,0
3393,0,0,1.18945735753315,0.768706690806,3.69003142778375,1.89006208711231,1.05150193874993,0.840047247244072
3394,0,0,0,0.768706690806,0,0,0,0
3395,0,0,0,0,0,0,0,0
3397,0,0,0,0,0.922507856945936,0,2.10300387749986,0
3400,0,0,0,0,0,0,0,0
3401,0,0,0,0,0,0,0,0
3403,0,0,0,0,0,0,0,0
3405,0,0,0,0,0,0,0,0
3406,3.53183645396705,4.04957649910512,4.75782943013261,0.768706690806,1.84501571389187,5.67018626133693,1.05150193874993,1.68009449448814
3407,0,0,0,0,0,0,0,0
3408,0,0,0,0,0,0,0,0
3409,7.06367290793411,8.09915299821023,2.37891471506631,9.99318698047799,5.53504714167562,5.67018626133693,2.10300387749986,3.36018898897629
3411,0,0,0,0,0,0,0,0
3413,1.17727881798902,1.01239412477628,1.18945735753315,0,0,0,2.10300387749986,0
3415,0,0,0,0,0,0,0,0
3417,1.17727881798902,0,0,0.768706690806,2.76752357083781,0,1.05150193874993,0.840047247244072
3420,0,0,0,0,0,0,0,0
3421,0,0,2.37891471506631,0,0,0,0,0
3422,0,0,0,0,0,0,0,0
3423,0,0,0,0,0,0,0,0
3425,0,0,0,0,0,0,0,0
3427,0,0,0,0,0,0,0,0
3430,0,0,1.18945735753315,0,0,0,0,0
3431,0,0,0,0,0,0,3.1545058162498,0
3432,0,0,0,0,0,0,0,0
3433,0,0,0,0,0,0,0,0
3434,0,0,0,0,0,0,0,0
3436,0,0,0,0,0,0,0,0
3439,0,0,0,0,0,0,0,0
3441,0,0,0,0,0,0,0,0
3442,0,0,0,0,0,0,0,0
3443,0,0,0,0,0,0,0,0
3445,0,0,0,0,0,0,0,0
3448,0,0,0,0,0,0,0,0
3449,0,0,0,0,0,0,0,0
3451,0,1.01239412477628,0,0,0,1.89006208711231,0,0.840047247244072
3452,0,0,0,0,0,0,0,0
3456,0,0,0,0,0,0,0,0
3458,0,0,0,0,0,0,0,0
3459,0,0,0,0,0,0,0,0
3461,0,0,0,0,0,0,0,0
3466,0,0,0,0,0,0,0,0
3468,0,0,0,0,0,0,0,0
3470,0,0,0,0,0,0,0,0
3471,0,0,0,0,0,0,0,0
3473,0,0,0,0,0,0,0,0
3475,0,0,0,0,0,0,0,0
3478,0,0,0,0,0,0,0,0
3489,0,0,0,0,0,0,0,0
3490,0,0,0,0,0,0,0,0.840047247244072
3491,0,0,0,0,0,0,0,0
3492,0,0,0,0,0,0,0,0
3495,0,0,0,0,0,0,0,0
3497,0,0,0,0,0,0,0,0
3498,0,0,0,0,0,0,0,0
3503,4.70911527195607,0,8.32620150273207,4.612240144836,0,1.89006208711231,0,0
3505,0,0,0,0,0,0,0,0
3506,1.17727881798902,0,0,1.537413381612,0,0,0,0
3508,0,1.01239412477628,4.75782943013261,0,0.922507856945936,0.945031043556156,2.10300387749986,0
3509,0,0,0,0,0,0.945031043556156,0,0.840047247244072
3510,0,0,0,0,0,0,0,0
3511,0,0,0,0,0,0,0,0
3512,0,0,0,0,0,0,0,0
3513,0,0,0,0,0,0.945031043556156,0,0
3514,0,0,0,0,0,0,0,0
3516,0,0,0,0,0,0,0,0
3518,0,0,0,0,0,0,0,0
3520,0,0,0,0,0,0,0,0
3521,1.17727881798902,0,2.37891471506631,0.768706690806,0.922507856945936,0.945031043556156,3.1545058162498,1.68009449448814
3522,2.35455763597804,1.01239412477628,0,1.537413381612,0,1.89006208711231,0,0
3523,0,0,0,0,0,0,0,0
3524,0,0,0,0,0,0,0,0
3525,0,1.01239412477628,0,0,0,0,0,0
3526,0,0,0,0,0,0.945031043556156,0,0
3527,2.35455763597804,2.02478824955256,0,1.537413381612,0.922507856945936,0,1.05150193874993,1.68009449448814
3528,0,1.01239412477628,0,0,0,0,0,0
3529,0,0,0,0,0,0.945031043556156,0,0
3530,0,0,0,0,0,0,3.1545058162498,0.840047247244072
3533,1.17727881798902,1.01239412477628,0,0,0,0,0,0.840047247244072
3537,9.41823054391214,2.02478824955256,3.56837207259946,3.84353345403,2.76752357083781,16.0655277404546,5.25750969374966,4.20023623622036
3539,0,2.02478824955256,0,0,0,1.89006208711231,0,0
3540,0,0,0,0,0,0,1.05150193874993,0
3542,2.35455763597804,15.1859118716442,0,2.306120072418,0,0.945031043556156,3.1545058162498,13.4407559559051
3543,0,0,0,0,0,0,0,0
3544,0,0,0,0,0,0,0,0
3545,0,0,0,0,0,0,0,0
3546,0,0,0,0,0,0,1.05150193874993,0
3547,141.273458158682,39.4833708662749,148.682169691644,81.482909225436,134.686147114107,102.063352704065,154.57078499624,57.963260059841
3548,1.17727881798902,2.02478824955256,0,0,6.45755499862155,0.945031043556156,0,2.52014174173222
3550,0,0,0,0,0,0,0,0
3551,0,0,0,0,0,0,0,0
3552,15.3046246338572,18.223094245973,19.0313177205305,16.142840506926,7.38006285556749,11.3403725226739,10.5150193874993,4.20023623622036
3553,0,0,0,0,0,0,1.05150193874993,0
3555,0,0,0,0,0,0,0,0
3557,0,0,0,0,0,0,0,0
3558,0,0,0,0,0,0,0,0
3559,0,0,0,0,0,0,0,0
3561,0,0,0,0,0,0,0,0
3562,0,0,0,0,0,0,0,0
3564,0,0,0,0,0,0,0,0
3565,0,0,0,0,0,0,0,1.68009449448814
3566,0,0,0,0,0,0,0,0
3567,0,0,0,0,0,0,0,0
3568,0,0,0,0,0,0,0,0
3574,0,0,0,0,0,0,0,0
3577,0,0,0,0,0,0,0,0
3580,0,0,0,0,0,0,0,0
3584,0,0,0,0,0,0,0,0
3586,0,0,0,0,0,0,0,0
3587,0,0,0,0,0,0,0,0
3592,0,0,0,0,0,0,0,0
3593,1.17727881798902,0,0,0,0,0.945031043556156,3.1545058162498,0
3594,1.17727881798902,0,0,0,0.922507856945936,0,0,0
3595,0,0,0,0,0,0,0,0
3597,0,0,0,0,0,0,0,0
3598,0,0,0,0,0,0,0,0
3599,0,0,1.18945735753315,0,0,0,0,0
3600,5.88639408994509,5.0619706238814,2.37891471506631,0.768706690806,1.84501571389187,2.83509313066847,7.36051357124952,5.04028348346443
3601,0,0,2.37891471506631,0.768706690806,0,0,1.05150193874993,0
3602,0,0,0,0,0,0.945031043556156,0,0
3604,0,2.02478824955256,2.37891471506631,2.306120072418,2.76752357083781,1.89006208711231,0,0.840047247244072
3605,8.24095172592313,13.1611236220916,0,3.84353345403,5.53504714167562,12.28540356623,18.9270348974988,10.0805669669289
3606,0,0,0,0,0,0,0,0
3609,0,1.01239412477628,0,0,0,0,0,0.840047247244072
3610,0,0,0,1.537413381612,1.84501571389187,1.89006208711231,1.05150193874993,0
3611,0,0,0,0,0,0,0,0
3615,0,0,0,0,0,0,0,0
3616,0,0,0,0,0,0,0,0
3618,0,0,0,0,0,0,0,0
3620,0,0,0,0,0,0,0,0
3621,0,0,0,0,0,0,0,0
3622,0,1.01239412477628,0,0,0,0,0,0
3624,0,0,0,0,0,0,0,0
3627,0,0,0,0,0,0,0,0
3628,0,0,0,0,0,0,0,0
3632,0,0,0,0,0,0,0,0
3633,0,0,0,0,0,0,0,0
3636,0,0,0,0,0,0,0,0
3637,0,0,0,0,0,0,0,0
3640,0,0,0,0,0,0,0,0
3642,0,0,0,0,0,0,1.05150193874993,0
3643,0,0,0,0,0,0,0,0
3644,0,0,0,0,0,0,0,0
3646,0,0,0,0,0,0,0,0
3648,0,0,0,0,0,0,0,0
3651,0,0,0,0,0,0,0,0
3656,0,0,3.56837207259946,0.768706690806,4.61253928472968,6.61521730489309,2.10300387749986,0.840047247244072
3658,0,0,0,0,0,0,0,0.840047247244072
3659,11.7727881798902,5.0619706238814,11.8945735753315,7.68706690806,14.760125711135,12.28540356623,17.8755329587488,3.36018898897629
3663,0,0,0,0,0,0,0,0
3672,0,0,0,0,0,0,0,0
3673,0,0,0,0,0,0,0,0
3674,2.35455763597804,0,0,0,0.922507856945936,0,3.1545058162498,0
3675,0,0,0,0,0,0,0,0
3676,0,0,0,0,0,0,2.10300387749986,0
3677,0,0,0,0,0,0,0,0
3678,0,0,0,0,0,0,0,0
3679,0,0,0,0.768706690806,0,0,0,0
3680,0,0,8.32620150273207,2.306120072418,9.22507856945936,5.67018626133693,2.10300387749986,0
3682,0,1.01239412477628,0,0,0,0,0,0
3683,0,0,0,0,0,0,0,0
3684,0,2.02478824955256,1.18945735753315,0,0.922507856945936,0,0,0
3687,1.17727881798902,6.07436474865768,4.75782943013261,9.224480289672,1.84501571389187,0,2.10300387749986,0
3688,1.17727881798902,0,3.56837207259946,0,0.922507856945936,0.945031043556156,6.30901163249959,1.68009449448814
3689,0,0,0,0,0,0,0,0
3690,65.927613807385,9.11154712298651,23.7891471506631,114.537296930094,28.597743565324,22.6807450453477,25.2360465299984,21.0011811811018
3692,2.35455763597804,1.01239412477628,2.37891471506631,8.455773598866,18.4501571389187,8.5052793920054,5.25750969374966,0.840047247244072
3694,0,0,0,0,0,0,0,0.840047247244072
3698,0,0,0,1.537413381612,0,0,0,0
3699,0,0,1.18945735753315,1.537413381612,0,0,2.10300387749986,1.68009449448814
3701,0,0,2.37891471506631,0,3.69003142778375,0.945031043556156,1.05150193874993,0
3703,0,0,0,0,0,0,0,0
3704,0,0,0,0,0,0,0,0
3710,0,0,0,0,0,0,0,0
3711,0,0,0,0.768706690806,0.922507856945936,0,0,0
3713,0,0,0,0,0,0,0,0
3714,0,0,0,0,0,0,0,0
3715,1.17727881798902,0,0,0,0.922507856945936,0.945031043556156,2.10300387749986,0
3716,0,3.03718237432884,0,0,1.84501571389187,0,0,0
3720,0,0,1.18945735753315,0.768706690806,1.84501571389187,0.945031043556156,0,1.68009449448814
3722,0,0,0,0,0,0,0,0
3723,0,0,0,0,0,0,0,0
3724,0,0,0,0,1.84501571389187,0,0,0
3726,0,0,0,0,0,0,0,0
3727,0,0,0,0,0,0,0,0
3728,0,0,0,0,0,0,0,0
3730,0,0,1.18945735753315,0.768706690806,0,0,0,0
3731,0,0,0,0,0,0,0,0
3732,0,0,0,0,0,0,0,0
3737,0,0,0,0,0,0,0,0
3738,0,0,0,0,0,0,0,0
3741,0,0,0,0,0,0,0,0
3742,0,0,0,0,0,0,0,0
3743,47.0911527195607,8.09915299821023,152.250541764244,49.197228211584,69.1880892709452,49.1416142649201,28.3905523462482,59.6433545543291
3748,0,0,0,0,0,0,0,0
3750,0,0,0,0,0,0,0,0
3751,32.9638069036925,15.1859118716442,55.9044958040582,39.204041231106,51.6604399889724,20.7906829582354,29.4420542849981,12.6007087086611
3757,0,0,0,0,0,0,0,0
3758,0,0,0,0,0,0,0,0
3761,0,0,0,0,0,0,0,0
3769,0,0,0,0,0,0,0,0
3770,0,0,0,0,0,0,0,0
3771,0,0,0,0,0,0,0,0
3772,0,0,0,0,0,0,0,0
3775,0,0,0,0,0,0,0,0
3776,3.53183645396705,8.09915299821023,3.56837207259946,4.612240144836,0.922507856945936,3.78012417422462,6.30901163249959,2.52014174173222
3777,0,0,0,0,0,0,0,0
3780,0,0,0,0,0,0,0,0
3781,0,0,0,0,0,0,0,0
3783,0,0,0,0,0,0,0,0
3784,0,0,0,0,0,0,0,0
3785,0,0,0,0,0,0,0,0
3786,0,0,0,0,0,0,0,0
3788,1.17727881798902,0,0,0,1.84501571389187,0,0,0
3790,0,0,0,0,0,0,0,0
3792,0,0,0,0.768706690806,0,0,0,0
3795,0,0,0,0,0,0,0,0
3797,0,0,0,0,0,0,0,0
3799,11.7727881798902,24.2974589946307,1.18945735753315,11.53060036209,2.76752357083781,2.83509313066847,3.1545058162498,1.68009449448814
3804,0,0,0,0,0,0,0,0
3806,0,0,0,0,0,0,0,0
3810,0,0,0,0,0,0,1.05150193874993,0
3811,1.17727881798902,1.01239412477628,36.8731780835278,9.99318698047799,5.53504714167562,6.61521730489309,13.6695252037491,5.04028348346443
3812,4.70911527195607,1.01239412477628,7.13674414519892,7.68706690806,3.69003142778375,2.83509313066847,0,0.840047247244072
3814,0,0,0,0,0,0,0,0
3816,0,0,0,0,0,0,0,0
3818,0,0,0,0,0,0,0,0
3820,0,0,0,0,0,0,0,0
3822,0,0,0,0,0,0,0,0
3825,0,0,0,0,0,0,0,0
3826,0,0,0,0,0,0,0,0
3827,1.17727881798902,1.01239412477628,2.37891471506631,2.306120072418,0,0,1.05150193874993,0.840047247244072
3832,0,1.01239412477628,0,0,0,0,0,0
3833,0,0,0,0,0,0,0,0
3835,0,0,0,0,0,0,0,0
3836,0,0,0,0,0,0,0,0
3838,0,0,0,0,0,0,0,0
3839,0,0,0,0,0,0,0,0
3841,0,0,0,0,0,0,0,0
3842,0,0,0,0.768706690806,0,0,0,0
3843,0,0,0,0,0,0,0,0
3844,0,0,0,0,0,0,0,0
3846,0,0,0,0,0,0,0,0
3847,3.53183645396705,0,0,0.768706690806,10.1475864264053,2.83509313066847,16.8240310199989,1.68009449448814
3850,15.3046246338572,2.02478824955256,3.56837207259946,3.84353345403,16.6051414250269,7.56024834844925,25.2360465299984,10.9206142141729
3853,0,0,0,0,0,0,0,0
3854,0,0,0,0,0,0,0,0
3857,0,0,0,0,0,0,0,0
3859,0,0,0,0,0,0,0,0
3861,0,0,0,0,0,0,0,0
3863,0,0,0,0,0,0,0,0
3864,0,0,0,0,0,0,0,0
3866,0,0,0,0,0,0,0,0
3867,0,0,0,0,0,0,0,0
3868,0,0,0,0,0,0,0,0
3874,0,0,0,0,0,0,0,0
3876,0,1.01239412477628,0,0,0,0,0,0
3880,0,0,0,0,0,0,0,0
3881,0,0,0,0,0,0,0,0
3882,0,0,0,0,0,0,0,0
3883,0,3.03718237432884,1.18945735753315,0.768706690806,1.84501571389187,0.945031043556156,0,0
3886,0,0,0,0,0,0,0,0
3887,0,2.02478824955256,0,3.074826763224,0,0,0,0.840047247244072
3888,0,0,0,0,0,0,0,0
3891,0,0,0,0,0,0,0,0
3892,3.53183645396705,0,0,0,0,0.945031043556156,2.10300387749986,3.36018898897629
3894,0,3.03718237432884,2.37891471506631,0.768706690806,0.922507856945936,1.89006208711231,0,0.840047247244072
3895,3.53183645396705,4.04957649910512,1.18945735753315,8.455773598866,0,0.945031043556156,1.05150193874993,0
3898,0,0,0,0,0,0,0,0
3899,0,0,0,0,0,0,0,0
3901,1.17727881798902,1.01239412477628,0,0,0,0,0,2.52014174173222
3902,2.35455763597804,0,0,0.768706690806,0.922507856945936,0,0,0
3903,0,0,0,0,0,0,0,0
3905,0,0,0,0,0,0,0,0
3906,0,0,0,0,0,0,0,0
3907,0,0,0,0,0,0,0,0
3908,0,0,4.75782943013261,1.537413381612,1.84501571389187,0,1.05150193874993,0.840047247244072
3912,0,0,0,0,0,0,0,0
3913,0,0,0,0,0,0,0,0
3914,0,0,0,0,0,0,0,0.840047247244072
3915,0,0,0,0,0,0,0,0
3916,0,0,0,0,0,0,0,0
3919,0,0,0,0,0,0,0,0
3920,0,0,0,0,0,0.945031043556156,0,2.52014174173222
3921,2.35455763597804,2.02478824955256,1.18945735753315,1.537413381612,1.84501571389187,0.945031043556156,11.5665213262492,0.840047247244072
3922,1.17727881798902,2.02478824955256,1.18945735753315,0.768706690806,0,0.945031043556156,0,0
3927,0,0,0,0.768706690806,1.84501571389187,0,0,0.840047247244072
3929,0,0,0,0,0,0,0,0
3931,0,0,0,0,0,0,0,0
3932,0,0,0,0,0,0,0,0
3935,0,0,0,0,0,0,0,0
3937,82.4095172592313,36.446188491946,64.2306973067903,46.12240144836,16.6051414250269,18.9006208711231,49.4205911212468,5.8803307307085
3941,0,0,0,0,0.922507856945936,0,0,0
3942,0,0,0,0,0,0,0,0
3943,0,0,0,0,0.922507856945936,0,0,0.840047247244072
3946,0,0,0,0,0.922507856945936,0.945031043556156,0,0.840047247244072
3949,1.17727881798902,13.1611236220916,16.6524030054641,43.047574685136,3.69003142778375,10.3953414791177,21.0300387749986,21.8412284283459
3950,0,0,0,0,0,0,0,0
3951,3.53183645396705,0,27.3575192232625,0,17.5276492819728,1.89006208711231,8.41201550999945,0
3955,0,1.01239412477628,1.18945735753315,0,0,0,0,2.52014174173222
3956,0,0,0,0,0,0,0,0
3957,0,0,0,0,0,0,0,0
3959,0,1.01239412477628,2.37891471506631,0,0.922507856945936,0,0,0
3962,0,0,0,0,0,0,0,0
3963,0,0,0,0,0,0.945031043556156,0,0
3964,0,0,0,0,0,0,0,0
3965,0,0,0,0,0,0,0,0
3966,0,0,0,0,0,0,0,0
3967,0,0,0,0,0,0,0,0
3968,0,0,0,0,0,0,1.05150193874993,0
3969,1.17727881798902,0,0,0,0,0,0,0.840047247244072
3970,0,0,0,0,0,0,0,0
3971,2.35455763597804,0,1.18945735753315,0.768706690806,0,0.945031043556156,4.20600775499973,0
3972,0,0,0,0,0,0,0,0
3976,0,0,0,0.768706690806,0,0,0,0
3977,0,0,0,0,0,0,0,0
3978,0,0,0,0,0,0,0,0
3979,0,0,0,0,0.922507856945936,0,0,0.840047247244072
3980,0,0,0,0,0,0,0,0
3984,0,0,0,0,0,0,0,0
3985,0,0,0,0,0,0,0,0
3986,0,0,0,0,0,0,0,0
3987,0,0,0,0,0,0,0,0
3991,0,0,0,0,0,0,0,0
3992,0,0,0,0,0,0,0,0
3998,0,0,0,0,0,0,0,0
3999,0,0,0,0,0,0,0,0
4003,0,0,0,0,0,1.89006208711231,0,0
4006,0,0,0,0,0,0,0,0
4009,2.35455763597804,0,0,0,0,0,0,0
4012,1.17727881798902,0,1.18945735753315,0,0,0,0,0
4013,0,0,0,0,0,0,0,0
4015,0,0,0,0,0,0,0,0
4017,0,0,0,0,0.922507856945936,0,0,0
4018,0,0,0,0,0,0,0,0
4021,0,0,0,0.768706690806,0,0,0,0
4023,0,0,0,0,0,0,0,0
4024,0,0,0,0,0,0,0,0
4027,0,0,0,0,0,0,0,0
4028,0,0,0,0,0,0,0,0
4029,0,0,1.18945735753315,0,0,0.945031043556156,0,0
4034,0,0,0,0,0,0,0,0
4035,0,0,0,0,0,0,0,0
4036,0,0,0,0,0,0,0,0
4038,0,0,0,0,0,0,0,0
4039,0,0,0,0.768706690806,0,0,0,0
4043,0,0,0,0,0,0,0,0
4045,0,0,0,0,0,0,0,0
4046,0,0,0,0,0,0,0,0
4047,0,0,1.18945735753315,0,0,0,0,0
4048,0,0,0,0,0,0,0,0
4050,3.53183645396705,20.2478824955256,7.13674414519892,32.285681013852,15.6826335680809,6.61521730489309,5.25750969374966,10.9206142141729
4051,0,0,0,0,0,0,0,0
4052,0,0,0,0,0,0,0,0
4053,0,0,0,0,0,0,0,0
4054,0,0,0,0,0,0,0,0
4055,0,0,0,0,0,0,0,0
4056,0,0,0,0,0,0,0,0
4059,0,0,0,0,0,0,0,0
4060,0,0,1.18945735753315,0,0,0,0,0
4061,0,0,0,0,0,0,0,0
4062,0,0,0,0,0,0,0,0
4065,0,0,0,0,0,0,0,0
4068,0,0,0,0,0,5.67018626133693,0,0
4070,0,0,0,0,0,0,0,0
4071,2.35455763597804,0,0,0,3.69003142778375,0,1.05150193874993,0
4074,0,0,0,0,0,0,0,0
4086,1.17727881798902,2.02478824955256,0,0,0.922507856945936,1.89006208711231,1.05150193874993,0
4088,0,0,0,0,0,0,0,0
4090,0,0,0,0,0,0,0,0
4091,0,0,0,0,0,0,0,0
4093,0,0,0,0,0,0,2.10300387749986,0
4094,0,0,0,0,0,0,0,0
4095,0,0,0,0,0,0,0,0
4096,0,0,0,0,0,0,0,0
4097,0,0,0,0,0,0,0,0
4098,1.17727881798902,0,3.56837207259946,3.074826763224,0,1.89006208711231,0,0
4099,0,2.02478824955256,0,0,0,0,0,0
4100,0,0,0,0,0,0,0,0
4103,0,0,0,0,0,0,0,0
4104,0,0,1.18945735753315,0,0,0,0,0
4109,0,0,0,0,0,0,0,0
4116,0,0,0,0,0,0,0,0
4118,0,0,0,0,0,0,0,0
4121,0,0,0,0,0,0.945031043556156,0,0
4123,0,0,0,0,0,0,0,0
4125,0,0,0,0,0,0,0,0
4126,0,0,0,0,0,0,2.10300387749986,0
4128,0,0,0,0,0,0,0,0
4129,0,0,0,0,0,0,0,0
4130,0,2.02478824955256,1.18945735753315,0,0,0,0,1.68009449448814
4133,0,0,1.18945735753315,0,0,0,0,0
4136,0,0,0,0,0,0,0,0
4137,0,0,0,0.768706690806,0,0.945031043556156,0,0
4138,0,0,0,0,0,0,0,0
4139,0,0,1.18945735753315,0.768706690806,5.53504714167562,1.89006208711231,0,0
4141,0,0,0,0,0,0,0,0
4142,0,0,0,0,0,0,0,0
4146,1.17727881798902,0,0,0.768706690806,0,0,0,0
4147,1.17727881798902,1.01239412477628,0,0,0.922507856945936,0,1.05150193874993,1.68009449448814
4150,0,0,0,0,0,0,0,0
4151,0,0,0,0,0,0,0,0
4152,11.7727881798902,12.1487294973154,1.18945735753315,15.37413381612,7.38006285556749,3.78012417422462,2.10300387749986,0.840047247244072
4153,0,1.01239412477628,4.75782943013261,0.768706690806,0,0,0,0
4154,0,0,0,0,0,0,0,0
4159,0,0,0,0,0,0,0,0
4160,0,0,0,0,0,0,0,0
4161,0,0,0,0,0,0,0,0
4164,0,0,0,0,0,0,0,0.840047247244072
4165,0,0,0,0,0,0,0,0
4166,0,0,0,0,1.84501571389187,0.945031043556156,2.10300387749986,0
4167,0,0,0,0,0,0,0,0
4174,34.1410857216815,16.1983059964205,65.4201546643234,28.442147559822,58.117994987594,40.6363348729147,17.8755329587488,7.56042522519665
4175,0,0,0,0,0,0,0,0
4176,2.35455763597804,0,0,0,0,0,0,0
4177,0,0,0,0,0.922507856945936,1.89006208711231,0,0
4180,0,0,0,0,0,0,0,0
4181,4.70911527195607,1.01239412477628,8.32620150273207,6.918360217254,6.45755499862155,7.56024834844925,2.10300387749986,0
4182,0,0,0,0,0,0,0,0
4183,0,0,0,0,0,0,0,0
4184,3.53183645396705,2.02478824955256,4.75782943013261,5.380946835642,0.922507856945936,0,4.20600775499973,0.840047247244072
4185,0,0,0,0,0,0,0,0
4189,0,0,0,0,0,0,0,0
4190,0,0,0,0,0,0,0,0
4192,0,0,0,0,0,0,0,0
4193,0,0,0,0,0,0,0,0
4194,0,0,1.18945735753315,0,0,0,1.05150193874993,0
4195,0,0,0,0,0,0,0,0
4197,0,1.01239412477628,0,0,0,0,0,0
4199,0,0,0,0,0,0,0,0
4201,0,0,0,0,0,0,0,0
4204,0,0,0,0.768706690806,0,0,0,0
4213,14.1273458158682,20.2478824955256,10.7051162177984,14.605427125314,19.3726649958647,17.0105587840108,18.9270348974988,20.1611339338577
4215,0,0,2.37891471506631,0,0.922507856945936,1.89006208711231,0,0
4216,0,0,0,0,0,0,0,0
4217,0,0,0,0,0,0,0,0
4218,0,0,3.56837207259946,0,0.922507856945936,0,1.05150193874993,0
4219,0,0,0,0,0,0,0,0
4220,8.24095172592313,4.04957649910512,2.37891471506631,4.612240144836,0.922507856945936,1.89006208711231,8.41201550999945,2.52014174173222
4221,0,0,1.18945735753315,0,0,0,0,0
4222,0,0,0,0,0,0,0,0
4224,0,0,8.32620150273207,0,0.922507856945936,0,0,0
4225,0,0,0,0,0,0,0,0
4226,0,0,0,0,0,0,0,0.840047247244072
4229,0,0,0,0,0,0,0,0
4231,4.70911527195607,0,2.37891471506631,0.768706690806,2.76752357083781,0.945031043556156,5.25750969374966,0
4232,0,0,0,0,0,0,0,0
4235,3.53183645396705,9.11154712298651,2.37891471506631,3.84353345403,0.922507856945936,0,0,0.840047247244072
4242,0,0,0,0,0,0,0,0
4243,0,0,0,0,0,0,0,0
4244,0,0,0,0,0,0,0,0
4245,0,0,0,0,0,0,0,0
4246,0,0,0,0,0,0,0,0
4249,4.70911527195607,2.02478824955256,1.18945735753315,12.299307052896,2.76752357083781,7.56024834844925,3.1545058162498,5.8803307307085
4250,0,0,0,0,0,0,0,0
4251,0,0,0,0,0,0,0,0
4254,1.17727881798902,0,0,0,0,0,0,0
4257,0,0,0,0,0,0,1.05150193874993,0
4258,0,0,0,0,0,0,0,0
4259,0,0,0,0,0,0,2.10300387749986,0
4260,0,0,0,0,0,0,1.05150193874993,0
4261,0,0,0,0,0,0,0,0
4263,0,0,0,0,0,0,0,0.840047247244072
4267,2.35455763597804,0,0,0,0,0.945031043556156,2.10300387749986,1.68009449448814
4268,0,0,0,0,0,0,0,0
4269,0,0,0,0,0,0,0,0
4270,0,0,0,0,0,0,0,0
4271,0,0,0,0,0,0,0,0
4274,0,0,0,0,0,0,0,0
4276,0,0,0,0,0,0,0,0
4278,0,0,0,0,0,0,1.05150193874993,0
4279,67.104892625374,45.5577356149326,51.1466663739256,83.789029297854,66.4205657001074,43.4714280035832,51.5235949987467,33.6018898897629
4281,0,0,0,0,0,0,0,0
4286,0,0,0,0,0,0,0,0
4288,0,0,0,0,0,0,0,0
4289,0,0,0,0,0,0,1.05150193874993,0
4291,0,0,0,0,0,0,0,0
4292,0,0,0,0,0,0,0,0
4295,0,0,0,0,0,0,0,0
4296,0,0,0,0,0,0,0,0
4300,0,0,0,0,0.922507856945936,0,0,0
4301,0,1.01239412477628,0,0,0,0,0,0
4302,2.35455763597804,0,0,0,0,0,0,0
4306,0,0,0,0,0,0,0,0
4307,0,0,0,0,0,0,0,0
4308,2.35455763597804,0,0,0,0,0,1.05150193874993,0.840047247244072
4309,1.17727881798902,0,3.56837207259946,0,2.76752357083781,0,3.1545058162498,0.840047247244072
4310,0,0,0,0,0,0,0,0
4312,0,1.01239412477628,2.37891471506631,0,0,0,1.05150193874993,0
4314,1.17727881798902,0,0,0,0,0,0,0
4315,0,0,0,0,0,0,0,0
4316,0,0,0,0,0,0,0,0
4319,0,0,0,0,0,0,0,0.840047247244072
4321,0,0,0,0.768706690806,0,0,0,0
4327,2.35455763597804,1.01239412477628,5.94728678766577,3.84353345403,2.76752357083781,3.78012417422462,1.05150193874993,4.20023623622036
4329,0,0,0,0.768706690806,0,0,0,0
4331,4.70911527195607,17.2107001211967,1.18945735753315,16.911547197732,3.69003142778375,4.72515521778078,3.1545058162498,10.9206142141729
4332,44.7365950835827,53.6568886131428,42.8204648711935,58.421708501256,68.2655814139993,57.6468936569255,19.9785368362487,29.4016536535425
4334,0,0,3.56837207259946,0,0,0,0,0
4335,12.9500669978792,11.1363353725391,77.314728239655,19.21766727015,53.5054557028643,35.9111796551339,76.759641528745,28.5616064062984
4336,0,0,3.56837207259946,0,2.76752357083781,1.89006208711231,1.05150193874993,0.840047247244072
4337,0,0,1.18945735753315,0,0,0,0,0
4338,0,0,0,0,0,0,0,0
4340,0,0,0,0,0,0,0,0
4342,0,0,0,0,0,0.945031043556156,0,0
4346,0,0,0,0,0,0.945031043556156,0,0
4347,0,0,0,0,0,0,0,0
4349,0,0,0,0,0,0,0,0
4350,0,0,0,0,0,0,0,0
4351,2.35455763597804,0,0,0,0,0,0,0
4352,1.17727881798902,26.3222472441833,1.18945735753315,34.59180108627,4.61253928472968,28.3509313066847,5.25750969374966,48.7227403401562
4353,0,0,0,2.306120072418,5.53504714167562,1.89006208711231,0,2.52014174173222
4354,0,0,0,0,0,0,0,0
4357,0,0,0,0,0.922507856945936,0,0,0
4360,28.2546916317364,37.4585826167223,7.13674414519892,96.0883363507499,19.3726649958647,103.953414791177,3.1545058162498,67.2037797795257
4361,0,3.03718237432884,2.37891471506631,0,0,0.945031043556156,4.20600775499973,1.68009449448814
4362,0,0,0,0,0,0,0,0
4363,0,0,0,0,0,0,1.05150193874993,0
4365,0,0,0,0,0,0,0,0
4366,0,0,0,0,0,0,0,0
4367,0,0,0,0,0,0,0,0
4370,0,0,0,0,0,0,0,0
4374,1.17727881798902,0,0,0,0,0,0,0
4375,0,0,0,0,0,0,0,0
4376,0,0,0,0,0,0,0,0
4377,0,0,0,0,0,0,0,0
4378,1.17727881798902,0,0,0,0,0,0,1.68009449448814
4379,0,0,0,0,0,0,0,0
4380,0,0,0,0,0,0,0,0
4384,0,0,0,0,0,0.945031043556156,0,0
4389,0,0,0,0,0,0,0,0
4391,0,0,0,0,0,0,0,0
4393,0,0,0,0,0,0,0,0
4400,0,0,0,0,0,0,0,0
4401,0,0,2.37891471506631,1.537413381612,0,0,1.05150193874993,0
4403,0,0,0,1.537413381612,1.84501571389187,0.945031043556156,0,0
4405,0,0,4.75782943013261,2.306120072418,0,0,1.05150193874993,0
4409,2.35455763597804,0,3.56837207259946,2.306120072418,1.84501571389187,3.78012417422462,0,2.52014174173222
4410,0,0,0,0,0,0,0,0
4419,0,0,1.18945735753315,0.768706690806,0,0,2.10300387749986,0
4420,0,0,0,0,0,1.89006208711231,0,0
4421,0,7.08675887343396,0,7.68706690806,0,1.89006208711231,0,3.36018898897629
4426,0,0,32.1153486533951,6.149653526448,7.38006285556749,3.78012417422462,6.30901163249959,2.52014174173222
4428,1.17727881798902,5.0619706238814,1.18945735753315,0.768706690806,0.922507856945936,0.945031043556156,1.05150193874993,0
4429,0,0,0,0,0,0,0,0
4432,0,0,0,0,0,0,0,0
4433,0,0,0,0,0,0,0,0
4434,0,0,0,0,0,0,0,0
4437,0,0,0,0,0,0,0,0
4438,0,0,0,0.768706690806,0,0,0,1.68009449448814
4439,0,0,0,1.537413381612,0,2.83509313066847,1.05150193874993,1.68009449448814
4440,0,0,0,0,0,0,0,0
4442,0,0,1.18945735753315,0,0,0,0,0
4443,0,1.01239412477628,0,0.768706690806,0,3.78012417422462,1.05150193874993,0.840047247244072
4444,0,2.02478824955256,0,0,1.84501571389187,0.945031043556156,0,0
4447,0,0,0,0,0,0,0,0
4448,0,0,0,0,0,0,0,0
4452,14.1273458158682,13.1611236220916,2.37891471506631,0,0.922507856945936,0.945031043556156,0,0
4453,9.41823054391214,4.04957649910512,0,0,0.922507856945936,0,0,0
4454,1.17727881798902,1.01239412477628,0,0,0.922507856945936,0.945031043556156,0,0
4457,0,0,0,0,0,0,0,0
4462,0,0,0,0,0,0,0,0
4463,0,0,0,0,0,0,0,0
4464,0,0,0,0,0,0,0,0
4465,1.17727881798902,0,0,0,1.84501571389187,0,0,1.68009449448814
4466,0,0,0,0,0,0,0,0
4467,0,0,0,0,0,0,2.10300387749986,0
4471,0,0,0,0,0,0,0,0
4472,0,0,0,0,0,0,0,0
4473,0,0,0,0,0,0,0,0
4474,0,0,0,0,0,0,0,0
4475,0,0,0,0,0,0,0,0
4481,0,0,0,0,0,0,0,0
4483,0,0,0,0,0,0,0,0
4484,0,1.01239412477628,0,0.768706690806,0,0.945031043556156,1.05150193874993,0
4485,0,0,1.18945735753315,0,1.84501571389187,0,0,0
4487,7.06367290793411,5.0619706238814,0,0.768706690806,1.84501571389187,6.61521730489309,0,0.840047247244072
4488,0,0,0,0,0,0,0,0
4489,22.3682975417913,14.1735177468679,102.293332747851,11.53060036209,54.4279635598102,17.955589827567,23.1330426524985,1.68009449448814
4490,0,0,0,0.768706690806,0,0,0,0
4491,0,0,0,0,0,0,0,0
4494,0,0,0,0,0,0,0,0
4495,0,0,0,0,0,0,0,0
4503,0,0,0,0,0,0,0,0
4504,0,0,0,0,0,0,0,0
4505,0,0,0,0,0,0,0,0
4506,0,0,0,0,0,0,0,0
4508,0,0,0,0,0,0,0,0
4511,0,0,0,0,0,0,0,0
4518,0,0,0,0,0,0,0,0
4519,0,0,0,0,0,0,0,0
4521,0,0,0,0,0,0,0,0
4523,0,0,0,0,0,0,0,0
4525,0,0,0,0,1.84501571389187,0.945031043556156,0,0
4526,0,0,0,0,0,0,0,0
4527,0,0,0,0,0,0,0,0
4528,0,0,0,0,0,0,0,0
4529,0,0,0,0,0,0,0,0
4531,0,0,0,0,0,0,0,0
4533,0,0,5.94728678766577,2.306120072418,0.922507856945936,0,0,0
4534,0,0,0,0,0,0,0,0
4535,0,0,0,0,0,0,0,0
4536,0,0,0,0,0,0,0,0
4539,3.53183645396705,0,3.56837207259946,0.768706690806,4.61253928472968,0.945031043556156,6.30901163249959,1.68009449448814
4541,0,0,0,0,0,0,0,0
4542,0,0,0,0,0,0,0,0
4543,0,0,0,0,0,0,0,0
4545,0,0,0,0,0,0,0,0
4547,0,0,0,0,0.922507856945936,0,0,0
4548,0,0,0,0,0,0,0,0
4549,0,0,0,0,0,0,0,0
4550,0,0,0,0,0,0,3.1545058162498,0
4551,0,0,0,0,0,0,0,0
4555,3.53183645396705,0,0,14.605427125314,1.84501571389187,11.3403725226739,2.10300387749986,6.72037797795257
4558,0,0,0,0,0,0,0,0
4559,0,0,1.18945735753315,0,0,0,0,0.840047247244072
4560,0,0,0,0,0,0,0,0
4561,0,0,0,0,0,0,0,0
4562,0,0,0,0,0,0,0,0
4564,0,0,0,0,0,0,0,0
4565,0,0,0,0,0,0,0,0
4566,0,0,2.37891471506631,1.537413381612,1.84501571389187,0.945031043556156,1.05150193874993,0
4567,1.17727881798902,0,2.37891471506631,0,0,0,0,0
4570,0,0,0,0,0.922507856945936,0,0,0
4572,0,0,0,0,0,0,0,0
4576,0,0,0,0,0,0,1.05150193874993,0
4577,0,0,0,0.768706690806,0,0,0,0
4579,2.35455763597804,0,0,0.768706690806,0.922507856945936,0,2.10300387749986,0
4581,0,0,0,0,0,0,0,0
4583,1.17727881798902,0,0,0,0,0,1.05150193874993,0
4585,1.17727881798902,0,1.18945735753315,0,0.922507856945936,0,0,0
4587,0,0,0,0,0,0.945031043556156,0,0
4589,0,1.01239412477628,0,0,0,0,0,0
4593,0,0,0,0,0,0,0,0
4594,0,0,1.18945735753315,0,0.922507856945936,0,1.05150193874993,0
4595,0,0,0,0,0,0,0,0
4596,0,0,0,0,0,0,0,0
4599,0,0,0,0,0,0,0,0.840047247244072
460,2.35455763597804,1.01239412477628,0,0,0,0,2.10300387749986,0
4601,0,0,7.13674414519892,0,0.922507856945936,0,0,0
4604,0,0,0,0,0,0,0,0
4605,0,0,1.18945735753315,0.768706690806,0,0.945031043556156,0,0.840047247244072
4606,0,0,0,0,0,0,0,0
4607,0,0,0,0,0,0,0,0
4608,0,0,0,0,0,0,0,0
461,0,0,0,0,0,0,0,0
4611,0,1.01239412477628,0,3.074826763224,0,0,2.10300387749986,0.840047247244072
4613,0,0,0,1.537413381612,0,1.89006208711231,0,0
4614,0,0,0,0,0,0,0,0
4615,12.9500669978792,0,1.18945735753315,14.605427125314,1.84501571389187,0.945031043556156,5.25750969374966,0
4617,0,0,0,0,0,0,0,0
4618,0,1.01239412477628,0,0,0,0.945031043556156,1.05150193874993,0
4619,0,0,0,0.768706690806,0,0.945031043556156,0,0
4621,0,0,0,0,0,0,0,0.840047247244072
4623,0,0,1.18945735753315,0,0.922507856945936,0,0,0
4627,0,0,0,0,0,0,0,0
4628,0,0,0,0,0,0,0,0
463,0,0,0,0,0,0,0,0
4630,0,0,0,0,0,0,0,0
4632,1.17727881798902,5.0619706238814,3.56837207259946,3.84353345403,3.69003142778375,3.78012417422462,0,5.8803307307085
4633,0,0,1.18945735753315,1.537413381612,0,0,0,1.68009449448814
4634,8.24095172592313,2.02478824955256,0,3.84353345403,0.922507856945936,2.83509313066847,1.05150193874993,0
4639,0,0,0,0,0,0,0,0
464,0,0,0,0,0,0,0,0
4640,0,0,0,0,0,0,0,0
4641,0,0,0,0,0,0.945031043556156,0,0
4642,0,0,0,0,0,0,0,0
4644,0,0,0,0,0,0.945031043556156,0,0
4646,0,0,0,0,0,0,0,0
4647,0,0,0,0,0,0,0,0
4649,0,0,0,0,0,0,0,0
465,1.17727881798902,0,0,0,0,0,0,0
4650,0,0,0,0,0,0,0,0
4651,0,0,0,0,0,0,0,0
4652,0,0,0,0,0,0,1.05150193874993,0
4653,0,0,0,0,0,0,0,0
4654,0,0,0,0,0,0,0,0
4655,0,0,0,0,0,0,0,0
4656,0,0,0,0,0,0,1.05150193874993,3.36018898897629
4657,0,0,3.56837207259946,9.99318698047799,6.45755499862155,5.67018626133693,2.10300387749986,0
4658,2.35455763597804,0,9.51565886026523,15.37413381612,5.53504714167562,15.1204966968985,7.36051357124952,5.8803307307085
4659,0,0,1.18945735753315,0,1.84501571389187,0,1.05150193874993,0
466,2.35455763597804,0,104.672247462917,1.537413381612,19.3726649958647,0,64.1416182637458,4.20023623622036
4662,0,0,0,0,0,0,0,0
4663,0,0,2.37891471506631,0,0.922507856945936,0,1.05150193874993,0
4664,0,0,2.37891471506631,0,0,0,0,0.840047247244072
4665,0,0,0,0,0,0,0,0
4666,0,0,0,0,0,0,0,0
4667,0,0,0,0,0,0,0,0
4668,0,0,0,0,0,0,0,0
4669,0,0,1.18945735753315,0.768706690806,0,0,0,0
467,0,0,0,0,0,0,1.05150193874993,0
4670,1.17727881798902,0,0,0,0,0,0,0
4673,0,0,0,0,0,0,0,0
4674,1.17727881798902,0,0,0,0,0.945031043556156,1.05150193874993,0
4676,0,0,0,0,0,0,0,0
4678,0,0,0,0,0,0,0,0
4679,0,0,0,0,0.922507856945936,0,0,0
468,25.9001339957584,3.03718237432884,48.7677516588593,3.074826763224,51.6604399889724,8.5052793920054,31.545058162498,26.8815119118103
4680,0,0,0,0,0,0,0,0
4681,0,0,0,0,0,0,0,0
4682,0,0,0,0,0,0,0,0
4683,0,0,0,0,0,0,0,0
4684,0,3.03718237432884,0,0,0.922507856945936,0,0,0.840047247244072
4685,0,0,0,0,0,0,0,0
4687,0,0,0,0,0,0,0,0
4688,0,0,0,0,0,0,0,0
4694,0,0,0,0,0,0,0,0
4695,0,0,0,0.768706690806,0,0,0,0
4696,0,0,0,0,0,0,0,0
4697,0,0,0,0,0,0,0,0
4699,0,0,0,0.768706690806,0,0,0,0
470,0,6.07436474865768,0,0.768706690806,0,0,2.10300387749986,0
4700,0,0,0,0,0,0,0,0
4707,0,0,0,0,0,0,0,0
471,1.17727881798902,0,0,0.768706690806,0,0,1.05150193874993,0
4710,0,0,0,0,0,0,0,0
4711,0,0,24.9786045081962,0.768706690806,6.45755499862155,0,5.25750969374966,1.68009449448814
4713,2.35455763597804,3.03718237432884,10.7051162177984,0.768706690806,2.76752357083781,18.9006208711231,9.46351744874939,5.04028348346443
4714,0,0,0,1.537413381612,0,0,0,1.68009449448814
4715,0,4.04957649910512,0,2.306120072418,0,0,0,2.52014174173222
4719,0,0,0,0,0.922507856945936,0,0,0
472,0,0,0,0,0,0,0,0
4720,2.35455763597804,2.02478824955256,2.37891471506631,1.537413381612,1.84501571389187,12.28540356623,3.1545058162498,0
4721,0,0,0,0,0,0,0,0
4728,0,0,0,0,0,0,0,0
4731,0,0,2.37891471506631,0,0.922507856945936,0,0,0
4734,0,0,0,0,0,0,0,0
4735,0,0,0,0,0,0,0,0
4736,93.0050266211324,7.08675887343396,3988.25051980866,1740.35194798478,1380.99426184807,472.515521778078,748.669380389951,168.009449448814
4739,0,0,0,0.768706690806,0,0,0,0
4741,0,0,0,0,0,0,0,0
4742,0,0,0,0,0,0,0,0
4744,2.35455763597804,2.02478824955256,1.18945735753315,0.768706690806,5.53504714167562,3.78012417422462,5.25750969374966,1.68009449448814
4745,60.0412197174399,12.1487294973154,127.271937256047,29.210854250628,77.4906599834587,32.1310554809093,154.57078499624,29.4016536535425
475,0,0,0,0,0,0,0,0
4752,2.35455763597804,0,0,1.537413381612,0,0.945031043556156,0,0
4754,0,0,0,0,0,0,0,0
4755,0,0,0,0,0,0,0,0.840047247244072
4757,0,2.02478824955256,0,1.537413381612,0,1.89006208711231,0,0.840047247244072
4758,0,1.01239412477628,0,0,0,0,0,0
4760,0,0,0,0,0,0,0,0
4761,0,0,0,0,0,0,0,0
4762,0,0,0,0,0,0,0,0
4763,0,0,0,0,0,0,0,0
4765,58.8639408994509,85.0411064812075,73.7463561670555,54.578175047226,77.4906599834587,85.052793920054,85.1716570387445,69.723921521258
4766,0,2.02478824955256,0,1.537413381612,0.922507856945936,0,0,0
4767,16.4819034518463,12.1487294973154,8.32620150273207,5.380946835642,6.45755499862155,19.8456519146793,24.1845445912484,2.52014174173222
4768,0,0,0,0,0,0,1.05150193874993,0
4769,0,2.02478824955256,0,0.768706690806,0,0,0,0.840047247244072
4770,2.35455763597804,0,4.75782943013261,0,1.84501571389187,1.89006208711231,2.10300387749986,0
4771,3.53183645396705,2.02478824955256,1.18945735753315,0,0.922507856945936,0,4.20600775499973,0
4772,0,0,0,0,0,0,0,0
4776,1.17727881798902,1.01239412477628,0,0,0.922507856945936,0,0,0
4777,0,1.01239412477628,0,0,0,0,0,0
4778,0,0,0,0,0,0.945031043556156,0,0
4779,1.17727881798902,4.04957649910512,2.37891471506631,0.768706690806,2.76752357083781,0.945031043556156,4.20600775499973,5.8803307307085
478,0,0,0,0,0,0,0,0
4780,1.17727881798902,0,0,0,0,0,2.10300387749986,0
4783,0,0,0,0,0,0,0,0
4784,21.1910187238023,1.01239412477628,36.8731780835278,9.99318698047799,15.6826335680809,2.83509313066847,29.4420542849981,5.04028348346443
4785,0,0,0,0,0,0,0,0
4787,0,0,0,0,0,0,0,0
4790,2.35455763597804,1.01239412477628,1.18945735753315,0.768706690806,0,0,1.05150193874993,0
4791,0,0,0,0,0.922507856945936,0,0,0
4792,0,0,0,0,0,0,0,0
4795,1.17727881798902,0,2.37891471506631,0,0,0,0,0
4797,0,0,0,0,0,0,0,0
4798,0,0,0,1.537413381612,2.76752357083781,0,0,0
4800,0,0,1.18945735753315,0,0,0,0,0
4801,0,0,0,0,0,0,0,0
4803,0,1.01239412477628,0,0.768706690806,0,0,0,0
4804,2.35455763597804,1.01239412477628,2.37891471506631,3.84353345403,0,0,1.05150193874993,3.36018898897629
4806,0,0,1.18945735753315,0.768706690806,0,0.945031043556156,0,0.840047247244072
4807,0,0,0,0,0,0,0,0
4809,0,0,0,0.768706690806,0,0,3.1545058162498,0
4812,0,0,0,1.537413381612,0,0,2.10300387749986,0
4813,0,0,1.18945735753315,0,0.922507856945936,0,0,0
4815,0,0,0,0,0,0,0,0
4817,0,0,0,0,0,0,0,0
4818,0,0,0,0,0,0,0,0
4820,0,1.01239412477628,0,0,0,0,0,0
4821,0,0,0,0.768706690806,0,0,0,0
4825,0,0,0,0,0,0,0,0
4827,0,0,0,0,0,0,0,0
4828,0,0,0,0,0,0,0,0
483,0,0,14.2734882903978,6.149653526448,0,0,1.05150193874993,0.840047247244072
4830,93.0050266211324,2.02478824955256,242.649300936763,36.897921158688,105.165895691837,16.0655277404546,50.4720930599967,100.805669669289
4832,0,0,0,0,0,0,0,0
4834,0,0,0,0,0,0,0,0
4837,0,0,0,0,0,0,0,0
4838,1.17727881798902,0,1.18945735753315,0,0.922507856945936,1.89006208711231,0,0
4839,0,0,0,0,0.922507856945936,0,0,0
4841,0,0,0,0,0,0,0,0
4842,0,0,0,0,0,0,0,0
4843,8.24095172592313,2.02478824955256,0,0,0.922507856945936,1.89006208711231,0,0
4846,0,0,0,0,0,0,0,0
4847,0,0,0,0,0,0,0,0
4849,0,0,2.37891471506631,0,0.922507856945936,0.945031043556156,1.05150193874993,1.68009449448814
485,0,0,0,0,0,0,0,0
4851,0,0,0,0,0,0,0,0
4852,0,0,0,0,0,0,0,0
4855,0,0,0,0,0,0,0,0
4856,0,0,0,0,0,0,0,0
4858,0,0,0,0,0,0,0,0
486,0,0,0,0,0,0,0,0
4861,0,0,0,0,0,0,0,0
4862,0,0,0,0,0,0.945031043556156,0,0
4864,0,0,0,0,0,0,0,0
4865,0,0,1.18945735753315,0,0,0,0,0
4866,0,0,0,0,0,0,0,0
4867,0,0,0,0,0,0.945031043556156,0,0
4868,0,0,0,0,0,0,0,0
4869,0,0,0,0,0,0,0,0
4870,0,0,0,0,0,0,0,0
4873,0,0,0,0,0,0,0,0
4878,0,0,0,0,0,0,0,0
4881,0,0,0,0,0,0,0,0.840047247244072
4882,0,0,0,0,0,0,0,0
4884,0,0,0,0,0,0,0,0
4885,0,0,0,0,0,0,0,0
4886,0,0,0,0,0,0,0,0
4890,0,0,0,0,0,0,0,0
4894,0,0,0,0,0,0,0,0
4895,0,0,0,0,0,1.89006208711231,0,0
4896,2.35455763597804,0,68.9885267369229,0,3.69003142778375,0,36.8025678562476,20.1611339338577
490,0,0,0,0,0,0,0,0
4902,0,0,0,0.768706690806,0.922507856945936,0,0,0
4905,0,0,0,0,0,0,3.1545058162498,0.840047247244072
4906,0,0,0,0,0,0,0,0.840047247244072
491,0,0,0,0,0,0,0,0
493,0,2.02478824955256,0,0.768706690806,0.922507856945936,0,0,0.840047247244072
496,3.53183645396705,4.04957649910512,0,0,0,0,0,0
500,0,0,0,0,0,0,0,0
501,2.35455763597804,0,0,0.768706690806,1.84501571389187,0.945031043556156,0,0.840047247244072
502,0,0,0,0,0,0,0,0
5021,0,0,0,0,0,0,0,0
5022,0,0,0,0,0,0,0,0
5023,0,0,0,0,0,0,0,0
5024,0,0,0,0,0,0,0,0
5027,0,0,0,0,0,0,0,0
5028,0,0,0,0,0,0,0,0
5029,0,0,0,0,0,0,0,0
5031,0,0,1.18945735753315,0,0,0,3.1545058162498,0
5035,0,0,4.75782943013261,0,0,0,0,0
5036,0,0,0,0,0,0,0,0
5038,0,0,0,0,0,0,0,0
504,0,0,0,0,0,0,0,0
5042,0,0,0,0,0,0,0,0
5043,0,0,0,0,0,0,0,0
5044,0,0,0,0,0,0,0,0
5045,0,0,0,0,0,0,0,0
5046,0,0,0,0.768706690806,0,0,0,0
5047,0,0,0,0,0,0,0,0
5048,0,0,0,0,0,0,0,0
5049,0,0,0,0,0,0,0,0
505,0,0,0,0,0,0,0,0
5050,0,0,0,0,0,0,0,0
5052,0,0,0,0,0,0,0,0
5053,0,0,1.18945735753315,6.149653526448,0.922507856945936,0,0,0
5054,0,0,0,1.537413381612,0.922507856945936,0,0,0
5055,0,0,0,0,0,0,0,0
5056,0,0,0,0,0,0,0,0
5057,0,0,0,0,0,0,0,0
506,0,0,0,0,0,0,0,0
5062,0,0,1.18945735753315,0,0,0,0,0
5064,0,0,0,0,0,0,0,0
5066,0,0,0,0,0,0,0,0
5067,0,0,0,0,0,0,0,0
5068,0,0,0,0,0,0,0,0
507,0,0,0,0,0,0,0,0
5070,0,0,0,0,0,0,0,0
5072,0,0,0,0,0,0,0,0
5073,0,0,0,0,0,0,0,0
5074,0,0,0,0,0,0,0,0
5075,0,0,0,0,0,0,0,0
5078,0,0,0,0,0,0,0,0
508,0,0,0,0,0,0,0,0
5080,0,0,0,0,0,0,0,0
5081,0,0,0,0,0,0,0,0
5082,0,0,0,0,0,0,0,0
5088,0,0,0,0,0,0,0,0
5089,0,0,0,0,0,0,0,0
509,0,0,0,0,0,0,0,0.840047247244072
5090,0,0,0,0,0,0,0,0
5091,0,0,0,0,0,0,0,0
5092,0,0,0,0,0,0,0,0
5093,0,0,0,0,0,0,0,0
5094,0,0,0,0,0,0,0,0
5095,0,0,0,0,0,0,0,0
5096,0,0,0,0,0,0,0,0
5097,0,0,0,0,0,0,0,0
5098,0,0,0,0,0,0,0,0
5099,0,0,0,0,0,0,0,0
510,0,0,1.18945735753315,0,0,0,1.05150193874993,0
5101,0,0,0,0,0,0,0,0
5103,0,0,0,0,0,0,0,0
5104,0,0,0,0,0,0,0,0
5105,0,0,0,0,0,0,0,0
5106,0,0,0,0,0,0,0,0
5107,0,0,0,0,0,0,0,0
5108,0,0,1.18945735753315,0.768706690806,0,0,1.05150193874993,0.840047247244072
5109,0,0,0,0,0,0,0,0
511,0,0,0,1.537413381612,0,0,0,0
5110,0,0,0,0,0,0,0,0
5111,0,0,0,0,0,0,0,0
5112,0,0,0,0,0,0,0,0
5113,0,0,0,0,0,0,0,0
5115,0,0,24.9786045081962,15.37413381612,22.1401885667025,5.67018626133693,0,0
5116,0,0,0,0,0,0,0,0
5117,0,0,0,0,0,0,0,0
5118,0,0,0,0,0,0,0,0
5119,0,0,0,0,0,0,0,0
5120,0,0,0,0,0,0,0,0
5122,0,1.01239412477628,1.18945735753315,0.768706690806,0,0,1.05150193874993,0
5123,0,0,0,0,0,0,0,0
5124,0,0,0,0,0,0,0,0
513,0,0,1.18945735753315,0,0,0,2.10300387749986,0
5130,0,0,0,0,0,0,0,0
5131,0,0,0,0,0,0,0,0
5134,0,0,0,0.768706690806,0,0,0,0
5135,0,0,0,0,0,0,0,0
5137,0,0,0,0,0,0,0,0
5138,0,0,0,0,0,0,0,0
5140,0,0,0,0,0,0,0,0
5142,0,0,0,0,0,0,0,0
5143,0,0,0,0,0,0,0,0
5144,0,0,0,0,0,0,0,0
5145,0,0,0,0,0,0,0,0
5146,0,0,0,0,0,0,0,0
5147,0,0,0,0,0,0,0,0
5148,0,0,0,0,0,0,0,0
5149,0,0,0,0,0,0,0,0
5150,0,0,0,0,0,0,0,0
5151,0,0,0,0,0,0,0,0
5153,0,0,0,0,0,0,0,0
5155,0,0,0,0,0,0,0,0
5156,0,0,0,0,0,0,0,0
5158,0,0,0,0,0,0,0,0
5159,0,0,0,0,0,0,0,0
5160,0,0,0,0,0,0,0,0
5161,0,0,0,0,0,0,0,0
5164,0,0,0,0,0,0,0,0
5165,0,0,0,0,0,0,0,0
5167,0,0,0,0,0,0,0,0
5168,0,0,0,0,0,0,0,0
517,0,0,0,0,0,0,0,0
5170,0,0,0,0,0,0,0,0
5171,0,0,0,0,0,0,0,0
5173,0,0,0,0,0.922507856945936,1.89006208711231,0,0
5174,0,0,0,0,0,0,0,0
5176,0,0,0,0,0,0,0,0
5177,0,0,0,0,0,0,0,0
5179,0,0,0,0,0,0,0,0
5180,0,0,0,0,0,0,0,0
5181,0,0,0,0,0,0,0,0
5183,0,0,0,0,0,0,0,0
5184,0,0,0,0,0,0,0,0
5186,0,0,0,0,0,0,0,0
5188,0,0,0,0,0,0,0,0
5189,0,0,0,0,0,0,0,0
519,0,0,0,0,0,0,0,0
5191,0,0,0,0,0,0,0,0
5192,0,0,0,0,0,0,0,0
5194,0,0,0,0,0,0,0,0
5197,0,0,0,0,0,0,0,0
5198,0,0,0,0,0,0,0,0
5200,0,0,0,3.84353345403,0,0,0,0
5201,0,0,4.75782943013261,2.306120072418,1.84501571389187,3.78012417422462,0,0
5202,0,0,0,2.306120072418,0,0.945031043556156,0,0
5205,0,0,0,0,0,0,0,0
5208,0,0,0,1.537413381612,0,2.83509313066847,0,0
5209,0,0,0,0,0,0,0,0
521,0,0,0,0,0,0,0,0
5211,0,0,0,0,0,0,1.05150193874993,0
5213,0,0,0,0,0,0,0,0
5214,0,0,0,0,0,0,0,0
5215,0,0,0,0,0,0,0,0
5219,0,0,0,0,0,0,0,0
5220,0,0,0,0,0,0,0,0
5221,0,0,0,0,0,0,0,0
5222,0,0,0,0,0,0,0,0
5223,0,0,0,0,0,0,0,0
5228,0,0,0,0,0,0,0,0
5229,0,0,0,0,0,0,0,0
5230,0,0,0,0,0,0,0,0
5231,0,0,0,0,0,0,0,0
5232,0,0,0,0,0,0,0,0
5233,0,0,0,0,0,0,0,0
5234,0,0,0,0,0,0,0,0
5237,0,0,0,0,0,0,0,0
524,0,0,0,0,0,0,0,0
5240,0,0,0,0,0,0,0,0
5242,0,0,0,0,0,0,0,0
5243,0,0,0,0,0,0,0,0
5244,0,0,0,0,0,0,0,0
5245,0,0,0,0,0,0,0,0
5246,0,0,0,0,0,0,0,0
5247,0,0,0,0,0,0,0,0
5249,0,0,0,0,0,0,0,0
525,0,0,0,0,0,0,0,0
5250,0,0,0,0,0,0,0,0
5251,0,0,0,0,0,0,0,0
5252,0,0,0,0,0,0,0,0
5254,0,0,0,0,0,0,0,0
5256,0,0,0,0,0,0,0,0
5257,0,0,0,0,0,0,0,0
526,0,0,0,0,1.84501571389187,0,0,0
5260,0,0,0,0,0,0,0,0
5262,0,0,0,0,0,0,0,0
5266,0,0,0,0,0,0,0,0
5267,0,0,0,0,0,0,0,0
5268,0,0,0,0,0,0,0,0
5269,0,0,0,0,0,0,0,0
5270,0,0,0,0,0,0,0,0
5271,0,0,0,0,0,0,0,0
5272,0,0,0,0,0,0,0,0
5273,0,0,0,0,0,0,0,0
5274,0,0,0,0,0,0,0,0
5276,0,0,0,0,0,0,0,0
5277,0,0,0,0,0,0,0,0
5279,0,0,0,0,0,0,0,0
528,0,0,0,0,0,0,0,0
5280,0,0,0,0,0,0,0,0
5287,1.17727881798902,0,1.18945735753315,0.768706690806,3.69003142778375,4.72515521778078,5.25750969374966,0.840047247244072
5288,0,0,0,0,0,0,0,0
5290,0,0,0,0.768706690806,0.922507856945936,0,0,0
5292,0,0,0,0,0,0,0,0
5294,0,0,0,0,0,0.945031043556156,2.10300387749986,0
5297,0,0,0,0,0,0,0,0
5298,0,0,0,0,0,0,0,0
530,4.70911527195607,2.02478824955256,1.18945735753315,3.074826763224,0.922507856945936,0,0,0
5302,43.5593162655937,10.1239412477628,341.374261612015,58.421708501256,75.6456442695668,35.9111796551339,111.459205507493,42.0023623622036
5304,0,0,0,0,0,0.945031043556156,0,0
5305,0,0,0,0,0,0,0,0
5306,0,0,0,0,0,0,0,0
5316,0,0,0,0,0,0,0,0
5318,0,0,0,0,0,0,0,0
5320,0,0,0,0,0,0,0,0
5327,0,0,0,0,0,0,1.05150193874993,0
5329,0,0,0,0,0,0,0,0
5330,0,0,0,0,0,0,0,0
5331,0,0,1.18945735753315,0.768706690806,0,0,0,0
5332,0,0,0,0,0,0,0,0
5334,0,0,0,0,0,0,0,0
5335,0,0,0,0,0,0,0,0
5337,0,0,0,0,0,0,0,0
5339,0,0,0,0,0,0,0,0
534,0,0,0,0,0,0,0,0
5340,0,0,0,0,0,0,0,0
5343,0,0,0,0,0,0,0,0
5344,0,0,0,0,0,0,0,0
5345,2.35455763597804,2.02478824955256,3.56837207259946,0,3.69003142778375,5.67018626133693,3.1545058162498,1.68009449448814
5346,0,0,0,0.768706690806,0,0,0,0
5348,0,0,0,0,0,0,0,0
535,0,0,0,0,0,0,0,0
5350,0,0,0,0,0,0,0,0
5352,0,0,0,0,0,0,0,0
5353,0,0,0,0,0,0,0,0
5356,1.17727881798902,0,2.37891471506631,0.768706690806,0,0.945031043556156,0,0
5357,0,0,0,0,0,0,0,0
5358,0,0,0,0,0,0,0,0
5359,0,0,0,0,0,0,0,0
536,0,3.03718237432884,0,9.99318698047799,0,3.78012417422462,0,1.68009449448814
5360,0,0,0,0,0,0,0,0
5361,34.1410857216815,54.6692827379191,21.4102324355968,48.428521520778,58.117994987594,55.7568315698132,51.5235949987467,73.9241577574783
5363,2.35455763597804,3.03718237432884,0,1.537413381612,0,2.83509313066847,0,1.68009449448814
5367,0,0,0,0,0,0,0,0
5371,0,0,0,0,0,0,0,0
5380,0,0,0,0,0,0,0,0
5383,0,0,0,0,0,0,0,0
5387,1.17727881798902,6.07436474865768,1.18945735753315,0,0,0,0,2.52014174173222
5388,0,0,0,0,0,0,0,0
5397,0,0,0,0,0,0,0,0
540,0,0,0,0,0,0,0,0
5404,0,0,0,0,0,0,0,0
5407,0,0,0,0,0,0,0,0
5409,0,0,0,0,0,0,0,0
5410,1.17727881798902,8.09915299821023,1.18945735753315,4.612240144836,8.30257071251343,6.61521730489309,7.36051357124952,10.9206142141729
5415,0,0,0,0,0,0,0,0
542,0,0,0,0,0,0,0,0
5421,0,0,0,0,0,0,0,0
5422,0,0,0,0,0,0,0,0
5423,0,0,0,0,0,0,0,0
5424,0,0,0,0,0,0,0,0
5426,0,0,0,0,0,0,0,0
5427,0,0,0,0,0,0,0,0
5428,1.17727881798902,0,0,0,0,0,0,0
5429,0,14.1735177468679,2.37891471506631,6.149653526448,3.69003142778375,6.61521730489309,0,1.68009449448814
543,0,0,0,0,0,0,0,0
5430,0,0,0,0,0,0,0,0
5437,1.17727881798902,0,0,1.537413381612,0,1.89006208711231,0,0.840047247244072
5438,0,0,0,0,0,0,0,0
5439,0,0,0,0,0,0,0,0
544,0,0,1.18945735753315,1.537413381612,3.69003142778375,0,0,0
5440,25.9001339957584,44.5453414901563,0,10.761893671284,13.837617854189,17.955589827567,47.3175872437469,58.803307307085
5442,0,0,0,0,0,0,0,0
5445,0,0,0,0.768706690806,0,0,0,0
5446,0,0,0,0,0,0,0,0
5447,0,0,0,0,0.922507856945936,0,0,0
5448,0,0,0,0,0,0,0,0
5449,0,0,0,0,0,0,0,0
5450,0,0,0,0,0,0,0,0.840047247244072
5459,0,0,0,0,0,0,0,0
546,0,0,0,0.768706690806,0,0,1.05150193874993,0
5463,3.53183645396705,13.1611236220916,0,9.224480289672,5.53504714167562,13.2304346097862,2.10300387749986,11.760661461417
5464,0,0,0,0,0,0,0,0
5465,0,0,0,0,0.922507856945936,0.945031043556156,0,0
5466,1.17727881798902,0,0,0,2.76752357083781,0,0,0
5469,1.17727881798902,2.02478824955256,3.56837207259946,3.84353345403,2.76752357083781,2.83509313066847,3.1545058162498,4.20023623622036
547,0,0,0,0,0,0,0,0
5472,0,0,0,0,0,0,0,0
5473,0,0,0,0,0,0,0,0
5474,0,0,0,0,0,0,0,0
5476,0,0,0,0,0,0,0,0
5477,0,0,0,0,0,0,0,0
5479,0,1.01239412477628,0,0,0,0.945031043556156,3.1545058162498,0
5480,0,1.01239412477628,1.18945735753315,5.380946835642,5.53504714167562,0.945031043556156,0,0.840047247244072
5481,0,0,0,0,0,0,0,0
5484,0,0,0,0,0,0,0,0
5488,0,0,0,0,0,0,0,0
5489,0,0,0,0,0,0,0,0
549,2.35455763597804,0,1.18945735753315,0.768706690806,1.84501571389187,4.72515521778078,0,0
5493,0,0,0,0,0,0,0,0
5494,0,0,0,0,0,0,0,0
5498,0,0,0,0,0,0,0,0
5499,0,0,0,0,0,0,0,0
550,0,1.01239412477628,2.37891471506631,0.768706690806,0,0,6.30901163249959,0
5506,0,0,0,0,0,0,0,0
5508,0,1.01239412477628,0,0,0,0,0,1.68009449448814
5509,0,0,0,0,0,0,0,0
5510,0,0,0,0,0,0,0,0
5511,0,0,0,0,0,0,0,0
5516,0,0,0,0,0,0,0,0
5518,0,0,0,0,0,0,0,0
552,5.88639408994509,3.03718237432884,4.75782943013261,8.455773598866,9.22507856945936,15.1204966968985,0,3.36018898897629
5520,0,0,0,0,0,0,0,0
5523,0,0,0,0,0,0,0,0
5524,0,0,0,0,0,0,0,0
5525,0,0,0,0,0,0,0,0
5531,0,0,0,0,0,0,0,0
5535,0,0,0,0,0,0,0,0
5537,0,0,0,0,0,0,0,0
5539,0,0,0,0,0,0,0,0
5540,0,0,0,0,0,0,0,0
5542,0,0,0,0,0,0,0,0
5546,0,0,0,0,0,0,0,0
5549,0,0,0,0,0.922507856945936,0,0,0
555,0,0,0,0,0,0,0,0
5550,0,0,0,0,0,1.89006208711231,0,0
5553,0,0,0,0,0,0,0,0
5558,0,0,0,0,0,0,0,0
5560,0,0,1.18945735753315,0,0,0.945031043556156,0,0
5562,0,0,0,0,0,0,0,0
5563,0,0,0,0,0,0,0,0
5565,0,0,0,0,0,0,0,0
5568,0,0,0,0,0,0,0,0
557,1.17727881798902,3.03718237432884,1.18945735753315,2.306120072418,2.76752357083781,1.89006208711231,0,0.840047247244072
5570,0,0,0,0,0,0,0,0
5571,0,0,0,0,0,0,0,0
5572,0,0,0,0,0,0,0,0
5573,0,0,0,0,0,0,0,0
5574,0,0,0,0,0,0,0,0
5575,0,0,0,0,0,0,0,0
5579,1.17727881798902,0,1.18945735753315,1.537413381612,2.76752357083781,0.945031043556156,0,0
558,140.096179340693,68.842800484787,1.18945735753315,0,190.959126387809,105.843476878289,283.905523462482,57.1232128125969
5580,0,0,1.18945735753315,0,0,0,0,0
5582,0,0,0,0,0,0,0,0
5583,0,0,0,0,0.922507856945936,0,2.10300387749986,0
5584,0,0,0,0,0,0,0,0
5585,0,0,0,0,0,0,0,0
5587,0,0,0,0,0,0,0,0
5588,0,0,0,0,0,0,0,0
559,5.88639408994509,4.04957649910512,0,9.99318698047799,4.61253928472968,11.3403725226739,4.20600775499973,7.56042522519665
5590,0,0,0,0,0,0,0,0
5591,0,0,0,1.537413381612,0,0.945031043556156,0,0.840047247244072
5593,0,0,0,0,0,0,0,0
5594,0,0,0,0,0,0,0,0
5597,0,0,0,0,0,0,0,0
5599,1.17727881798902,0,0,0,0,0,0,0
560,0,0,1.18945735753315,0,2.76752357083781,1.89006208711231,8.41201550999945,0
5600,0,0,0,0,0,0,0,0
5603,0,0,1.18945735753315,0,0.922507856945936,0,0,0
5605,0,0,0,0,0,0,0,0
5606,0,0,0,0,0,0,0,0
5610,0,0,0,0,0,0,0,0
5611,0,0,0,0,0,0,0,0
5614,0,0,0,0,0,0,0,0
5616,0,0,0,0,0,0,0,0
5618,1.17727881798902,0,2.37891471506631,0,2.76752357083781,2.83509313066847,0,0
562,1.17727881798902,0,0,0,0,0,1.05150193874993,0
5620,0,0,0,0,0.922507856945936,0,0,0
5624,0,0,0,0,0,0,0,0
5626,0,0,0,0,0,0,0,0
5628,0,0,0,0,0,0,0,0
5632,0,0,0,0,0,0,0,0
5633,0,0,0,0,0,0,0,0
5634,0,0,0,0,0,0,0,0
5636,1.17727881798902,0,0,1.537413381612,3.69003142778375,0,0,0
5637,0,0,0,0,0,0,0,0
5639,5.88639408994509,0,2.37891471506631,2.306120072418,0.922507856945936,0,0,0
5641,0,0,0,0,0,0,0,0
5642,0,1.01239412477628,0,0,0,0,0,0
5643,0,0,0,0,0,0,0,0
5644,0,0,1.18945735753315,0.768706690806,0,0,0,0
5645,0,0,2.37891471506631,0,0,0,0,0
5646,0,0,0,0,0,0,0,0
565,5.88639408994509,5.0619706238814,16.6524030054641,14.605427125314,4.61253928472968,3.78012417422462,9.46351744874939,4.20023623622036
5651,0,0,0,0,0,0,0,0.840047247244072
5652,0,0,0,0,0,0,1.05150193874993,0
5654,0,0,0,1.537413381612,0,0,0,0
5656,0,0,0,0,0,0,0,0
5657,0,0,0,0,0,0,0,0
5658,0,0,0,0,0,0,0,0
5659,0,0,0,0,0,0,0,0
566,0,0,0,1.537413381612,0.922507856945936,0,1.05150193874993,0
5660,0,0,0,0,0,0,0,0
5663,0,0,0,0,0,0,0,0
5664,0,0,0,0,0,0,0,0
5665,0,0,0,0,0,0,0,0
5667,0,0,0,0,0,0,0,0
5668,1.17727881798902,0,0,0,0,0,0,0
5669,0,0,0,0,0,0,0,0
567,0,0,0,0,0,0,0,0
5671,0,2.02478824955256,1.18945735753315,0.768706690806,0,1.89006208711231,0,0
5672,0,0,0,0,0,0,1.05150193874993,0
5675,2.35455763597804,0,1.18945735753315,0,0,0,0,0
5676,0,0,0,0,0,0,0,0
5678,0,0,0,0.768706690806,0,0,0,0
568,0,0,0,1.537413381612,0,0,0,0
5680,0,0,0,0,0,0,0,0
5682,0,0,0,0,0,0,0,0
5686,0,0,0,0,0,0,0,0
5688,0,0,0,0,0,0,0,0
569,0,0,4.75782943013261,5.380946835642,0.922507856945936,0.945031043556156,1.05150193874993,0
5690,0,0,0,0,0,0,0,0
5691,0,0,0,0,0,0,0,0.840047247244072
5696,0,0,0,0,0,0,0,0
5699,0,0,0,0,0,0,0,0
570,23.5455763597804,25.309853119407,32.1153486533951,36.129214467882,42.4353614195131,33.0760865244654,32.5965601012479,28.5616064062984
5703,0,0,0,0,0,0,0,0
5705,1.17727881798902,0,0,0,0,0,0,0
5709,0,0,0,0,0,0,0,0
5711,0,0,0,0,0,0,0,0
5713,0,0,0,0,0,0,0,0
5717,0,0,0,0,0,0,0,0
5718,0,0,0,0,0,0,0,0
572,2.35455763597804,0,0,0,0.922507856945936,0,1.05150193874993,0.840047247244072
5723,0,0,0,0,0,0,0,0
5727,0,0,0,0,0,0,0,0
5728,0,0,0,0,0,0,0,0
5729,0,0,0,0,0,0,0,0
5730,0,0,0,0,0,0,0,0
5732,0,0,1.18945735753315,0,0,0,0,0
5735,0,0,0,0,0,0,0,0
5736,0,0,0,0,0,0,0,0
5738,0,0,0,0,0,0,0,0
574,0,0,0,1.537413381612,0,0,1.05150193874993,1.68009449448814
5740,0,0,0,0,0,0,0,0
5743,0,0,0,0,0,0,0,0
5747,0,0,0,1.537413381612,0,0,0,0
5754,0,0,0,0,0,0,0,0
5755,0,0,5.94728678766577,1.537413381612,0,0,0,0
5759,0,0,0,0,0,0,0,0
576,0,0,0,0,0,0,0,0
5761,0,0,0,0,0,0,0,0
5763,0,0,0,0,0,0,0,0
5766,0,0,0,0,0,0,0,0
5768,0,0,0,0,0,0,0,0
5771,0,0,0,0,0,0,0,0
580,0,0,0,0,0,0,0,0
5803,0,0,0,0,0,0,0,0
5804,0,0,0,0,0,0,0,0
5807,0,0,0,0,0,0,1.05150193874993,0
5808,0,0,0,0,0,0,0,0
5811,0,1.01239412477628,5.94728678766577,3.84353345403,0,0.945031043556156,0,0
5812,0,0,0,0,1.84501571389187,0,0,0
5814,0,2.02478824955256,2.37891471506631,0,0.922507856945936,0,0,0
5815,0,1.01239412477628,0,0.768706690806,1.84501571389187,3.78012417422462,3.1545058162498,0
5816,0,1.01239412477628,0,0,0,1.89006208711231,0,0
5818,0,0,0,0,0,0,0,2.52014174173222
582,0,0,0,0.768706690806,0,0,0,0
5829,0,0,0,0,0,0,0,0
583,0,0,0,0,0,0,0,0
5830,0,0,0,0,0,0,0,0.840047247244072
5833,0,0,0,0,0,0,1.05150193874993,0
5835,0,0,0,0,0,0,0,0
5836,0,0,0,0,0,0,0,0
5837,0,0,0,0,0,0,0,0
5838,1.17727881798902,0,0,0,0,0,0,0
5839,0,0,0,0,0,0,0,0
584,0,0,0,0,0,0,1.05150193874993,0
5840,0,1.01239412477628,0,0,1.84501571389187,0,0,0
5841,0,0,0,0,0,0,0,0
5842,0,0,0,0,0,0,0,0
5843,24.7228551777694,29.3594296185121,2.37891471506631,18.448960579344,9.22507856945936,22.6807450453477,31.545058162498,10.9206142141729
5846,0,0,0,0,0,0,0,0
5847,0,0,0,0,0,0,0,0
5848,0,0,0,0,0,0,0,0
585,0,0,0,0,0,0,0,0
5850,0,0,1.18945735753315,0,0,0,0,0.840047247244072
5852,0,0,0,0,0,0,2.10300387749986,0
5855,0,0,0,0,0,0,1.05150193874993,0
5856,0,0,0,0,0,0,0,0
5858,0,0,0,0,0,0,0,0
586,0,0,0,0,0,0,0,0
5860,2.35455763597804,2.02478824955256,1.18945735753315,2.306120072418,2.76752357083781,0.945031043556156,12.6180232649992,3.36018898897629
5861,0,0,0,0,0,0,1.05150193874993,0
5862,0,0,0,0,0,0.945031043556156,0,0
5863,0,0,0,0,0,0,1.05150193874993,0
5867,0,0,0,0,0,0,0,0
587,2.35455763597804,0,0,0,0,0,0,0
5870,0,0,0,0,0,0,0,0
5871,0,0,0,0,0,0,0,0
5872,0,0,0,0,0,0,0,0
5874,0,0,0,0,0,0,0,0
5875,0,0,0,0,0,0,0,0.840047247244072
5876,0,0,0,0,0,0,0,0
5878,0,0,0,0,0,0,0,0
588,0,0,0,0,0,0,0,0
5881,0,0,0,0,0,0,0,0
5882,4.70911527195607,0,24.9786045081962,6.149653526448,27.6752357083781,7.56024834844925,13.6695252037491,1.68009449448814
5883,0,0,0,0,0,0,0,0
5884,0,2.02478824955256,0,0,0,0,0,0
5889,0,0,0,0,0,0,0,0
589,0,0,0,0,0,0,0,0
5890,0,0,0,0,0,0,0,0
5891,0,0,0,0,0.922507856945936,0,0,0
5892,0,2.02478824955256,0,0,0,0,0,0
5893,0,0,0,0,0,0,0,0
5894,0,0,0,0,0.922507856945936,0,1.05150193874993,0
5895,0,0,1.18945735753315,0,0,0,0,0
5896,0,0,0,0.768706690806,0,0,0,0
5897,0,0,0,0,0,0,0,0
5898,0,0,0,0,0,0,0,0
5901,0,0,0,0,0,0,0,0
5903,0,0,0,0,0,0,0,0
5904,0,0,0,0,0,0,0,0
5906,0,0,0,0,0,0,0,0
5907,0,0,0,1.537413381612,0,0,0,0
5909,0,0,1.18945735753315,0,0,0,0,0
591,0,0,1.18945735753315,0,0,0,2.10300387749986,0
5913,0,0,0,0,0,0,0,0
5917,1.17727881798902,0,45.1993795862598,14.605427125314,13.837617854189,3.78012417422462,27.3390504074982,1.68009449448814
5918,4.70911527195607,2.02478824955256,0,1.537413381612,0.922507856945936,0.945031043556156,3.1545058162498,1.68009449448814
5919,0,0,1.18945735753315,0.768706690806,0,0,0,0
592,0,0,0,0,0,0,0,0
5921,0,0,0,0,0,0,0,0
5922,0,0,0,0,0,0,0,0
5924,0,0,0,0,0,0,0,0
5925,0,0,0,0,0,0,0,0
5929,0,0,0,0,0.922507856945936,0,0,0
593,0,0,0,0,0,0,0,0
5931,0,2.02478824955256,1.18945735753315,0.768706690806,0,3.78012417422462,1.05150193874993,0.840047247244072
5934,1.17727881798902,0,0,0.768706690806,0.922507856945936,0,0,0
5937,0,0,0,0,0,0,1.05150193874993,0
5938,0,0,0,0,0,0,0,0
5939,0,0,0,0.768706690806,0,0,0,0
594,0,0,0,0,0,0,0,0
5940,0,1.01239412477628,3.56837207259946,0,2.76752357083781,0,0,0
5943,0,0,0,0,0,0,0,0
5944,0,0,0,0.768706690806,0,0,0,0
5945,0,0,0,0,0,0,0,0
5946,0,0,0,0,0,0,0,0
5947,0,0,0,0,0,0,0,0
5951,0,0,0,0,0,0,0,0
5952,8.24095172592313,2.02478824955256,2.37891471506631,4.612240144836,1.84501571389187,2.83509313066847,5.25750969374966,0
5953,0,0,0,0,0,0,0,0
5954,0,0,0,0,0,0,0,0
5955,0,0,0,0,0,0,0,0
5959,1.17727881798902,0,0,0,0,0,0,0
596,0,0,0,0,0,0,0,0
5961,0,2.02478824955256,0,3.84353345403,1.84501571389187,0,1.05150193874993,0
5965,0,0,0,0,0,0,0,0
5966,0,0,0,0,0,0,0,0
597,0,0,0,0,0,0,0,0
5970,0,0,0,0,0,0,0,0
5972,0,0,0,0,0,0,0,0.840047247244072
5973,0,0,0,0,0,0,0,0
5975,0,0,0,0,0,0,0,0
5977,0,0,0,0,0,0,0,0
5978,0,0,0,0,0,0,1.05150193874993,0
5980,0,0,3.56837207259946,0,0.922507856945936,0,0,0
5981,2.35455763597804,0,0,0,0,0,0,0
5983,0,0,0,0,0,0,2.10300387749986,0
5985,0,0,0,0,0,0,0,0
5986,0,0,0,0,0,0,0,0
5987,0,0,0,0,0,0,0,0
5988,0,0,0,0,0,0,0,0
5991,0,0,0,0,0,0,0,0
5992,0,0,0,0,0,0,0,0
5993,0,0,0,0,0,0,0,0
5994,0,0,0,0,0,0,0,0
5996,0,0,0,0,0,0,0,0
5997,0,0,0,0,0,0,0,0
5998,0,0,0,0,0,0,0,0
5999,0,0,0,0,0,0,0,0
600,0,0,1.18945735753315,0,0,0,0,0
6005,0,0,0,0,0,0,0,0
6007,0,3.03718237432884,1.18945735753315,5.380946835642,0.922507856945936,0.945031043556156,3.1545058162498,9.24051971968479
6009,0,0,0,0,0,0,0,0
6011,0,0,0,0,0,0,0,0
6013,0,0,0,0,0,0,0,0
6015,0,0,0,0,0,0,0,0
6016,0,0,0,0,0,0,1.05150193874993,0
6022,3.53183645396705,2.02478824955256,0,0,0.922507856945936,0,0,0
6024,0,0,0,0,0,0,0,0
6025,0,0,0,0,0,0,0,0
6026,0,0,0,0,0,0,0,0
6028,0,0,0,0.768706690806,0,0,0,0
6029,0,0,0,0,0,0,0,0
6032,0,0,0,3.074826763224,0.922507856945936,0,0,0.840047247244072
6033,0,0,0,0,0,0,0,0
6034,0,0,0,0,0,0,0,0
6035,0,0,0,0,0,0,0,0
6036,0,0,0,0,0,0,0,0
6056,0,0,0,0,0,0,1.05150193874993,0
606,2.35455763597804,0,1.18945735753315,0,1.84501571389187,0,0,0
6061,3.53183645396705,0,0,1.537413381612,0,0,0,0
6062,0,1.01239412477628,0,1.537413381612,0.922507856945936,0,0,0
6067,0,0,0,0,0,0,0,0
6068,14.1273458158682,1.01239412477628,5.94728678766577,8.455773598866,23.0626964236484,12.28540356623,18.9270348974988,15.9608976976374
607,3.53183645396705,4.04957649910512,0,4.612240144836,4.61253928472968,2.83509313066847,0,1.68009449448814
6072,2.35455763597804,4.04957649910512,1.18945735753315,1.537413381612,3.69003142778375,7.56024834844925,4.20600775499973,0
6073,0,1.01239412477628,0,0,0,0,0,0
6074,0,0,0,0,0,0,0,0
6075,1.17727881798902,2.02478824955256,0,0,0,0,1.05150193874993,0
6076,0,0,0,0,0,0,0,0
6078,0,0,0,0,0,0,0,0
6080,0,1.01239412477628,1.18945735753315,0,0.922507856945936,0,0,2.52014174173222
6081,0,0,0,0,0,0,0,0
6083,1.17727881798902,0,1.18945735753315,0,1.84501571389187,0.945031043556156,3.1545058162498,0
6084,0,0,1.18945735753315,0,0.922507856945936,0,0,0
6085,0,0,0,0,0,1.89006208711231,0,0
6086,0,1.01239412477628,0,0,0,0,0,0
6087,0,0,0,0,0,0,0,0
6088,0,0,0,0,0,0,0,0
6091,0,0,0,5.380946835642,2.76752357083781,0,0,0
6092,0,0,0,0,0,0,0,0
6094,1.17727881798902,7.08675887343396,3.56837207259946,3.84353345403,1.84501571389187,1.89006208711231,2.10300387749986,3.36018898897629
6095,42.3820374476047,32.3966119928409,79.6936429547213,31.516974323046,32.2877749931078,84.1077628764979,100.944186119993,45.3625513511799
6097,0,0,0,0,0,0,0,0
6098,0,0,0,0,0,0,0,0
6099,0,0,0,0,0,0,0,0
6104,0,0,0,0,0,0,0,0
6106,0,0,0,0,0,0,0,0
6107,0,0,0,0,0,0,0,0
6108,0,0,0,0,0,0,0,0
6109,0,0,0,0,0,0,0,0
611,0,3.03718237432884,1.18945735753315,0,0,1.89006208711231,5.25750969374966,1.68009449448814
6114,0,0,4.75782943013261,3.074826763224,0,0,0,0
6115,0,0,0,0,0,0,0,0
6116,1.17727881798902,0,0,0,0,0,0,0
6118,0,0,0,0,0,0,0,0
6119,8.24095172592313,7.08675887343396,4.75782943013261,14.605427125314,3.69003142778375,9.45031043556156,2.10300387749986,4.20023623622036
6120,0,0,0,0,0,0,0,0
6122,0,0,1.18945735753315,0,0,0,0,0
6123,2.35455763597804,3.03718237432884,8.32620150273207,4.612240144836,6.45755499862155,9.45031043556156,10.5150193874993,0.840047247244072
6124,0,0,0,0,0,0,0,0
6125,0,0,0,0,0,0,1.05150193874993,0
6126,2.35455763597804,1.01239412477628,7.13674414519892,9.224480289672,5.53504714167562,0.945031043556156,5.25750969374966,1.68009449448814
6127,0,0,0,0,0,0,0,0
6128,0,0,0,0,0,0,0,0
6129,0,0,0,0,0,0,0,0
6132,0,0,2.37891471506631,0,0,0,0,0
6135,0,0,0,0,0,0,0,0
6136,0,0,0,0,0,0,0,0
6139,0,0,0,0,0,0,0,0
6143,0,0,0,0,0,0,2.10300387749986,0
6144,0,0,0,0,0,0,0,0
6145,0,0,0,0,0,0,0,0
6146,0,0,0,0,0,0,0,0
6148,0,0,0,0,0,0,0,0
6152,0,0,0,0,0.922507856945936,0,0,0
6155,0,0,0,0,0,0,0,0
6157,0,0,0,0,0,0,0,0
6164,0,0,0,0.768706690806,0,0,0,0
6165,0,5.0619706238814,0,5.380946835642,0,0,1.05150193874993,3.36018898897629
6166,0,0,0,0,0,0,0,0
6169,0,0,0,0,0,0.945031043556156,0,0
6171,0,2.02478824955256,4.75782943013261,0,3.69003142778375,0.945031043556156,9.46351744874939,5.04028348346443
6174,0,0,0,0,0,0,0,0
6176,0,0,0,0,0,0,0,0
6177,0,0,0,0,0,0.945031043556156,0,0
6180,0,0,0,0,0,0,0,0
6181,0,0,0,0,0,0,2.10300387749986,0
6183,0,0,0,0,0,0,0,0
6184,0,1.01239412477628,0,0.768706690806,0,0.945031043556156,2.10300387749986,0
6185,0,0,0,0,0,0,0,0
6187,0,1.01239412477628,3.56837207259946,0.768706690806,0,0,0,0
6188,0,0,0,0,0,0,0,0
6189,0,0,0,0,0,0,0,0
6191,0,0,0,0,0,0,0,0
6192,0,0,0,0.768706690806,0,0,1.05150193874993,0
6193,0,0,0,0,0,0,0,0
6195,0,0,0,0,0,0,0,0.840047247244072
6196,0,0,2.37891471506631,2.306120072418,1.84501571389187,0,1.05150193874993,0
6199,0,0,1.18945735753315,0.768706690806,0.922507856945936,0,0,0
6202,0,0,0,0,0,0,0,0
6203,0,0,0,0,0,0,0,0
6205,0,0,0,0,0,0,0,0
6206,0,0,0,0,0,0,0,0
6207,0,0,0,0,0,0,0,0
6208,0,0,0,0,0,0,0,0
6209,0,0,0,0,0,0,0,0
6211,0,0,0,0,0,0,0,0
6212,0,0,0,0.768706690806,0,0,0,0
6214,0,0,0,0,0,0,1.05150193874993,0
6215,0,0,1.18945735753315,3.074826763224,0.922507856945936,0.945031043556156,1.05150193874993,0
6217,17.6591822698353,12.1487294973154,0,0,4.61253928472968,0.945031043556156,2.10300387749986,0
6218,0,0,0,0.768706690806,0.922507856945936,0.945031043556156,0,0.840047247244072
6219,0,0,0,0,0,0,0,0
6223,0,1.01239412477628,0,0,0.922507856945936,0,0,0
6224,1.17727881798902,0,0,2.306120072418,1.84501571389187,0,3.1545058162498,0
6225,0,0,0,0,0,0,0,0
6226,0,0,1.18945735753315,2.306120072418,0,0,0,0.840047247244072
6228,0,0,0,0,0,0,0,0
6229,2.35455763597804,0,0,1.537413381612,1.84501571389187,0,0,0.840047247244072
6230,0,0,0,0,0,0,0,0
6231,0,0,0,0,0,0,0,0
6234,0,0,0,0,0,0,0,0
6238,0,0,0,0,0,0,0,0
6239,0,0,0,0,0,0,0,0
624,9.41823054391214,7.08675887343396,3.56837207259946,9.224480289672,10.1475864264053,23.6257760889039,6.30901163249959,32.7618426425188
6244,0,0,2.37891471506631,0,0.922507856945936,0.945031043556156,0,0
6245,0,1.01239412477628,0,0,0,0,0,0
6248,1.17727881798902,0,0,0,0.922507856945936,0,0,0
6249,0,0,0,0,0,0,0,0
6251,0,0,0,0,0,0,0,0
6253,1.17727881798902,0,5.94728678766577,0,0.922507856945936,0,5.25750969374966,0
6254,0,0,0,0,0,0,0,0
6255,7.06367290793411,2.02478824955256,13.0840309328647,2.306120072418,1.84501571389187,2.83509313066847,3.1545058162498,0
6259,0,0,0,0,0,0,0,0
626,1.17727881798902,0,2.37891471506631,3.074826763224,0.922507856945936,4.72515521778078,1.05150193874993,0.840047247244072
6261,0,0,0,0,0,0,0,0
6262,2.35455763597804,2.02478824955256,0,3.074826763224,6.45755499862155,8.5052793920054,1.05150193874993,5.04028348346443
6265,0,0,0,0,0,0,0,0
6268,0,0,0,0,0,0,0,0
627,0,1.01239412477628,0,0,0,1.89006208711231,0,2.52014174173222
6272,0,0,1.18945735753315,0.768706690806,0,0,0,0
6275,0,0,0,0,0,0,0,0
6277,12.9500669978792,2.02478824955256,30.925891295862,16.142840506926,21.2176807097565,11.3403725226739,25.2360465299984,16.8009449448814
6279,0,0,0,0,0,0,0,0
6281,1.17727881798902,0,0,0,0,0,0,0
6283,1.17727881798902,2.02478824955256,0,0,6.45755499862155,0,0,0
6285,0,0,0,0,0,0.945031043556156,0,0.840047247244072
629,0,0,0,0,0,0,0,0
631,0,0,0,0,0,0,0,0
634,0,0,0,0,0,0,0,0
637,0,0,0,0,0,0,0,0
639,0,0,0,0,0,0,0,0
642,0,0,0,0,0,0,0,0
643,0,0,0,0,0,0,0,0
645,0,0,0,0,0,0,0,0
646,2.35455763597804,0,3.56837207259946,0.768706690806,0,0,0,0
653,0,0,0,0,0,0,0,0
654,0,0,0,0,0,0,0,0
655,0,0,0,0,0,0,0,0.840047247244072
657,0,0,0,0,0,0,0,0
658,0,0,0,0,0,0,0,0
660,0,0,0,0,0,0,0,0
662,0,0,0,0,0,0,0,0
667,0,0,0,0,0,0,0,0
668,0,0,0,0,0,0,0,0
669,0,0,0,0,0,0,0,0
673,0,0,0,0,0,0,0,0
674,0,0,0,0,0,0,0,0
676,0,0,0,0,0,0,0,0
679,0,0,1.18945735753315,0,0,0,0,0
686,0,0,0,0,0,0,0,0
690,0,0,0,0,0,0,0,0
691,0,0,0,0.768706690806,0,0,0,0
693,0,0,0,0,0,0,0,0
695,0,0,0,0,0,0,0,0
697,0,0,0,0,0,0,0,0
698,0,0,0,0,0,0,0,0
699,0,0,0,0,0,0,0,0
700,0,1.01239412477628,0,0,0,0,0,0
701,0,0,0,0,0,0,0,0
702,0,0,0,0,0,0,0,0
704,0,0,0,0,0,0,0,0
705,0,0,0,0,0,0,0,0
707,0,0,0,0,0,0,0,0
708,0,0,0,0,0,0,0,0
710,0,0,0,0,0,0,0,0
711,0,0,0,0,0,0,1.05150193874993,0
713,0,0,1.18945735753315,0,0,0,0,0
714,0,0,0,0,0,0,0,0
715,0,0,0,0,0,0,0,0
717,0,0,0,0,0,0,0,0
720,0,0,0,0,0,0,0,0
721,0,0,0,0,0,0,0,0
722,0,0,0,0,0,0,0,0
723,0,0,0,0,0,0,0,0
724,0,0,0,0,0,0,1.05150193874993,0.840047247244072
726,1.17727881798902,0,0,0,0,0,0,0
727,0,0,0,0,0,0,0,0
728,0,0,1.18945735753315,0,0,0,1.05150193874993,0
732,0,0,0,0,0,0,0,0
734,0,0,0,0,0,0,0,0
735,0,0,0,0,0,0,0,0
736,0,0,0,0,0,0,0,0
737,0,0,0,0,0,0,0,0
740,0,0,0,0,0,0,0,0
744,0,2.02478824955256,0,0,0.922507856945936,0,0,0
745,0,0,0,0,0,0,0,0
747,0,0,5.94728678766577,0.768706690806,1.84501571389187,0.945031043556156,9.46351744874939,3.36018898897629
748,0,0,0,0,0,0,0,0
749,0,0,0,0,0,0,0,0
750,0,0,0,0,0,0,0,0
753,0,0,0,0,0,0,0,0
755,0,0,0,0,0,0,0,0
759,0,0,0,0,0,0,0,0
763,0,0,0,0,0,0,0,0
765,0,0,0,0,0,0,0,0
766,0,0,0,0,0,0,0,0
767,0,0,0,0,0,0,0,0
768,0,0,0,0,0,0,0,0
769,0,0,0,0.768706690806,0,0,0,0
770,0,0,0,0,0,0,0,0
772,0,0,0,0,0,0,0,0
774,0,0,0,0,0,0,0,0
775,0,0,0,0,0,0,0,0
776,0,0,0,0.768706690806,0,0,0,0
777,0,0,0,0.768706690806,0,0,0,0
778,0,0,0,0,0,0,0,0
780,0,0,0,0,0,0,0,0
781,0,0,0,0,0,0,0,0
782,0,0,0,0,0,0,0,0
786,2.35455763597804,0,2.37891471506631,1.537413381612,4.61253928472968,0,1.05150193874993,0
787,1.17727881798902,0,3.56837207259946,1.537413381612,0.922507856945936,1.89006208711231,3.1545058162498,0
788,0,0,0,0,2.76752357083781,0,0,0
789,0,0,0,0,0,0,0,0
790,0,0,0,0,0,0.945031043556156,0,0
791,0,0,0,0,0,0,0,0
792,0,0,0,0,0,0,0,0
794,0,0,0,0,0,0,0,0
795,0,0,0,0,0,0,0,0
796,0,0,0,0,0,0,0,0
797,0,0,0,0,0,0,0,0
800,0,0,0,0,0,0,0,0
801,0,0,0,0.768706690806,1.84501571389187,0,0,0
803,0,0,0,0,0,0.945031043556156,0,0
805,0,0,0,0,0,0,0,0
806,0,0,0,0,0,0,0,0
812,0,0,0,0,0,0,0,0
813,2.35455763597804,0,0,0,2.76752357083781,0.945031043556156,9.46351744874939,2.52014174173222
814,14.1273458158682,1.01239412477628,51.1466663739256,13.068013743702,33.2102828500537,12.28540356623,37.8540697949975,11.760661461417
817,0,0,1.18945735753315,0,0.922507856945936,0.945031043556156,0,0
824,0,0,0,0,0,0,0,0
826,0,0,0,0,0,0,0,0
827,0,0,0,0.768706690806,0,0,0,0
829,0,0,0,0,0,0,0,0
830,0,0,0,0,0,2.83509313066847,0,0
831,0,0,0,0,0,0,0,0
833,0,0,0,0,0,0,0,0
836,0,0,0,0,0,0,0,0
838,48.2684315375497,23.2850648698544,29.7364339383288,19.21766727015,5.53504714167562,17.0105587840108,35.7510659174977,20.1611339338577
843,0,0,0,1.537413381612,0,0,0,0
844,0,1.01239412477628,0,0,0,0,2.10300387749986,0
845,0,0,0,0,0,0,0,0
846,0,0,0,0,0,0,0,0
848,0,0,0,0,0,0,0,0
849,0,0,0,0,0,0,0,0
850,0,0,0,0,0,0,0,0
851,0,0,0,0,0,0,0,0
852,0,2.02478824955256,1.18945735753315,0,0,0,0,0
856,0,0,0,0,0,0,0,0
857,2.35455763597804,5.0619706238814,4.75782943013261,1.537413381612,6.45755499862155,3.78012417422462,2.10300387749986,3.36018898897629
858,0,0,0,0,0,0,0,0
859,0,0,0,0,0,0,0,0
860,0,0,0,0,0,0,0,0
862,0,0,0,0,0,0,0,0
863,1.17727881798902,0,0,0,0,0,0,0
864,0,0,0,0,0,0.945031043556156,0,0
865,0,0,0,0,0,0,0,0
867,0,0,0,0,0,0,0,0
868,0,0,0,0,0,0,0,0
869,4.70911527195607,2.02478824955256,1.18945735753315,3.074826763224,4.61253928472968,0.945031043556156,1.05150193874993,3.36018898897629
871,0,0,0,0,0,0,0,0
872,0,0,0,0,0,0,0,0
874,0,0,1.18945735753315,0,0,0,0,0
875,0,0,0,0,0,0,0,0
876,0,0,0,3.074826763224,0,3.78012417422462,0,3.36018898897629
877,0,0,0,0,0,0,0,0
879,0,1.01239412477628,0,0.768706690806,0.922507856945936,0,0,0
882,14.1273458158682,16.1983059964205,13.0840309328647,2.306120072418,20.2951728528106,9.45031043556156,4.20600775499973,2.52014174173222
884,0,0,0,0,0,0,0,0
886,0,0,0,0,0.922507856945936,0,0,0
889,0,0,0,0,0.922507856945936,0,0,0
890,0,0,0,0,0,0,0,0
894,0,0,0,0,0,0,0,0
897,0,0,0,0,0,0,0,0
901,0,0,0,0,0,0,1.05150193874993,0
902,0,0,0,0,0,0,0,0
906,3.53183645396705,0,0,3.84353345403,0,1.89006208711231,2.10300387749986,0
909,34.1410857216815,12.1487294973154,77.314728239655,22.292494033374,38.7453299917293,27.4059002631285,77.811143467495,13.4407559559051
911,1.17727881798902,5.0619706238814,1.18945735753315,0,0.922507856945936,0,0,0
912,0,1.01239412477628,16.6524030054641,6.149653526448,2.76752357083781,1.89006208711231,7.36051357124952,0
914,0,0,0,0,0,0,0,0
915,0,1.01239412477628,0,0,0,0,0,0
916,0,0,0,0,0,0,0,0
917,0,0,0,0,0,0,0,0
918,0,0,0,0,0,0,0,0
920,0,0,0,0,0,0,0,0
921,1.17727881798902,0,1.18945735753315,0.768706690806,0.922507856945936,0,2.10300387749986,0.840047247244072
923,0,0,0,0,0,0,0,0
925,0,3.03718237432884,0,0.768706690806,0,0.945031043556156,1.05150193874993,2.52014174173222
926,0,0,0,0,0,0,0,0
927,1.17727881798902,0,0,0,0,0,0,0.840047247244072
928,0,0,0,0,0,0.945031043556156,0,0
930,1.17727881798902,1.01239412477628,2.37891471506631,2.306120072418,1.84501571389187,0,3.1545058162498,1.68009449448814
934,0,0,0,0,0,0,1.05150193874993,0
935,0,0,0,0,0,0,0,0
936,2.35455763597804,2.02478824955256,3.56837207259946,0,0.922507856945936,1.89006208711231,0,1.68009449448814
937,1.17727881798902,0,9.51565886026523,0,0,0,2.10300387749986,4.20023623622036
938,0,0,3.56837207259946,0.768706690806,0,0,1.05150193874993,2.52014174173222
939,0,0,0,0,0.922507856945936,0,0,0
940,0,0,0,0,0,0,0,0
941,0,0,0,0,0,0,0,0
942,16.4819034518463,0,122.514107825915,9.224480289672,24.9077121375403,13.2304346097862,77.811143467495,15.1208504503933
943,0,1.01239412477628,17.8418603629973,0.768706690806,0,0,3.1545058162498,1.68009449448814
944,78.8776808052642,127.561659721811,2.37891471506631,208.319513208426,8.30257071251343,105.843476878289,12.6180232649992,434.304426825185
947,15.3046246338572,25.309853119407,5.94728678766577,19.21766727015,5.53504714167562,30.240993393797,18.9270348974988,12.6007087086611
948,0,0,0,0,0.922507856945936,0.945031043556156,0,1.68009449448814
950,0,0,0,0,0,0,0,0
957,0,0,0,0,0,0,0,0
958,0,0,0,0,0,0,0,0
960,0,0,0,0,0,0,0,0
962,0,0,3.56837207259946,0,0.922507856945936,0,0,0
965,0,0,1.18945735753315,0,0,0,0,0
967,0,0,0,0,0.922507856945936,0,0,0
971,0,0,0,0,0,0,0,0
973,0,0,0,0,0,0,0,0
975,0,0,0,0,0.922507856945936,0,0,0
976,0,0,0,0,0,0,0,0
977,0,0,0,1.537413381612,0.922507856945936,0,0,0
978,0,0,0,0.768706690806,0,0,0,0
980,0,0,0,0,0.922507856945936,0,1.05150193874993,0
982,0,0,0,0,0,0,0,0
983,0,0,0,0,0,0,0,0
985,0,0,0,0,0,0,3.1545058162498,0.840047247244072
987,0,0,0,0,0,0,0,0
988,0,0,0,0,0,0,0,0
989,0,0,0,0,0,0,0,0
990,0,0,0,0,0,0,0,0
991,1.17727881798902,0,0,0,0,0,0,0
992,2.35455763597804,2.02478824955256,10.7051162177984,4.612240144836,3.69003142778375,4.72515521778078,9.46351744874939,1.68009449448814
994,0,0,0,0,0,0,0,0
995,0,0,0,0,0,0,0,0
996,0,0,0,0,0,0,0,0
997,0,0,0,0,0,0,0,0
999,0,0,0,0,0,0,0,0
ERV18-1,0,0,0,0,0,0,0,0
ERV3-1,270.774128137474,260.185290067504,506.708834309123,571.917777959664,613.467724869048,498.97639099765,424.806783254972,458.665796995263
ERVFRD-1,0,0,0,0,1.84501571389187,0.945031043556156,1.05150193874993,0
ERVFRD-2,0,1.01239412477628,0,0,0,0,0,0
ERVH13q33.3,24.7228551777694,2.02478824955256,9.51565886026523,21.523787342568,25.8302199944862,17.955589827567,9.46351744874939,0
ERVH16q24.1,0,0,0,0,0,0,0,0
ERVH1q31.3,0,0,0,0,0,0,0,0
ERVH1q42.2,0,0,0,1.537413381612,1.84501571389187,0,1.05150193874993,0
ERVH3q24,0,0,0,0,0,0,0,0
ERVH5q23.2,0,1.01239412477628,0,0,2.76752357083781,0,0,0
ERVHXq23,0,0,0,0,0,0,0,0
ERVK3-1,194.251004968188,287.519931436463,258.112246584694,274.428288617742,184.501571389187,186.171115580563,137.746753976241,220.092378777947
ERVMER61-1,0,0,0,0,0,0,0,0
ERVV-1,0,0,0,0,0,0,0,0
ERVV-2,0,0,0,0,0,0,0,0
ERVW-1-2013,0,0,0,0,0,0,0,0
ERVW-10,0,0,0,0,0,0,0,0
ERVW-13,0,0,0,0,0,0,0,0
ERVW-14,0,0,0,0,0,0,0,0
ERVW-15,0,0,0,0,0,0,0,0
ERVW-16,0,0,0,0,0,0,0,0
ERVW-17,0,0,2.37891471506631,0,0.922507856945936,0.945031043556156,0,0
ERVW-19,0,0,0,0,0,0.945031043556156,0,0
ERVW-2-2013,7.06367290793411,18.223094245973,27.3575192232625,24.598614105792,25.8302199944862,17.955589827567,21.0300387749986,13.4407559559051
ERVW-20,0,0,0,0,0,0,0,0
ERVW-22,5.88639408994509,8.09915299821023,1.18945735753315,3.074826763224,2.76752357083781,1.89006208711231,6.30901163249959,1.68009449448814
ERVW-23,0,0,0,0,0,0,0,0
ERVW-24,0,0,0,0,0,0,0,0
ERVW-25,0,0,0,0,0,0,0,0
ERVW-26,0,2.02478824955256,0,0,0,0,0,0
ERVW-27,0,0,0,0,0.922507856945936,0,0,0
ERVW-29,0,0,0,0,0,0,1.05150193874993,0
ERVW-3-2013,0,0,0,0,0,0,2.10300387749986,0
ERVW-8,1.17727881798902,3.03718237432884,1.18945735753315,0,0.922507856945936,0,3.1545058162498,0
ERVW-9,0,0,0,0,0,0,0,0
HERV-H19a,0,0,3.56837207259946,0,0.922507856945936,2.83509313066847,0,0
HERVE(HERV4-1),0,0,0,0,0,0,0,0
HERVER(HCML-ARV),1.17727881798902,0,5.94728678766577,0.768706690806,2.76752357083781,0.945031043556156,0,0
HERVH,0,0,0,0,0,0,0,0
HERVK-26,0,0,0,0,0,0,0,0
HERVK-27,0,0,0,0,0,0,2.10300387749986,0
HERVK-29,4.70911527195607,10.1239412477628,9.51565886026523,9.224480289672,7.38006285556749,9.45031043556156,0,5.04028348346443
HERVK30,0,0,0,0,0,0,0,0
HERVK31,0,0,0,0,0,0,0,0
HERVL(ERV-likeelement),0,0,0,0,0,0,0,0
K-10,20.0137399058133,118.450112598825,15.462945647931,77.639375771406,60.8855185584318,43.4714280035832,15.772529081249,21.0011811811018
K-11,1.17727881798902,0,0,0,0.922507856945936,0.945031043556156,0,0.840047247244072
K-12,0,1.01239412477628,2.37891471506631,0.768706690806,4.61253928472968,0.945031043556156,1.05150193874993,0
K-13,4.70911527195607,3.03718237432884,2.37891471506631,0.768706690806,3.69003142778375,5.67018626133693,2.10300387749986,0.840047247244072
K-14,0,0,0,0,0.922507856945936,0,0,0
K-15,0,4.04957649910512,0,0.768706690806,4.61253928472968,0.945031043556156,0,1.68009449448814
K-19,0,3.03718237432884,0,0,0,0,0,0.840047247244072
K-20,0,1.01239412477628,1.18945735753315,0.768706690806,0,0,0,0.840047247244072
K-21,9.41823054391214,7.08675887343396,70.177984094456,5.380946835642,5.53504714167562,1.89006208711231,10.5150193874993,5.8803307307085
K-22,3.53183645396705,2.02478824955256,0,0.768706690806,0,0,2.10300387749986,0
K-26,0,0,0,0,0,0,0,0
K-28,0,0,0,0,0,0,0,0
K-29,0,0,0,0,0,0,0,0
K-31,0,0,0,0,0,0,0,0
K-32,0,0,0,0,0,0,0,0
K-34,0,0,0,0,0,0,0,0
K-35,0,0,0,0,0,0,0,0
K-36,0,3.03718237432884,0,0,0.922507856945936,0,2.10300387749986,0.840047247244072
K-38,0,0,0,1.537413381612,0,0,0,0.840047247244072
K-41,1.17727881798902,0,0,0,0,0,0,0
K-42,0,1.01239412477628,0,0,0.922507856945936,0,0,0
K-44,0,0,0,0,0,0,0,0
K-46,21.1910187238023,5.0619706238814,34.4942633684614,9.99318698047799,18.4501571389187,11.3403725226739,21.0300387749986,9.24051971968479
K-47,0,0,0,0,0,0,0,0
K-48,0,0,0,0,0,0,0,0
K-49,0,0,0,0,0,3.78012417422462,0,0
K-51,0,0,0,0,0,0,0,0
K-57,0,0,0,0,0.922507856945936,0,0,0
K-60,0,0,0,0,0,0,0,0
K-62,0,0,0,0,0,0,0,0
K-63,0,0,0,0,0,0,0,0
K-64,0,0,0,0,0,0,0,0
K-66,0,0,0,0,0,0,0,0
K-68,0,0,0,0,0.922507856945936,0,2.10300387749986,0
K-69,0,0,0,0,0,0,0,0
K-7,1.17727881798902,10.1239412477628,2.37891471506631,6.149653526448,4.61253928472968,2.83509313066847,1.05150193874993,1.68009449448814
K-75,1.17727881798902,0,1.18945735753315,0.768706690806,0,0,1.05150193874993,0
K-77,0,0,0,0.768706690806,0,0,0,0
K-78,1.17727881798902,0,0,0.768706690806,0,0.945031043556156,0,0.840047247244072
K-8,2.35455763597804,0,1.18945735753315,0.768706690806,0,0.945031043556156,0,0
K-81,0,0,0,0,0,0,0,0
K-83,0,0,0,0,0,0,0,0.840047247244072
K-9,0,2.02478824955256,3.56837207259946,2.306120072418,0.922507856945936,0,0,0
W-102,0,0,0,1.537413381612,0,0,0,0
W-103,0,0,0,0,0,0,0,0
W-104,1.17727881798902,0,0,0,0,0,0,0
W-106,0,0,0,0,0,0,0,0
W-108,0,0,0,0,0,0,0,0.840047247244072
W-109,0,0,0,0,0,0,0,0
W-11,0,0,0,0.768706690806,0,0,0,0
W-110,0,0,0,0,0,0,0,0
W-113,0,0,0,0,0,0,0,0
W-114,0,0,0,0,0,0,0,0
W-115,0,0,0,0,0,0,0,0
W-116,0,0,0,0,0,0,0,0
W-117,0,0,0,0,0,0,0,0
W-118,0,0,0,0,0,0,0,0
W-12,0,0,0,0,0,0,0,0
W-122,0,0,0,0,0,0,0,0
W-123,0,0,0,0,0,0,0,0
W-125,0,0,0,0,0,0,0,0
W-126,0,0,0,0,0,0,0,0
W-127,0,0,0,0,0.922507856945936,0,0,0
W-129,1.17727881798902,2.02478824955256,0,0,0,0,0,0
W-13,0,0,0,0,1.84501571389187,0,1.05150193874993,0
W-130,0,0,0,0,0,0,0,0
W-131,0,0,0,0,0,0,0,0
W-132,0,0,0,0,0,0,0,0
W-134,20.0137399058133,8.09915299821023,7.13674414519892,3.074826763224,4.61253928472968,1.89006208711231,7.36051357124952,0.840047247244072
W-135,0,0,0,0,0,0,0,0
W-137,0,0,0,0,0,0,0,0
W-138,0,0,0,0,0,0,0,0
W-14,0,0,0,0,0,0,3.1545058162498,0
W-141,1.17727881798902,1.01239412477628,0,2.306120072418,0.922507856945936,1.89006208711231,0,0
W-142,0,0,0,0,0,0,0,0
W-145,0,0,0,0,0,0,0,0
W-146,0,0,0,0,0,0,0,0
W-148,0,0,0,0,0,0,0,0
W-149,0,0,2.37891471506631,8.455773598866,0,1.89006208711231,0,0
W-15,0,0,0,0,0,0,0,0
W-151,0,0,0,0,0,0,0,0
W-16,0,0,0,0,0,0,0,0
W-17,8.24095172592313,5.0619706238814,28.5469765807957,32.285681013852,32.2877749931078,26.4608692195724,24.1845445912484,35.281984384251
W-18,0,0,0,0,0,0,0,0
W-19,0,0,0,0,0,0,0,0
W-20,0,0,0,0,0,0,0,0
W-23,0,0,0,0,0,0,0,0
W-25,0,0,0,0,0,0,0,0
W-26,0,0,0,0,0,0,0,0
W-27,0,0,0,0,0,0,0,0.840047247244072
W-28,0,0,0,0,0,0,0,0
W-30,0,0,0,0,0,0,0,0
W-31,4.70911527195607,0,0,0.768706690806,0,0,0,0
W-33,0,0,0,0,0,0,0,0
W-34,0,0,0,0,0,0,0,0
W-35,0,0,0,0,0,0,0,0
W-38,0,0,0,0,0,0,0,0
W-39,0,0,0,0,0,0,0,0
W-4,1.17727881798902,2.02478824955256,1.18945735753315,7.68706690806,4.61253928472968,0,2.10300387749986,0.840047247244072
W-40,0,0,0,0,0,0,0,0
W-42,0,0,0,0,0,0,0,0
W-43,0,0,0,0,0,0,0,0
W-44,0,0,0,0,0,0,2.10300387749986,0
W-45,0,0,0,0,0.922507856945936,0,0,0
W-47,0,0,0,0,0,0,0,0
W-49,0,0,0,0,0,0,0,0
W-5,0,0,0,0,0,0,0,0
W-50,0,0,0,0,0,0,0,0
W-51,0,0,0,0,0,0,0,0
W-52,0,0,0,0,0,0,0,0
W-53,0,0,0,0,0,0,0,0
W-55,0,0,0,0,0,0,0,0
W-56,0,1.01239412477628,0,3.84353345403,0,0.945031043556156,0,0
W-61,0,0,0,0,0,0,0,0
W-62,0,0,0,0,0,0,0,0
W-63,0,0,0,0,0,0,0,0
W-64,0,0,0,0,0,0,0,0
W-66,0,0,0,0,0,0,0,0
W-68,0,0,0,0,0,0,0,0
W-7,0,0,0,0,0,0,0,0
W-70,0,0,0,0,0,0,0,0
W-71,0,0,0,0,0,0,0,0
W-73,0,0,0,3.84353345403,2.76752357083781,0,0,1.68009449448814
W-74,0,0,0,0,0,0,0,0
W-76,0,0,0,0,0,0,0,0
W-77,0,0,0,0,0,0,0,0
W-78,0,0,0,0,0,0,0,0
W-79,0,0,0,0,0,0,0,0
W-8,17.6591822698353,5.0619706238814,42.8204648711935,6.149653526448,25.8302199944862,15.1204966968985,16.8240310199989,5.04028348346443
W-82,0,0,0,0,0,0,0,0
W-83,0,0,0,0,0,0,0,0
W-84,0,0,0,0,0,0,0,0
W-86,0,0,0,0,0,0,0,0
W-87,0,0,0,0,0,0,0,0
W-9,0,0,0,0,0,1.89006208711231,0,0
W-90,0,0,0,0,0,0,0,0
W-92,0,0,0,0,1.84501571389187,0,0,0
W-93,0,0,0,0,0,0,0,0
W-96,0,0,0,0,0,0,0,0
W-97,0,0,0,0,0,0,0,0
W-98,0,0,0,0,0,0,0,0
