erv_name	chromosome	start	end	strand	overlap_feature_types	overlapping_transcript_ids	overlapping_gene_ids	overlapping_gene_names	gene_biotypes	strand_overlap	closest_upstream_pc_gene
5803	1	896176	898458	-	no_overlap	.	.	.	.	none	.
5804	1	1412251	1418852	-	exon	ENST00000427211,ENST00000520296,ENST00000537107	ENSG00000235098	ANKRD65	protein_coding	same	ANKRD65
5807	1	3801730	3806808	-	no_overlap	.	.	.	.	none	.
5808	1	4178468	4187573	-	no_overlap	.	.	.	.	none	.
5811	1	5044834	5052877	+	no_overlap	.	.	.	.	none	.
5812	1	5068432	5083121	-	no_overlap	.	.	.	.	none	.
5814	1	6560513	6570438	-	intron	ENST00000333172,ENST00000351136	ENSG00000173662	TAS1R1	protein_coding	opposite	.
5815	1	8921234	8927121	+	no_overlap	.	.	.	.	none	.
5816	1	9086799	9096029	+	exon and intron	ENST00000464985,ENST00000487835,ENST00000486632	ENSG00000142583	SLC2A5	protein_coding	opposite	.
5818	1	12704128	12712798	-	no_overlap	.	.	.	.	none	.
K-31	1	12780113	12785935	-	no_overlap	.	.	.	.	none	.
K-32	1	13352734	13362257	+	no_overlap	.	.	.	.	none	.
5829	1	13559773	13567620	+	no_overlap	.	.	.	.	none	.
5830	1	16102813	16108812	-	no_overlap	.	.	.	.	none	.
5833	1	19267275	19283509	+	exon and intron	ENST00000457194,ENST00000429712,ENST00000493176,ENST00000361640	ENSG00000211454,ENSG00000162482	AKR7L,AKR7A3	protein_coding	opposite	.
5835	1	19541548	19547611	+	intron	ENST00000648702	ENSG00000173436	MICOS10	protein_coding	same	.
5836	1	19926876	19932710	-	no_overlap	.	.	.	.	none	.
5837	1	19995860	20003699	+	no_overlap	.	.	.	.	none	.
5839	1	20029732	20034553	-	intron	ENST00000486277,ENST00000460175,ENST00000465698,ENST00000469069,ENST00000489871,ENST00000498348	ENSG00000127472	PLA2G5	protein_coding	opposite	.
5838	1	20041472	20045694	-	intron	ENST00000486277,ENST00000460175,ENST00000465698,ENST00000469069,ENST00000489871,ENST00000498348	ENSG00000127472	PLA2G5	protein_coding	opposite	.
5840	1	20153945	20160366	+	exon and intron	ENST00000660429,ENST00000417884,ENST00000652935,ENST00000431027	ENSG00000227066	.	lncRNA	same	PLA2G2F
5841	1	21389828	21402141	+	exon	ENST00000486095	ENSG00000236216	PPP1R11P1	processed_pseudogene	same	.
5842	1	22997698	23004362	-	no_overlap	.	.	.	.	none	.
5843	1	25588007	25604799	+	exon and intron	ENST00000412797	ENSG00000225643	.	lncRNA	same	.
5846	1	29795721	29801660	+	no_overlap	.	.	.	.	none	.
5847	1	30203677	30207868	+	no_overlap	.	.	.	.	none	.
5848	1	31457948	31467306	+	no_overlap	.	.	.	.	none	.
5850	1	32432557	32442460	+	no_overlap	.	.	.	.	none	.
5852	1	33063678	33071179	+	intron	ENST00000548559	ENSG00000004455	AK2	protein_coding	opposite	.
5855	1	34630913	34637213	-	no_overlap	.	.	.	.	none	.
5856	1	35132757	35139235	-	no_overlap	.	.	.	.	none	.
5858	1	35141421	35146772	-	exon and intron	ENST00000641402	ENSG00000284640	.	lncRNA	same	.
5860	1	36330037	36337263	+	exon and intron	ENST00000657488	ENSG00000286379	.	lncRNA	same	SH3D21
5861	1	37907864	37914094	+	intron	ENST00000373026,ENST00000373027,ENST00000373024	ENSG00000204084	INPP5B	protein_coding	opposite	.
5862	1	38144394	38150922	+	exon and intron	ENST00000655033	ENSG00000286552	.	lncRNA	same	.
5863	1	38425098	38430783	+	no_overlap	.	.	.	.	none	.
5867	1	41944842	41953816	+	intron	ENST00000489103	ENSG00000127124	HIVEP3	protein_coding	opposite	.
5870	1	43085574	43096756	+	no_overlap	.	.	.	.	none	.
5871	1	44050269	44062147	+	exon and intron	ENST00000626430,ENST00000630871,ENST00000616338,ENST00000609636,ENST00000607988,ENST00000610167,ENST00000628234,ENST00000656061,ENST00000434244,ENST00000453688,ENST00000447959,ENST00000609027,ENST00000437643,ENST00000431800	ENSG00000230615	.	lncRNA	same	.
5872	1	45316433	45321282	+	no_overlap	.	.	.	.	none	.
5874	1	45753521	45762513	-	no_overlap	.	.	.	.	none	.
5875	1	46325547	46332308	-	no_overlap	.	.	.	.	none	.
5876	1	46380899	46391052	-	no_overlap	.	.	.	.	none	.
5878	1	46902555	46907923	+	no_overlap	.	.	.	.	none	.
5881	1	46952610	46965485	+	no_overlap	.	.	.	.	none	.
5882	1	48208955	48214821	-	no_overlap	.	.	.	.	none	.
5883	1	48437943	48446631	+	intron	ENST00000396199,ENST00000487543,ENST00000371843,ENST00000371847,ENST00000471975,ENST00000463938,ENST00000465990	ENSG00000132122	SPATA6	protein_coding	opposite	.
5884	1	48513244	48520256	-	no_overlap	.	.	.	.	none	.
W-70	1	51226973	51230497	+	intron	ENST00000366181	ENSG00000203356	LINC01562	lncRNA	opposite	.
5889	1	52217100	52225744	-	intron	ENST00000287727,ENST00000357206,ENST00000361625,ENST00000371591	ENSG00000157077	ZFYVE9	protein_coding	opposite	.
5890	1	53424629	53432944	+	intron	ENST00000563752	ENSG00000236253	SLC25A3P1	transcribed_processed_pseudogene	opposite	.
5891	1	53434941	53449829	+	exon and intron	ENST00000566100,ENST00000569142,ENST00000443844,ENST00000562700,ENST00000563752,ENST00000674099	ENSG00000236253,ENSG00000288527	SLC25A3P1	transcribed_processed_pseudogene,processed_pseudogene	opposite	.
5892	1	54630789	54639598	+	exon and intron	ENST00000371316	ENSG00000162390	ACOT11	protein_coding	same	.
5894	1	54893637	54903584	-	intron	ENST00000689429	ENSG00000242396	.	lncRNA	opposite	.
5893	1	54907263	54918510	-	intron	ENST00000689429	ENSG00000242396	.	lncRNA	opposite	.
5896	1	54955557	54963921	+	intron	ENST00000689429	ENSG00000242396	.	lncRNA	same	.
5895	1	55021043	55033673	+	no_overlap	.	.	.	.	none	BSND
5897	1	55728816	55738118	+	exon and intron	ENST00000422374,ENST00000671349,ENST00000634769,ENST00000643167,ENST00000646341	ENSG00000234810	.	lncRNA	same	.
5898	1	55781976	55788993	-	intron	ENST00000634769,ENST00000643167,ENST00000646341	ENSG00000234810	.	lncRNA	opposite	.
5901	1	58169728	58174110	+	intron	ENST00000485760	ENSG00000173406	DAB1	protein_coding	opposite	.
5903	1	62178463	62183792	-	exon	ENST00000635137	ENSG00000132849	PATJ	protein_coding	opposite	.
5904	1	62753980	62762193	+	no_overlap	.	.	.	.	none	.
5906	1	64186606	64192770	+	exon and intron	ENST00000646967	ENSG00000284928	.	lncRNA	same	.
5907	1	64349467	64356214	-	no_overlap	.	.	.	.	none	.
5909	1	65637767	65648036	-	exon	ENST00000349533	ENSG00000116678	LEPR	protein_coding	opposite	.
5913	1	66417246	66425819	-	no_overlap	.	.	.	.	none	.
5917	1	68386149	68395998	+	no_overlap	.	.	.	.	none	.
5918	1	70366861	70372373	+	exon and intron	ENST00000463058,ENST00000525653,ENST00000689607,ENST00000359875,ENST00000361764,ENST00000370940,ENST00000486110,ENST00000531950	ENSG00000197568	HHLA3	lncRNA	same	.
5919	1	70588485	70594003	+	no_overlap	.	.	.	.	none	.
5921	1	71502159	71510867	+	intron	ENST00000306821,ENST00000357731	ENSG00000172260	NEGR1	protein_coding	opposite	.
5922	1	72536819	72543692	-	intron	ENST00000653965,ENST00000662505,ENST00000665984,ENST00000688733	ENSG00000286863	.	lncRNA	opposite	.
5925	1	72980827	72983976	-	no_overlap	.	.	.	.	none	.
5924	1	72984498	72993622	-	no_overlap	.	.	.	.	none	.
5929	1	74740172	74745417	-	intron	ENST00000457880,ENST00000370867,ENST00000479111,ENST00000483990	ENSG00000162623	TYW3	protein_coding	opposite	.
5931	1	75377241	75387497	+	intron	ENST00000370855,ENST00000370859,ENST00000469525	ENSG00000137968	SLC44A5	protein_coding	opposite	.
5934	1	76894793	76900406	-	intron	ENST00000318803,ENST00000477717	ENSG00000117069	ST6GALNAC5	protein_coding	opposite	.
5937	1	78872186	78880915	+	no_overlap	.	.	.	.	none	.
5938	1	79488620	79493869	-	exon and intron	ENST00000692053	ENSG00000288822	.	lncRNA	same	.
5939	1	79636721	79644493	-	no_overlap	.	.	.	.	none	.
5940	1	79696346	79702067	-	no_overlap	.	.	.	.	none	.
5943	1	81245282	81251445	+	no_overlap	.	.	.	.	none	.
5944	1	82065185	82072875	-	no_overlap	.	.	.	.	none	.
5945	1	82354310	82360556	-	intron	ENST00000650063,ENST00000653483	ENSG00000233290	.	lncRNA	same	.
5946	1	82955304	82961581	+	intron	ENST00000452901,ENST00000669455,ENST00000659533,ENST00000419658	ENSG00000230817	LINC01362	lncRNA	same	.
5947	1	84185856	84193548	-	intron	ENST00000370680,ENST00000370684,ENST00000370685,ENST00000370688,ENST00000370689,ENST00000394839,ENST00000413538,ENST00000417530,ENST00000432111,ENST00000436133,ENST00000446538,ENST00000450730,ENST00000470673,ENST00000610457,ENST00000610703,ENST00000614872	ENSG00000142875	PRKACB	protein_coding	opposite	.
5952	1	86339776	86344673	+	no_overlap	.	.	.	.	none	.
5951	1	86409349	86416680	-	no_overlap	.	.	.	.	none	.
5953	1	86502068	86508345	+	no_overlap	.	.	.	.	none	CLCA1
5954	1	86801832	86809633	-	no_overlap	.	.	.	.	none	.
5955	1	88597915	88602972	+	intron	ENST00000458097,ENST00000645890,ENST00000657030	ENSG00000237505	PKN2-AS1	lncRNA	opposite	.
ERVW-8	1	88924527	88931881	+	no_overlap	.	.	.	.	none	.
5959	1	89087358	89088526	-	no_overlap	.	.	.	.	none	.
5961	1	89337706	89345852	+	no_overlap	.	.	.	.	none	.
W-71	1	91179130	91181141	+	no_overlap	.	.	.	.	none	.
5965	1	91217602	91221324	+	no_overlap	.	.	.	.	none	.
5966	1	91662450	91672448	-	no_overlap	.	.	.	.	none	.
5970	1	93829912	93838086	+	intron	ENST00000469315,ENST00000649852,ENST00000370244	ENSG00000137936	BCAR3	protein_coding	opposite	.
5973	1	94371746	94378713	-	intron	ENST00000656153	ENSG00000226835	ARHGAP29-AS1	lncRNA	opposite	.
5972	1	94445505	94448856	+	intron	ENST00000315713,ENST00000370214,ENST00000647998,ENST00000468860	ENSG00000117528	ABCD3	protein_coding	same	.
5975	1	94566484	94572689	-	no_overlap	.	.	.	.	none	.
5977	1	95644481	95648284	-	intron	ENST00000456933,ENST00000664663,ENST00000665349	ENSG00000228971	LINC02607	lncRNA	opposite	.
5978	1	96147728	96153745	+	no_overlap	.	.	.	.	none	.
5980	1	98800061	98806877	-	no_overlap	.	.	.	.	none	.
5981	1	99509510	99515369	+	intron	ENST00000438829,ENST00000635551	ENSG00000224445	LINC01708	lncRNA	opposite	.
5983	1	101499078	101506294	+	no_overlap	.	.	.	.	none	.
5985	1	101597411	101603403	-	no_overlap	.	.	.	.	none	.
5986	1	102086134	102092888	-	no_overlap	.	.	.	.	none	.
5987	1	102735636	102747998	-	no_overlap	.	.	.	.	none	.
5988	1	102833367	102841125	+	intron	ENST00000414418	ENSG00000230864	.	lncRNA	opposite	.
5991	1	103268224	103273353	+	no_overlap	.	.	.	.	none	.
5992	1	103649079	103655071	-	no_overlap	.	.	.	.	none	.
5994	1	103698052	103701660	+	no_overlap	.	.	.	.	none	.
5993	1	103743217	103749209	-	exon and intron	ENST00000684141	ENSG00000187733	AMY1C	protein_coding	opposite	.
5996	1	104380122	104388639	+	no_overlap	.	.	.	.	none	.
5997	1	104459779	104468289	-	no_overlap	.	.	.	.	none	.
5998	1	104597437	104603785	+	no_overlap	.	.	.	.	none	.
5999	1	105109273	105118215	+	no_overlap	.	.	.	.	none	.
6005	1	108473134	108480383	+	no_overlap	.	.	.	.	none	NBPF6
6007	1	109702614	109710648	+	exon and intron	ENST00000483399,ENST00000490021,ENST00000369831,ENST00000624726	ENSG00000134184,ENSG00000213366	GSTM1,GSTM2	protein_coding	same	GSTM2
6009	1	109853285	109861439	-	intron	ENST00000453347	ENSG00000228420	LINC01768	lncRNA	opposite	.
6011	1	111027889	111037387	+	no_overlap	.	.	.	.	none	.
6013	1	112123454	112132620	-	no_overlap	.	.	.	.	none	.
6015	1	112808820	112815357	+	no_overlap	.	.	.	.	none	.
6016	1	112826177	112832724	+	exon and intron	ENST00000667852,ENST00000401018,ENST00000661136,ENST00000449572,ENST00000433505	ENSG00000215866	LINC01356	lncRNA	opposite	.
6022	1	114363330	114369602	-	no_overlap	.	.	.	.	none	.
6024	1	115509134	115515373	-	no_overlap	.	.	.	.	none	.
6025	1	116743297	116752070	+	no_overlap	.	.	.	.	none	.
6026	1	116862580	116867559	+	no_overlap	.	.	.	.	none	.
6028	1	117815372	117821863	-	no_overlap	.	.	.	.	none	.
6029	1	118225658	118233123	+	no_overlap	.	.	.	.	none	.
6033	1	119164449	119171266	-	intron	ENST00000670000,ENST00000440150,ENST00000413531,ENST00000685192,ENST00000667138,ENST00000418015	ENSG00000231365	WARS2-AS1	lncRNA	opposite	.
6032	1	119174038	119177639	+	intron	ENST00000670000,ENST00000440150,ENST00000413531,ENST00000685192,ENST00000667138,ENST00000418015	ENSG00000231365	WARS2-AS1	lncRNA	same	.
6034	1	119423403	119431645	-	no_overlap	.	.	.	.	none	.
6035	1	119483759	119489557	-	no_overlap	.	.	.	.	none	.
6036	1	121510067	121514123	+	exon and intron	ENST00000437523,ENST00000666529	ENSG00000228826	.	lncRNA	opposite	.
6056	1	143764839	143778331	-	exon	ENST00000456826	ENSG00000242352	FAM91A3P	transcribed_processed_pseudogene	opposite	.
6062	1	150628158	150635776	-	exon and intron	ENST00000354702,ENST00000513281,ENST00000361631,ENST00000361532,ENST00000638926,ENST00000509582,ENST00000503241,ENST00000369016,ENST00000339643,ENST00000271690,ENST00000356527,ENST00000362052,ENST00000503345,ENST00000369014,ENST00000505321,ENST00000702956,ENST00000690011	ENSG00000143420,ENSG00000288880	ENSA	protein_coding,lncRNA	both	.
6061	1	150650451	150657785	+	intron	ENST00000271732,ENST00000427665	ENSG00000143457	GOLPH3L	protein_coding	opposite	.
6067	1	154048081	154053911	+	intron	ENST00000271854,ENST00000368553,ENST00000368559	ENSG00000143552	NUP210L	protein_coding	opposite	.
6068	1	154671474	154677936	+	exon and intron	ENST00000653192	ENSG00000287064	.	lncRNA	same	.
W-4	1	155622388	155626664	-	intron	ENST00000500626	ENSG00000246203	.	unprocessed_pseudogene	same	.
K-10	1	155626664	155635845	-	exon and intron	ENST00000668003,ENST00000500626	ENSG00000287839,ENSG00000246203	.	lncRNA,unprocessed_pseudogene	same	.
6072	1	155650287	155659631	-	exon and intron	ENST00000368339,ENST00000295566,ENST00000311573,ENST00000347088,ENST00000354691,ENST00000359205,ENST00000361140,ENST00000361831,ENST00000368330,ENST00000368340,ENST00000404643,ENST00000407221,ENST00000436865,ENST00000442834,ENST00000355499,ENST00000500626	ENSG00000163374,ENSG00000246203	YY1AP1	protein_coding,unprocessed_pseudogene	same	YY1AP1
6073	1	155691828	155699522	-	intron	ENST00000471214,ENST00000368336,ENST00000421487,ENST00000462002,ENST00000465375,ENST00000470830,ENST00000471642,ENST00000535183,ENST00000343043,ENST00000496863	ENSG00000132676	DAP3	protein_coding	opposite	.
6074	1	156180077	156187897	-	no_overlap	.	.	.	.	none	.
6075	1	157268908	157278348	-	exon and intron	ENST00000662441,ENST00000670336,ENST00000662968	ENSG00000271736	LINC02772	lncRNA	opposite	.
6076	1	157456946	157463367	-	no_overlap	.	.	.	.	none	.
6078	1	158947554	158959388	-	intron	ENST00000368138,ENST00000368140,ENST00000392252,ENST00000392254	ENSG00000163564	PYHIN1	protein_coding	opposite	.
6080	1	160687620	160690643	-	intron	ENST00000630436,ENST00000627799,ENST00000621431,ENST00000628340,ENST00000368045,ENST00000368046,ENST00000613788,ENST00000626085,ENST00000627996	ENSG00000228863,ENSG00000117091	CD48	lncRNA,protein_coding	both	.
K-21	1	160690783	160700016	+	exon and intron	ENST00000630436,ENST00000627996,ENST00000626085,ENST00000621431,ENST00000627799,ENST00000628340,ENST00000368045,ENST00000368046,ENST00000613788	ENSG00000228863,ENSG00000117091	CD48	lncRNA,protein_coding	both	.
6081	1	160716921	160725930	+	no_overlap	.	.	.	.	none	.
6083	1	161250326	161257712	+	no_overlap	.	.	.	.	none	.
6084	1	161404177	161410693	-	exon and intron	ENST00000400984,ENST00000636161,ENST00000637155	ENSG00000215840,ENSG00000283696,ENSG00000283360	.	processed_pseudogene,lncRNA	both	.
6085	1	161472930	161480292	+	no_overlap	.	.	.	.	none	.
6086	1	161480756	161486360	-	no_overlap	.	.	.	.	none	.
6087	1	161486731	161495378	+	no_overlap	.	.	.	.	none	.
6088	1	163591308	163597002	+	no_overlap	.	.	.	.	none	.
K-66	1	166605364	166611021	-	intron	ENST00000477875	ENSG00000290604	FMO9P	lncRNA	opposite	.
6091	1	167317843	167323390	-	exon and intron	ENST00000442313,ENST00000557909,ENST00000648671,ENST00000271411,ENST00000541643,ENST00000559038,ENST00000560232,ENST00000367866,ENST00000429375,ENST00000367865,ENST00000492850	ENSG00000143190	POU2F1	protein_coding	opposite	.
6092	1	167863090	167869903	+	intron	ENST00000367848,ENST00000367851,ENST00000545172	ENSG00000143199	ADCY10	protein_coding	opposite	.
6094	1	169661627	169670891	+	exon and intron	ENST00000498289	ENSG00000000460	C1orf112	protein_coding	same	.
6095	1	169683481	169691301	+	exon and intron	ENST00000498289,ENST00000650983,ENST00000236147	ENSG00000000460,ENSG00000188404	C1orf112,SELL	protein_coding	both	.
6098	1	171219224	171224440	+	exon and intron	ENST00000422841,ENST00000445290,ENST00000445909,ENST00000669750,ENST00000653116,ENST00000664920,ENST00000670085	ENSG00000225243,ENSG00000231424	.	lncRNA	opposite	.
6097	1	171224950	171233473	-	exon and intron	ENST00000445909,ENST00000445290,ENST00000669750,ENST00000653116,ENST00000664920,ENST00000670085	ENSG00000225243,ENSG00000231424	.	lncRNA	same	.
6099	1	171305045	171312905	+	no_overlap	.	.	.	.	none	.
6104	1	172795696	172812639	+	intron	ENST00000432694	ENSG00000224228	.	lncRNA	same	.
6106	1	173367994	173375971	+	no_overlap	.	.	.	.	none	.
6107	1	173376647	173386043	+	no_overlap	.	.	.	.	none	.
6108	1	173637223	173643032	+	exon and intron	ENST00000693292,ENST00000333279,ENST00000648193	ENSG00000289426,ENSG00000183831,ENSG00000285777	ANKRD45	lncRNA,protein_coding	both	TEX50
6109	1	173683959	173692052	-	no_overlap	.	.	.	.	none	.
6114	1	175097958	175107407	-	exon and intron	ENST00000239462,ENST00000621086	ENSG00000120332	TNN	protein_coding	opposite	.
6115	1	175269398	175277561	+	no_overlap	.	.	.	.	none	.
6116	1	176308345	176326337	-	intron	ENST00000701212,ENST00000660913,ENST00000654248	ENSG00000236021	COP1-DT	lncRNA	opposite	.
6118	1	178040362	178045925	+	no_overlap	.	.	.	.	none	.
ERVW-9	1	178141216	178143059	-	intron	ENST00000367649,ENST00000465723	ENSG00000075391	RASAL2	protein_coding	opposite	.
6119	1	178553827	178560028	-	no_overlap	.	.	.	.	none	.
6120	1	179437568	179443253	-	intron	ENST00000367618,ENST00000434088,ENST00000461179,ENST00000511157,ENST00000617277	ENSG00000162779	AXDND1	protein_coding	opposite	.
6122	1	181246196	181255342	+	no_overlap	.	.	.	.	none	.
6123	1	183613209	183622443	+	exon and intron	ENST00000665299,ENST00000359856	ENSG00000286966,ENSG00000162704	ARPC5	lncRNA,protein_coding	both	.
6124	1	183700888	183709310	-	exon and intron	ENST00000604110,ENST00000304685	ENSG00000270994,ENSG00000143344	RGL1	processed_pseudogene,protein_coding	both	.
6125	1	185578773	185596328	-	exon and intron	ENST00000665999,ENST00000657435,ENST00000655092,ENST00000608417,ENST00000654367,ENST00000655976,ENST00000665129,ENST00000667194,ENST00000670065,ENST00000609066,ENST00000667796,ENST00000667960,ENST00000439633,ENST00000655693,ENST00000665770,ENST00000669266,ENST00000670075	ENSG00000228309	LINC01350	lncRNA	same	.
6126	1	185947625	185954216	-	intron	ENST00000271588	ENSG00000143341	HMCN1	protein_coding	opposite	.
6127	1	186512485	186523752	+	exon and intron	ENST00000655945,ENST00000609032	ENSG00000229739,ENSG00000273198	PDC-AS1	lncRNA	same	.
6128	1	186914432	186922867	-	intron	ENST00000367466,ENST00000466600	ENSG00000116711	PLA2G4A	protein_coding	opposite	.
6129	1	187630701	187639303	+	exon and intron	ENST00000622228,ENST00000643891	ENSG00000274702,ENSG00000230426	LINC01036	processed_pseudogene,lncRNA	same	.
ERVMER61-1	1	187641225	187643860	+	exon and intron	ENST00000429725,ENST00000664099,ENST00000662036,ENST00000659970,ENST00000692148,ENST00000643044,ENST00000614505,ENST00000643891	ENSG00000230426	LINC01036	lncRNA	same	.
6132	1	187763315	187770890	-	no_overlap	.	.	.	.	none	.
6136	1	188254252	188261096	-	no_overlap	.	.	.	.	none	.
6135	1	188335032	188341843	-	no_overlap	.	.	.	.	none	.
6139	1	188664056	188672609	+	exon	ENST00000446368	ENSG00000235083	.	processed_pseudogene	same	.
6143	1	191234157	191240730	+	no_overlap	.	.	.	.	none	.
6144	1	193375076	193383555	-	no_overlap	.	.	.	.	none	.
6145	1	194423736	194427274	+	no_overlap	.	.	.	.	none	.
6146	1	195135208	195144760	+	no_overlap	.	.	.	.	none	.
6148	1	195732185	195738786	+	no_overlap	.	.	.	.	none	.
ERVH1q31.3	1	195847913	195848597	-	no_overlap	.	.	.	.	none	.
6152	1	196870349	196875321	+	intron	ENST00000649395	ENSG00000285986	.	unprocessed_pseudogene	same	.
6155	1	198034650	198042126	+	no_overlap	.	.	.	.	none	.
6157	1	199091139	199097994	+	no_overlap	.	.	.	.	none	.
6164	1	205859303	205864229	+	exon and intron	ENST00000656452,ENST00000664013,ENST00000664074,ENST00000665342,ENST00000670773,ENST00000656162,ENST00000656763,ENST00000669196,ENST00000662659,ENST00000664917,ENST00000653838,ENST00000659861,ENST00000659357,ENST00000662563,ENST00000664067,ENST00000653632,ENST00000658744,ENST00000659611,ENST00000669230,ENST00000670417	ENSG00000286619	.	lncRNA	same	.
ERVW-10	1	205866330	205875807	-	exon and intron	ENST00000664067,ENST00000656162,ENST00000656763,ENST00000669196,ENST00000662659,ENST00000664917,ENST00000653838,ENST00000659861,ENST00000659357,ENST00000662563,ENST00000653632,ENST00000658744,ENST00000659611,ENST00000669230,ENST00000670417,ENST00000665342,ENST00000664013,ENST00000664074,ENST00000670773	ENSG00000286619	.	lncRNA	opposite	.
6166	1	205884552	205890432	-	exon and intron	ENST00000653906,ENST00000652821,ENST00000659357,ENST00000664013,ENST00000664074,ENST00000665342,ENST00000670773,ENST00000656162,ENST00000656763,ENST00000669196,ENST00000662659,ENST00000664917,ENST00000653838,ENST00000659861,ENST00000662563,ENST00000653632,ENST00000658744,ENST00000659611,ENST00000669230,ENST00000670417,ENST00000664067	ENSG00000286619	.	lncRNA	opposite	.
6165	1	205890690	205905299	+	exon and intron	ENST00000653906,ENST00000652821,ENST00000653632,ENST00000653838,ENST00000656162,ENST00000656763,ENST00000658744,ENST00000659357,ENST00000659611,ENST00000659861,ENST00000662563,ENST00000662659,ENST00000664013,ENST00000664067,ENST00000664074,ENST00000664917,ENST00000665342,ENST00000669196,ENST00000669230,ENST00000670417,ENST00000670773	ENSG00000286619	.	lncRNA	same	.
6169	1	206052701	206058912	-	exon and intron	ENST00000582596,ENST00000582619,ENST00000604113,ENST00000647075,ENST00000585172,ENST00000331555,ENST00000584198,ENST00000647316	ENSG00000285417,ENSG00000263961	RHEX	transcribed_unitary_pseudogene,protein_coding	opposite	.
6171	1	207632284	207641252	-	exon and intron	ENST00000367051,ENST00000367052,ENST00000367053,ENST00000367049,ENST00000400960	ENSG00000203710	CR1	protein_coding	opposite	.
6174	1	209448804	209455626	+	no_overlap	.	.	.	.	none	.
6176	1	210111088	210116207	-	intron	ENST00000399639,ENST00000367015,ENST00000367019,ENST00000472886,ENST00000534859,ENST00000537238,ENST00000637265,ENST00000637945,ENST00000699295	ENSG00000143469	SYT14	protein_coding	opposite	.
6177	1	210187603	210195678	+	no_overlap	.	.	.	.	none	.
6180	1	211224277	211229655	+	no_overlap	.	.	.	.	none	.
6181	1	211687138	211694456	+	exon and intron	ENST00000421933,ENST00000703066,ENST00000443174	ENSG00000231057	NEK2-DT	lncRNA	same	.
W-5	1	211855796	211858921	-	no_overlap	.	.	.	.	none	.
6183	1	212423059	212428615	+	no_overlap	.	.	.	.	none	.
6184	1	212907312	212919912	+	exon and intron	ENST00000632866	ENSG00000282718	.	lncRNA	same	.
6185	1	213025526	213032448	-	no_overlap	.	.	.	.	none	.
6187	1	215409812	215415700	-	no_overlap	.	.	.	.	none	.
6188	1	216008128	216014110	+	intron	ENST00000307340,ENST00000674083	ENSG00000042781	USH2A	protein_coding	opposite	.
6189	1	216145056	216150415	+	intron	ENST00000307340,ENST00000674083	ENSG00000042781	USH2A	protein_coding	opposite	.
6191	1	217306164	217316008	+	no_overlap	.	.	.	.	none	.
6192	1	218595009	218599849	-	no_overlap	.	.	.	.	none	.
6193	1	218748956	218755271	-	no_overlap	.	.	.	.	none	.
6195	1	221947780	221958635	+	intron	ENST00000412445	ENSG00000238042	LINC02257	lncRNA	opposite	.
6196	1	221965964	221971618	+	exon and intron	ENST00000421147,ENST00000441160,ENST00000412445	ENSG00000228437,ENSG00000238042	LINC02474,LINC02257	lncRNA	both	.
6199	1	223022049	223030156	-	no_overlap	.	.	.	.	none	.
6203	1	224839927	224846082	-	intron	ENST00000657178	ENSG00000286719	.	lncRNA	same	.
6202	1	224885686	224893544	+	no_overlap	.	.	.	.	none	.
6205	1	225221768	225229271	+	intron	ENST00000430092,ENST00000439375,ENST00000445597,ENST00000682510	ENSG00000185842	DNAH14	protein_coding	same	.
6206	1	225791234	225801134	-	no_overlap	.	.	.	.	none	.
6207	1	226536207	226541736	-	exon and intron	ENST00000671364	ENSG00000287627	.	lncRNA	same	.
6208	1	226833699	226838425	+	exon	ENST00000664298	ENSG00000287259	.	lncRNA	same	.
6209	1	227501594	227505575	+	no_overlap	.	.	.	.	none	.
6211	1	227589717	227596629	-	intron	ENST00000343776,ENST00000440339,ENST00000465266,ENST00000608949	ENSG00000181450	ZNF678	protein_coding	opposite	.
6212	1	227618385	227631143	-	intron	ENST00000343776,ENST00000440339,ENST00000465266,ENST00000608949	ENSG00000181450	ZNF678	protein_coding	opposite	.
6214	1	228676127	228682649	-	no_overlap	.	.	.	.	none	.
6215	1	228947562	228951891	+	no_overlap	.	.	.	.	none	.
6217	1	229173970	229180173	+	intron	ENST00000662083,ENST00000666388	ENSG00000236975	LINC02814	lncRNA	opposite	.
6218	1	229412495	229420609	+	no_overlap	.	.	.	.	none	.
6219	1	229824325	229833252	+	intron	ENST00000650825	ENSG00000227043	LINC01682	lncRNA	opposite	.
ERVH1q42.2	1	230601215	230609194	+	intron	ENST00000685406,ENST00000689608,ENST00000692577	ENSG00000282564	.	lncRNA	same	.
6223	1	232118114	232125541	+	no_overlap	.	.	.	.	none	.
6225	1	232195767	232201038	-	no_overlap	.	.	.	.	none	.
6224	1	232229605	232234799	-	no_overlap	.	.	.	.	none	.
6226	1	233681187	233689204	-	no_overlap	.	.	.	.	none	.
6228	1	235670260	235675550	+	exon and intron	ENST00000697238,ENST00000697240,ENST00000389793,ENST00000462376,ENST00000473037,ENST00000697178,ENST00000697235,ENST00000697236,ENST00000697237,ENST00000697239	ENSG00000143669	LYST	protein_coding	opposite	.
6229	1	236926866	236938803	-	no_overlap	.	.	.	.	none	.
6230	1	237916848	237921655	+	exon and intron	ENST00000450451	ENSG00000237250	.	lncRNA	same	.
K-34	1	238762293	238764473	-	no_overlap	.	.	.	.	none	.
6231	1	239101391	239109170	+	no_overlap	.	.	.	.	none	.
6234	1	241433879	241439886	+	exon and intron	ENST00000654758,ENST00000660633,ENST00000668538,ENST00000669530,ENST00000652871,ENST00000662773,ENST00000658165,ENST00000667955,ENST00000669820,ENST00000660219,ENST00000663708,ENST00000660302	ENSG00000287516	.	lncRNA	same	.
6238	1	242212992	242217888	+	intron	ENST00000314833,ENST00000366545,ENST00000427495,ENST00000442594,ENST00000467561,ENST00000536534	ENSG00000180287	PLD5	protein_coding	opposite	.
6239	1	242456968	242459573	+	intron	ENST00000366545,ENST00000442594,ENST00000467561,ENST00000536534	ENSG00000180287	PLD5	protein_coding	opposite	.
6244	1	246527503	246535272	+	exon and intron	ENST00000412354,ENST00000426536	ENSG00000230813,ENSG00000229112	.	unprocessed_pseudogene	both	.
6245	1	246634726	246642803	-	exon and intron	ENST00000366512,ENST00000366513,ENST00000483271	ENSG00000162852	CNST	protein_coding	opposite	.
6248	1	247024660	247030174	+	intron	ENST00000465049,ENST00000474541	ENSG00000135747	ZNF670-ZNF695	protein_coding	opposite	.
6249	1	247106815	247111558	+	exon and intron	ENST00000659037,ENST00000623686	ENSG00000286747,ENSG00000221953	LINC02897	lncRNA	both	.
6251	1	247286261	247291931	+	exon	ENST00000684911,ENST00000689865	ENSG00000289566	.	lncRNA	same	.
6253	1	247354309	247363372	+	exon and intron	ENST00000697393,ENST00000697403,ENST00000697404,ENST00000697400,ENST00000697398,ENST00000697395,ENST00000697396,ENST00000697399,ENST00000697397,ENST00000697401,ENST00000697402,ENST00000697408,ENST00000697394	ENSG00000289234,ENSG00000289728	ZNF496-DT	lncRNA	same	.
6254	1	247704461	247710150	-	intron	ENST00000449298,ENST00000668726,ENST00000662798,ENST00000668652,ENST00000655877,ENST00000659428,ENST00000662484	ENSG00000235749	.	lncRNA	opposite	OR6F1
6255	1	247898555	247905892	-	no_overlap	.	.	.	.	none	.
6259	1	248335768	248340991	-	no_overlap	.	.	.	.	none	.
3180	10	1349130	1355487	+	intron	ENST00000381312	ENSG00000185736	ADARB2	protein_coding	opposite	.
3182	10	4948034	4956078	+	no_overlap	.	.	.	.	none	.
3185	10	5036659	5038242	+	intron	ENST00000470862,ENST00000480822,ENST00000605781	ENSG00000196139	AKR1C3	protein_coding	same	.
3183	10	5038322	5047524	-	intron	ENST00000470862,ENST00000480822,ENST00000605781	ENSG00000196139	AKR1C3	protein_coding	opposite	.
3184	10	5054446	5060768	-	intron	ENST00000470862,ENST00000480822,ENST00000605781,ENST00000602997,ENST00000439082	ENSG00000196139	AKR1C3	protein_coding	opposite	.
3187	10	5470767	5479733	+	no_overlap	.	.	.	.	none	.
3189	10	5863492	5868824	+	intron	ENST00000380094	ENSG00000134461	ANKRD16	protein_coding	opposite	.
3191	10	6629618	6635541	-	no_overlap	.	.	.	.	none	.
3193	10	6796051	6802953	-	intron	ENST00000648093,ENST00000648398,ENST00000649029,ENST00000648995,ENST00000650342,ENST00000436383,ENST00000648637,ENST00000650205,ENST00000650412	ENSG00000238266,ENSG00000285988,ENSG00000285743,ENSG00000285845	LINC00707	lncRNA	opposite	.
K-22	10	6824177	6833641	-	exon and intron	ENST00000665216,ENST00000666057,ENST00000669799,ENST00000664549,ENST00000649029,ENST00000648995,ENST00000436383,ENST00000648637,ENST00000650205,ENST00000650412,ENST00000648093,ENST00000648398	ENSG00000287277,ENSG00000238266,ENSG00000285988,ENSG00000285845	LINC00707	lncRNA	both	.
3194	10	14984385	14998891	-	exon and intron	ENST00000467536,ENST00000431186	ENSG00000197889,ENSG00000235623	MEIG1,OR7E110P	protein_coding,unprocessed_pseudogene	both	.
3196	10	15011464	15019215	-	exon and intron	ENST00000454630	ENSG00000237470	DCLRE1CP1	unprocessed_pseudogene	same	.
3199	10	17010206	17018765	-	intron	ENST00000377833	ENSG00000107611	CUBN	protein_coding	same	.
3200	10	18570091	18577466	+	intron	ENST00000377304	ENSG00000241058	NSUN6	protein_coding	opposite	.
3203	10	20118009	20124934	-	intron	ENST00000377238,ENST00000377242,ENST00000377252	ENSG00000120594	PLXDC2	protein_coding	opposite	.
3204	10	22138952	22146515	+	no_overlap	.	.	.	.	none	.
W-47	10	23296190	23302161	-	exon and intron	ENST00000649478,ENST00000376500,ENST00000376501,ENST00000636213	ENSG00000179133	C10orf67	protein_coding	same	.
3209	10	25716396	25722923	+	exon and intron	ENST00000666205,ENST00000655911,ENST00000625325,ENST00000626230,ENST00000648557,ENST00000653175,ENST00000655020,ENST00000655478,ENST00000655555,ENST00000655854,ENST00000656265,ENST00000658893,ENST00000662090,ENST00000671596,ENST00000663043,ENST00000659066,ENST00000668934	ENSG00000280809	LINC00836	lncRNA	same	.
3213	10	26988116	26999252	-	exon and intron	ENST00000445828,ENST00000675936,ENST00000674670,ENST00000675439	ENSG00000107890	ANKRD26	protein_coding	same	.
3215	10	27465309	27470939	+	no_overlap	.	.	.	.	none	.
3221	10	34968861	34975636	+	exon and intron	ENST00000654061,ENST00000634331,ENST00000635301	ENSG00000283000	LINC02635	lncRNA	same	.
3222	10	35403059	35410120	-	intron	ENST00000265375,ENST00000492478,ENST00000493157,ENST00000374706,ENST00000490012,ENST00000374704,ENST00000339497	ENSG00000108100	CCNY	protein_coding	opposite	.
3224	10	37275063	37285018	-	intron	ENST00000420453	ENSG00000235687	LINC00993	transcribed_unprocessed_pseudogene	opposite	.
3226	10	37937011	37944189	+	no_overlap	.	.	.	.	none	.
3231	10	42384091	42393490	-	no_overlap	.	.	.	.	none	.
3232	10	42486650	42494526	+	exon and intron	ENST00000424751,ENST00000429940,ENST00000653292,ENST00000659650,ENST00000662209,ENST00000668072,ENST00000670679	ENSG00000185904	LINC00839	lncRNA	same	.
3233	10	42494898	42500281	+	exon	ENST00000670679,ENST00000659650,ENST00000668072,ENST00000424751,ENST00000429940,ENST00000653292	ENSG00000185904	LINC00839	lncRNA	same	.
3234	10	42504683	42509581	-	no_overlap	.	.	.	.	none	.
3236	10	42645190	42654770	+	exon and intron	ENST00000649715,ENST00000662977	ENSG00000285884,ENSG00000233515	LINC01518	lncRNA	both	.
3238	10	43293133	43300924	-	no_overlap	.	.	.	.	none	.
3241	10	43583463	43596633	-	exon and intron	ENST00000667961	ENSG00000287852	.	lncRNA	same	.
3244	10	45279081	45286905	+	no_overlap	.	.	.	.	none	.
3245	10	45571381	45577314	+	intron	ENST00000319836,ENST00000602712,ENST00000453980	ENSG00000165406	MARCHF8	protein_coding	opposite	.
3247	10	48990942	48997767	-	exon and intron	ENST00000428825,ENST00000422966	ENSG00000233665,ENSG00000226576	.	lncRNA	both	.
3250	10	52028737	52039561	-	exon and intron	ENST00000689388,ENST00000691193,ENST00000692125,ENST00000688489,ENST00000689822,ENST00000690827,ENST00000686732,ENST00000689260,ENST00000373976,ENST00000373980,ENST00000401604,ENST00000645324	ENSG00000289527,ENSG00000185532	PRKG1	lncRNA,protein_coding	both	.
3253	10	52946451	52955993	-	exon and intron	ENST00000648218	ENSG00000285958	.	lncRNA	same	.
3254	10	53021993	53030667	-	exon and intron	ENST00000654808,ENST00000668157	ENSG00000227121	LINC02672	lncRNA	same	.
3255	10	53337556	53340577	-	no_overlap	.	.	.	.	none	.
3256	10	53490061	53504727	-	no_overlap	.	.	.	.	none	.
3257	10	54166658	54172498	+	intron	ENST00000320301,ENST00000361849,ENST00000373955,ENST00000373956,ENST00000373957,ENST00000373965,ENST00000395430,ENST00000395433,ENST00000395445,ENST00000395446,ENST00000409834,ENST00000437009,ENST00000448885,ENST00000613657,ENST00000616114,ENST00000617271,ENST00000621708,ENST00000642496,ENST00000644397,ENST00000395440,ENST00000395442,ENST00000414367,ENST00000495484	ENSG00000150275	PCDH15	protein_coding	opposite	.
3258	10	54295301	54301207	+	intron	ENST00000414367,ENST00000320301,ENST00000361849,ENST00000373955,ENST00000373956,ENST00000373957,ENST00000373965,ENST00000395430,ENST00000395433,ENST00000395440,ENST00000395442,ENST00000395445,ENST00000395446,ENST00000437009,ENST00000448885,ENST00000613657,ENST00000616114,ENST00000617271,ENST00000621708,ENST00000644397,ENST00000495484,ENST00000409834	ENSG00000150275	PCDH15	protein_coding	opposite	.
3261	10	55971709	55976876	+	no_overlap	.	.	.	.	none	.
3263	10	56571433	56578736	-	no_overlap	.	.	.	.	none	.
3269	10	57832459	57841780	+	no_overlap	.	.	.	.	none	.
3274	10	58860992	58867331	-	no_overlap	.	.	.	.	none	.
3275	10	59726522	59733738	-	intron	ENST00000395347	ENSG00000165449	SLC16A9	protein_coding	same	MRLN
3276	10	61030614	61039899	-	intron	ENST00000687498	ENSG00000227244	LINC00845	lncRNA	opposite	.
3279	10	63848211	63851581	+	intron	ENST00000444770	ENSG00000228566	.	lncRNA	same	.
W-118	10	64044744	64045616	+	intron	ENST00000654191,ENST00000660795	ENSG00000228566	.	lncRNA	same	.
3283	10	64776824	64785965	-	no_overlap	.	.	.	.	none	.
3284	10	65107491	65112804	-	no_overlap	.	.	.	.	none	.
3286	10	67683764	67690648	-	intron	ENST00000684154,ENST00000433211	ENSG00000183230	CTNNA3	protein_coding	same	.
3288	10	68861131	68868373	-	intron	ENST00000298596,ENST00000399162,ENST00000399165,ENST00000399169,ENST00000642869	ENSG00000165730	STOX1	protein_coding	opposite	.
3289	10	71015034	71021725	-	intron	ENST00000646051	ENSG00000285300	.	lncRNA	opposite	.
3291	10	71939374	71946508	+	no_overlap	.	.	.	.	none	.
3290	10	71949658	71955051	-	no_overlap	.	.	.	.	none	.
3292	10	71957693	71961280	+	no_overlap	.	.	.	.	none	.
3294	10	74775647	74785136	+	no_overlap	.	.	.	.	none	.
3297	10	76818220	76826759	+	no_overlap	.	.	.	.	none	.
3300	10	79604768	79608013	-	no_overlap	.	.	.	.	none	.
3301	10	80104700	80116174	+	no_overlap	.	.	.	.	none	.
3302	10	80738637	80748037	+	no_overlap	.	.	.	.	none	.
3305	10	83057507	83063365	+	no_overlap	.	.	.	.	none	.
3306	10	83218467	83220764	-	no_overlap	.	.	.	.	none	.
3307	10	84108764	84117193	+	no_overlap	.	.	.	.	none	.
3308	10	84118567	84126316	-	no_overlap	.	.	.	.	none	.
W-49	10	84525369	84531069	-	no_overlap	.	.	.	.	none	.
3313	10	85393205	85405011	-	intron	ENST00000655477,ENST00000658106	ENSG00000223993	LINC02647	lncRNA	same	.
3314	10	85595182	85606011	-	exon and intron	ENST00000327946,ENST00000552278,ENST00000464741,ENST00000443311,ENST00000668011,ENST00000628016,ENST00000630182	ENSG00000182771,ENSG00000234942	GRID1,GRID1-AS1	protein_coding,lncRNA	both	.
3315	10	86635826	86644397	-	no_overlap	.	.	.	.	none	.
3316	10	89284719	89291763	+	exon and intron	ENST00000679734,ENST00000680381,ENST00000354541,ENST00000638108,ENST00000681179,ENST00000680954,ENST00000680136,ENST00000659383,ENST00000680546,ENST00000679653,ENST00000681150,ENST00000680558,ENST00000448897,ENST00000681850,ENST00000487618,ENST00000371837,ENST00000282673	ENSG00000119922,ENSG00000232110,ENSG00000107798	IFIT2,LIPA	protein_coding,lncRNA	both	.
3317	10	89406287	89417471	+	exon and intron	ENST00000546318,ENST00000371804,ENST00000371837,ENST00000371795,ENST00000681359,ENST00000681422,ENST00000681163,ENST00000681348,ENST00000680591,ENST00000679632	ENSG00000185745,ENSG00000107798,ENSG00000152778	IFIT1,LIPA,IFIT5	protein_coding	both	.
3318	10	90080050	90086792	-	intron	ENST00000653640,ENST00000664430	ENSG00000287150,ENSG00000280560	LINC01374	lncRNA	both	.
3319	10	90135148	90145087	+	intron	ENST00000664430	ENSG00000280560	LINC01374	lncRNA	same	.
3320	10	90294973	90300740	+	no_overlap	.	.	.	.	none	.
3321	10	90807287	90814529	+	exon and intron	ENST00000685016,ENST00000687715,ENST00000277874,ENST00000336152,ENST00000371719	ENSG00000289580,ENSG00000148680	HTR7	lncRNA,protein_coding	both	.
3322	10	91300601	91307220	-	exon	ENST00000688440,ENST00000700888	ENSG00000289228	.	lncRNA	same	.
3323	10	94384517	94392369	+	no_overlap	.	.	.	.	none	.
3326	10	94763897	94773993	-	exon and intron	ENST00000645461,ENST00000464755,ENST00000371321,ENST00000480405	ENSG00000165841,ENSG00000276490	CYP2C19	protein_coding	opposite	.
W-50	10	94834567	94841534	-	intron	ENST00000645461,ENST00000371321,ENST00000464755	ENSG00000165841,ENSG00000276490	CYP2C19	protein_coding	opposite	.
3328	10	94991560	94998797	-	no_overlap	.	.	.	.	none	.
W-51	10	95717357	95724870	-	intron	ENST00000453258	ENSG00000138185	ENTPD1	protein_coding	opposite	.
3334	10	96731989	96738173	+	no_overlap	.	.	.	.	none	.
3335	10	97555738	97561771	-	intron	ENST00000370664	ENSG00000165886	UBTD1	protein_coding	opposite	.
3339	10	99258161	99268781	+	no_overlap	.	.	.	.	none	.
3338	10	99298196	99303580	+	no_overlap	.	.	.	.	none	.
3340	10	99818701	99827957	-	exon and intron	ENST00000647814	ENSG00000023839	ABCC2	protein_coding	opposite	.
3341	10	100380919	100388398	+	exon and intron	ENST00000665022,ENST00000669693,ENST00000641708,ENST00000654288,ENST00000656449,ENST00000658059,ENST00000661158,ENST00000662712,ENST00000664516,ENST00000665755,ENST00000666045,ENST00000666713,ENST00000667278,ENST00000668189,ENST00000608396,ENST00000641571,ENST00000641799,ENST00000654233,ENST00000654563,ENST00000657262,ENST00000657502,ENST00000659075,ENST00000659159,ENST00000663103,ENST00000664100,ENST00000664224,ENST00000666154,ENST00000668904,ENST00000662018,ENST00000641087,ENST00000454935,ENST00000664225,ENST00000659770,ENST00000661096	ENSG00000235823	OLMALINC	lncRNA	same	.
3342	10	101184272	101189595	-	exon and intron	ENST00000660354,ENST00000666640,ENST00000434189,ENST00000666262,ENST00000669629	ENSG00000237579	LINC01514	lncRNA	opposite	.
3344	10	102835999	102844467	-	exon and intron	ENST00000640633,ENST00000369887,ENST00000489268,ENST00000638272,ENST00000639393,ENST00000638190,ENST00000638971,ENST00000445829	ENSG00000148795,ENSG00000213061	CYP17A1,PFN1P11	protein_coding,processed_pseudogene	same	.
3346	10	103205479	103213543	+	intron	ENST00000674696,ENST00000676449,ENST00000675326,ENST00000676428,ENST00000675164	ENSG00000076685	NT5C2	protein_coding	opposite	.
3349	10	106016754	106023057	-	no_overlap	.	.	.	.	none	.
3350	10	106269626	106274410	+	no_overlap	.	.	.	.	none	.
3351	10	108111049	108125395	-	exon and intron	ENST00000659061,ENST00000600953,ENST00000627225,ENST00000629275,ENST00000631100	ENSG00000229981	LINC01435	lncRNA	same	.
3353	10	108729221	108732968	+	intron	ENST00000421481,ENST00000653086	ENSG00000223381	LINC02661	lncRNA	same	.
3355	10	109041194	109049070	+	no_overlap	.	.	.	.	none	.
3358	10	109562026	109566800	+	no_overlap	.	.	.	.	none	.
3363	10	116480660	116486535	+	no_overlap	.	.	.	.	none	PNLIPRP3
3364	10	116490675	116503152	-	no_overlap	.	.	.	.	none	.
3365	10	118608810	118614286	-	no_overlap	.	.	.	.	none	.
3366	10	118889781	118904747	+	intron	ENST00000663084	ENSG00000229272	LINC03036	lncRNA	opposite	.
3367	10	119883734	119890745	+	exon and intron	ENST00000702149,ENST00000569515	ENSG00000289966,ENSG00000197771	MCMBP	lncRNA,protein_coding	both	.
3370	10	120844912	120851580	+	exon and intron	ENST00000663233,ENST00000661709,ENST00000456120,ENST00000628194,ENST00000598981,ENST00000661416,ENST00000630905,ENST00000605202,ENST00000263461,ENST00000605543,ENST00000605069,ENST00000605178,ENST00000604585	ENSG00000287936,ENSG00000227165,ENSG00000120008	WDR11-DT,WDR11	lncRNA,protein_coding	both	.
3371	10	123814108	123820319	+	intron	ENST00000241305,ENST00000368854,ENST00000615851	ENSG00000121898	CPXM2	protein_coding	opposite	.
3372	10	130292252	130295850	+	intron	ENST00000648275	ENSG00000236303	LINC02646	lncRNA	same	.
3375	10	133603583	133609809	+	exon and intron	ENST00000669404,ENST00000657107,ENST00000656338,ENST00000665054,ENST00000655152	ENSG00000288107	.	lncRNA	same	.
3379	11	3447425	3456906	-	intron	ENST00000637148	ENSG00000284605	ENPP7P15	transcribed_unprocessed_pseudogene	same	.
3380	11	3473019	3482099	-	exon and intron	ENST00000659225,ENST00000710269,ENST00000527970,ENST00000637148,ENST00000534291	ENSG00000287906,ENSG00000255367,ENSG00000284605,ENSG00000254757	ENPP7P15	lncRNA,transcribed_unprocessed_pseudogene	both	.
3382	11	3509345	3516789	-	exon and intron	ENST00000656923,ENST00000526533,ENST00000534291,ENST00000527970,ENST00000710269	ENSG00000287312,ENSG00000255367,ENSG00000254757	.	lncRNA	both	.
3383	11	3647989	3653629	+	intron	ENST00000529556,ENST00000250693	ENSG00000129744	ART1	protein_coding	same	.
3385	11	4220576	4226739	-	no_overlap	.	.	.	.	none	.
3386	11	4317216	4323342	-	no_overlap	.	.	.	.	none	.
3387	11	4454468	4464776	+	intron	ENST00000641797,ENST00000685350,ENST00000688083,ENST00000692525,ENST00000690343,ENST00000693118,ENST00000691418,ENST00000690302	ENSG00000291144	.	lncRNA	same	.
3388	11	4495394	4498723	-	intron	ENST00000685350,ENST00000693118,ENST00000691418,ENST00000690302	ENSG00000291144	.	lncRNA	opposite	.
3389	11	5159269	5167133	-	no_overlap	.	.	.	.	none	.
3392	11	5928628	5938951	+	exon and intron	ENST00000412903,ENST00000528915	ENSG00000132256,ENSG00000184478	TRIM5,OR56A3	protein_coding	both	.
3393	11	6069105	6075893	-	intron	ENST00000690041	ENSG00000289150	.	lncRNA	opposite	.
3394	11	6366027	6374896	+	no_overlap	.	.	.	.	none	.
3395	11	6747291	6754907	-	exon	ENST00000533934	ENSG00000254781	GVINP2	processed_pseudogene	opposite	.
3397	11	7513514	7520474	-	exon and intron	ENST00000654089,ENST00000664943,ENST00000691856,ENST00000702494,ENST00000528947,ENST00000684123,ENST00000299492,ENST00000526873	ENSG00000251364,ENSG00000166387	SYT9-AS1,PPFIBP2	lncRNA,protein_coding	both	.
3400	11	7898105	7906049	-	exon and intron	ENST00000527847	ENSG00000254951	.	lncRNA	same	.
3401	11	7911612	7917907	-	no_overlap	.	.	.	.	none	.
W-52	11	9347804	9349617	-	no_overlap	.	.	.	.	none	.
3403	11	10004936	10020706	+	exon and intron	ENST00000686079,ENST00000687256,ENST00000688206,ENST00000533661,ENST00000693201,ENST00000256190,ENST00000526353,ENST00000527019,ENST00000533770,ENST00000675281,ENST00000676324,ENST00000676387,ENST00000687210,ENST00000688344,ENST00000688417,ENST00000689128,ENST00000689258,ENST00000689940,ENST00000692716,ENST00000693022	ENSG00000133812	SBF2	protein_coding	opposite	.
3405	11	13471905	13474785	+	no_overlap	.	.	.	.	none	.
3406	11	14524557	14527625	+	intron	ENST00000418988	ENSG00000129084	PSMA1	protein_coding	opposite	.
3408	11	15011624	15027098	-	intron	ENST00000523376	ENSG00000175868	CALCB	protein_coding	opposite	.
3407	11	15064019	15068599	-	intron	ENST00000523376	ENSG00000175868	CALCB	protein_coding	opposite	.
3409	11	17370179	17379293	+	exon and intron	ENST00000530403,ENST00000338965,ENST00000682764	ENSG00000188211,ENSG00000187486	NCR3LG1,KCNJ11	protein_coding	both	.
3411	11	18641821	18648047	+	no_overlap	.	.	.	.	none	.
3413	11	20567854	20578780	+	exon and intron	ENST00000525121	ENSG00000255291	HMGB1P40	processed_pseudogene	same	.
W-68	11	22312817	22318319	-	exon and intron	ENST00000530569,ENST00000528009	ENSG00000254768	SLC17A6-DT	lncRNA	same	.
3415	11	22992704	23000627	-	no_overlap	.	.	.	.	none	.
3417	11	23183936	23189778	-	intron	ENST00000533591	ENSG00000255418	LINC02718	lncRNA	opposite	.
3421	11	23882492	23892875	-	exon and intron	ENST00000619919	ENSG00000277803	.	processed_pseudogene	opposite	.
3420	11	23934052	23942201	-	no_overlap	.	.	.	.	none	.
3422	11	25000041	25007141	-	intron	ENST00000336930,ENST00000533227,ENST00000620308	ENSG00000187398	LUZP2	protein_coding	opposite	.
3423	11	25326413	25329380	-	no_overlap	.	.	.	.	none	.
3425	11	25486271	25496072	-	no_overlap	.	.	.	.	none	.
3427	11	26002000	26007253	+	no_overlap	.	.	.	.	none	.
W-53	11	26590429	26597675	-	intron	ENST00000256737,ENST00000525139,ENST00000531568,ENST00000672621	ENSG00000134343	ANO3	protein_coding	opposite	.
3430	11	27629074	27634939	-	exon and intron	ENST00000527083,ENST00000534757,ENST00000499568,ENST00000500662,ENST00000501663,ENST00000502161,ENST00000650703,ENST00000650864,ENST00000650880,ENST00000650954,ENST00000651026,ENST00000651152,ENST00000651252,ENST00000651592,ENST00000651707,ENST00000651905,ENST00000651944,ENST00000651997,ENST00000652063,ENST00000652212,ENST00000652244,ENST00000652325,ENST00000652516,ENST00000652663,ENST00000652754,ENST00000499008,ENST00000501176,ENST00000530686,ENST00000650815,ENST00000650862,ENST00000651193,ENST00000651218,ENST00000651238,ENST00000651437,ENST00000651742,ENST00000651926,ENST00000651990,ENST00000652133,ENST00000652138,ENST00000652574,ENST00000532965,ENST00000650855,ENST00000651103,ENST00000651123,ENST00000651264,ENST00000651635,ENST00000651756,ENST00000651796,ENST00000652594	ENSG00000254934,ENSG00000245573	LINC00678,BDNF-AS	lncRNA	both	.
3431	11	29518606	29527572	+	exon and intron	ENST00000530389,ENST00000653616,ENST00000528553,ENST00000657392,ENST00000525097,ENST00000668970	ENSG00000255029,ENSG00000254530	LINC02755	lncRNA	both	.
3432	11	29973530	29980290	+	exon and intron	ENST00000561816,ENST00000528553,ENST00000657392	ENSG00000261340,ENSG00000254530	LINC01616,LINC02755	lncRNA	opposite	.
3433	11	31608174	31609536	-	intron	ENST00000350638,ENST00000379163,ENST00000395934,ENST00000474374,ENST00000638184,ENST00000638347,ENST00000638376,ENST00000638482,ENST00000638917,ENST00000638984,ENST00000639097,ENST00000639570,ENST00000639878,ENST00000640081,ENST00000640231,ENST00000640342,ENST00000640533,ENST00000640790,ENST00000640921,ENST00000640954,ENST00000640961	ENSG00000109911	ELP4	protein_coding	opposite	.
3434	11	32145163	32153379	+	intron	ENST00000419556	ENSG00000227160	THEM7P	transcribed_unitary_pseudogene	opposite	.
3436	11	34897253	34907021	+	intron	ENST00000527830,ENST00000395787	ENSG00000149089	APIP	protein_coding	opposite	.
3439	11	37576825	37582979	-	no_overlap	.	.	.	.	none	.
3441	11	38111201	38120534	+	no_overlap	.	.	.	.	none	.
3442	11	38221193	38227007	-	no_overlap	.	.	.	.	none	.
3443	11	38601579	38612336	+	no_overlap	.	.	.	.	none	.
3445	11	39125660	39132397	+	intron	ENST00000649415	ENSG00000285751	.	lncRNA	opposite	.
3448	11	39560281	39567337	+	no_overlap	.	.	.	.	none	.
3449	11	39734118	39741059	+	no_overlap	.	.	.	.	none	.
3451	11	42119615	42125323	+	intron	ENST00000534059	ENSG00000255300	LINC02745	lncRNA	opposite	.
3452	11	42874520	42883904	+	no_overlap	.	.	.	.	none	.
3456	11	43160658	43172407	-	intron	ENST00000533565	ENSG00000251557	HNRNPKP3	transcribed_processed_pseudogene	same	.
3458	11	43179097	43187107	-	intron	ENST00000533565	ENSG00000251557	HNRNPKP3	transcribed_processed_pseudogene	same	.
3459	11	44544324	44550785	+	no_overlap	.	.	.	.	none	.
3461	11	48333402	48340053	-	no_overlap	.	.	.	.	none	.
3466	11	49320165	49326841	-	intron	ENST00000529674	ENSG00000255532	.	transcribed_unprocessed_pseudogene	opposite	.
3468	11	49735084	49743469	-	intron	ENST00000527477,ENST00000530858,ENST00000534201	ENSG00000290401,ENSG00000205035	GRM5P1	lncRNA,transcribed_unprocessed_pseudogene	opposite	.
3470	11	49994477	50001406	+	no_overlap	.	.	.	.	none	.
3471	11	50434163	50448906	+	no_overlap	.	.	.	.	none	.
3473	11	50486074	50493612	-	no_overlap	.	.	.	.	none	.
3475	11	50629208	50638244	-	no_overlap	.	.	.	.	none	.
3478	11	54758825	54766172	-	no_overlap	.	.	.	.	none	.
3490	11	55458870	55475226	-	exon	ENST00000529316	ENSG00000181950	OR4A13P	unprocessed_pseudogene	opposite	.
3489	11	55501738	55505405	+	no_overlap	.	.	.	.	none	.
3492	11	55558475	55564110	+	no_overlap	.	.	.	.	none	OR4C15
3491	11	55577083	55586433	+	no_overlap	.	.	.	.	none	.
3495	11	56328002	56330869	-	no_overlap	.	.	.	.	none	.
3498	11	56949124	56952537	+	no_overlap	.	.	.	.	none	.
3497	11	56996961	57000931	-	no_overlap	.	.	.	.	none	.
3503	11	58769830	58777331	+	exon and intron	ENST00000685888,ENST00000702945	ENSG00000289621	.	lncRNA	same	.
3505	11	58996950	59006462	+	exon and intron	ENST00000531997,ENST00000533954,ENST00000534063,ENST00000532098	ENSG00000254786,ENSG00000255240,ENSG00000166840	GLYATL1	unprocessed_pseudogene,lncRNA,protein_coding	both	.
3506	11	59400533	59410233	+	no_overlap	.	.	.	.	none	.
3508	11	59923927	59931395	+	no_overlap	.	.	.	.	none	.
3509	11	60101583	60108947	-	no_overlap	.	.	.	.	none	.
3510	11	60185434	60193210	+	exon and intron	ENST00000679553,ENST00000680935,ENST00000680301,ENST00000681406,ENST00000649552,ENST00000679385,ENST00000681288,ENST00000680560,ENST00000680537,ENST00000680757	ENSG00000110079	MS4A4A	protein_coding	same	.
3511	11	60215181	60225509	+	exon and intron	ENST00000398984,ENST00000526153,ENST00000528394,ENST00000532442,ENST00000638529,ENST00000680537,ENST00000680757,ENST00000680935,ENST00000649552,ENST00000679553,ENST00000680301,ENST00000681288,ENST00000681406,ENST00000526086,ENST00000651255,ENST00000425663,ENST00000679385,ENST00000680560	ENSG00000214787,ENSG00000110079	MS4A4E,MS4A4A	protein_coding	both	.
3512	11	60756555	60763065	+	exon and intron	ENST00000405633,ENST00000528170,ENST00000337911,ENST00000429322	ENSG00000166961	MS4A15	protein_coding	same	.
3513	11	61093577	61099813	+	no_overlap	.	.	.	.	none	.
3514	11	62047463	62057717	-	exon and intron	ENST00000658933	ENSG00000255553	LINC02733	lncRNA	same	.
3516	11	62252710	62264351	+	exon and intron	ENST00000529875	ENSG00000254404	.	lncRNA	opposite	.
HERVK-27	11	62368489	62383091	-	exon and intron	ENST00000526625,ENST00000528206,ENST00000301776,ENST00000415229,ENST00000529226,ENST00000534183,ENST00000628829	ENSG00000254454,ENSG00000162174	RCC2P6,ASRGL1	processed_pseudogene,protein_coding	opposite	.
3518	11	63209495	63215272	+	intron	ENST00000306494,ENST00000527057,ENST00000528239,ENST00000525295	ENSG00000196600	SLC22A25	protein_coding	opposite	.
3520	11	63452679	63459317	+	no_overlap	.	.	.	.	none	.
3521	11	66573820	66581258	+	no_overlap	.	.	.	.	none	.
3522	11	67619700	67626914	+	no_overlap	.	.	.	.	none	.
3525	11	67685111	67694396	-	no_overlap	.	.	.	.	none	.
3524	11	67701770	67705294	+	no_overlap	.	.	.	.	none	.
3523	11	67726808	67731587	-	no_overlap	.	.	.	.	none	.
3526	11	67759688	67765370	+	exon and intron	ENST00000642027	ENSG00000254447	.	lncRNA	opposite	.
3527	11	67845548	67851894	-	intron	ENST00000611822	ENSG00000273819	ENPP7P7	unprocessed_pseudogene	same	.
3528	11	67882043	67889510	-	exon and intron	ENST00000529069,ENST00000511677,ENST00000533670	ENSG00000251637	LINC02754	lncRNA	opposite	.
3529	11	67978501	67982041	-	no_overlap	.	.	.	.	none	.
3530	11	68622944	68634155	+	no_overlap	.	.	.	.	none	.
3533	11	68867422	68874590	+	exon and intron	ENST00000512200	ENSG00000250508	LINC02701	lncRNA	same	.
3537	11	70209637	70220000	-	no_overlap	.	.	.	.	none	.
3539	11	71586229	71591666	+	intron	ENST00000526239	ENSG00000204571	KRTAP5-11	protein_coding	opposite	.
3540	11	71612091	71615634	+	no_overlap	.	.	.	.	none	.
3543	11	71705990	71714722	+	exon and intron	ENST00000529093,ENST00000664227	ENSG00000290775,ENSG00000248671	ALG1L9P	lncRNA	both	.
3542	11	71740711	71749874	+	exon and intron	ENST00000648998,ENST00000527856,ENST00000664227	ENSG00000285933,ENSG00000255319,ENSG00000248671	ENPP7P8,ALG1L9P	lncRNA,transcribed_unprocessed_pseudogene	both	.
K-51	11	71764072	71767231	+	intron	ENST00000527856,ENST00000664227	ENSG00000255319,ENSG00000248671	ENPP7P8,ALG1L9P	transcribed_unprocessed_pseudogene,lncRNA	both	.
3544	11	71885995	71891736	+	intron	ENST00000532852,ENST00000679695,ENST00000528511,ENST00000679412,ENST00000696864,ENST00000696865,ENST00000696863	ENSG00000254469,ENSG00000289716	XNDC1N,XNDC1N-ZNF705EP-ALG1L9P	protein_coding	opposite	DEFB131B
3545	11	71908144	71917331	+	exon and intron	ENST00000696865,ENST00000528511,ENST00000528560,ENST00000532852,ENST00000679412,ENST00000679695,ENST00000696863,ENST00000696864,ENST00000529844,ENST00000529513	ENSG00000289716,ENSG00000254469	XNDC1N-ZNF705EP-ALG1L9P,XNDC1N	protein_coding	opposite	.
3546	11	73939028	73947458	-	no_overlap	.	.	.	.	none	.
3547	11	74869433	74884487	+	exon and intron	ENST00000533875,ENST00000649255,ENST00000527087,ENST00000529926,ENST00000531449,ENST00000531849,ENST00000530562,ENST00000528819,ENST00000321448,ENST00000340360,ENST00000684022,ENST00000705661	ENSG00000241170,ENSG00000166435	RPL31P46,XRRA1	transcribed_processed_pseudogene,protein_coding	both	.
3548	11	75039915	75047153	+	no_overlap	.	.	.	.	none	.
3550	11	77548979	77563052	+	intron	ENST00000526761	ENSG00000074201	CLNS1A	protein_coding	opposite	.
3551	11	77569936	77574938	-	intron	ENST00000526761	ENSG00000074201	CLNS1A	protein_coding	same	.
3552	11	77856367	77862982	-	intron	ENST00000525594,ENST00000304716,ENST00000393427,ENST00000525034,ENST00000526164,ENST00000526415,ENST00000527134,ENST00000532481,ENST00000525409,ENST00000533193	ENSG00000254459,ENSG00000087884	AAMDC	lncRNA,protein_coding	both	.
3553	11	78080835	78089728	+	no_overlap	.	.	.	.	none	.
3555	11	79126912	79138689	+	intron	ENST00000278550,ENST00000532654,ENST00000527736	ENSG00000149256	TENM4	protein_coding	opposite	.
3557	11	81032726	81040218	+	exon and intron	ENST00000647625	ENSG00000285568	.	lncRNA	same	.
3559	11	81120403	81126306	+	no_overlap	.	.	.	.	none	.
3558	11	81196874	81202385	+	intron	ENST00000701193,ENST00000671134,ENST00000671210	ENSG00000287912	.	lncRNA	same	.
3561	11	81634226	81640906	+	no_overlap	.	.	.	.	none	.
3562	11	81806324	81812809	+	no_overlap	.	.	.	.	none	.
3564	11	81994343	82004815	-	intron	ENST00000653173,ENST00000659248,ENST00000500502,ENST00000530896,ENST00000655084,ENST00000666803,ENST00000667990,ENST00000671244	ENSG00000245832	MIR4300HG	lncRNA	same	.
3565	11	82025391	82031949	+	intron	ENST00000653173,ENST00000659248,ENST00000667990,ENST00000671244,ENST00000500502,ENST00000530896,ENST00000655084,ENST00000666803	ENSG00000245832	MIR4300HG	lncRNA	opposite	.
3568	11	83417915	83424075	+	exon and intron	ENST00000530045,ENST00000671128	ENSG00000255234	CCDC90B-AS1	lncRNA	same	.
3567	11	83428599	83436577	-	no_overlap	.	.	.	.	none	.
3566	11	83442171	83448534	-	no_overlap	.	.	.	.	none	.
3574	11	85606310	85614001	+	intron	ENST00000526147,ENST00000376104,ENST00000472545,ENST00000650630,ENST00000705960,ENST00000706006,ENST00000706007,ENST00000706205,ENST00000706206,ENST00000706226,ENST00000706233	ENSG00000150672	DLG2	protein_coding	opposite	.
3577	11	86834120	86837479	-	exon and intron	ENST00000602510,ENST00000531475,ENST00000532572,ENST00000533880,ENST00000532234,ENST00000533902	ENSG00000269895,ENSG00000150687	PRSS23	lncRNA,protein_coding	opposite	.
3580	11	88042436	88048457	+	exon and intron	ENST00000649399	ENSG00000285835	.	lncRNA	opposite	.
3584	11	88885867	88894467	+	intron	ENST00000305432,ENST00000305447,ENST00000455756	ENSG00000168959	GRM5	protein_coding	opposite	.
3586	11	89381303	89387559	+	intron	ENST00000525196,ENST00000263317,ENST00000343727,ENST00000424319,ENST00000527626,ENST00000527956,ENST00000528341,ENST00000532825,ENST00000534731,ENST00000529343,ENST00000375979,ENST00000531342	ENSG00000086991	NOX4	protein_coding	opposite	.
3587	11	89847628	89858140	+	exon and intron	ENST00000532912,ENST00000525732	ENSG00000166013,ENSG00000204455	TRIM53BP,TRIM51BP	unprocessed_pseudogene	same	.
3592	11	91596668	91603352	+	no_overlap	.	.	.	.	none	.
3593	11	92943568	92950131	-	no_overlap	.	.	.	.	none	.
3594	11	93103973	93117345	-	no_overlap	.	.	.	.	none	.
3595	11	93260774	93269187	+	no_overlap	.	.	.	.	none	.
3597	11	93861744	93870007	-	no_overlap	.	.	.	.	none	.
3598	11	94118268	94125657	+	no_overlap	.	.	.	.	none	.
3599	11	94345960	94355573	+	no_overlap	.	.	.	.	none	.
3601	11	94641600	94648049	+	exon and intron	ENST00000544019,ENST00000541293,ENST00000648581,ENST00000540151,ENST00000542479,ENST00000536540,ENST00000537874	ENSG00000255666,ENSG00000255929	LINC02700,PIWIL4-AS1	lncRNA	both	.
3600	11	94650030	94657830	+	exon and intron	ENST00000540151,ENST00000542479,ENST00000544019,ENST00000648581,ENST00000693361,ENST00000536540,ENST00000537874	ENSG00000255666,ENSG00000288789,ENSG00000255929	LINC02700,PIWIL4-AS1	lncRNA	both	.
3602	11	95019207	95024720	-	no_overlap	.	.	.	.	none	.
3604	11	95309459	95317607	+	no_overlap	.	.	.	.	none	.
3605	11	95609667	95615594	-	intron	ENST00000648353	ENSG00000285842	.	lncRNA	opposite	.
3606	11	95934453	95943860	+	no_overlap	.	.	.	.	none	.
3609	11	96498940	96507538	+	exon and intron	ENST00000511243,ENST00000546177	ENSG00000255679,ENSG00000183340	JRKL-AS1,JRKL	lncRNA,protein_coding	both	.
3610	11	96587634	96596463	+	exon and intron	ENST00000527528	ENSG00000254587	.	lncRNA	same	.
3611	11	96636213	96643444	+	exon and intron	ENST00000529375,ENST00000527528	ENSG00000255376,ENSG00000254587	AKTIPP3	processed_pseudogene,lncRNA	both	.
3615	11	97963443	97973856	-	no_overlap	.	.	.	.	none	.
3616	11	98418966	98424644	-	no_overlap	.	.	.	.	none	.
3618	11	98928437	98932512	-	no_overlap	.	.	.	.	none	.
3620	11	100744890	100750676	-	intron	ENST00000298815,ENST00000524892,ENST00000534060	ENSG00000165895	ARHGAP42	protein_coding	opposite	.
3621	11	101211498	101221137	-	no_overlap	.	.	.	.	none	.
3622	11	101230674	101240895	-	no_overlap	.	.	.	.	none	.
3624	11	101244303	101252307	+	no_overlap	.	.	.	.	none	.
K-8	11	101695061	101704528	+	intron	ENST00000526713	ENSG00000137672	TRPC6	protein_coding	opposite	.
3627	11	102903995	102909633	-	no_overlap	.	.	.	.	none	.
3628	11	103572406	103579117	+	no_overlap	.	.	.	.	none	.
3632	11	106222531	106230507	+	no_overlap	.	.	.	.	none	.
3633	11	106296971	106303736	-	no_overlap	.	.	.	.	none	.
3636	11	107231438	107236618	-	no_overlap	.	.	.	.	none	.
W-55	11	107981083	107983117	-	no_overlap	.	.	.	.	none	.
3637	11	108200409	108203433	+	intron	ENST00000531384,ENST00000278612,ENST00000610253	ENSG00000149308	NPAT	protein_coding	opposite	.
3640	11	109961520	109967939	+	intron	ENST00000645527,ENST00000663040,ENST00000692099	ENSG00000137710,ENSG00000287245,ENSG00000289465	RDX	protein_coding,lncRNA	both	.
3642	11	110396310	110409362	+	exon and intron	ENST00000655432,ENST00000661010,ENST00000655839,ENST00000526605,ENST00000662858	ENSG00000254416	LINC02732	lncRNA	same	.
3643	11	110417224	110427736	+	no_overlap	.	.	.	.	none	.
3644	11	111052205	111058494	+	no_overlap	.	.	.	.	none	.
3646	11	112919535	112930083	-	no_overlap	.	.	.	.	none	.
3648	11	114588189	114595876	+	exon and intron	ENST00000375478,ENST00000424261	ENSG00000137634	NXPE4	protein_coding	opposite	.
3651	11	117810819	117812651	+	intron	ENST00000525836,ENST00000514385,ENST00000532119	ENSG00000177103,ENSG00000137731	DSCAML1,FXYD2	protein_coding	opposite	.
W-56	11	118036784	118037834	-	intron	ENST00000527329,ENST00000527695,ENST00000636151,ENST00000689828,ENST00000606951	ENSG00000255274	SMIM35	protein_coding	same	.
K-20	11	118721013	118730174	-	exon and intron	ENST00000664961,ENST00000526274	ENSG00000287238,ENSG00000255422	.	lncRNA	both	.
3656	11	121632565	121643491	-	exon	ENST00000260197	ENSG00000137642	SORL1	protein_coding	opposite	.
3658	11	122546730	122555599	+	exon and intron	ENST00000533109	ENSG00000255248	MIR100HG	lncRNA	opposite	.
3659	11	122824427	122834651	+	intron	ENST00000649590	ENSG00000285909	.	lncRNA	opposite	.
3663	11	123865324	123870880	-	no_overlap	.	.	.	.	none	.
3672	11	127767996	127774895	-	no_overlap	.	.	.	.	none	.
3673	11	130564382	130570133	-	no_overlap	.	.	.	.	none	.
3674	11	130752985	130759152	-	no_overlap	.	.	.	.	none	.
3675	11	131250637	131261172	-	exon and intron	ENST00000441638,ENST00000416553,ENST00000606885	ENSG00000237612,ENSG00000231698	.	lncRNA	opposite	.
3676	11	132375031	132381527	+	no_overlap	.	.	.	.	none	.
3677	11	133626749	133632762	+	no_overlap	.	.	.	.	none	.
3678	12	1711130	1715463	-	intron	ENST00000537545,ENST00000357103,ENST00000540974	ENSG00000006831	ADIPOR2	protein_coding	opposite	.
3679	12	3422587	3430316	-	intron	ENST00000452611	ENSG00000111218	PRMT8	protein_coding	opposite	.
3680	12	4018995	4025863	+	exon and intron	ENST00000654858,ENST00000669712,ENST00000543206	ENSG00000256969	.	lncRNA	same	.
3682	12	5820733	5826818	+	intron	ENST00000327087,ENST00000356134,ENST00000650848,ENST00000682330	ENSG00000047617	ANO2	protein_coding	opposite	.
3683	12	7178838	7189374	+	exon and intron	ENST00000536883,ENST00000542539,ENST00000545794,ENST00000543061,ENST00000455147,ENST00000540398	ENSG00000139197,ENSG00000255572	PEX5	protein_coding,lncRNA	both	.
3684	12	7588229	7607747	+	exon	ENST00000417799,ENST00000544818	ENSG00000256331,ENSG00000255977	NIFKP3	processed_pseudogene	both	.
3687	12	8281116	8291582	-	exon and intron	ENST00000656887,ENST00000541031,ENST00000669735	ENSG00000286504,ENSG00000256589,ENSG00000286895	ENPP7P5	lncRNA,unprocessed_pseudogene	both	.
3688	12	8319623	8324920	-	exon and intron	ENST00000537764,ENST00000535746,ENST00000539795,ENST00000669735,ENST00000544461	ENSG00000256552,ENSG00000256101,ENSG00000286895,ENSG00000226091	LINC00937	transcribed_processed_pseudogene,lncRNA	both	.
3689	12	8416651	8425779	-	intron	ENST00000693495	ENSG00000288954	.	lncRNA	same	.
3690	12	8556765	8562284	-	exon and intron	ENST00000702427,ENST00000542819,ENST00000688386	ENSG00000255801	.	lncRNA	same	.
ERVW-23	12	8761412	8768468	-	intron	ENST00000299673,ENST00000357529,ENST00000535829,ENST00000538135,ENST00000544257,ENST00000619374	ENSG00000166532	RIMKLB	protein_coding	opposite	.
3692	12	8787063	8796436	+	exon and intron	ENST00000656408,ENST00000422780,ENST00000654855,ENST00000514568,ENST00000540299,ENST00000537288	ENSG00000249790,ENSG00000256661	LINC02972,A2ML1-AS1	lncRNA	both	RIMKLB
3694	12	8804843	8810581	+	intron	ENST00000537288	ENSG00000256661	A2ML1-AS1	lncRNA	opposite	.
3698	12	9832950	9837802	-	exon and intron	ENST00000537723,ENST00000545196,ENST00000617793,ENST00000617889,ENST00000279545,ENST00000612321,ENST00000354855	ENSG00000150045	KLRF1	protein_coding	opposite	.
3699	12	9902698	9911285	-	intron	ENST00000339766	ENSG00000188393	CLEC2A	protein_coding	same	CLEC2A
3701	12	9959545	9968656	-	intron	ENST00000355690	ENSG00000172322	CLEC12A	protein_coding	opposite	.
3703	12	10333015	10338658	-	exon and intron	ENST00000539009	ENSG00000256288	LINC02617	lncRNA	same	.
3704	12	10360360	10370314	+	exon and intron	ENST00000535911,ENST00000663376,ENST00000665123,ENST00000666750,ENST00000500682,ENST00000654540,ENST00000671087	ENSG00000256155,ENSG00000245648	LINC02598,KLRK1-AS1	lncRNA	both	.
3710	12	11462167	11468020	-	intron	ENST00000538349,ENST00000653546,ENST00000540635,ENST00000542062,ENST00000545829	ENSG00000255790,ENSG00000121335	PRB2	lncRNA,protein_coding	same	.
3711	12	11606753	11615133	-	no_overlap	.	.	.	.	none	.
3713	12	12057939	12068548	+	exon and intron	ENST00000545463,ENST00000586576,ENST00000591235,ENST00000464885,ENST00000461264,ENST00000589718	ENSG00000121380	BCL2L14	protein_coding	same	BCL2L14
3714	12	13259331	13265519	-	intron	ENST00000664966	ENSG00000286869	.	lncRNA	same	.
3715	12	14214884	14222902	+	exon and intron	ENST00000538329	ENSG00000256084	.	lncRNA	same	.
3716	12	14232267	14235122	+	no_overlap	.	.	.	.	none	.
3720	12	14702784	14710642	-	intron	ENST00000501178	ENSG00000214772	GUCY2C-AS1	lncRNA	opposite	.
3722	12	17021892	17027363	-	no_overlap	.	.	.	.	none	.
3723	12	17296989	17304852	+	no_overlap	.	.	.	.	none	.
3724	12	17469894	17479908	+	exon	ENST00000669683	ENSG00000256389	.	lncRNA	same	.
3726	12	18032561	18043196	+	no_overlap	.	.	.	.	none	.
3728	12	18172531	18178434	+	intron	ENST00000540148,ENST00000541632	ENSG00000111404	RERGL	protein_coding	opposite	.
3727	12	18195761	18203724	+	exon and intron	ENST00000540148,ENST00000541632	ENSG00000111404	RERGL	protein_coding	opposite	.
3730	12	20762121	20778674	+	no_overlap	.	.	.	.	none	.
3731	12	20816176	20822421	-	intron	ENST00000261196,ENST00000381541,ENST00000381545,ENST00000540229,ENST00000540853	ENSG00000111700,ENSG00000257046	SLCO1B3,SLCO1B3-SLCO1B7	protein_coding	opposite	.
3732	12	20946422	20956877	-	intron	ENST00000381541,ENST00000540229	ENSG00000257046	SLCO1B3-SLCO1B7	protein_coding	opposite	.
3737	12	23507130	23511362	-	no_overlap	.	.	.	.	none	.
3738	12	25163321	25169475	+	intron	ENST00000545133,ENST00000674567,ENST00000395990,ENST00000354189,ENST00000395987,ENST00000554347,ENST00000555240,ENST00000320267,ENST00000554533,ENST00000556467,ENST00000556547,ENST00000557684,ENST00000676236	ENSG00000118307	DNAI7	protein_coding	opposite	.
3741	12	26777172	26782083	+	intron	ENST00000242737,ENST00000381340,ENST00000545235	ENSG00000123104	ITPR2	protein_coding	opposite	.
3742	12	28814047	28819426	+	no_overlap	.	.	.	.	none	.
3743	12	29135981	29140551	-	no_overlap	.	.	.	.	none	.
3748	12	30056121	30062530	+	no_overlap	.	.	.	.	none	.
3750	12	30844145	30852087	+	intron	ENST00000648700	ENSG00000285517	.	lncRNA	same	.
3751	12	31937072	31944995	-	intron	ENST00000662662	ENSG00000255760	LINC02422	lncRNA	same	.
3758	12	34099127	34102322	+	no_overlap	.	.	.	.	none	.
3757	12	34117739	34127780	-	no_overlap	.	.	.	.	none	.
HERVH	12	34265544	34274259	+	no_overlap	.	.	.	.	none	.
3761	12	34521569	34530691	+	no_overlap	.	.	.	.	none	.
K-44	12	34619618	34629282	-	no_overlap	.	.	.	.	none	.
3769	12	38123075	38131103	+	no_overlap	.	.	.	.	none	.
W-122	12	38471579	38474423	+	no_overlap	.	.	.	.	none	.
W-123	12	38636499	38641551	+	no_overlap	.	.	.	.	none	.
3770	12	38931329	38938699	-	no_overlap	.	.	.	.	none	.
3771	12	39190839	39201157	-	no_overlap	.	.	.	.	none	.
3772	12	40386725	40394243	+	exon and intron	ENST00000676020,ENST00000454784	ENSG00000205592	MUC19	protein_coding	same	.
3775	12	42289228	42304112	-	intron	ENST00000549190	ENSG00000134283	PPHLN1	protein_coding	opposite	.
3776	12	42440798	42451511	+	exon and intron	ENST00000256678,ENST00000317560,ENST00000337898,ENST00000395568,ENST00000432191,ENST00000610488,ENST00000619544,ENST00000552761,ENST00000549190,ENST00000395580,ENST00000449194,ENST00000358314,ENST00000613154,ENST00000624028	ENSG00000134283	PPHLN1	protein_coding	same	.
3777	12	43977406	43979740	-	intron	ENST00000550495,ENST00000266534,ENST00000551577,ENST00000546868	ENSG00000139173	TMEM117	protein_coding	opposite	.
3780	12	44449478	44458159	+	no_overlap	.	.	.	.	none	.
3781	12	44477854	44484556	+	no_overlap	.	.	.	.	none	.
3783	12	46032126	46035283	+	no_overlap	.	.	.	.	none	.
3784	12	46320418	46326298	-	no_overlap	.	.	.	.	none	.
3785	12	46727180	46734247	-	intron	ENST00000666025,ENST00000667191,ENST00000611243,ENST00000663959	ENSG00000257261	SLC38A4-AS1	lncRNA	opposite	.
3786	12	47445281	47448016	-	no_overlap	.	.	.	.	none	.
3788	12	48109292	48115444	-	intron	ENST00000546755,ENST00000547581,ENST00000549366,ENST00000642730,ENST00000550345,ENST00000549003,ENST00000550924,ENST00000549941,ENST00000340802,ENST00000548288,ENST00000550257,ENST00000552792	ENSG00000152556	PFKM	protein_coding	opposite	.
3790	12	48507425	48511691	+	exon and intron	ENST00000551654	ENSG00000197376	.	transcribed_processed_pseudogene	same	.
3792	12	50491881	50498717	-	no_overlap	.	.	.	.	none	.
ERVW-24	12	50902474	50913367	-	no_overlap	.	.	.	.	none	.
3795	12	51736108	51740325	-	intron	ENST00000354534,ENST00000355133,ENST00000545061,ENST00000550891,ENST00000627620,ENST00000662684,ENST00000668547,ENST00000551216,ENST00000599343	ENSG00000196876	SCN8A	protein_coding	opposite	.
3797	12	52112034	52118408	-	no_overlap	.	.	.	.	none	.
3799	12	54942537	54948366	-	exon	ENST00000449076,ENST00000524622	ENSG00000135426	TESPA1	protein_coding	same	TESPA1
3804	12	56492497	56498659	-	no_overlap	.	.	.	.	none	.
3806	12	57657405	57667271	+	no_overlap	.	.	.	.	none	.
K-13	12	58327457	58336915	-	no_overlap	.	.	.	.	none	.
3810	12	58849352	58859752	-	no_overlap	.	.	.	.	none	.
3811	12	59101199	59110075	+	exon and intron	ENST00000690337,ENST00000687666	ENSG00000286351	.	lncRNA	same	.
3812	12	59323185	59328986	-	exon and intron	ENST00000686816,ENST00000661804	ENSG00000286279	.	lncRNA	opposite	.
3814	12	60294615	60302893	+	no_overlap	.	.	.	.	none	.
3816	12	60951278	60957631	-	no_overlap	.	.	.	.	none	.
3818	12	61587105	61594151	+	no_overlap	.	.	.	.	none	.
3820	12	63310334	63318909	-	intron	ENST00000551729	ENSG00000258117	LINC03056	lncRNA	same	.
3822	12	63414764	63419373	+	no_overlap	.	.	.	.	none	.
3825	12	64130613	64136206	-	intron	ENST00000355086,ENST00000542841,ENST00000543397,ENST00000631006	ENSG00000196935	SRGAP1	protein_coding	opposite	.
3826	12	66281496	66290831	-	no_overlap	.	.	.	.	none	.
3827	12	67766803	67772346	-	no_overlap	.	.	.	.	none	.
3832	12	70085289	70091969	+	intron	ENST00000549419,ENST00000668518	ENSG00000257815	PRANCR	lncRNA	opposite	.
3833	12	70137387	70142028	-	intron	ENST00000549419,ENST00000668518	ENSG00000257815	PRANCR	lncRNA	same	.
3835	12	70442190	70450110	-	exon	ENST00000410473	ENSG00000222405	RNU4-65P	snRNA	same	.
3836	12	72705498	72715004	-	no_overlap	.	.	.	.	none	.
3838	12	72818510	72824743	-	no_overlap	.	.	.	.	none	.
3839	12	73000534	73007727	-	no_overlap	.	.	.	.	none	.
3841	12	74264423	74272845	+	exon and intron	ENST00000552046,ENST00000549905,ENST00000515416,ENST00000551726,ENST00000658677,ENST00000658833,ENST00000665895,ENST00000668228,ENST00000668665,ENST00000668997,ENST00000670471,ENST00000670573,ENST00000656876,ENST00000653134,ENST00000662107,ENST00000663261,ENST00000665907,ENST00000669556	ENSG00000257183,ENSG00000251138	LINC02882	lncRNA	opposite	.
3842	12	75371090	75377752	-	exon and intron	ENST00000328705,ENST00000486196,ENST00000548035,ENST00000336815,ENST00000552497,ENST00000551829,ENST00000436898,ENST00000548958,ENST00000547320	ENSG00000180881	CAPS2	protein_coding	same	.
3843	12	76291617	76300850	+	exon and intron	ENST00000550380,ENST00000553247	ENSG00000257219	LNCOG	lncRNA	same	.
3844	12	76692123	76698035	-	no_overlap	.	.	.	.	none	.
3846	12	78476884	78485323	+	exon and intron	ENST00000660149,ENST00000548963,ENST00000552230,ENST00000654030,ENST00000662391,ENST00000658392,ENST00000671062,ENST00000546865	ENSG00000258084,ENSG00000257165	.	lncRNA	both	.
3847	12	79539847	79545636	+	exon and intron	ENST00000548359,ENST00000551032,ENST00000552167	ENSG00000257474	.	lncRNA	same	.
3850	12	80782523	80788903	-	no_overlap	.	.	.	.	none	LIN7A
3853	12	81896576	81905618	+	no_overlap	.	.	.	.	none	.
3854	12	82368066	82374373	-	exon and intron	ENST00000550058,ENST00000551722,ENST00000248306,ENST00000547357,ENST00000548200,ENST00000548569,ENST00000547985	ENSG00000127720	METTL25	protein_coding	opposite	.
3857	12	84103010	84107711	-	intron	ENST00000688936,ENST00000689302	ENSG00000289309	.	lncRNA	same	.
3859	12	84502185	84506979	-	no_overlap	.	.	.	.	none	.
W-125	12	84793970	84798674	+	no_overlap	.	.	.	.	none	.
3861	12	86938450	86946946	+	no_overlap	.	.	.	.	none	.
3863	12	87664272	87669384	-	no_overlap	.	.	.	.	none	.
3864	12	87903931	87912836	-	no_overlap	.	.	.	.	none	.
3866	12	88173234	88183818	-	exon and intron	ENST00000266712,ENST00000547034	ENSG00000139324	TMTC3	protein_coding	opposite	.
3867	12	88227444	88235542	+	no_overlap	.	.	.	.	none	.
3868	12	88367520	88375449	+	no_overlap	.	.	.	.	none	.
3874	12	90984688	90992447	+	intron	ENST00000261172,ENST00000550203,ENST00000551767	ENSG00000083782	EPYC	protein_coding	opposite	.
3876	12	92386729	92394176	+	no_overlap	.	.	.	.	none	.
3880	12	94355583	94362873	+	exon and intron	ENST00000469709,ENST00000339839,ENST00000397809,ENST00000547232	ENSG00000244391,ENSG00000173588	RN7SL330P,CEP83	misc_RNA,protein_coding	both	.
3882	12	95442615	95448166	-	no_overlap	.	.	.	.	none	.
3881	12	95448372	95458090	-	no_overlap	.	.	.	.	none	.
3883	12	95749007	95757677	+	intron	ENST00000343702,ENST00000344911,ENST00000538383,ENST00000547980,ENST00000553059,ENST00000674345	ENSG00000074527	NTN4	protein_coding	opposite	.
3886	12	99715178	99723796	+	intron	ENST00000547776,ENST00000549866,ENST00000683438,ENST00000547010	ENSG00000185046	ANKS1B	protein_coding	opposite	.
3887	12	100159472	100166196	-	exon and intron	ENST00000545820,ENST00000537988,ENST00000397112,ENST00000304813,ENST00000546413,ENST00000421840,ENST00000266746	ENSG00000290571,ENSG00000238105	GOLGA2P5	lncRNA,transcribed_unprocessed_pseudogene	same	.
3888	12	100633104	100648335	-	no_overlap	.	.	.	.	none	.
3891	12	102660489	102666731	-	no_overlap	.	.	.	.	none	.
3892	12	103222088	103229120	-	no_overlap	.	.	.	.	none	.
3894	12	104824073	104828664	+	intron	ENST00000549713,ENST00000258538	ENSG00000136052	SLC41A2	protein_coding	opposite	.
W-126	12	104943253	104944044	+	intron	ENST00000411411,ENST00000258538,ENST00000424946,ENST00000415674,ENST00000449866,ENST00000432951,ENST00000433540,ENST00000417469	ENSG00000136052	SLC41A2	protein_coding	opposite	.
3895	12	105302833	105309240	-	exon and intron	ENST00000549251,ENST00000548458	ENSG00000257642,ENSG00000235162	C12orf75-AS1,C12orf75	lncRNA,protein_coding	both	.
3898	12	105309246	105313375	+	intron	ENST00000549251,ENST00000548458	ENSG00000257642,ENSG00000235162	C12orf75-AS1,C12orf75	lncRNA,protein_coding	both	.
3899	12	105604458	105610131	-	no_overlap	.	.	.	.	none	.
3901	12	110403278	110411068	-	exon and intron	ENST00000552170,ENST00000464697,ENST00000455511,ENST00000450008,ENST00000550231	ENSG00000196510,ENSG00000258210	ANAPC7	protein_coding,lncRNA	same	.
K-69	12	110570036	110571520	+	intron	ENST00000354300	ENSG00000196850	PPTC7	protein_coding	opposite	.
3902	12	111816237	111825646	-	exon	ENST00000261733	ENSG00000111275	ALDH2	protein_coding	opposite	.
3903	12	114055743	114063389	+	no_overlap	.	.	.	.	none	.
3905	12	114064656	114073070	+	no_overlap	.	.	.	.	none	.
3906	12	117650037	117657245	+	intron	ENST00000339824,ENST00000545002	ENSG00000171435	KSR2	protein_coding	opposite	.
3907	12	118477757	118492028	-	no_overlap	.	.	.	.	none	.
3908	12	120606996	120614359	+	no_overlap	.	.	.	.	none	.
W-127	12	123548416	123558736	+	no_overlap	.	.	.	.	none	.
3912	12	126032245	126032814	+	exon and intron	ENST00000642407,ENST00000653364,ENST00000653418,ENST00000659525,ENST00000661236,ENST00000665464,ENST00000665882,ENST00000668594	ENSG00000275212	LINC02826	lncRNA	same	.
3913	12	126612960	126618470	-	exon and intron	ENST00000536978,ENST00000689745,ENST00000545853	ENSG00000255900,ENSG00000256732	.	processed_pseudogene,lncRNA	same	.
3914	12	127153667	127156488	+	intron	ENST00000671545,ENST00000650869	ENSG00000287339,ENSG00000286016	.	lncRNA	both	.
3915	12	127480968	127489317	+	exon and intron	ENST00000661170,ENST00000653590	ENSG00000287112,ENSG00000286922	.	lncRNA	same	.
3916	12	127610383	127617989	+	no_overlap	.	.	.	.	none	.
3919	12	131336582	131341336	+	no_overlap	.	.	.	.	none	.
3920	12	131867697	131880952	-	no_overlap	.	.	.	.	none	.
3921	12	132889549	132898380	+	intron	ENST00000540537,ENST00000541817,ENST00000542714,ENST00000499045,ENST00000536932	ENSG00000072609	CHFR	protein_coding	opposite	.
3922	12	133090535	133096478	-	exon and intron	ENST00000319849,ENST00000536790,ENST00000355557,ENST00000356456,ENST00000392041,ENST00000412146,ENST00000429434,ENST00000544426,ENST00000440550	ENSG00000196387	ZNF140	protein_coding	opposite	.
3927	13	19626059	19635907	+	exon and intron	ENST00000361479	ENSG00000196199	MPHOSPH8	protein_coding	same	.
3929	13	20678764	20685230	-	intron	ENST00000319980,ENST00000351808,ENST00000482172	ENSG00000032742	IFT88	protein_coding	opposite	.
3931	13	23006468	23008782	+	no_overlap	.	.	.	.	none	.
3932	13	23525043	23532770	+	exon	ENST00000695562	ENSG00000289688	.	lncRNA	same	.
3935	13	24927391	24930999	+	intron	ENST00000434100,ENST00000700979,ENST00000429698,ENST00000688382,ENST00000692241,ENST00000688349,ENST00000690064,ENST00000692136,ENST00000700851	ENSG00000291041	.	lncRNA	opposite	.
3937	13	27212361	27220509	+	intron	ENST00000620494	ENSG00000275294	LINC02340	lncRNA	opposite	.
3941	13	34798093	34802020	+	no_overlap	.	.	.	.	none	.
3942	13	35143339	35147650	-	intron	ENST00000379939,ENST00000400445,ENST00000685025,ENST00000687732,ENST00000688363,ENST00000688626,ENST00000690712,ENST00000691196,ENST00000691351,ENST00000686320	ENSG00000172915	NBEA	protein_coding	opposite	.
3943	13	36316324	36321264	+	intron	ENST00000355182,ENST00000438666,ENST00000451493,ENST00000475603,ENST00000494062,ENST00000650221	ENSG00000133104	SPART	protein_coding	opposite	.
ERVW-25	13	36956648	36958981	+	intron	ENST00000681763,ENST00000239891,ENST00000443765,ENST00000460230,ENST00000496689,ENST00000679572,ENST00000679673,ENST00000679760,ENST00000679837,ENST00000680671,ENST00000680795,ENST00000680949,ENST00000681016,ENST00000681043,ENST00000681151,ENST00000681214,ENST00000681553,ENST00000681581,ENST00000681893,ENST00000680012,ENST00000680488,ENST00000681208	ENSG00000120697	ALG5	protein_coding	opposite	.
3946	13	37965979	37975592	-	intron	ENST00000664606,ENST00000657277,ENST00000617568,ENST00000666031,ENST00000667295,ENST00000670194	ENSG00000274317	LINC02334	lncRNA	opposite	.
3949	13	40874209	40881161	-	exon and intron	ENST00000660894,ENST00000652519,ENST00000633547,ENST00000379515	ENSG00000287837,ENSG00000290476	.	lncRNA	same	.
3950	13	41419197	41426048	-	no_overlap	.	.	.	.	none	.
3951	13	42865080	42873158	-	no_overlap	.	.	.	.	none	.
3955	13	48056440	48062297	+	intron	ENST00000495013	ENSG00000136146	MED4	protein_coding	opposite	.
3956	13	48616547	48625882	+	no_overlap	.	.	.	.	none	.
3957	13	48867574	48872863	-	no_overlap	.	.	.	.	none	.
3959	13	51169715	51178462	+	exon and intron	ENST00000701431,ENST00000569306,ENST00000433280,ENST00000636098	ENSG00000289894,ENSG00000226792	C13orf42	lncRNA,protein_coding	both	.
3962	13	54127416	54133158	-	exon and intron	ENST00000451744,ENST00000423442,ENST00000427299,ENST00000606055,ENST00000606706,ENST00000607494,ENST00000706980,ENST00000706981,ENST00000706983,ENST00000706984,ENST00000706985,ENST00000666992,ENST00000706982	ENSG00000234787	LINC00458	lncRNA	same	.
3963	13	54268581	54281346	+	exon and intron	ENST00000706980,ENST00000706981,ENST00000706988	ENSG00000234787	LINC00458	lncRNA	opposite	.
3965	13	54693160	54697528	-	no_overlap	.	.	.	.	none	.
3964	13	54700694	54707583	+	no_overlap	.	.	.	.	none	.
3966	13	54910919	54919216	-	no_overlap	.	.	.	.	none	.
3967	13	55053784	55062564	+	no_overlap	.	.	.	.	none	.
3968	13	55578230	55584088	-	exon and intron	ENST00000617598	ENSG00000274090	.	lncRNA	same	.
3969	13	55654929	55660802	-	no_overlap	.	.	.	.	none	.
3970	13	55871315	55879892	-	no_overlap	.	.	.	.	none	.
3971	13	56040250	56047190	+	no_overlap	.	.	.	.	none	.
3972	13	56112401	56118290	-	no_overlap	.	.	.	.	none	.
3976	13	61088437	61095488	+	intron	ENST00000658247	ENSG00000225249	LINC00378	lncRNA	same	.
3977	13	61205681	61212008	+	no_overlap	.	.	.	.	none	.
3978	13	62149073	62158240	+	no_overlap	.	.	.	.	none	.
3979	13	63213290	63217634	+	intron	ENST00000439454	ENSG00000227564	LINC00376	lncRNA	opposite	.
3980	13	63233908	63237379	+	intron	ENST00000439454	ENSG00000227564	LINC00376	lncRNA	opposite	.
3984	13	64362661	64369318	+	no_overlap	.	.	.	.	none	.
3985	13	64702660	64709475	-	no_overlap	.	.	.	.	none	.
3987	13	66137808	66147046	-	no_overlap	.	.	.	.	none	.
3986	13	66225354	66232361	-	no_overlap	.	.	.	.	none	.
3991	13	67397371	67405701	+	no_overlap	.	.	.	.	none	.
3992	13	68551478	68559215	+	no_overlap	.	.	.	.	none	.
3998	13	71027794	71031307	-	intron	ENST00000653160,ENST00000655045,ENST00000659244,ENST00000662353,ENST00000663997,ENST00000666881,ENST00000656251,ENST00000660222,ENST00000664823,ENST00000671240,ENST00000428761,ENST00000653878,ENST00000667632,ENST00000671477,ENST00000658800,ENST00000665820,ENST00000661523,ENST00000655546	ENSG00000226846	LINC00348	lncRNA	opposite	.
3999	13	72018778	72024309	+	no_overlap	.	.	.	.	none	.
4003	13	76983509	76993630	+	exon and intron	ENST00000436565,ENST00000636183,ENST00000636780,ENST00000485938,ENST00000637537,ENST00000638147,ENST00000377453,ENST00000637397,ENST00000635989,ENST00000616833,ENST00000636525,ENST00000635905,ENST00000636767,ENST00000635915,ENST00000636405,ENST00000636681,ENST00000636705,ENST00000485797	ENSG00000228002,ENSG00000102805,ENSG00000283208,ENSG00000005812	DHX9P1,CLN5,FBXL3	processed_pseudogene,protein_coding	both	.
4006	13	77933220	77939379	-	exon and intron	ENST00000435281,ENST00000662890,ENST00000646948,ENST00000607862	ENSG00000233379,ENSG00000136160,ENSG00000234377	EDNRB,OBI1-AS1	lncRNA,protein_coding	both	.
4009	13	80183285	80189980	+	no_overlap	.	.	.	.	none	.
4012	13	81866270	81874925	+	no_overlap	.	.	.	.	none	.
4013	13	82323121	82331429	+	no_overlap	.	.	.	.	none	.
4015	13	82970276	82975361	-	intron	ENST00000663739	ENSG00000286385	.	lncRNA	same	.
4017	13	83906710	83913797	-	exon	ENST00000399480	ENSG00000215037	VENTXP2	processed_pseudogene	same	.
4018	13	84869080	84877709	+	exon and intron	ENST00000656194	ENSG00000288038	.	lncRNA	opposite	.
4021	13	86358154	86365765	+	no_overlap	.	.	.	.	none	.
4023	13	86757452	86765921	-	no_overlap	.	.	.	.	none	.
4024	13	87186447	87192108	-	no_overlap	.	.	.	.	none	.
4027	13	87335240	87342563	+	no_overlap	.	.	.	.	none	.
4028	13	87349980	87356844	-	no_overlap	.	.	.	.	none	.
4029	13	88509739	88518743	-	intron	ENST00000658219	ENSG00000229443	LINC00433	lncRNA	opposite	.
4034	13	89655524	89666393	+	intron	ENST00000659314	ENSG00000271395	LINC02336	lncRNA	same	.
4035	13	90287078	90294324	+	no_overlap	.	.	.	.	none	.
4036	13	90611193	90622128	-	no_overlap	.	.	.	.	none	.
4039	13	90839490	90844113	+	no_overlap	.	.	.	.	none	.
4038	13	90846803	90854278	-	no_overlap	.	.	.	.	none	.
4043	13	93039390	93045152	+	intron	ENST00000660073	ENSG00000232849	LINC00363	lncRNA	same	.
4046	13	97585771	97597701	-	no_overlap	.	.	.	.	none	.
4045	13	97642317	97649512	+	no_overlap	.	.	.	.	none	.
4047	13	97767567	97773962	-	no_overlap	.	.	.	.	none	.
4048	13	98761876	98767723	+	no_overlap	.	.	.	.	none	.
4050	13	99488623	99496752	-	exon and intron	ENST00000625287,ENST00000626729,ENST00000656995,ENST00000625369,ENST00000630421,ENST00000625254,ENST00000642146	ENSG00000280734,ENSG00000125304	LINC01232,TM9SF2	lncRNA,protein_coding	both	.
4051	13	100080209	100088667	+	exon and intron	ENST00000612598,ENST00000654763	ENSG00000274605	PCCA-DT	lncRNA	opposite	.
4052	13	100283432	100286288	+	intron	ENST00000376279,ENST00000376285,ENST00000376286,ENST00000636420,ENST00000637657,ENST00000636475,ENST00000647303,ENST00000636366	ENSG00000175198	PCCA	protein_coding	same	.
4053	13	101219486	101228820	+	intron	ENST00000251127,ENST00000470333,ENST00000497170,ENST00000648359,ENST00000674840,ENST00000674904,ENST00000675150,ENST00000675332,ENST00000675594,ENST00000675802,ENST00000676315,ENST00000676439	ENSG00000102452	NALCN	protein_coding	opposite	.
4054	13	102669279	102672426	-	intron	ENST00000376052,ENST00000376065,ENST00000466153,ENST00000650757,ENST00000651448,ENST00000651544,ENST00000651748,ENST00000652033,ENST00000652308,ENST00000698381,ENST00000698382,ENST00000698388,ENST00000698390,ENST00000698391,ENST00000698383,ENST00000698384,ENST00000698385,ENST00000698389,ENST00000698392,ENST00000482393,ENST00000651921	ENSG00000134900	TPP2	protein_coding	opposite	.
4055	13	104206932	104213834	-	no_overlap	.	.	.	.	none	.
4056	13	107885026	107897487	-	intron	ENST00000663056	ENSG00000286343	.	lncRNA	opposite	.
ERVH13q33.3	13	109265089	109271116	+	exon	ENST00000618966	ENSG00000275216	LINC03061	lncRNA	same	.
4059	13	110965845	110972486	+	exon and intron	ENST00000440735,ENST00000652145,ENST00000615151	ENSG00000290808,ENSG00000290807,ENSG00000275989	SPACA7BP	lncRNA,transcribed_unprocessed_pseudogene	both	.
4060	13	111189506	111199087	-	intron	ENST00000218789,ENST00000317133,ENST00000375736,ENST00000466143,ENST00000469877,ENST00000491775,ENST00000646102,ENST00000700426,ENST00000375741,ENST00000467053,ENST00000426073,ENST00000375739,ENST00000449979	ENSG00000102606	ARHGEF7	protein_coding	opposite	.
4061	14	18347359	18359735	+	no_overlap	.	.	.	.	none	.
4062	14	19974026	19984673	+	exon	ENST00000305051	ENSG00000169488	OR4K15	protein_coding	same	.
4065	14	20569440	20577476	+	no_overlap	.	.	.	.	none	.
4068	14	20715360	20726308	-	exon and intron	ENST00000557256	ENSG00000259144	RANBP20P	processed_pseudogene	same	.
4071	14	20807623	20817205	-	no_overlap	.	.	.	.	none	.
4070	14	20829990	20836521	-	no_overlap	.	.	.	.	none	.
4074	14	21003300	21011512	+	intron	ENST00000647921	ENSG00000258471	.	lncRNA	opposite	SLC39A2
W-129	14	22236549	22244186	+	intron	ENST00000656379	ENSG00000251002	TRD-AS1	lncRNA	opposite	.
4086	14	24009539	24015782	-	intron	ENST00000658653,ENST00000656462,ENST00000671464,ENST00000558293	ENSG00000286931,ENSG00000215256,ENSG00000285467	DHRS4-AS1,DHRS4L1	lncRNA	both	.
4088	14	25281089	25287444	-	no_overlap	.	.	.	.	none	.
4090	14	25418437	25431789	-	exon	ENST00000547237	ENSG00000257976	.	processed_pseudogene	same	.
W-130	14	26259721	26261009	+	no_overlap	.	.	.	.	none	.
4091	14	27117729	27122638	-	intron	ENST00000656336,ENST00000552303	ENSG00000258081	.	lncRNA	opposite	.
4093	14	28410707	28421229	+	exon and intron	ENST00000548280	ENSG00000257869	.	lncRNA	same	.
4094	14	29172565	29176666	+	intron	ENST00000652140	ENSG00000258028	.	lncRNA	same	.
4095	14	29251542	29259610	-	exon and intron	ENST00000652247,ENST00000652140	ENSG00000257522,ENSG00000258028	.	lncRNA	both	.
4096	14	30041557	30054141	+	exon and intron	ENST00000549503,ENST00000549360	ENSG00000184304,ENSG00000248975	PRKD1	protein_coding,lncRNA	opposite	.
4097	14	30965848	30972548	+	intron	ENST00000355683,ENST00000357479,ENST00000555358	ENSG00000196792	STRN3	protein_coding	opposite	.
4098	14	31240556	31251389	-	exon and intron	ENST00000365532,ENST00000551799	ENSG00000202402,ENSG00000257831	Y_RNA	misc_RNA,lncRNA	opposite	.
4099	14	31271806	31280829	+	exon and intron	ENST00000551799	ENSG00000257831	.	lncRNA	same	.
4100	14	31701989	31712213	-	exon and intron	ENST00000548937,ENST00000550649,ENST00000281081,ENST00000549838,ENST00000551314,ENST00000547839	ENSG00000151413	NUBPL	protein_coding	opposite	.
4103	14	32235294	32250524	-	exon	ENST00000556497	ENSG00000258619	.	processed_pseudogene	same	.
4104	14	34650308	34655200	+	no_overlap	.	.	.	.	none	.
4109	14	38190637	38196528	+	exon and intron	ENST00000693595,ENST00000555655,ENST00000687886,ENST00000702131,ENST00000554687,ENST00000702013,ENST00000685472,ENST00000689498,ENST00000693073	ENSG00000258649,ENSG00000259048	.	lncRNA	both	.
4116	14	39893311	39899665	+	intron	ENST00000651829,ENST00000650911,ENST00000652126	ENSG00000258526	.	lncRNA	same	.
4118	14	41234055	41240317	-	no_overlap	.	.	.	.	none	.
4121	14	41515870	41522403	+	no_overlap	.	.	.	.	none	.
4123	14	42309012	42313917	-	no_overlap	.	.	.	.	none	.
4125	14	42802593	42808056	+	exon	ENST00000553339	ENSG00000258934	YWHAQP1	processed_pseudogene	opposite	.
4126	14	43001684	43009333	+	no_overlap	.	.	.	.	none	.
4128	14	43606506	43617077	+	no_overlap	.	.	.	.	none	.
4129	14	44415787	44419209	+	no_overlap	.	.	.	.	none	.
4130	14	44667982	44677819	+	no_overlap	.	.	.	.	none	.
ERVW-26	14	45019484	45023694	-	exon and intron	ENST00000557423,ENST00000553817,ENST00000556239,ENST00000361462,ENST00000361577,ENST00000556105	ENSG00000198718,ENSG00000179454	TOGARAM1,KLHL28	protein_coding	both	.
4133	14	45491975	45501194	-	no_overlap	.	.	.	.	none	.
4136	14	46011772	46018071	-	intron	ENST00000555246,ENST00000664642,ENST00000666179	ENSG00000258700	LINC00871	lncRNA	opposite	.
4137	14	46544005	46552096	+	no_overlap	.	.	.	.	none	.
4138	14	46581309	46589134	-	no_overlap	.	.	.	.	none	.
4139	14	47104440	47110722	+	intron	ENST00000554762,ENST00000357362,ENST00000399232,ENST00000482848,ENST00000557238	ENSG00000139915	MDGA2	protein_coding	opposite	.
4141	14	48254347	48260686	-	exon and intron	ENST00000693582	ENSG00000289195	.	lncRNA	same	.
4142	14	48261794	48268295	-	exon and intron	ENST00000670345	ENSG00000287492	.	lncRNA	same	.
4146	14	50544971	50554903	+	intron	ENST00000556478,ENST00000441560,ENST00000682219,ENST00000555216	ENSG00000198513,ENSG00000012983	ATL1,MAP4K5	protein_coding	both	.
4147	14	50893356	50901034	+	exon and intron	ENST00000554241,ENST00000555292,ENST00000554566,ENST00000553715,ENST00000337334,ENST00000353130,ENST00000382029,ENST00000557345,ENST00000556857,ENST00000532462	ENSG00000131969,ENSG00000100504	ABHD12B,PYGL	protein_coding	both	.
4150	14	51748534	51752557	+	exon and intron	ENST00000557308	ENSG00000259111	.	lncRNA	same	.
4151	14	52164860	52172557	+	no_overlap	.	.	.	.	none	.
4152	14	52280716	52286570	+	no_overlap	.	.	.	.	none	PTGDR
4153	14	53128744	53135507	+	intron	ENST00000556910,ENST00000323669,ENST00000357758,ENST00000395606,ENST00000557445,ENST00000673822,ENST00000673930,ENST00000674014	ENSG00000100523	DDHD1	protein_coding	opposite	.
4154	14	53175754	53181523	-	intron	ENST00000659459,ENST00000663291,ENST00000654605,ENST00000653185,ENST00000666730,ENST00000454942,ENST00000656426,ENST00000666968,ENST00000667619	ENSG00000237356	.	lncRNA	opposite	.
W-131	14	53361641	53363005	+	intron	ENST00000456100,ENST00000648066,ENST00000653852,ENST00000663444,ENST00000668539,ENST00000669612,ENST00000435322,ENST00000655713,ENST00000661514,ENST00000665016,ENST00000666968	ENSG00000237356	.	lncRNA	same	.
4159	14	57328586	57332180	-	no_overlap	.	.	.	.	none	.
4160	14	57367152	57374327	+	no_overlap	.	.	.	.	none	.
4161	14	57722119	57731082	+	intron	ENST00000556826,ENST00000557430,ENST00000556568	ENSG00000151812	SLC35F4	protein_coding	opposite	.
W-132	14	58122279	58126144	+	intron	ENST00000267485,ENST00000334342,ENST00000557175	ENSG00000139971	ARMH4	protein_coding	opposite	.
4164	14	59443911	59453014	+	intron	ENST00000481661	ENSG00000181619	GPR135	protein_coding	opposite	.
4165	14	59610764	59618496	+	intron	ENST00000342503,ENST00000557422,ENST00000395090,ENST00000267484,ENST00000432103	ENSG00000139970	RTN1	protein_coding	opposite	.
4167	14	61114582	61121488	-	no_overlap	.	.	.	.	none	.
4166	14	61134416	61138964	-	no_overlap	.	.	.	.	none	.
4174	14	69809151	69819704	+	no_overlap	.	.	.	.	none	.
4175	14	69821728	69828068	-	no_overlap	.	.	.	.	none	.
4176	14	70293537	70301890	-	intron	ENST00000655620	ENSG00000259033	.	lncRNA	opposite	.
4177	14	70436466	70443159	-	intron	ENST00000679631,ENST00000556646	ENSG00000139985,ENSG00000257759	ADAM21	protein_coding,lncRNA	both	.
4180	14	70536592	70544307	+	intron	ENST00000556646	ENSG00000257759	.	lncRNA	opposite	.
4181	14	71124206	71131040	+	no_overlap	.	.	.	.	none	.
4182	14	71936102	71941896	-	intron	ENST00000553525,ENST00000555571,ENST00000553530,ENST00000554474,ENST00000556437	ENSG00000182732	RGS6	protein_coding	opposite	.
4183	14	73126644	73134839	-	no_overlap	.	.	.	.	none	.
4184	14	73702885	73716167	+	exon	ENST00000553645,ENST00000316836,ENST00000423556,ENST00000394071,ENST00000476562,ENST00000286523	ENSG00000119661,ENSG00000176903,ENSG00000156030	DNAL1,PNMA1,MIDEAS	protein_coding	both	.
4185	14	75577963	75587648	-	exon and intron	ENST00000554496,ENST00000555385,ENST00000693551,ENST00000455232,ENST00000238667	ENSG00000119686,ENSG00000224721	FLVCR2,FLVCR2-AS1	protein_coding,lncRNA	both	.
4189	14	80224809	80231256	-	exon and intron	ENST00000557010,ENST00000554188,ENST00000553594,ENST00000553979	ENSG00000211448,ENSG00000258766	DIO2,DIO2-AS1	protein_coding,lncRNA	both	.
4190	14	80464409	80472959	+	no_overlap	.	.	.	.	none	.
4192	14	82060323	82065142	-	no_overlap	.	.	.	.	none	.
4193	14	83049045	83058301	+	no_overlap	.	.	.	.	none	.
4194	14	84499244	84505986	-	no_overlap	.	.	.	.	none	.
4195	14	84559170	84563615	-	no_overlap	.	.	.	.	none	.
4197	14	85730329	85737084	-	no_overlap	.	.	.	.	none	.
4199	14	85927830	85934155	-	intron	ENST00000665938	ENSG00000258733	LINC02328	lncRNA	opposite	.
4201	14	86731585	86737061	+	no_overlap	.	.	.	.	none	.
4204	14	87234693	87240812	-	no_overlap	.	.	.	.	none	.
ERVW-27	14	91225663	91226868	-	no_overlap	.	.	.	.	none	.
4213	14	92041754	92049863	-	exon and intron	ENST00000642417,ENST00000564606,ENST00000644720,ENST00000642896,ENST00000568290,ENST00000647161	ENSG00000066427	ATXN3	protein_coding	same	.
4215	14	92622416	92629608	-	intron	ENST00000555589,ENST00000216487,ENST00000418924,ENST00000554888,ENST00000620541	ENSG00000100599	RIN3	protein_coding	opposite	.
4216	14	92759617	92766481	+	no_overlap	.	.	.	.	none	.
4217	14	93559404	93567654	-	intron	ENST00000256339,ENST00000393151,ENST00000553484,ENST00000555664,ENST00000621021,ENST00000695012,ENST00000695013	ENSG00000133958	UNC79	protein_coding	opposite	.
4218	14	95973026	95978845	+	no_overlap	.	.	.	.	none	.
4219	14	98440217	98453060	-	no_overlap	.	.	.	.	none	.
4220	14	98985268	98992897	+	no_overlap	.	.	.	.	none	.
4221	14	101305079	101311247	-	no_overlap	.	.	.	.	none	.
4222	14	101315331	101324645	+	exon and intron	ENST00000701839	ENSG00000258460	.	lncRNA	opposite	.
4224	14	102234172	102245769	+	exon and intron	ENST00000522537,ENST00000519477,ENST00000561150,ENST00000522867,ENST00000520252,ENST00000517966,ENST00000522534,ENST00000523231,ENST00000559138,ENST00000524120,ENST00000524370,ENST00000519058,ENST00000520266,ENST00000557823,ENST00000361847,ENST00000518686,ENST00000519569,ENST00000521388,ENST00000521766,ENST00000522874,ENST00000523485,ENST00000524214,ENST00000559838,ENST00000562292	ENSG00000080823	MOK	protein_coding	opposite	.
4225	14	103170980	103174719	+	no_overlap	.	.	.	.	none	.
4226	14	103234947	103242530	+	exon	ENST00000488305	ENSG00000242837	RPL21P13	processed_pseudogene	same	.
K-68	14	105673311	105676203	+	exon	ENST00000392510	ENSG00000213140	ELK2AP	processed_pseudogene	opposite	.
4229	14	106196993	106207092	-	exon and intron	ENST00000605005	ENSG00000271201	.	lncRNA	opposite	.
4231	14	106628206	106641568	-	exon and intron	ENST00000521678,ENST00000362610,ENST00000519079,ENST00000390630	ENSG00000253742,ENSG00000199480,ENSG00000254329,ENSG00000211970	IGHV3-60,RNA5SP389,IGHVII-60-1,IGHV4-61	IG_V_pseudogene,rRNA_pseudogene,IG_V_gene	both	.
4232	14	106697990	106702899	+	no_overlap	.	.	.	.	none	.
4235	14	106836378	106845737	-	no_overlap	.	.	.	.	none	.
4242	15	23695605	23702460	-	no_overlap	.	.	.	.	none	.
4244	15	23995510	24006447	-	exon and intron	ENST00000563016,ENST00000652183,ENST00000661343,ENST00000663707	ENSG00000260232	PWRN4	lncRNA	opposite	.
4243	15	24034312	24038355	+	intron	ENST00000652183,ENST00000661343,ENST00000663707	ENSG00000260232	PWRN4	lncRNA	same	.
4245	15	24686531	24690622	-	intron	ENST00000650707,ENST00000652139,ENST00000652735,ENST00000651136,ENST00000652025	ENSG00000286110,ENSG00000259905	PWRN1	lncRNA	opposite	.
4246	15	25636573	25643902	+	exon and intron	ENST00000685955	ENSG00000289522	.	lncRNA	same	.
4249	15	34154888	34161933	-	intron	ENST00000256544,ENST00000557877,ENST00000559515,ENST00000560108,ENST00000560247,ENST00000560671,ENST00000540594,ENST00000559462	ENSG00000134152	KATNBL1	protein_coding	same	KATNBL1
4250	15	35238615	35243837	+	intron	ENST00000560386	ENSG00000134146	DPH6	protein_coding	opposite	.
4251	15	37237399	37242569	-	no_overlap	.	.	.	.	none	.
4254	15	39010621	39015774	+	intron	ENST00000561058,ENST00000647456,ENST00000644461,ENST00000560197,ENST00000560484	ENSG00000259345,ENSG00000175779	LINC02694	lncRNA	both	.
4257	15	41131605	41137201	+	no_overlap	.	.	.	.	none	.
4258	15	41587553	41592735	+	no_overlap	.	.	.	.	none	TYRO3
4259	15	42884919	42890353	+	intron	ENST00000562880,ENST00000567485,ENST00000267890,ENST00000564431,ENST00000566931,ENST00000567274,ENST00000567840	ENSG00000128881	TTBK2	protein_coding	opposite	.
4260	15	44864038	44873800	-	intron	ENST00000561384	ENSG00000290387	SORD2P	lncRNA	same	.
4261	15	45013210	45014718	+	no_overlap	.	.	.	.	none	.
4263	15	45234722	45243038	-	exon and intron	ENST00000663463	ENSG00000259520	SLC28A2-AS1	lncRNA	same	.
4267	15	49698498	49704745	-	no_overlap	.	.	.	.	none	.
4268	15	49831192	49843599	+	no_overlap	.	.	.	.	none	.
4269	15	50867392	50875568	-	exon and intron	ENST00000617693,ENST00000613161	ENSG00000273674	.	lncRNA	same	.
4270	15	51282240	51286694	+	intron	ENST00000453807,ENST00000559980,ENST00000439712,ENST00000559909,ENST00000405011,ENST00000559646,ENST00000396404,ENST00000558328,ENST00000396402,ENST00000557858,ENST00000557934,ENST00000561075	ENSG00000137869,ENSG00000259240	CYP19A1,MIR4713HG	protein_coding,lncRNA	both	.
4271	15	51357586	51367580	+	exon and intron	ENST00000559317,ENST00000558785,ENST00000335449,ENST00000560215,ENST00000560690,ENST00000558286	ENSG00000186417,ENSG00000259194	GLDN	protein_coding,lncRNA	same	.
4274	15	52737734	52747427	+	no_overlap	.	.	.	.	none	.
4276	15	53426848	53432484	-	intron	ENST00000662193	ENSG00000287596	.	lncRNA	opposite	.
ERV18-1	15	53910768	53914712	+	exon	ENST00000624468	ENSG00000280362	.	TEC	same	.
4278	15	54888109	54893895	+	no_overlap	.	.	.	.	none	.
4279	15	55304849	55312434	-	intron	ENST00000563262,ENST00000561545	ENSG00000069974	RAB27A	protein_coding	same	.
4281	15	55510817	55517096	-	no_overlap	.	.	.	.	none	.
4286	15	62212125	62219036	-	exon and intron	ENST00000700347,ENST00000700345,ENST00000657134	ENSG00000259697	.	lncRNA	same	.
4288	15	66964955	66974209	-	no_overlap	.	.	.	.	none	.
4289	15	68987902	68999296	-	exon and intron	ENST00000656674,ENST00000260364,ENST00000448182,ENST00000557966,ENST00000703585	ENSG00000288068,ENSG00000290203	NOX5	lncRNA,protein_coding	opposite	.
4291	15	74354143	74361624	+	exon and intron	ENST00000562009,ENST00000564109,ENST00000566674,ENST00000467407,ENST00000569235,ENST00000569662,ENST00000358632,ENST00000268053,ENST00000416978,ENST00000435365,ENST00000466978,ENST00000450547	ENSG00000260266,ENSG00000140459	PPIAP46,CYP11A1	transcribed_processed_pseudogene,protein_coding	both	.
4292	15	76262993	76269672	+	exon and intron	ENST00000660046,ENST00000267950,ENST00000433983,ENST00000557943,ENST00000559075,ENST00000559602,ENST00000559973,ENST00000560044,ENST00000560595,ENST00000560726,ENST00000560899,ENST00000565910,ENST00000685118,ENST00000685548,ENST00000685863,ENST00000687293,ENST00000687975,ENST00000688154,ENST00000688389,ENST00000688637,ENST00000688908,ENST00000689730,ENST00000689739,ENST00000690610,ENST00000691021,ENST00000691071,ENST00000692691,ENST00000693064,ENST00000559386,ENST00000691695,ENST00000560816	ENSG00000287503,ENSG00000140374	ETFA	lncRNA,protein_coding	both	.
4295	15	82372395	82380476	-	exon and intron	ENST00000418824,ENST00000690968,ENST00000466501,ENST00000618775	ENSG00000237550,ENSG00000290945	UBE2Q2P2	transcribed_processed_pseudogene,lncRNA	both	.
4296	15	82487861	82503740	+	intron	ENST00000618267,ENST00000619738,ENST00000618004,ENST00000612379,ENST00000614347	ENSG00000290948	.	lncRNA	opposite	.
4300	15	82702479	82708397	+	intron	ENST00000537735,ENST00000561455,ENST00000679388,ENST00000261722,ENST00000535348,ENST00000535359,ENST00000535385,ENST00000535513,ENST00000542200,ENST00000543938,ENST00000652847,ENST00000657321,ENST00000664460,ENST00000666055,ENST00000666973,ENST00000667758,ENST00000668385,ENST00000668990,ENST00000669930,ENST00000679531,ENST00000679950,ENST00000680492,ENST00000680946,ENST00000681044,ENST00000681327,ENST00000681452,ENST00000681464,ENST00000560529,ENST00000663651	ENSG00000103723	AP3B2	protein_coding	opposite	.
4301	15	84214490	84222978	+	intron	ENST00000400817,ENST00000557980,ENST00000559668,ENST00000316967,ENST00000557881,ENST00000559654	ENSG00000290689	.	lncRNA	opposite	.
4302	15	85219119	85227604	+	intron	ENST00000560756,ENST00000560811,ENST00000648573,ENST00000558470,ENST00000560405	ENSG00000291210	.	lncRNA	opposite	.
4306	15	87829823	87840842	+	no_overlap	.	.	.	.	none	.
4308	15	88540525	88544253	+	intron	ENST00000649547,ENST00000268148,ENST00000557837,ENST00000557842,ENST00000558413,ENST00000559656,ENST00000564406	ENSG00000173867,ENSG00000140543	DET1	protein_coding	opposite	.
4307	15	88547266	88551061	-	no_overlap	.	.	.	.	none	.
4309	15	89232354	89239939	-	no_overlap	.	.	.	.	none	.
4310	15	89463856	89470416	+	no_overlap	.	.	.	.	none	.
4312	15	90132967	90139381	+	exon and intron	ENST00000561101	ENSG00000259685	IDH2-DT	lncRNA	same	.
4314	15	92207153	92214974	+	intron	ENST00000561674	ENSG00000260661	.	lncRNA	opposite	.
4315	15	92299687	92306258	+	intron	ENST00000561674	ENSG00000260661	.	lncRNA	opposite	.
4316	15	92511421	92518355	+	no_overlap	.	.	.	.	none	.
4319	15	94754309	94761255	+	no_overlap	.	.	.	.	none	.
4321	15	96868545	96878200	-	no_overlap	.	.	.	.	none	.
4327	15	100440302	100446215	+	intron	ENST00000284382,ENST00000394113,ENST00000538112,ENST00000679737,ENST00000560944	ENSG00000154227	CERS3	protein_coding	opposite	.
4329	15	101072780	101079317	+	exon and intron	ENST00000526457,ENST00000388948,ENST00000559857	ENSG00000154237,ENSG00000259755	LRRK1	protein_coding,lncRNA	both	LRRK1
4331	16	2660501	2669985	-	exon and intron	ENST00000564340,ENST00000663379,ENST00000619862,ENST00000655820,ENST00000661984,ENST00000658381,ENST00000662175,ENST00000665388,ENST00000568395,ENST00000656684,ENST00000663519,ENST00000667008,ENST00000660569,ENST00000669589,ENST00000654949,ENST00000661380,ENST00000662929,ENST00000654702,ENST00000670385,ENST00000657531,ENST00000658483,ENST00000661849,ENST00000666404,ENST00000659184,ENST00000659274,ENST00000668411,ENST00000669151,ENST00000657811,ENST00000671507,ENST00000668680,ENST00000666266,ENST00000671475,ENST00000665778,ENST00000653956,ENST00000569465,ENST00000562807,ENST00000667109,ENST00000665678,ENST00000662943,ENST00000657292,ENST00000685469,ENST00000566343,ENST00000568970,ENST00000671018	ENSG00000260565	ERVK13-1	lncRNA	same	.
4332	16	3079067	3081318	-	exon and intron	ENST00000571404,ENST00000574387,ENST00000665606,ENST00000702433,ENST00000525377	ENSG00000262370,ENSG00000008517	IL32	lncRNA,protein_coding	both	.
4334	16	7814786	7820390	+	no_overlap	.	.	.	.	none	.
4336	16	8833026	8836478	-	intron	ENST00000268261,ENST00000562318,ENST00000565221,ENST00000566540,ENST00000566604,ENST00000566983,ENST00000567697,ENST00000569958,ENST00000570076,ENST00000683435,ENST00000682393,ENST00000683094,ENST00000683274	ENSG00000140650	PMM2	protein_coding	opposite	.
4335	16	8837970	8845472	-	exon and intron	ENST00000562025,ENST00000268261,ENST00000562318,ENST00000565221,ENST00000566540,ENST00000566604,ENST00000566983,ENST00000567697,ENST00000569958,ENST00000570076,ENST00000683435,ENST00000682393,ENST00000683094,ENST00000683274	ENSG00000140650	PMM2	protein_coding	opposite	.
4337	16	9668890	9677042	-	exon and intron	ENST00000561538	ENSG00000260362	.	lncRNA	same	.
4338	16	10281179	10293802	+	no_overlap	.	.	.	.	none	.
4340	16	10419373	10424167	-	exon and intron	ENST00000564797,ENST00000396559,ENST00000561932,ENST00000562102,ENST00000562527,ENST00000396560,ENST00000535850,ENST00000543967,ENST00000569939,ENST00000569900	ENSG00000166669	ATF7IP2	protein_coding	opposite	.
4342	16	13351637	13357812	-	intron	ENST00000571619,ENST00000653029,ENST00000655174,ENST00000669271,ENST00000574540,ENST00000665873	ENSG00000262801	.	lncRNA	opposite	.
4346	16	18990800	18997310	-	intron	ENST00000304381,ENST00000568469,ENST00000569532,ENST00000421369	ENSG00000170537	TMC7	protein_coding	opposite	.
4347	16	19272466	19281247	-	no_overlap	.	.	.	.	none	.
4349	16	19393611	19402129	-	exon and intron	ENST00000563613	ENSG00000259925	.	lncRNA	same	.
4350	16	19948927	19960208	+	no_overlap	.	.	.	.	none	.
4351	16	20645361	20660154	+	intron	ENST00000519745,ENST00000307493,ENST00000519031,ENST00000520010,ENST00000524149,ENST00000568235	ENSG00000166743,ENSG00000005187	ACSM1,ACSM3	protein_coding	both	.
4352	16	20674232	20681995	+	exon and intron	ENST00000501740,ENST00000561584,ENST00000519031,ENST00000307493,ENST00000520010,ENST00000519745,ENST00000568235	ENSG00000005187,ENSG00000166743	ACSM3,ACSM1	protein_coding	both	.
4353	16	21629613	21637525	-	intron	ENST00000358154,ENST00000567404,ENST00000568826,ENST00000396014	ENSG00000197006	METTL9	protein_coding	opposite	IGSF6
4354	16	25140796	25149484	-	exon and intron	ENST00000562280,ENST00000565214,ENST00000380962,ENST00000399069,ENST00000576625,ENST00000577157,ENST00000576382,ENST00000380966,ENST00000564011	ENSG00000260034,ENSG00000205629	LCMT1-AS2,LCMT1	lncRNA,protein_coding	both	.
4357	16	29709121	29719509	+	exon	ENST00000688693	ENSG00000289181	.	lncRNA	same	.
4360	16	30096934	30104154	+	exon and intron	ENST00000515455,ENST00000693600	ENSG00000250616	YPEL3-DT	lncRNA	same	.
4361	16	30541068	30546762	-	no_overlap	.	.	.	.	none	.
4362	16	30615776	30624188	-	exon and intron	ENST00000565440,ENST00000566673	ENSG00000156853	ZNF689	protein_coding	same	.
4363	16	30859668	30865380	+	intron	ENST00000380317,ENST00000574418,ENST00000572628	ENSG00000099385	BCL7C	protein_coding	opposite	.
4365	16	31540226	31544350	+	exon and intron	ENST00000659783,ENST00000662819	ENSG00000261475	LINC02190	lncRNA	opposite	.
4366	16	31659997	31668486	+	no_overlap	.	.	.	.	none	.
4367	16	31763216	31769515	-	intron	ENST00000531864,ENST00000544044,ENST00000534369	ENSG00000197302	KRBOX5	protein_coding	opposite	.
K-75	16	34997024	34999771	+	no_overlap	.	.	.	.	none	.
4370	16	35070456	35074568	-	intron	ENST00000407030,ENST00000611928	ENSG00000216671,ENSG00000278138	CCNYL3,CLUHP11	unprocessed_pseudogene	opposite	.
4374	16	35267934	35277008	-	intron	ENST00000562572	ENSG00000260958	.	lncRNA	opposite	.
4375	16	35516771	35524442	+	exon and intron	ENST00000656703	ENSG00000287448	.	lncRNA	same	.
4376	16	35614912	35621339	-	no_overlap	.	.	.	.	none	.
4377	16	35736549	35745727	-	exon and intron	ENST00000562769	ENSG00000261122	LINC02167	lncRNA	opposite	.
4378	16	35797698	35804523	+	exon	ENST00000569492	ENSG00000261620	HMGN2P41	processed_pseudogene	opposite	.
4380	16	35897937	35902013	-	no_overlap	.	.	.	.	none	.
4379	16	35902185	35911238	-	exon	ENST00000624242	ENSG00000279666	.	TEC	opposite	.
4384	16	47838359	47843760	+	intron	ENST00000565451	ENSG00000261231	LINC02133	lncRNA	same	.
4389	16	55628464	55635257	+	no_overlap	.	.	.	.	none	.
4391	16	57397103	57399037	-	no_overlap	.	.	.	.	none	.
4393	16	59514997	59522918	-	no_overlap	.	.	.	.	none	.
HERVL(ERV-likeelement)	16	60846980	60853639	+	no_overlap	.	.	.	.	none	.
4400	16	62645729	62648572	+	no_overlap	.	.	.	.	none	.
4401	16	62977782	62986249	-	no_overlap	.	.	.	.	none	.
4403	16	65227133	65236580	-	exon and intron	ENST00000565901,ENST00000691011,ENST00000567058,ENST00000562656	ENSG00000260834,ENSG00000260364	.	lncRNA	both	.
4405	16	65274874	65278944	-	intron	ENST00000562656	ENSG00000260364	.	lncRNA	opposite	.
4409	16	70616690	70625455	-	intron	ENST00000429149	ENSG00000157368	IL34	protein_coding	opposite	.
4410	16	72064268	72073376	+	exon and intron	ENST00000649683,ENST00000562153,ENST00000540303,ENST00000561690,ENST00000566168	ENSG00000261701,ENSG00000140830	HPR,TXNL4B	protein_coding	both	HP
ERVH16q24.1	16	86278094	86281279	+	intron	ENST00000602425,ENST00000597373	ENSG00000268754	LINC01081	lncRNA	opposite	.
4419	16	86739328	86747655	-	exon	ENST00000569740	ENSG00000261175	LINC02188	lncRNA	opposite	.
4420	17	6727282	6738474	-	no_overlap	.	.	.	.	none	.
4421	17	6875145	6881530	-	exon and intron	ENST00000653385,ENST00000667870,ENST00000659173,ENST00000659418,ENST00000572385,ENST00000570562,ENST00000575889,ENST00000574271,ENST00000574727,ENST00000701449,ENST00000576636,ENST00000685813,ENST00000691074,ENST00000700784,ENST00000702178,ENST00000570835	ENSG00000215067,ENSG00000291084	ALOX12-AS1,ALOX12P2	lncRNA	both	.
K-49	17	8056335	8063901	+	exon and intron	ENST00000577807	ENSG00000263427	.	lncRNA	opposite	.
4426	17	11971743	11978102	+	exon and intron	ENST00000580270,ENST00000580306,ENST00000322748,ENST00000580613,ENST00000454073	ENSG00000266368,ENSG00000154957	ZNF18	lncRNA,protein_coding	opposite	DNAH9
4428	17	19879674	19896052	-	no_overlap	.	.	.	.	none	.
4429	17	21072582	21080211	-	exon and intron	ENST00000664838,ENST00000666441,ENST00000668335,ENST00000659567,ENST00000671326,ENST00000456235,ENST00000656070,ENST00000664827	ENSG00000236819	LINC01563	lncRNA	opposite	.
4432	17	27692632	27702954	+	no_overlap	.	.	.	.	none	.
4433	17	27712075	27720948	+	no_overlap	.	.	.	.	none	.
4434	17	28230515	28239177	-	exon	ENST00000592016	ENSG00000267259	ERVE-1	lncRNA	same	.
4437	17	29987657	29991258	-	intron	ENST00000534836,ENST00000423598,ENST00000638539,ENST00000394835,ENST00000419434,ENST00000440741,ENST00000536908,ENST00000588978	ENSG00000176927	EFCAB5	protein_coding	opposite	.
4438	17	31631005	31637132	+	intron	ENST00000578650	ENSG00000266877	.	lncRNA	same	.
4439	17	31762337	31771882	+	exon and intron	ENST00000577970	ENSG00000263567	.	lncRNA	same	.
4440	17	32964049	32974337	+	exon and intron	ENST00000580599	ENSG00000141316	SPACA3	protein_coding	same	.
4442	17	34183506	34192680	+	exon and intron	ENST00000566930,ENST00000580792	ENSG00000261156	LINC01989	lncRNA	opposite	.
4443	17	35296917	35316213	+	exon and intron	ENST00000662865,ENST00000659130,ENST00000663051,ENST00000664469,ENST00000657419,ENST00000702849,ENST00000661410,ENST00000669048,ENST00000702799,ENST00000664542,ENST00000690246,ENST00000702776,ENST00000585387,ENST00000591886,ENST00000662029	ENSG00000267364	.	lncRNA	same	.
4444	17	35500761	35508355	+	intron	ENST00000592908,ENST00000628453	ENSG00000267074,ENSG00000205045	SLFN12L	lncRNA,protein_coding	opposite	.
W-134	17	35551286	35552593	+	intron	ENST00000415846,ENST00000674182	ENSG00000236320	SLFN14	protein_coding	opposite	.
4447	17	36466030	36475560	-	no_overlap	.	.	.	.	none	.
4448	17	37330583	37336054	+	intron	ENST00000612007,ENST00000613146,ENST00000614428,ENST00000614789,ENST00000615229,ENST00000616317,ENST00000616352,ENST00000617548,ENST00000621960	ENSG00000278540	ACACA	protein_coding	opposite	.
4453	17	43323162	43333941	-	no_overlap	.	.	.	.	none	.
4452	17	43338415	43349017	-	exon and intron	ENST00000658096,ENST00000663186,ENST00000664824,ENST00000662750,ENST00000661340	ENSG00000188825	LINC00910	lncRNA	same	.
4454	17	43352786	43357982	-	exon and intron	ENST00000658096,ENST00000663186,ENST00000662750,ENST00000664824,ENST00000661340	ENSG00000188825	LINC00910	lncRNA	same	.
4457	17	43872266	43876352	+	exon	ENST00000377184,ENST00000269095,ENST00000536246,ENST00000612133,ENST00000622681,ENST00000461854	ENSG00000108852	MPP2	protein_coding	opposite	.
4462	17	49107829	49116242	-	no_overlap	.	.	.	.	none	.
4463	17	49163051	49176203	-	exon and intron	ENST00000300404,ENST00000393354,ENST00000504681	ENSG00000167080	B4GALNT2	protein_coding	opposite	.
4464	17	50397814	50405707	-	exon	ENST00000511627	ENSG00000253102	.	lncRNA	opposite	.
4465	17	50412687	50420267	-	no_overlap	.	.	.	.	none	.
4467	17	52574093	52585118	+	no_overlap	.	.	.	.	none	.
4466	17	52591114	52602857	+	no_overlap	.	.	.	.	none	.
4471	17	54286498	54295060	+	intron	ENST00000652614	ENSG00000285939	.	lncRNA	opposite	.
4472	17	54328645	54330924	+	intron	ENST00000652614	ENSG00000285939	.	lncRNA	opposite	.
4473	17	54410396	54416984	+	no_overlap	.	.	.	.	none	.
4474	17	55008204	55018728	-	intron	ENST00000463234,ENST00000376352,ENST00000398391,ENST00000405898,ENST00000434978	ENSG00000166263	STXBP4	protein_coding	opposite	.
4475	17	55467893	55476522	+	exon and intron	ENST00000577089,ENST00000636752	ENSG00000261873	SMIM36	protein_coding	opposite	.
4481	17	74583314	74595968	+	exon and intron	ENST00000524389,ENST00000392620,ENST00000375352,ENST00000328023	ENSG00000182352,ENSG00000204345	CD300LD-AS1,CD300LD	lncRNA,protein_coding	both	.
4483	17	74910073	74915347	+	no_overlap	.	.	.	.	none	.
4484	17	75023737	75028744	+	no_overlap	.	.	.	.	none	MRPL58
4485	17	75252631	75258297	+	intron	ENST00000580799,ENST00000537686,ENST00000538886,ENST00000582376,ENST00000582821,ENST00000584243,ENST00000613421,ENST00000621217,ENST00000649398,ENST00000578348,ENST00000582486,ENST00000582717,ENST00000577435,ENST00000621870,ENST00000579743	ENSG00000125447	GGA3	protein_coding	opposite	.
4487	17	76606000	76611275	-	intron	ENST00000701062	ENSG00000163597	SNHG16	lncRNA	opposite	.
4488	17	77167826	77175201	-	intron	ENST00000392476,ENST00000430767,ENST00000436233,ENST00000443798,ENST00000585618,ENST00000586390,ENST00000586429,ENST00000587820,ENST00000589827,ENST00000591786,ENST00000591437	ENSG00000129657	SEC14L1	protein_coding	opposite	.
4489	17	80399793	80408186	+	intron	ENST00000572151,ENST00000575034,ENST00000667202,ENST00000573394	ENSG00000263069	RNF213-AS1	lncRNA	opposite	RNF213
4490	17	80537009	80552020	-	exon and intron	ENST00000471666,ENST00000574767,ENST00000577161,ENST00000306801,ENST00000697423,ENST00000649732,ENST00000570891,ENST00000699258,ENST00000544334,ENST00000573746	ENSG00000213128,ENSG00000141564,ENSG00000289764	RPL32P31,RPTOR	processed_pseudogene,protein_coding	opposite	.
4491	18	405895	418808	+	intron	ENST00000400256,ENST00000582147	ENSG00000158270	COLEC12	protein_coding	opposite	.
4494	18	1854932	1861462	-	intron	ENST00000660357,ENST00000671074,ENST00000661994,ENST00000662133,ENST00000653094,ENST00000653330,ENST00000655815,ENST00000657750	ENSG00000266602	.	lncRNA	opposite	.
4495	18	2833586	2839450	-	no_overlap	.	.	.	.	none	.
W-135	18	4681678	4692409	+	no_overlap	.	.	.	.	none	.
4503	18	8913792	8921204	+	exon and intron	ENST00000667345	ENSG00000287719	.	lncRNA	same	.
4504	18	9424029	9427513	-	no_overlap	.	.	.	.	none	.
4505	18	10221864	10226332	-	no_overlap	.	.	.	.	none	.
4506	18	11130174	11134262	+	intron	ENST00000302079,ENST00000383408,ENST00000503781,ENST00000580640,ENST00000582913,ENST00000674853,ENST00000686869,ENST00000688929	ENSG00000154864	PIEZO2	protein_coding	opposite	.
4508	18	11544670	11551959	-	no_overlap	.	.	.	.	none	.
ERVW-29	18	13656680	13657838	+	no_overlap	.	.	.	.	none	LDLRAD4
4511	18	13700698	13707821	+	intron	ENST00000585785,ENST00000402563,ENST00000588475,ENST00000592976,ENST00000651643,ENST00000591269,ENST00000322247	ENSG00000177150	FAM210A	protein_coding	opposite	.
4518	18	15308328	15316530	-	exon and intron	ENST00000455308,ENST00000504516,ENST00000508721	ENSG00000290522,ENSG00000215512	.	lncRNA,transcribed_unprocessed_pseudogene	same	.
4519	18	23283956	23288878	+	intron	ENST00000578790,ENST00000581444	ENSG00000134490	TMEM241	protein_coding	opposite	.
4521	18	26231674	26245800	-	intron	ENST00000269142,ENST00000418698,ENST00000578121	ENSG00000141384	TAF4B	protein_coding	opposite	.
4523	18	28208151	28214533	-	no_overlap	.	.	.	.	none	.
4525	18	28691940	28698881	-	intron	ENST00000649159	ENSG00000265994	.	lncRNA	opposite	.
4526	18	29356484	29362582	-	exon and intron	ENST00000577674	ENSG00000265980	.	lncRNA	same	.
4527	18	29420045	29423974	-	no_overlap	.	.	.	.	none	.
4528	18	29872921	29877768	+	no_overlap	.	.	.	.	none	.
4529	18	30135864	30143080	-	no_overlap	.	.	.	.	none	.
4531	18	30625181	30633516	-	no_overlap	.	.	.	.	none	.
4533	18	31803769	31810043	+	no_overlap	.	.	.	.	none	.
4535	18	31970320	31981465	-	no_overlap	.	.	.	.	none	.
4534	18	31998774	32005053	+	no_overlap	.	.	.	.	none	.
4536	18	33560622	33566943	-	intron	ENST00000591558	ENSG00000267642	ASXL3-DT	lncRNA	same	.
4539	18	35353551	35361787	-	no_overlap	.	.	.	.	none	.
4542	18	35831956	35840524	+	no_overlap	.	.	.	.	none	.
4543	18	35844054	35850428	+	no_overlap	.	.	.	.	none	.
4541	18	35872671	35880648	+	no_overlap	.	.	.	.	none	.
4545	18	42461607	42467075	+	exon and intron	ENST00000593051,ENST00000585627,ENST00000585639,ENST00000591381,ENST00000589068	ENSG00000267586	LINC00907	lncRNA	same	.
4547	18	42737084	42743765	+	exon and intron	ENST00000326695,ENST00000589109,ENST00000590910	ENSG00000152214	RIT2	protein_coding	opposite	.
4548	18	42991606	42999457	+	intron	ENST00000326695,ENST00000589109,ENST00000590910,ENST00000650392	ENSG00000152214	RIT2	protein_coding	opposite	.
4549	18	43354714	43364507	+	no_overlap	.	.	.	.	none	.
4550	18	43397999	43404579	-	no_overlap	.	.	.	.	none	.
4551	18	43508209	43515185	-	no_overlap	.	.	.	.	none	.
4555	18	46868451	46877781	+	exon and intron	ENST00000690991,ENST00000688132,ENST00000687124,ENST00000688277,ENST00000687635,ENST00000398654,ENST00000324794,ENST00000585916,ENST00000590127,ENST00000592011,ENST00000592212,ENST00000545673	ENSG00000289168,ENSG00000078043	PIAS2	lncRNA,protein_coding	both	.
4558	18	50400452	50408730	+	no_overlap	.	.	.	.	none	.
4559	18	51112855	51117176	-	no_overlap	.	.	.	.	none	.
4560	18	51569470	51574188	-	intron	ENST00000435144,ENST00000635103,ENST00000635680,ENST00000659439,ENST00000660545,ENST00000662744,ENST00000665420,ENST00000661773	ENSG00000227115	LINC01630	lncRNA	opposite	.
4561	18	51696649	51710020	+	no_overlap	.	.	.	.	none	.
4562	18	51955405	51960032	+	no_overlap	.	.	.	.	none	.
4564	18	54604250	54607517	-	no_overlap	.	.	.	.	none	.
4565	18	55950479	55957854	+	intron	ENST00000589440,ENST00000654280,ENST00000655696	ENSG00000267327,ENSG00000260930	LINC01416	lncRNA	both	.
4566	18	56415435	56421342	+	no_overlap	.	.	.	.	none	.
4567	18	57064651	57072399	-	exon and intron	ENST00000553704,ENST00000642403,ENST00000643706,ENST00000644118,ENST00000644575,ENST00000644805,ENST00000645956,ENST00000646314	ENSG00000258609	LINC-ROR	lncRNA	same	.
4570	18	58641221	58646708	-	no_overlap	.	.	.	.	none	.
4572	18	59730014	59738820	-	no_overlap	.	.	.	.	none	.
4576	18	60709798	60713080	+	intron	ENST00000591869,ENST00000655645	ENSG00000267098	.	lncRNA	opposite	.
4577	18	61707230	61718661	+	intron	ENST00000590199,ENST00000590968	ENSG00000267175	.	lncRNA	opposite	.
W-137	18	62482340	62483090	+	no_overlap	.	.	.	.	none	.
4579	18	64681717	64687158	+	no_overlap	.	.	.	.	none	.
4581	18	66890715	66895236	-	no_overlap	.	.	.	.	none	.
4583	18	69972651	69977749	-	no_overlap	.	.	.	.	none	.
4585	18	73324599	73330355	+	exon and intron	ENST00000563172,ENST00000653686,ENST00000666831,ENST00000664821,ENST00000659659,ENST00000583942	ENSG00000261780	LINC02582	lncRNA	same	.
4587	18	74293057	74298748	+	exon and intron	ENST00000660707	ENSG00000286529	.	lncRNA	same	.
4589	18	80023868	80033162	+	exon and intron	ENST00000592957,ENST00000585474,ENST00000589926	ENSG00000141759	TXNL4A	protein_coding	opposite	.
K-77	19	385097	387637	+	exon and intron	ENST00000662087	ENSG00000286667	.	lncRNA	same	.
4593	19	5158649	5165741	-	exon and intron	ENST00000588552	ENSG00000105426	PTPRS	protein_coding	same	.
4594	19	5548575	5553242	+	no_overlap	.	.	.	.	none	.
4595	19	5852218	5857669	+	exon and intron	ENST00000589276	ENSG00000267709	.	lncRNA	same	.
4596	19	6572630	6577889	+	exon	ENST00000362353	ENSG00000199223	Y_RNA	misc_RNA	opposite	.
4599	19	7791836	7801535	-	exon and intron	ENST00000702925	ENSG00000290088	.	lncRNA	opposite	.
4601	19	8379292	8386644	+	intron	ENST00000593581,ENST00000597785	ENSG00000269386	RAB11B-AS1	lncRNA	opposite	.
4604	19	9313306	9323055	-	no_overlap	.	.	.	.	none	.
4605	19	9453925	9462365	+	exon and intron	ENST00000690644,ENST00000663347	ENSG00000287275	.	lncRNA	same	.
4606	19	9508128	9515054	-	exon and intron	ENST00000659036,ENST00000589751	ENSG00000287960,ENSG00000267273	.	lncRNA	both	.
4607	19	9539406	9550555	+	exon	ENST00000702795,ENST00000619671,ENST00000653468,ENST00000613560	ENSG00000278611	ZNF426-DT	lncRNA	same	.
4608	19	9587771	9597068	-	no_overlap	.	.	.	.	none	.
4611	19	9626251	9638082	+	exon and intron	ENST00000586614,ENST00000587536,ENST00000592851,ENST00000687622,ENST00000690668,ENST00000691650,ENST00000690762,ENST00000652787,ENST00000692996,ENST00000688502,ENST00000689621,ENST00000691984,ENST00000588765,ENST00000652061,ENST00000692217,ENST00000661696,ENST00000686350,ENST00000585797,ENST00000586943,ENST00000591932,ENST00000686891,ENST00000692903,ENST00000591056,ENST00000691807	ENSG00000267106	ZNF561-AS1	lncRNA	same	.
4615	19	9709655	9722342	+	exon	ENST00000613300	ENSG00000277587	.	lncRNA	same	.
4614	19	9723689	9729535	-	exon and intron	ENST00000589783	ENSG00000267490	.	unprocessed_pseudogene	same	.
4613	19	9741761	9751748	+	no_overlap	.	.	.	.	none	.
4617	19	11853296	11860978	-	exon and intron	ENST00000624361,ENST00000682736,ENST00000455282,ENST00000592534,ENST00000442091	ENSG00000278897,ENSG00000171291	ZNF439	TEC,protein_coding	opposite	.
4618	19	11942586	11948985	-	exon and intron	ENST00000482090,ENST00000622593,ENST00000254321,ENST00000586394,ENST00000591944,ENST00000591441,ENST00000590798	ENSG00000196757,ENSG00000267274,ENSG00000267179	ZNF700	protein_coding,lncRNA	opposite	.
4619	19	12022767	12025931	+	exon and intron	ENST00000592187,ENST00000588047,ENST00000406892,ENST00000476474,ENST00000547560,ENST00000548669,ENST00000419886,ENST00000550507,ENST00000552904,ENST00000550745,ENST00000344980,ENST00000547473,ENST00000455504,ENST00000411841,ENST00000652448	ENSG00000219665,ENSG00000197647,ENSG00000257355,ENSG00000286098	ZNF433-AS1,ZNF433	lncRNA,protein_coding	both	.
4621	19	12098325	12104292	-	exon and intron	ENST00000397755,ENST00000651606,ENST00000430298,ENST00000601686,ENST00000600335,ENST00000596883	ENSG00000290812,ENSG00000286132,ENSG00000214189,ENSG00000132010	ZNF788P,ZNF20	lncRNA,protein_coding,transcribed_unprocessed_pseudogene	both	.
4623	19	12451191	12454278	+	exon and intron	ENST00000420038,ENST00000598753	ENSG00000234848,ENSG00000269755	.	lncRNA,protein_coding	both	.
4627	19	15828860	15837304	+	exon and intron	ENST00000674990,ENST00000644567,ENST00000644174,ENST00000645805,ENST00000645764,ENST00000675212,ENST00000643567,ENST00000670862,ENST00000645877,ENST00000646494,ENST00000645389,ENST00000644962,ENST00000655708,ENST00000658824,ENST00000642256,ENST00000659568,ENST00000671188,ENST00000644796,ENST00000655191,ENST00000397381,ENST00000642440,ENST00000642894,ENST00000643552,ENST00000643818,ENST00000643846,ENST00000644103,ENST00000644400,ENST00000644590,ENST00000644730,ENST00000644845,ENST00000645177,ENST00000645221,ENST00000645251,ENST00000645708,ENST00000645821,ENST00000646128,ENST00000646397,ENST00000647185,ENST00000647292,ENST00000665604,ENST00000666830,ENST00000644502,ENST00000664784,ENST00000642269,ENST00000645156,ENST00000589333,ENST00000600160,ENST00000620952,ENST00000587970,ENST00000667266,ENST00000663214,ENST00000589310	ENSG00000267308,ENSG00000214049,ENSG00000273782,ENSG00000288618	LINC01764,UCA1	lncRNA,misc_RNA	both	.
4628	19	15998322	16001755	-	exon and intron	ENST00000589847	ENSG00000267392	CYP4F9P	unprocessed_pseudogene	same	.
4630	19	17592762	17603116	+	exon	ENST00000519716	ENSG00000130477	UNC13A	protein_coding	opposite	.
4632	19	18577414	18587893	+	exon and intron	ENST00000442744,ENST00000594325	ENSG00000221983,ENSG00000006016	UBA52,CRLF1	protein_coding	both	UBA52
4633	19	19943769	19956655	+	intron	ENST00000592245	ENSG00000184635	ZNF93	protein_coding	same	.
4634	19	20087907	20096742	-	intron	ENST00000418063,ENST00000469078,ENST00000473524,ENST00000474284	ENSG00000213988	ZNF90	protein_coding	opposite	.
W-138	19	20099334	20101462	+	intron	ENST00000418063,ENST00000469078,ENST00000473524,ENST00000474284	ENSG00000213988	ZNF90	protein_coding	same	.
K-26	19	20276589	20286703	+	intron	ENST00000670854,ENST00000593655	ENSG00000267383	.	lncRNA	opposite	.
4640	19	20311122	20323199	-	exon and intron	ENST00000593655	ENSG00000267383	.	lncRNA	same	.
4639	19	20362039	20371673	+	intron	ENST00000542380,ENST00000541160,ENST00000687152,ENST00000687254,ENST00000689204	ENSG00000291130	.	lncRNA	opposite	.
4644	19	20474030	20480623	-	intron	ENST00000598131,ENST00000653011	ENSG00000269043	.	lncRNA	opposite	.
4642	19	20500278	20509600	-	intron	ENST00000598131,ENST00000653011	ENSG00000269043	.	lncRNA	opposite	.
4641	19	20510013	20518365	-	intron	ENST00000598131,ENST00000653011	ENSG00000269043	.	lncRNA	opposite	.
4646	19	20611050	20618132	+	exon and intron	ENST00000598116,ENST00000595094	ENSG00000268560,ENSG00000269110	.	lncRNA	both	.
4647	19	20710658	20712797	-	no_overlap	.	.	.	.	none	.
HERVE(HERV4-1)	19	20746819	20755632	-	exon	ENST00000593903	ENSG00000268416	.	lncRNA	same	.
4649	19	20769293	20780609	-	exon and intron	ENST00000344519,ENST00000360204,ENST00000594534	ENSG00000160229	ZNF66	protein_coding	opposite	.
4650	19	21129057	21132177	-	no_overlap	.	.	.	.	none	.
4651	19	21197735	21207006	-	no_overlap	.	.	.	.	none	.
4653	19	21234244	21237757	+	intron	ENST00000600135	ENSG00000269839	.	unprocessed_pseudogene	opposite	.
4652	19	21253165	21264283	+	no_overlap	.	.	.	.	none	.
4654	19	21334828	21345305	-	no_overlap	.	.	.	.	none	.
4655	19	21412130	21418811	-	exon and intron	ENST00000596302,ENST00000599517,ENST00000594390,ENST00000355504,ENST00000392288,ENST00000598152,ENST00000600810	ENSG00000196268,ENSG00000269237	ZNF493	protein_coding	opposite	.
4656	19	21430786	21441082	-	intron	ENST00000600810	ENSG00000269237	.	protein_coding	opposite	.
4658	19	21602970	21612442	+	no_overlap	.	.	.	.	none	.
4657	19	21620236	21631408	+	no_overlap	.	.	.	.	none	.
4659	19	21666567	21673402	-	no_overlap	.	.	.	.	none	.
4662	19	21783748	21794807	-	exon and intron	ENST00000593824,ENST00000598561	ENSG00000268184	.	lncRNA	same	.
4664	19	21858174	21867391	+	no_overlap	.	.	.	.	none	.
4663	19	21880627	21890401	-	no_overlap	.	.	.	.	none	.
4665	19	22193282	22202824	+	exon and intron	ENST00000650058,ENST00000397121	ENSG00000196109	ZNF676	protein_coding	opposite	.
4666	19	22355407	22362466	-	no_overlap	.	.	.	.	none	.
4668	19	22484594	22489877	-	intron	ENST00000599879,ENST00000593802	ENSG00000197360	ZNF98	protein_coding	same	.
4667	19	22524802	22531776	+	exon and intron	ENST00000562262,ENST00000599879,ENST00000593802	ENSG00000260599,ENSG00000197360	ZNF98	lncRNA,protein_coding	opposite	.
4670	19	22568269	22575021	+	no_overlap	.	.	.	.	none	.
4669	19	22575530	22583732	+	no_overlap	.	.	.	.	none	.
4673	19	22747818	22758901	+	exon	ENST00000596209	ENSG00000213973	ZNF99	protein_coding	opposite	.
4674	19	23025107	23031755	-	exon and intron	ENST00000664557,ENST00000658973,ENST00000657971	ENSG00000261558	LINC01859	lncRNA	same	.
4676	19	23177264	23186831	-	no_overlap	.	.	.	.	none	.
4678	19	23340354	23353938	+	exon and intron	ENST00000599281,ENST00000593341,ENST00000599743,ENST00000596528,ENST00000596989	ENSG00000167232	ZNF91	protein_coding	opposite	.
4679	19	23532069	23540320	+	exon and intron	ENST00000600313,ENST00000601935	ENSG00000197372	ZNF675	protein_coding	opposite	.
4680	19	23552247	23559527	+	intron	ENST00000601935,ENST00000600313	ENSG00000197372	ZNF675	protein_coding	opposite	.
4681	19	23571068	23580044	-	exon and intron	ENST00000596211,ENST00000601935,ENST00000600313	ENSG00000197372	ZNF675	protein_coding	same	.
4682	19	23816378	23824266	-	exon and intron	ENST00000599944,ENST00000687994,ENST00000484897,ENST00000471224,ENST00000472297,ENST00000475499,ENST00000685490,ENST00000686829,ENST00000689525,ENST00000691397,ENST00000692590	ENSG00000267924,ENSG00000288920,ENSG00000233836	RPSA2	lncRNA,protein_coding,transcribed_unprocessed_pseudogene	both	.
4683	19	23847288	23857146	-	intron	ENST00000599944,ENST00000686829,ENST00000692590,ENST00000687994,ENST00000691397	ENSG00000267924,ENSG00000288920	RPSA2	lncRNA,protein_coding	both	.
4684	19	23864818	23872406	+	exon and intron	ENST00000686829,ENST00000687994,ENST00000691397,ENST00000692590,ENST00000599944	ENSG00000288920,ENSG00000267924	RPSA2	protein_coding,lncRNA	both	.
4685	19	23883273	23888705	-	no_overlap	.	.	.	.	none	.
W-141	19	23947081	23948150	+	intron	ENST00000596326	ENSG00000269289	.	lncRNA	opposite	ZNF726
4688	19	24243248	24251697	+	no_overlap	.	.	.	.	none	.
4687	19	24321212	24325852	+	no_overlap	.	.	.	.	none	.
4694	19	27580524	27588528	+	no_overlap	.	.	.	.	none	.
4695	19	27637113	27646451	-	exon and intron	ENST00000598435,ENST00000600419,ENST00000589010,ENST00000623712	ENSG00000267696,ENSG00000279882	ERVK-28	lncRNA,TEC	same	.
4697	19	27709357	27711773	-	intron	ENST00000655465,ENST00000656086,ENST00000658434,ENST00000658694,ENST00000662487,ENST00000663775,ENST00000665996,ENST00000666003,ENST00000666409,ENST00000666658,ENST00000667518,ENST00000670572,ENST00000671282,ENST00000588027	ENSG00000261824	LINC00662	lncRNA	same	.
4696	19	27745646	27751364	+	exon and intron	ENST00000664688,ENST00000664720,ENST00000590677,ENST00000654565,ENST00000656170,ENST00000659785,ENST00000667396,ENST00000668560,ENST00000669191,ENST00000671282,ENST00000690193,ENST00000690384,ENST00000561521,ENST00000653317,ENST00000653459,ENST00000653471,ENST00000654098,ENST00000654151,ENST00000654443,ENST00000655066,ENST00000655166,ENST00000655465,ENST00000655567,ENST00000656086,ENST00000656191,ENST00000656647,ENST00000657659,ENST00000657677,ENST00000657730,ENST00000658434,ENST00000658694,ENST00000659734,ENST00000659922,ENST00000659995,ENST00000660820,ENST00000661680,ENST00000662487,ENST00000663775,ENST00000664383,ENST00000664444,ENST00000665102,ENST00000665874,ENST00000665996,ENST00000666003,ENST00000666409,ENST00000666658,ENST00000666734,ENST00000667518,ENST00000668068,ENST00000668513,ENST00000668933,ENST00000670305,ENST00000670572,ENST00000670973,ENST00000671152,ENST00000687807,ENST00000588150,ENST00000588027	ENSG00000261824	LINC00662	lncRNA	opposite	.
4699	19	28427791	28437238	-	exon and intron	ENST00000567877,ENST00000592347,ENST00000593065	ENSG00000260725,ENSG00000283403,ENSG00000267243	.	lncRNA	same	.
4700	19	28606514	28615314	+	exon and intron	ENST00000587961,ENST00000651559,ENST00000656648,ENST00000585394,ENST00000592347,ENST00000589999	ENSG00000266976,ENSG00000267537,ENSG00000283403,ENSG00000266893	.	lncRNA	both	.
4707	19	34552599	34561349	-	no_overlap	.	.	.	.	none	.
4710	19	34722066	34727461	+	no_overlap	.	.	.	.	none	.
4711	19	35359911	35373068	+	exon and intron	ENST00000594310,ENST00000327809,ENST00000454971,ENST00000597214	ENSG00000185897,ENSG00000126251	FFAR3,GPR42	protein_coding	same	.
K-57	19	35572303	35576532	-	exon and intron	ENST00000702449,ENST00000638356	ENSG00000283907	.	lncRNA	opposite	.
4713	19	36149711	36161023	-	exon and intron	ENST00000587718,ENST00000586851,ENST00000589146,ENST00000588780,ENST00000590874,ENST00000588815,ENST00000246533,ENST00000628018,ENST00000628306,ENST00000629983,ENST00000590211,ENST00000590049,ENST00000292907,ENST00000437291,ENST00000481297,ENST00000589154	ENSG00000126247,ENSG00000161281	CAPNS1,COX7A1	protein_coding	both	.
4714	19	36255755	36265235	-	exon and intron	ENST00000676422,ENST00000675324,ENST00000702927	ENSG00000232677,ENSG00000267053	LINC00665	lncRNA	both	.
4715	19	36323747	36332422	-	exon and intron	ENST00000651681,ENST00000702802,ENST00000591372,ENST00000702867,ENST00000656137,ENST00000658301,ENST00000662398,ENST00000666458,ENST00000667789,ENST00000667829,ENST00000658991,ENST00000668768,ENST00000675074,ENST00000661195,ENST00000412740,ENST00000438368,ENST00000449434,ENST00000585356,ENST00000590622,ENST00000590657,ENST00000658042,ENST00000658126,ENST00000659786,ENST00000666182,ENST00000668927,ENST00000675167,ENST00000675914,ENST00000676298,ENST00000689532,ENST00000691592	ENSG00000232677	LINC00665	lncRNA	same	ZFP14
HERVK-29	19	37106646	37116164	-	exon and intron	ENST00000587817,ENST00000587082,ENST00000589461,ENST00000588723,ENST00000590332,ENST00000304239,ENST00000337995,ENST00000587029,ENST00000589245,ENST00000588873	ENSG00000196967,ENSG00000197050,ENSG00000267360	ZNF585A,ZNF420	protein_coding	both	.
4719	19	38751880	38766542	+	intron	ENST00000601953	ENSG00000182472	CAPN12	protein_coding	opposite	.
4720	19	38823107	38837433	+	exon and intron	ENST00000594558,ENST00000596118,ENST00000597089,ENST00000221418,ENST00000594164,ENST00000594769,ENST00000595470,ENST00000597205,ENST00000597805,ENST00000598316,ENST00000598707,ENST00000600178,ENST00000601060,ENST00000601094,ENST00000601778,ENST00000595567,ENST00000602115,ENST00000221419,ENST00000647557,ENST00000595443,ENST00000388749,ENST00000595804,ENST00000601449,ENST00000595164,ENST00000597731,ENST00000600873,ENST00000602021	ENSG00000268756,ENSG00000104823,ENSG00000268083,ENSG00000104824	ECH1,HNRNPL	lncRNA,protein_coding	both	.
4721	19	38935163	38941835	-	exon and intron	ENST00000599320,ENST00000292852,ENST00000599996	ENSG00000269486,ENSG00000269190,ENSG00000269547	ERVK9-11,FBXO17	lncRNA,protein_coding	same	FBXO17
W-142	19	40071939	40072654	+	exon and intron	ENST00000414720,ENST00000450241,ENST00000595508	ENSG00000197782,ENSG00000269749	ZNF780A	protein_coding,lncRNA	opposite	.
4728	19	40954160	40959664	+	no_overlap	.	.	.	.	none	.
W-61	19	40986241	40988149	-	no_overlap	.	.	.	.	none	.
4731	19	42446146	42453306	-	exon and intron	ENST00000661814,ENST00000594624,ENST00000597203,ENST00000685574,ENST00000689053,ENST00000701294,ENST00000702399,ENST00000593740,ENST00000457234,ENST00000594688	ENSG00000213904	LIPE-AS1	lncRNA	opposite	.
4734	19	43286140	43301261	+	no_overlap	.	.	.	.	none	.
4735	19	43308367	43317327	-	no_overlap	.	.	.	.	none	.
4736	19	43321083	43329393	-	exon	ENST00000595748	ENSG00000231412	LINC03078	lncRNA	same	.
4739	19	44633160	44635337	-	intron	ENST00000402988,ENST00000428245,ENST00000441389,ENST00000590796,ENST00000662585	ENSG00000216588,ENSG00000266903	IGSF23,CEACAM16-AS1	protein_coding,lncRNA	both	.
4741	19	46102561	46109933	-	intron	ENST00000597989	ENSG00000267922	.	lncRNA	opposite	.
4742	19	46273162	46278852	-	no_overlap	.	.	.	.	none	.
4744	19	47047397	47055397	-	exon and intron	ENST00000253047	ENSG00000130748	TMEM160	protein_coding	same	.
4745	19	47392828	47398771	+	no_overlap	.	.	.	.	none	.
4752	19	50347457	50350184	-	intron	ENST00000593532,ENST00000600978,ENST00000600355	ENSG00000131408	NR1H2	protein_coding	opposite	.
4754	19	51302956	51308214	-	no_overlap	.	.	.	.	none	.
4755	19	51396763	51402961	-	exon and intron	ENST00000598115,ENST00000687249,ENST00000600765	ENSG00000268144,ENSG00000268889	NIFKP6,LIM2-AS1	processed_pseudogene,lncRNA	both	.
4757	19	51804687	51811880	-	exon and intron	ENST00000638827,ENST00000339223	ENSG00000161551,ENSG00000187474	ZNF577,FPR3	protein_coding	both	.
4758	19	51976954	51992228	+	exon and intron	ENST00000658402,ENST00000661211,ENST00000595010,ENST00000599258,ENST00000594929,ENST00000593596,ENST00000598254,ENST00000597555,ENST00000600703,ENST00000243644,ENST00000601430,ENST00000598071,ENST00000602063,ENST00000594083,ENST00000599177,ENST00000376716	ENSG00000269235,ENSG00000256683,ENSG00000197619	ZNF350-AS1,ZNF350,ZNF615	lncRNA,protein_coding	both	.
4760	19	52300606	52307977	-	exon and intron	ENST00000594379,ENST00000334564,ENST00000468240,ENST00000595962,ENST00000598016,ENST00000335090,ENST00000490272	ENSG00000269535,ENSG00000198464	ZNF480	lncRNA,protein_coding	both	.
4763	19	52408080	52414733	-	exon and intron	ENST00000598192,ENST00000598479,ENST00000391788,ENST00000479718,ENST00000448954,ENST00000360465	ENSG00000167555	ZNF528	protein_coding	opposite	.
4762	19	52460888	52466346	-	intron	ENST00000421239	ENSG00000258405	ZNF578	protein_coding	opposite	.
4761	19	52472460	52485485	-	exon and intron	ENST00000613083,ENST00000421239	ENSG00000278543,ENSG00000258405	ZNF578	unprocessed_pseudogene,protein_coding	both	.
4765	19	52620841	52627302	+	exon and intron	ENST00000702778,ENST00000301096,ENST00000545872,ENST00000597597,ENST00000598536,ENST00000536937,ENST00000594682,ENST00000595171,ENST00000595939,ENST00000596440,ENST00000596930,ENST00000597161,ENST00000600714,ENST00000601140,ENST00000601237,ENST00000601257,ENST00000602232,ENST00000706195,ENST00000706196,ENST00000706197,ENST00000706198,ENST00000706199,ENST00000687234	ENSG00000290073,ENSG00000167766	ZNF83	lncRNA,protein_coding	both	.
4767	19	52627907	52636164	+	exon and intron	ENST00000702778,ENST00000301096,ENST00000536937,ENST00000594682,ENST00000595171,ENST00000595939,ENST00000596440,ENST00000596930,ENST00000597161,ENST00000598536,ENST00000600714,ENST00000601140,ENST00000601237,ENST00000601257,ENST00000602232,ENST00000706195,ENST00000706196,ENST00000706197,ENST00000706198,ENST00000706199,ENST00000545872,ENST00000597597,ENST00000687234	ENSG00000290073,ENSG00000167766	ZNF83	lncRNA,protein_coding	both	.
4766	19	52649615	52653116	+	exon and intron	ENST00000598322,ENST00000706198,ENST00000706195,ENST00000687234,ENST00000594682,ENST00000595171,ENST00000596440,ENST00000598536,ENST00000600714,ENST00000601257,ENST00000706196,ENST00000602232,ENST00000706197	ENSG00000269825,ENSG00000167766	ZNF83	protein_coding	opposite	.
4768	19	52740545	52749825	-	no_overlap	.	.	.	.	none	ZNF600
4769	19	52751425	52755047	-	exon and intron	ENST00000648893,ENST00000647907	ENSG00000189190	ZNF600	protein_coding	same	.
4770	19	52898514	52905434	-	exon	ENST00000638862	ENSG00000213793	ZNF888	protein_coding	same	ZNF888
4772	19	52956501	52960553	+	exon and intron	ENST00000357666,ENST00000391777,ENST00000457013,ENST00000535506,ENST00000270457,ENST00000391786,ENST00000438970,ENST00000444460,ENST00000332302,ENST00000600068	ENSG00000180257,ENSG00000221874,ENSG00000269082	ZNF816,ZNF816-ZNF321P	protein_coding,lncRNA	opposite	.
4771	19	52984943	52989463	-	exon and intron	ENST00000600949,ENST00000595137,ENST00000597880,ENST00000270443,ENST00000594516,ENST00000595402,ENST00000599093,ENST00000599665,ENST00000600425,ENST00000602242,ENST00000651287	ENSG00000242779	ZNF702P	transcribed_processed_pseudogene	same	.
ERVFRD-2	19	53007511	53013180	+	exon and intron	ENST00000596769,ENST00000594516,ENST00000600425	ENSG00000267943,ENSG00000242779	ZNF702P	lncRNA,transcribed_processed_pseudogene	both	.
ERVV-1	19	53014330	53016580	+	intron	ENST00000594516,ENST00000600425	ENSG00000242779	ZNF702P	transcribed_processed_pseudogene	opposite	.
ERVV-2	19	53044737	53051127	+	no_overlap	.	.	.	.	none	.
4776	19	53359489	53365214	+	no_overlap	.	.	.	.	none	ZNF845
4778	19	53433374	53443110	-	exon and intron	ENST00000657048,ENST00000492121,ENST00000424846,ENST00000610928,ENST00000651864,ENST00000684525	ENSG00000287608,ENSG00000241015,ENSG00000160336	TPM3P9,ZNF761	lncRNA,transcribed_processed_pseudogene,protein_coding	both	.
4777	19	53469500	53482212	-	exon and intron	ENST00000657048,ENST00000391998,ENST00000396403,ENST00000468450,ENST00000490956	ENSG00000287608,ENSG00000250731,ENSG00000198346	TPM3P6,ZNF813	lncRNA,processed_pseudogene,protein_coding	both	.
4779	19	53831403	53845084	+	no_overlap	.	.	.	.	none	.
4780	19	54761611	54778649	-	exon and intron	ENST00000415311,ENST00000336077,ENST00000291633,ENST00000400864	ENSG00000242473,ENSG00000125498,ENSG00000215765	KIR2DP1,KIR2DL1	unprocessed_pseudogene,protein_coding,lncRNA	opposite	.
4783	19	54894290	54900597	-	no_overlap	.	.	.	.	none	.
4784	19	55006827	55012423	-	exon and intron	ENST00000690314,ENST00000593060,ENST00000586845	ENSG00000267265	GP6-AS1	lncRNA	opposite	GP6
4785	19	55122248	55128004	+	exon	ENST00000666966,ENST00000619350	ENSG00000287170,ENSG00000275863	MIR7975	lncRNA,miRNA	both	.
4787	19	56494761	56501703	+	exon and intron	ENST00000585445,ENST00000586822,ENST00000594783,ENST00000601875,ENST00000654382,ENST00000664785,ENST00000669162,ENST00000670294,ENST00000691191,ENST00000667367,ENST00000661902,ENST00000654200,ENST00000586091,ENST00000592146,ENST00000685306,ENST00000693493,ENST00000588158,ENST00000665045	ENSG00000166770	ZNF667-AS1	lncRNA	same	.
4790	19	57487176	57500813	+	exon and intron	ENST00000426954,ENST00000442920,ENST00000519310,ENST00000520540,ENST00000523882,ENST00000601674,ENST00000523312,ENST00000523439,ENST00000424930,ENST00000347466,ENST00000221735,ENST00000415379,ENST00000523138,ENST00000521754,ENST00000599674,ENST00000518999,ENST00000521137,ENST00000522346,ENST00000593916,ENST00000598770,ENST00000282292,ENST00000599847,ENST00000597061	ENSG00000105136,ENSG00000268107,ENSG00000152439	ZNF419,ZNF773	protein_coding	same	.
4791	19	57513038	57518511	+	exon and intron	ENST00000593916,ENST00000597061,ENST00000601674,ENST00000599847	ENSG00000152439,ENSG00000268107	ZNF773	protein_coding	same	.
4792	19	57652606	57656643	+	no_overlap	.	.	.	.	none	.
4795	19	57896517	57903857	+	exon and intron	ENST00000594396,ENST00000602124	ENSG00000173480,ENSG00000269476	ZNF417	protein_coding	opposite	.
ERVK3-1	19	58305376	58315652	+	exon and intron	ENST00000591325,ENST00000637233,ENST00000634676,ENST00000659246,ENST00000664481,ENST00000651375,ENST00000658331,ENST00000669440,ENST00000702459,ENST00000666049,ENST00000687313,ENST00000702743,ENST00000669883,ENST00000671228	ENSG00000267216,ENSG00000283515,ENSG00000283103	ZNF8-ERVK3-1	lncRNA,protein_coding	both	ZNF8
460	2	153014	160785	-	no_overlap	.	.	.	.	none	.
461	2	3814214	3821340	-	intron	ENST00000399143	ENSG00000214866	DCDC2C	protein_coding	opposite	.
463	2	4058379	4064382	+	no_overlap	.	.	.	.	none	.
464	2	4484109	4490493	-	intron	ENST00000707165	ENSG00000291325	.	lncRNA	opposite	.
465	2	5000767	5008271	+	no_overlap	.	.	.	.	none	.
466	2	6838341	6846883	-	exon and intron	ENST00000662953,ENST00000414795,ENST00000458098	ENSG00000225964,ENSG00000134326	NRIR,CMPK2	lncRNA,protein_coding	same	CMPK2
467	2	7872703	7878891	-	exon and intron	ENST00000702941	ENSG00000290092	.	lncRNA	opposite	.
468	2	8893541	8903195	-	intron	ENST00000305997,ENST00000462696,ENST00000474341,ENST00000477073,ENST00000486484	ENSG00000143797	MBOAT2	protein_coding	same	.
470	2	12569896	12574343	+	intron	ENST00000412294,ENST00000664018	ENSG00000224184	MIR3681HG	lncRNA	same	.
471	2	12626291	12631024	+	intron	ENST00000664018	ENSG00000224184	MIR3681HG	lncRNA	same	.
472	2	13163757	13169724	-	intron	ENST00000647894	ENSG00000285876	.	lncRNA	opposite	.
475	2	13525955	13533240	-	no_overlap	.	.	.	.	none	.
478	2	13921742	13929192	+	intron	ENST00000417751	ENSG00000230448	LINC00276	lncRNA	opposite	.
483	2	16788312	16798199	-	no_overlap	.	.	.	.	none	.
485	2	17341051	17349678	+	no_overlap	.	.	.	.	none	.
486	2	18081088	18088339	-	intron	ENST00000465292	ENSG00000170745	KCNS3	protein_coding	opposite	.
490	2	19922746	19929801	+	intron	ENST00000445063,ENST00000281405,ENST00000345530,ENST00000414212	ENSG00000118965	WDR35	protein_coding	opposite	.
491	2	20081138	20087278	+	intron	ENST00000430429	ENSG00000234378	.	lncRNA	opposite	.
493	2	26297920	26306401	+	exon and intron	ENST00000653720,ENST00000661577	ENSG00000286707	.	lncRNA	same	.
W-73	2	30515951	30520264	+	intron	ENST00000379509,ENST00000466477,ENST00000476038,ENST00000465200,ENST00000491680,ENST00000476535,ENST00000309052,ENST00000319406,ENST00000497423,ENST00000465538,ENST00000478015,ENST00000488144	ENSG00000172954	LCLAT1	protein_coding	same	.
W-74	2	31629152	31634158	+	no_overlap	.	.	.	.	none	.
496	2	31687628	31695250	-	no_overlap	.	.	.	.	none	.
500	2	33051995	33055372	-	intron	ENST00000404816	ENSG00000049323	LTBP1	protein_coding	opposite	.
501	2	33657071	33665918	+	exon	ENST00000658639,ENST00000669243	ENSG00000286415	.	lncRNA	same	.
502	2	33914036	33919525	-	intron	ENST00000366209,ENST00000442026,ENST00000667658,ENST00000671333,ENST00000661209,ENST00000664138,ENST00000666112	ENSG00000228262	LINC01320	lncRNA	opposite	.
504	2	34694638	34702829	+	exon and intron	ENST00000605962,ENST00000650021,ENST00000453774,ENST00000604250,ENST00000625995,ENST00000626008,ENST00000626601,ENST00000701733,ENST00000423663,ENST00000607437,ENST00000616475,ENST00000627270,ENST00000628407,ENST00000630686,ENST00000658168,ENST00000664286,ENST00000664777,ENST00000626688,ENST00000627935,ENST00000665109	ENSG00000272027,ENSG00000228262	LINC01320	lncRNA	both	.
506	2	34789818	34796914	+	intron	ENST00000664906	ENSG00000232153	.	lncRNA	opposite	.
505	2	34800997	34806725	-	intron	ENST00000664906,ENST00000453451	ENSG00000232153,ENSG00000226994	.	lncRNA	both	.
507	2	35434617	35443665	-	no_overlap	.	.	.	.	none	.
508	2	35812295	35817902	+	no_overlap	.	.	.	.	none	.
509	2	36599099	36608515	+	intron	ENST00000357996	ENSG00000171055	FEZ2	protein_coding	opposite	.
510	2	37124922	37137627	+	exon and intron	ENST00000233057,ENST00000395127,ENST00000411537,ENST00000647926,ENST00000679507,ENST00000679979,ENST00000680273,ENST00000681329,ENST00000681463,ENST00000681507,ENST00000681516,ENST00000405334,ENST00000496059	ENSG00000055332	EIF2AK2	protein_coding	opposite	.
511	2	37382172	37386696	-	no_overlap	.	.	.	.	none	.
513	2	38080799	38086512	-	exon and intron	ENST00000630623,ENST00000628097,ENST00000626865,ENST00000628165,ENST00000628232,ENST00000626166,ENST00000630658,ENST00000627172,ENST00000626718,ENST00000494864,ENST00000629719,ENST00000628135,ENST00000629439,ENST00000628580,ENST00000626582,ENST00000630542,ENST00000653994,ENST00000660098,ENST00000620177,ENST00000627992,ENST00000629773,ENST00000653077,ENST00000660493,ENST00000589303,ENST00000629547,ENST00000657397	ENSG00000232973,ENSG00000138061	CYP1B1-AS1,CYP1B1	lncRNA,protein_coding	both	.
517	2	40671992	40679001	+	exon and intron	ENST00000649978	ENSG00000285898	.	lncRNA	same	.
519	2	41377832	41385713	+	no_overlap	.	.	.	.	none	.
521	2	41493319	41502500	+	no_overlap	.	.	.	.	none	.
524	2	44016095	44024710	-	no_overlap	.	.	.	.	none	.
525	2	45034041	45040148	-	no_overlap	.	.	.	.	none	.
526	2	47100195	47108458	+	exon and intron	ENST00000464527,ENST00000482548,ENST00000496939,ENST00000422269,ENST00000445927,ENST00000449846	ENSG00000239605,ENSG00000273269	STPG4	protein_coding	opposite	.
528	2	47582985	47591646	-	intron	ENST00000644092,ENST00000646415,ENST00000645339	ENSG00000095002	MSH2	protein_coding	opposite	.
530	2	48384540	48390655	+	no_overlap	.	.	.	.	none	.
534	2	52023102	52027674	-	intron	ENST00000440698	ENSG00000231918	.	lncRNA	opposite	.
535	2	52430938	52437869	+	no_overlap	.	.	.	.	none	.
536	2	53755318	53760155	+	exon and intron	ENST00000414369,ENST00000459916,ENST00000263634,ENST00000406053,ENST00000406625,ENST00000470916,ENST00000480522,ENST00000482134,ENST00000482829,ENST00000489508,ENST00000406687,ENST00000394717,ENST00000498475	ENSG00000115239	ASB3	protein_coding	opposite	.
540	2	56719152	56724484	+	no_overlap	.	.	.	.	none	.
542	2	56982216	56985262	-	no_overlap	.	.	.	.	none	.
544	2	57192994	57200209	+	no_overlap	.	.	.	.	none	.
543	2	57227379	57235200	+	no_overlap	.	.	.	.	none	.
546	2	58113431	58119130	-	intron	ENST00000340157,ENST00000412104,ENST00000417641,ENST00000432057,ENST00000435505,ENST00000440705,ENST00000648897	ENSG00000028116	VRK2	protein_coding	opposite	.
547	2	58314209	58322389	+	no_overlap	.	.	.	.	none	.
549	2	60417618	60424938	+	intron	ENST00000650395	ENSG00000228590	MIR4432HG	lncRNA	opposite	.
550	2	62088709	62100497	-	exon and intron	ENST00000425966,ENST00000421323,ENST00000311832,ENST00000427417,ENST00000458337,ENST00000472729	ENSG00000229839,ENSG00000173163	COMMD1	lncRNA,protein_coding	both	.
552	2	63322226	63329541	+	intron	ENST00000272321,ENST00000398544,ENST00000409120,ENST00000409199,ENST00000409354,ENST00000409562	ENSG00000143951	WDPCP	protein_coding	opposite	.
555	2	63988511	63996440	+	intron	ENST00000272322,ENST00000409558	ENSG00000143952	VPS54	protein_coding	opposite	.
557	2	64073266	64080444	-	no_overlap	.	.	.	.	none	.
558	2	64252674	64258565	+	exon and intron	ENST00000674891,ENST00000675238,ENST00000675190,ENST00000675513,ENST00000675176,ENST00000675604,ENST00000662258,ENST00000438115,ENST00000674774,ENST00000691031,ENST00000660901,ENST00000665224,ENST00000671318,ENST00000675228,ENST00000691083,ENST00000674812,ENST00000692955,ENST00000413030,ENST00000449678,ENST00000451350,ENST00000675635,ENST00000685930,ENST00000687330,ENST00000687706,ENST00000688262,ENST00000689166,ENST00000691096,ENST00000691978,ENST00000692126,ENST00000691049	ENSG00000225889	.	lncRNA	same	.
559	2	64886311	64899831	-	no_overlap	.	.	.	.	none	.
560	2	66243884	66249526	+	no_overlap	.	.	.	.	none	.
562	2	67330958	67339594	+	exon and intron	ENST00000693757,ENST00000652561	ENSG00000289533,ENSG00000236780	LINC01829	lncRNA	both	.
565	2	69789471	69799355	-	exon and intron	ENST00000686342,ENST00000692020,ENST00000702970,ENST00000685260,ENST00000687837,ENST00000689941,ENST00000691088,ENST00000693376,ENST00000702944,ENST00000702989,ENST00000692298,ENST00000684858,ENST00000688376,ENST00000690450,ENST00000690676,ENST00000692156,ENST00000684786,ENST00000702948,ENST00000703014,ENST00000692113,ENST00000702919,ENST00000703019,ENST00000460942,ENST00000394295,ENST00000409920,ENST00000460439,ENST00000477632,ENST00000484219,ENST00000487351,ENST00000635311	ENSG00000288869,ENSG00000196975	SMANTIS,ANXA4	lncRNA,protein_coding	both	.
566	2	70620647	70625536	+	intron	ENST00000403045	ENSG00000075340	ADD2	protein_coding	opposite	.
568	2	71020905	71024472	+	exon and intron	ENST00000642062,ENST00000434990	ENSG00000290930,ENSG00000236469	OR7E91P	lncRNA	both	.
567	2	71046741	71050606	+	intron	ENST00000434990	ENSG00000236469	.	lncRNA	opposite	.
569	2	71157775	71165609	-	no_overlap	.	.	.	.	none	.
570	2	71388087	71395557	+	exon and intron	ENST00000410075,ENST00000264447,ENST00000409544,ENST00000491843	ENSG00000075292	ZNF638	protein_coding	same	.
572	2	73627644	73640017	+	no_overlap	.	.	.	.	none	ALMS1
574	2	73687663	73699895	+	exon and intron	ENST00000652439	ENSG00000290727	ALMS1P1	lncRNA	same	.
576	2	75210982	75219555	-	no_overlap	.	.	.	.	none	.
W-76	2	75871688	75879498	+	exon and intron	ENST00000670606	ENSG00000287474	.	lncRNA	same	.
580	2	76573618	76579713	-	no_overlap	.	.	.	.	none	.
582	2	77088081	77093190	+	intron	ENST00000409093,ENST00000409884,ENST00000409911	ENSG00000176204	LRRTM4	protein_coding	opposite	.
583	2	77831425	77836423	+	intron	ENST00000667782	ENSG00000227088	.	lncRNA	opposite	.
584	2	77965121	77971357	+	intron	ENST00000667782	ENSG00000227088	.	lncRNA	opposite	.
585	2	78758342	78764250	+	no_overlap	.	.	.	.	none	.
586	2	79051368	79057086	+	no_overlap	.	.	.	.	none	.
587	2	79092032	79099634	-	no_overlap	.	.	.	.	none	.
W-7	2	79163169	79170353	-	intron	ENST00000415201	ENSG00000224879	.	lncRNA	opposite	.
588	2	79211348	79217561	-	intron	ENST00000466387	ENSG00000066032	CTNNA2	protein_coding	opposite	.
589	2	80173918	80182405	-	intron	ENST00000402739,ENST00000466387,ENST00000496558,ENST00000629316	ENSG00000066032	CTNNA2	protein_coding	opposite	.
591	2	80875807	80879920	-	no_overlap	.	.	.	.	none	.
592	2	81036256	81043919	+	no_overlap	.	.	.	.	none	.
593	2	81650078	81658404	-	no_overlap	.	.	.	.	none	.
594	2	82022840	82031067	+	no_overlap	.	.	.	.	none	.
596	2	83787144	83794480	-	no_overlap	.	.	.	.	none	.
597	2	83873932	83879494	-	no_overlap	.	.	.	.	none	.
600	2	84467987	84476707	-	no_overlap	.	.	.	.	none	.
606	2	88876862	88890156	+	exon and intron	ENST00000390243	ENSG00000211598	IGKV4-1	IG_V_gene	same	.
607	2	89050189	89057157	+	no_overlap	.	.	.	.	none	.
611	2	90143020	90151122	-	no_overlap	.	.	.	.	none	.
W-8	2	96217142	96223325	-	intron	ENST00000665242,ENST00000666290,ENST00000432267,ENST00000659123,ENST00000446816	ENSG00000204685	STARD7-AS1	lncRNA	opposite	.
624	2	97821109	97829456	+	exon and intron	ENST00000446623,ENST00000418629,ENST00000186436	ENSG00000235734,ENSG00000075568	HMGN1P36,TMEM131	processed_pseudogene,protein_coding	both	.
626	2	98752840	98762005	+	exon	ENST00000419865	ENSG00000226791	LINC02611	lncRNA	opposite	.
627	2	99270798	99278498	-	intron	ENST00000424491	ENSG00000241962	.	protein_coding	opposite	.
629	2	99496767	99504336	+	no_overlap	.	.	.	.	none	.
631	2	100362942	100369057	-	no_overlap	.	.	.	.	none	.
634	2	101237558	101245118	+	intron	ENST00000462819,ENST00000463469,ENST00000485851	ENSG00000204634	TBC1D8	protein_coding	opposite	.
637	2	102906877	102913577	-	intron	ENST00000639249,ENST00000640575	ENSG00000170417	TMEM182	protein_coding	opposite	.
639	2	104587505	104593989	-	intron	ENST00000659877	ENSG00000236109	.	lncRNA	opposite	.
642	2	105979106	105986046	-	no_overlap	.	.	.	.	none	.
643	2	105991645	105995245	+	no_overlap	.	.	.	.	none	.
W-77	2	106209212	106215676	+	no_overlap	.	.	.	.	none	.
645	2	107941798	107948357	-	no_overlap	.	.	.	.	none	.
646	2	108523884	108531469	+	intron	ENST00000322353,ENST00000440975	ENSG00000214184	GCC2-AS1	lncRNA	opposite	.
ERVW-13	2	112039344	112044989	-	exon and intron	ENST00000671139	ENSG00000286904	.	lncRNA	same	.
653	2	114311253	114316006	+	no_overlap	.	.	.	.	none	.
654	2	115116051	115124440	-	intron	ENST00000410059,ENST00000409163,ENST00000461250,ENST00000436732,ENST00000393146	ENSG00000175497	DPP10	protein_coding	opposite	.
655	2	116183339	116189716	-	no_overlap	.	.	.	.	none	.
658	2	116252433	116257488	+	no_overlap	.	.	.	.	none	.
657	2	116280393	116290747	+	no_overlap	.	.	.	.	none	.
660	2	117130628	117135078	+	no_overlap	.	.	.	.	none	.
662	2	117278976	117284506	+	no_overlap	.	.	.	.	none	.
667	2	123496268	123500367	-	no_overlap	.	.	.	.	none	.
668	2	123658520	123662113	-	no_overlap	.	.	.	.	none	.
669	2	123686838	123689815	+	no_overlap	.	.	.	.	none	.
673	2	127369874	127377853	+	exon and intron	ENST00000651019,ENST00000682094,ENST00000409947	ENSG00000286145,ENSG00000169967	MAP3K2	lncRNA,protein_coding	both	.
674	2	127616424	127618909	-	intron	ENST00000409816,ENST00000428314	ENSG00000169994	MYO7B	protein_coding	opposite	.
676	2	128036580	128044455	+	no_overlap	.	.	.	.	none	.
679	2	129961896	129969685	-	exon and intron	ENST00000412425,ENST00000433431	ENSG00000290615,ENSG00000225449	RAB6C-AS1	lncRNA,transcribed_unprocessed_pseudogene	same	.
686	2	132139786	132147993	-	exon	ENST00000409867,ENST00000465868,ENST00000470729,ENST00000481691,ENST00000295181	ENSG00000163046	ANKRD30BL	protein_coding	same	.
690	2	134803885	134811555	-	exon and intron	ENST00000668300,ENST00000392929	ENSG00000224043	CCNT2-AS1	lncRNA	same	.
691	2	136071819	136079325	-	exon and intron	ENST00000448672	ENSG00000237262	.	lncRNA	opposite	.
W-9	2	136201885	136203359	-	no_overlap	.	.	.	.	none	.
693	2	137683511	137688455	-	no_overlap	.	.	.	.	none	.
695	2	140426372	140432405	+	intron	ENST00000389484	ENSG00000168702	LRP1B	protein_coding	opposite	.
697	2	142488749	142495328	-	no_overlap	.	.	.	.	none	.
698	2	142900243	142907915	-	intron	ENST00000264170,ENST00000375773,ENST00000409512,ENST00000410015,ENST00000621320,ENST00000424385	ENSG00000115919	KYNU	protein_coding	opposite	.
699	2	142929043	142937291	-	intron	ENST00000410015,ENST00000424385,ENST00000264170,ENST00000375773,ENST00000409512,ENST00000460143,ENST00000612147,ENST00000613664,ENST00000621320	ENSG00000115919	KYNU	protein_coding	opposite	.
700	2	146544822	146549792	-	no_overlap	.	.	.	.	none	.
701	2	146774666	146781265	+	intron	ENST00000696349	ENSG00000231040	LINC01911	lncRNA	same	.
702	2	147311403	147319091	+	no_overlap	.	.	.	.	none	.
704	2	148253644	148259882	-	intron	ENST00000488372,ENST00000635796,ENST00000636948,ENST00000407073,ENST00000478804,ENST00000496158,ENST00000627651,ENST00000636620,ENST00000638043,ENST00000638090,ENST00000642680	ENSG00000204406	MBD5	protein_coding	opposite	.
705	2	149318543	149323292	+	exon	ENST00000427218	ENSG00000224337	FAM8A3P	processed_pseudogene	same	.
707	2	150111624	150117340	+	no_overlap	.	.	.	.	none	.
708	2	150829935	150836450	-	no_overlap	.	.	.	.	none	.
710	2	150955427	150963205	+	no_overlap	.	.	.	.	none	.
711	2	151309244	151313819	+	no_overlap	.	.	.	.	none	.
713	2	152175876	152180478	-	exon and intron	ENST00000652350	ENSG00000286234	.	lncRNA	opposite	.
714	2	152273564	152279762	-	no_overlap	.	.	.	.	none	.
715	2	152701398	152709042	+	intron	ENST00000489741,ENST00000354363,ENST00000410080,ENST00000448428,ENST00000450303,ENST00000493468,ENST00000545856,ENST00000696381,ENST00000696382,ENST00000698772,ENST00000698773	ENSG00000196504	PRPF40A	protein_coding	opposite	.
717	2	152961818	152972054	-	no_overlap	.	.	.	.	none	.
720	2	154584119	154587590	-	no_overlap	.	.	.	.	none	.
721	2	154867348	154874577	+	no_overlap	.	.	.	.	none	.
722	2	155404045	155411417	+	no_overlap	.	.	.	.	none	.
723	2	155920597	155928181	-	no_overlap	.	.	.	.	none	.
724	2	156714290	156725910	-	no_overlap	.	.	.	.	none	.
726	2	158847010	158849245	+	exon and intron	ENST00000671005,ENST00000409042,ENST00000343761	ENSG00000286621,ENSG00000163331	DAPL1	lncRNA,protein_coding	both	.
728	2	158865299	158879717	+	exon and intron	ENST00000671005,ENST00000454836	ENSG00000286621,ENSG00000188668	OR7E90P	lncRNA,unprocessed_pseudogene	both	DAPL1
727	2	158882112	158889851	+	no_overlap	.	.	.	.	none	.
732	2	160080859	160089555	-	no_overlap	.	.	.	.	none	.
734	2	163066653	163077029	+	no_overlap	.	.	.	.	none	.
735	2	164171183	164176445	-	intron	ENST00000429636	ENSG00000237844	.	lncRNA	same	.
736	2	164295825	164301567	+	intron	ENST00000429636	ENSG00000237844	.	lncRNA	opposite	.
737	2	164459139	164463944	+	no_overlap	.	.	.	.	none	.
W-11	2	164657909	164659611	-	intron	ENST00000495084	ENSG00000082438	COBLL1	protein_coding	same	.
HERV-H19a	2	165707552	165716198	-	no_overlap	.	.	.	.	none	.
740	2	166609099	166615061	+	exon and intron	ENST00000650747	ENSG00000136546	SCN7A	protein_coding	opposite	.
744	2	169129439	169137549	+	exon and intron	ENST00000649046,ENST00000649153,ENST00000650252,ENST00000491228	ENSG00000081479	LRP2	protein_coding	opposite	.
745	2	170112249	170116925	+	no_overlap	.	.	.	.	none	.
747	2	170973732	170983386	-	no_overlap	.	.	.	.	none	.
W-12	2	171560035	171562107	-	no_overlap	.	.	.	.	none	.
748	2	172512572	172519738	+	intron	ENST00000442417,ENST00000450443	ENSG00000225205	PDK1-AS1	lncRNA	opposite	.
749	2	172542090	172548758	+	intron	ENST00000442417,ENST00000450443	ENSG00000225205	PDK1-AS1	lncRNA	opposite	.
750	2	174202251	174216415	+	intron	ENST00000429575,ENST00000284719,ENST00000344357,ENST00000409546,ENST00000428402	ENSG00000138430	OLA1	protein_coding	opposite	.
W-78	2	175325141	175326529	+	intron	ENST00000438963,ENST00000653625,ENST00000444567	ENSG00000229066	.	lncRNA	same	.
ERVW-14	2	177409243	177413158	-	intron	ENST00000264167,ENST00000409888,ENST00000460342,ENST00000637633,ENST00000642466,ENST00000679421,ENST00000679459,ENST00000680677,ENST00000680705,ENST00000680770,ENST00000680893,ENST00000680910,ENST00000681032,ENST00000681565,ENST00000681752,ENST00000680155,ENST00000679639,ENST00000681028,ENST00000681449,ENST00000679994,ENST00000680028,ENST00000681891,ENST00000679478	ENSG00000018510	AGPS	protein_coding	opposite	.
W-79	2	178462409	178463544	+	no_overlap	.	.	.	.	none	PJVK
753	2	179051591	179057326	-	no_overlap	.	.	.	.	none	.
755	2	180231670	180239757	+	no_overlap	.	.	.	.	none	.
759	2	183043786	183049651	+	no_overlap	.	.	.	.	none	.
763	2	183885572	183893654	+	no_overlap	.	.	.	.	none	.
765	2	186431385	186438154	+	intron	ENST00000703419	ENSG00000237877	LINC01473	lncRNA	opposite	.
HERVK30	2	186812952	186813479	+	no_overlap	.	.	.	.	none	.
766	2	187169294	187180021	-	intron	ENST00000412276,ENST00000453517	ENSG00000224063	CALCRL-AS1	lncRNA	opposite	.
767	2	187200364	187205857	-	intron	ENST00000412276,ENST00000453517	ENSG00000224063	CALCRL-AS1	lncRNA	opposite	.
768	2	187510608	187516863	+	exon and intron	ENST00000392365,ENST00000409676,ENST00000417013,ENST00000420747,ENST00000435414,ENST00000481132,ENST00000453517,ENST00000412276,ENST00000437725,ENST00000421427,ENST00000453013,ENST00000233156,ENST00000339091	ENSG00000003436,ENSG00000224063	TFPI,CALCRL-AS1	protein_coding,lncRNA	both	.
769	2	187558163	187566109	-	exon and intron	ENST00000421427	ENSG00000003436	TFPI	protein_coding	same	.
770	2	187670206	187676269	-	no_overlap	.	.	.	.	none	.
772	2	188033493	188039156	+	exon and intron	ENST00000686960,ENST00000702947,ENST00000434418	ENSG00000289205,ENSG00000231689	LINC01090	lncRNA	both	.
774	2	188168686	188174691	-	intron	ENST00000632331,ENST00000434418	ENSG00000231689	LINC01090	lncRNA	same	.
775	2	188904227	188909358	-	no_overlap	.	.	.	.	none	.
776	2	192130350	192136106	+	intron	ENST00000272771,ENST00000392314	ENSG00000144339	TMEFF2	protein_coding	opposite	.
777	2	192505922	192517971	+	no_overlap	.	.	.	.	none	.
778	2	192918435	192924800	+	no_overlap	.	.	.	.	none	.
781	2	194087198	194096685	+	no_overlap	.	.	.	.	none	.
780	2	194130055	194136556	-	exon	ENST00000399502	ENSG00000215043	GLULP6	processed_pseudogene	same	.
782	2	194154835	194163158	-	no_overlap	.	.	.	.	none	.
W-13	2	195334675	195340075	-	no_overlap	.	.	.	.	none	.
786	2	196123762	196133033	-	no_overlap	.	.	.	.	none	STK17B
787	2	197578432	197587686	+	intron	ENST00000454447,ENST00000295049,ENST00000494346	ENSG00000162944	RFTN2	protein_coding	opposite	.
788	2	199179578	199186022	+	no_overlap	.	.	.	.	none	.
789	2	199246974	199255234	+	no_overlap	.	.	.	.	none	.
790	2	202498631	202504187	+	intron	ENST00000374574,ENST00000374580	ENSG00000204217	BMPR2	protein_coding	same	.
791	2	203960013	203967570	-	exon	ENST00000316386,ENST00000435193	ENSG00000163600	ICOS	protein_coding	opposite	.
792	2	206253841	206267606	-	exon and intron	ENST00000644292,ENST00000648653,ENST00000624973,ENST00000438508,ENST00000516907	ENSG00000279220,ENSG00000224070,ENSG00000252716	CMKLR2-AS,HMGN1P6,RN7SKP260	lncRNA,processed_pseudogene,misc_RNA	both	.
794	2	206804464	206812627	-	exon and intron	ENST00000661657,ENST00000658291,ENST00000658889	ENSG00000229321	.	lncRNA	opposite	.
795	2	207017217	207024728	+	no_overlap	.	.	.	.	none	.
796	2	208213628	208221940	-	exon and intron	ENST00000413105	ENSG00000228111	TPT1P2	processed_pseudogene	same	.
797	2	208386087	208393926	-	intron	ENST00000617735	ENSG00000144407	PTH2R	protein_coding	opposite	.
800	2	208893767	208905469	+	no_overlap	.	.	.	.	none	.
801	2	209078019	209084644	+	no_overlap	.	.	.	.	none	.
803	2	209299571	209305667	+	exon and intron	ENST00000687320,ENST00000689191	ENSG00000289113	.	lncRNA	same	.
805	2	211259991	211266424	+	no_overlap	.	.	.	.	none	.
806	2	212439250	212445153	+	intron	ENST00000260943,ENST00000342788,ENST00000436443,ENST00000484594	ENSG00000178568	ERBB4	protein_coding	opposite	.
812	2	215089938	215096946	+	intron	ENST00000272895,ENST00000412081	ENSG00000144452	ABCA12	protein_coding	opposite	.
813	2	215922302	215930906	+	no_overlap	.	.	.	.	none	.
W-14	2	217590844	217592765	-	intron	ENST00000474063,ENST00000486365,ENST00000663562,ENST00000676082	ENSG00000231672	DIRC3	lncRNA	same	.
814	2	218108677	218122049	-	no_overlap	.	.	.	.	none	.
817	2	218169169	218179890	-	no_overlap	.	.	.	.	none	.
824	2	222433748	222441169	-	intron	ENST00000321276	ENSG00000163082	SGPP2	protein_coding	opposite	.
826	2	223188765	223195390	-	exon and intron	ENST00000488477	ENSG00000152049	KCNE4	protein_coding	opposite	.
827	2	223295923	223302941	+	no_overlap	.	.	.	.	none	.
829	2	224087352	224093515	-	no_overlap	.	.	.	.	none	.
830	2	224223926	224230340	+	no_overlap	.	.	.	.	none	.
831	2	224296625	224304268	+	no_overlap	.	.	.	.	none	.
833	2	228299892	228309182	-	no_overlap	.	.	.	.	none	.
836	2	231091065	231101400	-	intron	ENST00000678460,ENST00000678679,ENST00000488354,ENST00000308696,ENST00000373635,ENST00000409643,ENST00000431051,ENST00000447633,ENST00000619128,ENST00000676506,ENST00000676739,ENST00000676740,ENST00000676818,ENST00000677000,ENST00000677158,ENST00000677180,ENST00000677195,ENST00000677230,ENST00000677233,ENST00000677259,ENST00000677724,ENST00000678112,ENST00000678140,ENST00000678241,ENST00000678632,ENST00000679034,ENST00000679095	ENSG00000173692	PSMD1	protein_coding	opposite	.
HERVER(HCML-ARV)	2	231401094	231409097	+	exon	ENST00000287590	ENSG00000156966	B3GNT7	protein_coding	same	B3GNT7
838	2	233213614	233217829	-	intron	ENST00000431917	ENSG00000085978	ATG16L1	protein_coding	opposite	.
843	2	237606785	237615508	+	exon and intron	ENST00000417947	ENSG00000227107	.	lncRNA	same	.
844	2	238204718	238211677	-	no_overlap	.	.	.	.	none	.
W-15	2	238980513	238982406	-	no_overlap	.	.	.	.	none	.
845	2	240029813	240045954	+	exon	ENST00000319423,ENST00000641019	ENSG00000182083,ENSG00000178586	OR6B2,OR6B3	protein_coding	opposite	.
846	2	240858104	240867672	+	no_overlap	.	.	.	.	none	.
4798	20	172501	179937	+	no_overlap	.	.	.	.	none	.
4797	20	191329	194116	-	no_overlap	.	.	.	.	none	.
4800	20	468632	472902	-	exon	ENST00000643660,ENST00000217244,ENST00000646561	ENSG00000101266	CSNK2A1	protein_coding	same	CSNK2A1
4801	20	791797	800945	+	no_overlap	.	.	.	.	none	.
4803	20	897123	903148	+	intron	ENST00000381922	ENSG00000101280	ANGPT4	protein_coding	opposite	.
4804	20	1396937	1407244	+	no_overlap	.	.	.	.	none	.
4806	20	1728520	1733344	-	exon and intron	ENST00000671643,ENST00000702291	ENSG00000286288	.	lncRNA	same	.
4807	20	4520499	4529369	+	exon and intron	ENST00000419863	ENSG00000238282	.	lncRNA	same	.
4809	20	5304695	5307873	+	intron	ENST00000217270,ENST00000678059,ENST00000678254	ENSG00000101292	PROKR2	protein_coding	opposite	.
4812	20	12338020	12346131	-	no_overlap	.	.	.	.	none	.
4813	20	12754139	12764427	+	no_overlap	.	.	.	.	none	.
4815	20	13357879	13365558	+	no_overlap	.	.	.	.	none	.
4817	20	15147681	15153521	-	intron	ENST00000217246,ENST00000642719,ENST00000684519	ENSG00000172264	MACROD2	protein_coding	opposite	.
4818	20	15980069	15986191	-	exon and intron	ENST00000656724,ENST00000407045,ENST00000217246,ENST00000402914,ENST00000486914,ENST00000642719,ENST00000684519	ENSG00000286546,ENSG00000172264	MACROD2	lncRNA,protein_coding	both	.
4820	20	16834845	16846370	-	no_overlap	.	.	.	.	none	.
4821	20	18518035	18522594	-	intron	ENST00000262544,ENST00000336714,ENST00000377465,ENST00000450074,ENST00000650089,ENST00000643747	ENSG00000101310	SEC23B	protein_coding	opposite	.
4825	20	19752021	19756780	-	exon	ENST00000598007	ENSG00000268628	.	lncRNA	same	.
4827	20	23468002	23476241	+	exon and intron	ENST00000457644	ENSG00000226344	CST12P	unprocessed_pseudogene	same	.
4828	20	23735862	23742762	+	intron	ENST00000671162,ENST00000652087	ENSG00000286270	.	lncRNA	same	.
4830	20	24919441	24933027	+	exon	ENST00000620459	ENSG00000274173	LINC02967	lncRNA	same	.
4832	20	25394210	25403221	-	intron	ENST00000696810	ENSG00000101003	GINS1	protein_coding	opposite	.
K-46	20	34126942	34136578	+	exon and intron	ENST00000671505	ENSG00000287853	.	lncRNA	same	.
4834	20	38592398	38598803	-	intron	ENST00000688003	ENSG00000289012	.	lncRNA	opposite	.
4837	20	39721011	39727464	+	no_overlap	.	.	.	.	none	.
4838	20	40093102	40099044	+	no_overlap	.	.	.	.	none	.
4839	20	40269046	40275815	+	no_overlap	.	.	.	.	none	.
4841	20	41594585	41602330	+	intron	ENST00000440647,ENST00000373233,ENST00000373222,ENST00000482596	ENSG00000124177	CHD6	protein_coding	opposite	.
4842	20	41684923	41695822	+	exon and intron	ENST00000516577,ENST00000685138,ENST00000691734,ENST00000686898	ENSG00000252386,ENSG00000288843	RNU6-1018P	snRNA,lncRNA	opposite	.
4843	20	44670228	44679205	+	intron	ENST00000415889	ENSG00000132832	.	lncRNA	opposite	.
4846	20	45582672	45588585	-	no_overlap	.	.	.	.	none	.
4847	20	45759319	45766498	+	intron	ENST00000481847	ENSG00000124116	WFDC3	protein_coding	opposite	.
4849	20	49281127	49287343	-	exon and intron	ENST00000623640,ENST00000450535,ENST00000417721,ENST00000652916,ENST00000326677,ENST00000441722,ENST00000371743,ENST00000428008,ENST00000458653,ENST00000659056,ENST00000620594	ENSG00000177410	ZFAS1	lncRNA	opposite	.
4851	20	55027272	55036809	-	no_overlap	.	.	.	.	none	.
4852	20	55347329	55353160	+	no_overlap	.	.	.	.	none	.
4855	21	9146097	9153400	-	no_overlap	.	.	.	.	none	.
4856	21	9301438	9305774	+	no_overlap	.	.	.	.	none	.
4858	21	13051900	13060395	+	exon and intron	ENST00000447861,ENST00000471407,ENST00000435744	ENSG00000290568,ENSG00000224309	ANKRD30BP2	lncRNA,transcribed_unprocessed_pseudogene	same	.
4861	21	13889757	13900479	+	no_overlap	.	.	.	.	none	.
4862	21	14115153	14124623	+	exon and intron	ENST00000690295,ENST00000428809,ENST00000432621,ENST00000344577,ENST00000536861,ENST00000614229,ENST00000679868,ENST00000680487,ENST00000680801,ENST00000681601,ENST00000400211	ENSG00000224905,ENSG00000188992	LIPI	lncRNA,protein_coding	both	.
4864	21	15979607	15985359	-	intron	ENST00000635845,ENST00000701389,ENST00000697819,ENST00000697818,ENST00000698000,ENST00000653129,ENST00000658708,ENST00000666465,ENST00000686312,ENST00000697817,ENST00000697969	ENSG00000215386	MIR99AHG	lncRNA	opposite	.
4865	21	16391942	16397915	-	intron	ENST00000697822,ENST00000655866,ENST00000657408,ENST00000400178,ENST00000419952,ENST00000428669,ENST00000445461,ENST00000456342,ENST00000602339,ENST00000602505,ENST00000602580,ENST00000602901,ENST00000602935,ENST00000635845,ENST00000652811,ENST00000653129,ENST00000653624,ENST00000654360,ENST00000655848,ENST00000656619,ENST00000656642,ENST00000656817,ENST00000657710,ENST00000657745,ENST00000658514,ENST00000658644,ENST00000658708,ENST00000658724,ENST00000660455,ENST00000660532,ENST00000660908,ENST00000661148,ENST00000661403,ENST00000661418,ENST00000661771,ENST00000661987,ENST00000662969,ENST00000663776,ENST00000663968,ENST00000664579,ENST00000665243,ENST00000665282,ENST00000665555,ENST00000666517,ENST00000666636,ENST00000666701,ENST00000666794,ENST00000666860,ENST00000666994,ENST00000667152,ENST00000667199,ENST00000667485,ENST00000667533,ENST00000667703,ENST00000667869,ENST00000668571,ENST00000668889,ENST00000669276,ENST00000670045,ENST00000670108,ENST00000670538,ENST00000670888,ENST00000670980,ENST00000671058,ENST00000671666,ENST00000697817,ENST00000697820,ENST00000697821,ENST00000697823,ENST00000697825,ENST00000697853,ENST00000697871,ENST00000697872,ENST00000697873,ENST00000697875,ENST00000697876,ENST00000697877,ENST00000697933,ENST00000697934,ENST00000697936,ENST00000697937,ENST00000697938,ENST00000697939,ENST00000697940,ENST00000697941,ENST00000697942,ENST00000697943,ENST00000697944,ENST00000697946,ENST00000697947,ENST00000697948,ENST00000697949,ENST00000697950,ENST00000697951,ENST00000697970,ENST00000697972,ENST00000697975,ENST00000697977,ENST00000697979,ENST00000697980,ENST00000697982,ENST00000697984,ENST00000697985,ENST00000697986,ENST00000698000,ENST00000698001,ENST00000698002,ENST00000698003,ENST00000698051,ENST00000698052,ENST00000698061,ENST00000698062,ENST00000698064,ENST00000698065,ENST00000698066,ENST00000698067,ENST00000698068,ENST00000698093,ENST00000698094,ENST00000698109,ENST00000698110,ENST00000698111,ENST00000698122,ENST00000698123,ENST00000698124,ENST00000698161,ENST00000698162,ENST00000698163,ENST00000698165,ENST00000698166,ENST00000701495,ENST00000654997,ENST00000657060,ENST00000619222,ENST00000654176,ENST00000658518,ENST00000662622,ENST00000667804,ENST00000670003,ENST00000670446,ENST00000671437,ENST00000697818,ENST00000697819,ENST00000697874,ENST00000697935,ENST00000697978,ENST00000698049,ENST00000698050,ENST00000698063,ENST00000698121,ENST00000698164,ENST00000663661,ENST00000697870,ENST00000697824,ENST00000413645	ENSG00000215386	MIR99AHG	lncRNA	opposite	.
4866	21	16892209	16898242	+	no_overlap	.	.	.	.	none	.
4867	21	16914120	16919914	+	no_overlap	.	.	.	.	none	.
4868	21	17121595	17129944	+	no_overlap	.	.	.	.	none	.
4869	21	17172735	17190412	+	no_overlap	.	.	.	.	none	.
4870	21	17297247	17306839	+	no_overlap	.	.	.	.	none	.
4873	21	18561003	18570006	-	exon and intron	ENST00000437492,ENST00000671206,ENST00000355189	ENSG00000224141	MIR548XHG	lncRNA	same	.
W-62	21	18752742	18760548	-	exon and intron	ENST00000414582,ENST00000355189,ENST00000437492,ENST00000656413,ENST00000671206,ENST00000653218	ENSG00000224141	MIR548XHG	lncRNA	same	.
4878	21	23962250	23969232	-	exon and intron	ENST00000447405	ENSG00000235564	.	lncRNA	same	.
4881	21	26227876	26233487	-	intron	ENST00000701473	ENSG00000289899	.	lncRNA	same	.
4882	21	26854424	26862444	+	no_overlap	.	.	.	.	none	.
4884	21	27721834	27727634	-	exon and intron	ENST00000411460,ENST00000425376,ENST00000442550	ENSG00000225298	LINC00113	lncRNA	opposite	.
4885	21	28161728	28167804	+	exon and intron	ENST00000433303,ENST00000453420	ENSG00000236532	LINC01695	lncRNA	opposite	.
4886	21	28301126	28307279	+	no_overlap	.	.	.	.	none	.
4890	21	32660558	32664759	+	intron	ENST00000357345,ENST00000382491,ENST00000382499,ENST00000433931,ENST00000630077,ENST00000674204,ENST00000674308,ENST00000674351	ENSG00000159082	SYNJ1	protein_coding	opposite	.
4894	21	36104267	36109979	+	exon and intron	ENST00000422473,ENST00000685204,ENST00000535199	ENSG00000233393,ENSG00000230212	CBR1-AS1	lncRNA	both	.
4895	21	37583710	37592312	-	no_overlap	.	.	.	.	none	.
4896	21	38224030	38229830	-	intron	ENST00000547341,ENST00000549805,ENST00000549158,ENST00000547595,ENST00000548700,ENST00000549932,ENST00000551422	ENSG00000157551	KCNJ15	protein_coding	opposite	.
W-63	21	39739262	39746425	-	exon and intron	ENST00000380588	ENSG00000183067	IGSF5	protein_coding	opposite	.
4902	21	40954513	40960209	+	no_overlap	.	.	.	.	none	.
4905	21	42800845	42806578	-	no_overlap	.	.	.	.	none	.
4906	21	42916752	42925759	-	no_overlap	.	.	.	.	none	.
6261	22	15280409	15291546	-	exon and intron	ENST00000448473,ENST00000623391	ENSG00000236235,ENSG00000280341	.	unprocessed_pseudogene,lncRNA	both	.
6262	22	16611311	16616782	+	exon and intron	ENST00000400593,ENST00000591299,ENST00000592107,ENST00000592918,ENST00000438850,ENST00000588548,ENST00000426585,ENST00000558085	ENSG00000290418,ENSG00000283633,ENSG00000267338	TPTEP1	lncRNA	same	.
K-14	22	18938672	18947848	+	exon and intron	ENST00000638287,ENST00000638240,ENST00000640084,ENST00000623496	ENSG00000284294,ENSG00000283809	.	lncRNA,protein_coding	same	.
6265	22	19936445	19938701	+	exon and intron	ENST00000542719,ENST00000701986,ENST00000400519,ENST00000334363,ENST00000400521,ENST00000474308,ENST00000496729,ENST00000400525	ENSG00000184470,ENSG00000289946	TXNRD2	protein_coding,lncRNA	both	.
6268	22	22452715	22459455	+	no_overlap	.	.	.	.	none	.
6272	22	23538315	23548383	+	exon and intron	ENST00000626825,ENST00000629869,ENST00000627127	ENSG00000280623	PCAT14	lncRNA	same	.
6275	22	30676787	30679926	-	no_overlap	.	.	.	.	none	.
6277	22	32502706	32510981	+	exon	ENST00000358763	ENSG00000185666	SYN3	protein_coding	opposite	FBXO7
W-64	22	33949540	33949999	-	no_overlap	.	.	.	.	none	.
6279	22	34504723	34510781	+	no_overlap	.	.	.	.	none	.
6281	22	34834607	34840026	+	intron	ENST00000668433	ENSG00000286592	LINC02885	lncRNA	opposite	.
6283	22	39052277	39066270	-	exon and intron	ENST00000476513,ENST00000308521	ENSG00000128394	APOBEC3F	protein_coding	opposite	.
6285	22	42104460	42115918	-	exon and intron	ENST00000396387,ENST00000595777,ENST00000600968,ENST00000417327,ENST00000536447,ENST00000434834,ENST00000439129	ENSG00000213790,ENSG00000237037	OLA1P1,NDUFA6-DT	processed_pseudogene,lncRNA	both	.
848	3	440562	446848	-	no_overlap	.	.	.	.	none	.
849	3	848018	853278	+	no_overlap	.	.	.	.	none	.
850	3	888033	896790	-	no_overlap	.	.	.	.	none	.
851	3	980809	988725	-	no_overlap	.	.	.	.	none	.
852	3	1232834	1245014	-	intron	ENST00000350110,ENST00000394261,ENST00000397479,ENST00000446702	ENSG00000134115	CNTN6	protein_coding	opposite	.
856	3	4127290	4137307	+	intron	ENST00000448413	ENSG00000144455	SUMF1	protein_coding	opposite	.
857	3	5140822	5149818	-	intron	ENST00000256496,ENST00000419534,ENST00000444332,ENST00000455168,ENST00000429403	ENSG00000134108	ARL8B	protein_coding	opposite	.
858	3	5691002	5699780	-	no_overlap	.	.	.	.	none	.
859	3	6008569	6017159	+	intron	ENST00000425894	ENSG00000229642	.	lncRNA	same	.
860	3	6397325	6404316	+	no_overlap	.	.	.	.	none	.
862	3	8177023	8183038	+	intron	ENST00000654635,ENST00000659617,ENST00000446281	ENSG00000227110	LMCD1-AS1	lncRNA	opposite	.
863	3	8673867	8677601	+	exon and intron	ENST00000466215,ENST00000317371,ENST00000435138,ENST00000470009,ENST00000464494,ENST00000455157	ENSG00000125046	SSUH2	protein_coding	opposite	.
864	3	9841749	9854710	-	exon and intron	ENST00000484134,ENST00000433972,ENST00000433555,ENST00000451405,ENST00000485705,ENST00000473522,ENST00000383820,ENST00000418713,ENST00000424438,ENST00000427174,ENST00000433535,ENST00000472381,ENST00000475470,ENST00000460909,ENST00000455274	ENSG00000156990,ENSG00000214021	RPUSD3,TTLL3	protein_coding	both	.
865	3	11247257	11254838	-	exon and intron	ENST00000397056,ENST00000431010,ENST00000413416,ENST00000438284	ENSG00000196639	HRH1	protein_coding	opposite	.
867	3	13962998	13973384	-	intron	ENST00000524375,ENST00000530586,ENST00000326972,ENST00000529129,ENST00000532753,ENST00000532880	ENSG00000180438	TPRXL	transcribed_processed_pseudogene	opposite	.
868	3	14039088	14047393	-	exon and intron	ENST00000661964,ENST00000524375,ENST00000532924,ENST00000530586,ENST00000326972,ENST00000529129,ENST00000532753,ENST00000532880,ENST00000528312,ENST00000429201,ENST00000424053,ENST00000637756,ENST00000528067	ENSG00000287059,ENSG00000180438	TPRXL	lncRNA,transcribed_processed_pseudogene	both	.
869	3	14225210	14230183	+	no_overlap	.	.	.	.	none	.
871	3	15103890	15119995	+	no_overlap	.	.	.	.	none	.
872	3	16015595	16024185	-	intron	ENST00000691919,ENST00000702609,ENST00000702645,ENST00000702385	ENSG00000287042	.	lncRNA	opposite	.
874	3	16744035	16753334	+	no_overlap	.	.	.	.	none	.
875	3	16763829	16772531	+	no_overlap	.	.	.	.	none	.
876	3	17774296	17782098	+	intron	ENST00000414318	ENSG00000131374	TBC1D5	protein_coding	opposite	.
877	3	19481979	19490450	-	exon and intron	ENST00000668274,ENST00000328405,ENST00000452398,ENST00000670571	ENSG00000287069,ENSG00000183960	KCNH8	lncRNA,protein_coding	both	.
879	3	19863059	19873478	-	no_overlap	.	.	.	.	none	.
882	3	20269428	20281828	+	intron	ENST00000635369,ENST00000634618	ENSG00000231304	SGO1-AS1	lncRNA	same	.
884	3	20363962	20371446	-	intron	ENST00000634618	ENSG00000231304	SGO1-AS1	lncRNA	opposite	.
886	3	20616327	20619030	-	intron	ENST00000634618	ENSG00000231304	SGO1-AS1	lncRNA	opposite	.
889	3	20967543	20973262	-	intron	ENST00000634837	ENSG00000231304	SGO1-AS1	lncRNA	opposite	.
890	3	21189010	21194217	-	intron	ENST00000634947	ENSG00000282987	.	lncRNA	same	.
894	3	26157597	26165557	-	no_overlap	.	.	.	.	none	.
897	3	26273645	26280860	-	no_overlap	.	.	.	.	none	.
W-151	3	27001023	27006410	+	no_overlap	.	.	.	.	none	.
901	3	27037689	27044517	-	no_overlap	.	.	.	.	none	.
902	3	27600383	27603150	+	no_overlap	.	.	.	.	none	.
906	3	32067466	32076504	+	intron	ENST00000479173	ENSG00000144645	OSBPL10	protein_coding	opposite	.
909	3	32458603	32467714	-	intron	ENST00000487007	ENSG00000153551	CMTM7	protein_coding	opposite	.
911	3	32967571	32973250	+	no_overlap	.	.	.	.	none	.
912	3	33448362	33453503	+	no_overlap	.	.	.	.	none	.
914	3	34518836	34524418	-	intron	ENST00000655650,ENST00000424786,ENST00000660434,ENST00000656055,ENST00000658600,ENST00000659779,ENST00000669904	ENSG00000226320	LINC01811	lncRNA	opposite	.
915	3	34680865	34685086	+	no_overlap	.	.	.	.	none	.
916	3	34799113	34807613	+	no_overlap	.	.	.	.	none	.
917	3	35874402	35880025	-	no_overlap	.	.	.	.	none	.
918	3	36130979	36135476	+	no_overlap	.	.	.	.	none	.
920	3	36335366	36342727	-	no_overlap	.	.	.	.	none	.
921	3	37205387	37210420	+	exon and intron	ENST00000702636	ENSG00000290046	.	lncRNA	same	.
923	3	38071422	38077656	-	intron	ENST00000308059,ENST00000346219,ENST00000440294,ENST00000447130,ENST00000469151	ENSG00000008226	DLEC1	protein_coding	opposite	.
W-16	3	38289416	38297325	-	intron	ENST00000448498,ENST00000466887	ENSG00000144671	SLC22A14	protein_coding	opposite	.
925	3	38422224	38425408	+	no_overlap	.	.	.	.	none	XYLB
926	3	38441200	38444753	-	no_overlap	.	.	.	.	none	.
927	3	39343714	39353493	+	intron	ENST00000655387	ENSG00000287780	.	lncRNA	opposite	.
928	3	39575102	39583622	-	no_overlap	.	.	.	.	none	.
930	3	40560870	40570272	+	intron	ENST00000490457	ENSG00000172888	ZNF621	protein_coding	same	.
934	3	44329727	44340878	-	exon and intron	ENST00000309765,ENST00000607510,ENST00000383746,ENST00000417237,ENST00000494638,ENST00000396078,ENST00000462230,ENST00000412611,ENST00000444602,ENST00000342649,ENST00000431657,ENST00000462612,ENST00000417768	ENSG00000173769,ENSG00000271937,ENSG00000179152	TOPAZ1,TCAIM	protein_coding,lncRNA	both	.
935	3	44542481	44550763	-	no_overlap	.	.	.	.	none	.
936	3	44855960	44861808	-	intron	ENST00000422209	ENSG00000163808	KIF15	protein_coding	opposite	.
938	3	46001398	46007906	+	no_overlap	.	.	.	.	none	.
937	3	46046256	46054342	-	exon and intron	ENST00000683768	ENSG00000173578	XCR1	protein_coding	same	.
939	3	46111370	46118653	-	no_overlap	.	.	.	.	none	.
940	3	46244374	46252065	-	intron	ENST00000357422,ENST00000452454,ENST00000457243,ENST00000484025,ENST00000545097,ENST00000395940	ENSG00000183625	CCR3	protein_coding	opposite	.
941	3	46329667	46332857	-	no_overlap	.	.	.	.	none	.
942	3	46387405	46393402	-	exon and intron	ENST00000691693,ENST00000686150,ENST00000451485,ENST00000701879	ENSG00000223552	CCR5AS	lncRNA	same	.
944	3	46417555	46423902	-	exon and intron	ENST00000635852,ENST00000661642	ENSG00000283646	LINC02009	lncRNA	same	.
943	3	46426676	46433564	+	no_overlap	.	.	.	.	none	.
947	3	48272764	48278859	+	intron	ENST00000427617,ENST00000412564,ENST00000440261,ENST00000448461	ENSG00000164048	ZNF589	protein_coding	same	ZNF589
W-17	3	48330524	48336241	-	exon and intron	ENST00000434006	ENSG00000229453	SPINK8	protein_coding	same	.
948	3	48722937	48730005	-	exon and intron	ENST00000433104	ENSG00000068745	IP6K2	protein_coding	same	.
950	3	49221067	49229119	-	intron	ENST00000493870,ENST00000296449,ENST00000366429,ENST00000438782,ENST00000452691	ENSG00000173421	IHO1	protein_coding	opposite	.
957	3	51741982	51750532	+	no_overlap	.	.	.	.	none	.
958	3	51849802	51857061	+	no_overlap	.	.	.	.	none	.
960	3	54070308	54076496	+	intron	ENST00000666932	ENSG00000286353	.	lncRNA	opposite	.
962	3	54634481	54640204	-	exon and intron	ENST00000583516,ENST00000468658,ENST00000471363,ENST00000474759,ENST00000477024,ENST00000490478	ENSG00000265992,ENSG00000157445	ESRG,CACNA2D3	lncRNA,protein_coding	both	.
965	3	57304051	57310296	+	exon and intron	ENST00000494758,ENST00000351747,ENST00000466540,ENST00000495027	ENSG00000174844	DNAH12	protein_coding	opposite	.
967	3	58585013	58595736	+	exon and intron	ENST00000447756,ENST00000465970,ENST00000474531,ENST00000649301	ENSG00000168309	FAM107A	protein_coding	opposite	.
971	3	67037861	67044184	-	no_overlap	.	.	.	.	none	.
973	3	67833378	67838443	+	intron	ENST00000482677	ENSG00000241316	SUCLG2-DT	lncRNA	same	.
975	3	70433896	70440419	-	intron	ENST00000641053	ENSG00000240405	SAMMSON	lncRNA	opposite	.
976	3	70537122	70540939	-	no_overlap	.	.	.	.	none	.
977	3	72023116	72028917	+	intron	ENST00000666244	ENSG00000241163	LINC00877	lncRNA	opposite	.
978	3	73152820	73159745	-	no_overlap	.	.	.	.	none	.
980	3	74825205	74831248	+	no_overlap	.	.	.	.	none	.
W-18	3	74872831	74878086	-	no_overlap	.	.	.	.	none	.
982	3	75136270	75144660	+	no_overlap	.	.	.	.	none	.
983	3	75360055	75365719	-	exon and intron	ENST00000641370,ENST00000641331	ENSG00000291222	.	lncRNA	same	.
985	3	75551277	75559986	+	intron	ENST00000608389	ENSG00000290410	.	lncRNA	opposite	.
987	3	75602236	75607614	-	no_overlap	.	.	.	.	none	.
988	3	75804822	75808628	-	no_overlap	.	.	.	.	none	.
989	3	76529467	76538616	-	intron	ENST00000471893,ENST00000487694,ENST00000602589,ENST00000696629,ENST00000696630,ENST00000475334	ENSG00000185008	ROBO2	protein_coding	opposite	.
990	3	77919495	77923363	+	no_overlap	.	.	.	.	none	.
991	3	78323941	78332553	+	no_overlap	.	.	.	.	none	.
992	3	78581208	78588919	-	no_overlap	.	.	.	.	none	.
994	3	79051951	79060460	+	intron	ENST00000464233	ENSG00000169855	ROBO1	protein_coding	opposite	.
995	3	79772981	79780773	+	no_overlap	.	.	.	.	none	.
996	3	80307501	80315397	+	no_overlap	.	.	.	.	none	.
997	3	80386504	80389944	+	no_overlap	.	.	.	.	none	.
999	3	82640478	82651810	+	no_overlap	.	.	.	.	none	.
1002	3	83270125	83283646	-	no_overlap	.	.	.	.	none	.
1004	3	84186511	84194839	-	no_overlap	.	.	.	.	none	.
1007	3	86536923	86543598	-	no_overlap	.	.	.	.	none	.
1008	3	86691170	86697005	-	no_overlap	.	.	.	.	none	.
1012	3	87567158	87578578	+	no_overlap	.	.	.	.	none	.
1011	3	87607604	87616289	-	no_overlap	.	.	.	.	none	.
1013	3	87733674	87741290	-	intron	ENST00000462792,ENST00000655850,ENST00000667503	ENSG00000239572	.	lncRNA	same	.
1014	3	87927736	87943931	-	intron	ENST00000319595	ENSG00000179097	HTR1F	protein_coding	opposite	.
1017	3	90083098	90086688	+	no_overlap	.	.	.	.	none	.
1023	3	93938045	93955754	+	intron	ENST00000648381,ENST00000472684,ENST00000348974,ENST00000394236,ENST00000407433,ENST00000647936,ENST00000649103,ENST00000650591,ENST00000648853	ENSG00000184500	PROS1	protein_coding	opposite	.
1024	3	94292380	94301159	+	no_overlap	.	.	.	.	none	.
1025	3	94647906	94654790	+	no_overlap	.	.	.	.	none	.
1027	3	95587595	95595445	-	no_overlap	.	.	.	.	none	.
1031	3	96297744	96307311	+	no_overlap	.	.	.	.	none	.
W-19	3	96666473	96675444	-	no_overlap	.	.	.	.	none	.
1033	3	97269332	97277375	-	intron	ENST00000389672	ENSG00000080224	EPHA6	protein_coding	opposite	.
1035	3	98191272	98198747	+	exon and intron	ENST00000685464,ENST00000689432,ENST00000503164	ENSG00000289078,ENSG00000249321	OR5H5P	lncRNA,unprocessed_pseudogene	same	.
1036	3	98242355	98249303	+	intron	ENST00000508616	ENSG00000251088	.	lncRNA	same	.
1041	3	100442424	100451579	-	intron	ENST00000489752,ENST00000383693,ENST00000466996	ENSG00000206535	LNP1	protein_coding	opposite	.
1043	3	101632044	101642053	+	no_overlap	.	.	.	.	none	.
1045	3	101692113	101701253	+	exon and intron	ENST00000667844,ENST00000685383	ENSG00000244119	PDCL3P4	transcribed_processed_pseudogene	same	.
1046	3	102735684	102742206	+	no_overlap	.	.	.	.	none	.
1047	3	103048258	103057544	-	no_overlap	.	.	.	.	none	.
1048	3	103208974	103215821	+	no_overlap	.	.	.	.	none	.
1049	3	103594505	103600851	-	no_overlap	.	.	.	.	none	.
1051	3	104283482	104286311	-	no_overlap	.	.	.	.	none	.
1054	3	104439932	104445795	-	no_overlap	.	.	.	.	none	.
1056	3	106922751	106928387	-	exon and intron	ENST00000654704,ENST00000662816,ENST00000484698,ENST00000655451,ENST00000656235,ENST00000656342,ENST00000656555,ENST00000657806,ENST00000658929,ENST00000659129,ENST00000659503,ENST00000659605,ENST00000659859,ENST00000660263,ENST00000660353,ENST00000660515,ENST00000660862,ENST00000662123,ENST00000662455,ENST00000664169,ENST00000664426,ENST00000666429,ENST00000666687,ENST00000667805,ENST00000667931,ENST00000668760,ENST00000668928,ENST00000668963,ENST00000670214,ENST00000671604,ENST00000671678,ENST00000671682	ENSG00000242759	LINC00882	lncRNA	same	.
1058	3	107564214	107572787	-	intron	ENST00000458458,ENST00000427402,ENST00000325805,ENST00000402163,ENST00000402543,ENST00000415149,ENST00000416476,ENST00000431630,ENST00000449335,ENST00000454540,ENST00000456419,ENST00000456817,ENST00000485939	ENSG00000114439	BBX	protein_coding	opposite	.
1060	3	110964489	110969942	-	exon and intron	ENST00000690584,ENST00000474769,ENST00000476301,ENST00000485473	ENSG00000289069,ENSG00000242242	NECTIN3-AS1	lncRNA	same	.
1061	3	111523393	111530913	+	intron	ENST00000460744	ENSG00000153283	CD96	protein_coding	same	.
1063	3	112301854	112308520	+	exon and intron	ENST00000498032,ENST00000607456	ENSG00000239482	.	lncRNA	same	.
1064	3	112413019	112423381	-	no_overlap	.	.	.	.	none	.
1066	3	112690298	112701577	+	exon and intron	ENST00000477975	ENSG00000242308	MAT2AP1	unprocessed_pseudogene	opposite	.
K-12	3	113024275	113033435	-	intron	ENST00000460707,ENST00000470313,ENST00000496389,ENST00000686071,ENST00000467342,ENST00000655310,ENST00000700984	ENSG00000240057	NEPRO-AS1	lncRNA	opposite	.
1068	3	113346632	113354655	+	intron	ENST00000393845,ENST00000490481	ENSG00000206530	CFAP44	protein_coding	opposite	.
1069	3	113521756	113529684	-	no_overlap	.	.	.	.	none	.
1073	3	115742107	115757987	+	exon	ENST00000700882	ENSG00000289153	.	lncRNA	opposite	.
1074	3	115789962	115799166	-	exon and intron	ENST00000701165,ENST00000688236,ENST00000701422,ENST00000700882,ENST00000690885	ENSG00000289153	.	lncRNA	same	LSAMP
1075	3	116105361	116111232	-	intron	ENST00000333617,ENST00000474851,ENST00000490035	ENSG00000185565	LSAMP	protein_coding	same	.
1077	3	118842461	118852150	+	no_overlap	.	.	.	.	none	.
1079	3	119683826	119695879	+	no_overlap	.	.	.	.	none	.
1080	3	119978069	119990309	+	exon and intron	ENST00000679337,ENST00000678350,ENST00000678608,ENST00000264235,ENST00000316626,ENST00000650344,ENST00000677128,ENST00000677788,ENST00000678245,ENST00000678439,ENST00000676775,ENST00000678787,ENST00000677878,ENST00000677169,ENST00000678483	ENSG00000288667,ENSG00000082701,ENSG00000288662	GSK3B	lncRNA,protein_coding	opposite	.
1081	3	120038401	120045736	+	exon and intron	ENST00000491262,ENST00000677169,ENST00000678483,ENST00000677128,ENST00000679131,ENST00000264235,ENST00000316626,ENST00000650344,ENST00000677530,ENST00000677788,ENST00000678245,ENST00000678439,ENST00000677034	ENSG00000241546,ENSG00000082701,ENSG00000288662	RFKP3,GSK3B	processed_pseudogene,protein_coding,lncRNA	both	.
1083	3	120489513	120496605	+	intron	ENST00000659560	ENSG00000286735	.	lncRNA	same	.
1084	3	120616845	120623596	-	no_overlap	.	.	.	.	none	.
1086	3	121069122	121079507	-	intron	ENST00000273666,ENST00000461772,ENST00000471262,ENST00000471454,ENST00000472879,ENST00000492541,ENST00000497029,ENST00000707001	ENSG00000145087	STXBP5L	protein_coding	opposite	.
1090	3	121396265	121398658	-	intron	ENST00000273666,ENST00000471262,ENST00000471454,ENST00000472879,ENST00000492541,ENST00000497029,ENST00000707001,ENST00000666486	ENSG00000145087,ENSG00000287022	STXBP5L	protein_coding,lncRNA	both	.
1091	3	121603091	121615941	-	intron	ENST00000338040	ENSG00000163833	FBXO40	protein_coding	opposite	.
1094	3	124752567	124758183	-	no_overlap	.	.	.	.	none	ITGB5
1096	3	125695362	125698911	+	no_overlap	.	.	.	.	none	.
1098	3	125717295	125722966	+	no_overlap	.	.	.	.	none	.
1097	3	125740221	125745590	+	no_overlap	.	.	.	.	none	.
1100	3	125863795	125869503	+	exon and intron	ENST00000616043,ENST00000487446,ENST00000657594,ENST00000664857,ENST00000468859,ENST00000601985,ENST00000599350,ENST00000594843,ENST00000625484	ENSG00000241288,ENSG00000241278	LINC02614,ENPP7P4	lncRNA,transcribed_unprocessed_pseudogene	both	.
K-19	3	125890457	125899596	+	intron	ENST00000664857,ENST00000487446,ENST00000628013,ENST00000626334,ENST00000625484	ENSG00000241288,ENSG00000241278	LINC02614,ENPP7P4	lncRNA,transcribed_unprocessed_pseudogene	both	.
1104	3	126093176	126102115	+	exon and intron	ENST00000507924,ENST00000509064,ENST00000508835,ENST00000507008	ENSG00000250012,ENSG00000114544	SLC41A3-AS1,SLC41A3	lncRNA,protein_coding	both	.
1108	3	127892821	127899641	+	intron	ENST00000648300	ENSG00000074416	MGLL	protein_coding	opposite	.
1110	3	128828221	128834858	-	no_overlap	.	.	.	.	none	.
1109	3	128836994	128842027	-	no_overlap	.	.	.	.	none	.
1111	3	128854507	128860206	-	exon and intron	ENST00000703686,ENST00000567253,ENST00000703685	ENSG00000290242,ENSG00000261159,ENSG00000290241	.	lncRNA	both	.
1112	3	128919295	128929231	+	exon and intron	ENST00000681583,ENST00000511438,ENST00000637488,ENST00000645291,ENST00000669741	ENSG00000177646,ENSG00000114656	ACAD9,CFAP92	protein_coding	both	ACAD9
1113	3	128959810	128965383	+	intron	ENST00000511438,ENST00000511204,ENST00000645291	ENSG00000114656	CFAP92	protein_coding	opposite	.
1114	3	129168484	129171834	-	exon and intron	ENST00000422453,ENST00000502976,ENST00000446936,ENST00000451728,ENST00000500450,ENST00000504813,ENST00000441626,ENST00000502372,ENST00000512338,ENST00000507573	ENSG00000169714	CNBP	protein_coding	same	.
1115	3	129901264	129907244	+	exon and intron	ENST00000605698,ENST00000605830,ENST00000671446,ENST00000686063,ENST00000603884,ENST00000653304,ENST00000604747,ENST00000690344	ENSG00000271270	TMCC1-DT	lncRNA	same	.
1116	3	130024230	130029463	-	no_overlap	.	.	.	.	none	.
1117	3	130059216	130064971	+	no_overlap	.	.	.	.	none	.
1118	3	130141302	130147638	-	intron	ENST00000665912,ENST00000670900,ENST00000668664	ENSG00000249846	LINC02021	lncRNA	opposite	.
1119	3	130176661	130184109	-	exon and intron	ENST00000702493,ENST00000671047,ENST00000670900	ENSG00000288111,ENSG00000249846	LINC02021	lncRNA	opposite	.
1120	3	130444247	130453246	-	intron	ENST00000312481,ENST00000373157,ENST00000512482,ENST00000512836	ENSG00000172752	COL6A5	protein_coding	opposite	.
W-20	3	131196859	131199106	-	intron	ENST00000383366,ENST00000508196,ENST00000510474,ENST00000510688,ENST00000510769,ENST00000510823,ENST00000514915	ENSG00000114670	NEK11	protein_coding	opposite	.
1122	3	131510662	131514160	-	intron	ENST00000661875,ENST00000669677,ENST00000662605,ENST00000666150,ENST00000660541,ENST00000655982,ENST00000653985,ENST00000655300,ENST00000663361,ENST00000666946	ENSG00000248468	.	lncRNA	opposite	.
1124	3	132296070	132303493	-	no_overlap	.	.	.	.	none	.
1127	3	133429747	133437214	+	intron	ENST00000302334,ENST00000515542	ENSG00000170819,ENSG00000249993	BFSP2,BFSP2-AS1	protein_coding,lncRNA	both	.
1128	3	134020019	134027485	+	intron	ENST00000310926,ENST00000462770,ENST00000478651,ENST00000481359,ENST00000493729,ENST00000478662,ENST00000464676	ENSG00000174640	SLCO2A1	protein_coding	opposite	.
W-82	3	135935347	135938908	+	no_overlap	.	.	.	.	none	.
1130	3	136217440	136223584	-	no_overlap	.	.	.	.	none	.
1132	3	137595585	137602352	+	no_overlap	.	.	.	.	none	.
1136	3	140872141	140879194	+	no_overlap	.	.	.	.	none	.
1138	3	141205015	141211726	+	no_overlap	.	.	.	.	none	.
ERVW-3-2013	3	141819788	141821513	+	no_overlap	.	.	.	.	none	GRK7
W-83	3	142438177	142443654	+	intron	ENST00000264951,ENST00000392981,ENST00000463916,ENST00000470537,ENST00000486211,ENST00000465074	ENSG00000114127	XRN1	protein_coding	opposite	.
1143	3	143797678	143805775	+	intron	ENST00000474151,ENST00000316549,ENST00000474727	ENSG00000181804	SLC9A9	protein_coding	opposite	.
1148	3	144900720	144908765	-	no_overlap	.	.	.	.	none	.
1149	3	145112475	145119227	+	no_overlap	.	.	.	.	none	.
1151	3	145551227	145556922	-	no_overlap	.	.	.	.	none	.
ERVH3q24	3	145710494	145716095	+	no_overlap	.	.	.	.	none	.
1153	3	145748676	145755946	+	no_overlap	.	.	.	.	none	.
1156	3	146333467	146339816	+	no_overlap	.	.	.	.	none	.
1154	3	146353853	146359465	+	no_overlap	.	.	.	.	none	.
1155	3	146362289	146366792	+	no_overlap	.	.	.	.	none	.
1157	3	146407145	146411603	-	intron	ENST00000463633,ENST00000490344,ENST00000482888	ENSG00000163746,ENSG00000241358	PLSCR2	protein_coding,transcribed_processed_pseudogene	same	.
1158	3	147717741	147725798	+	intron	ENST00000693447,ENST00000689363	ENSG00000289451	.	lncRNA	opposite	.
1159	3	147877266	147884289	-	no_overlap	.	.	.	.	none	.
1161	3	148128357	148136351	+	no_overlap	.	.	.	.	none	.
1160	3	148151528	148157665	+	no_overlap	.	.	.	.	none	.
1162	3	148414236	148420100	+	intron	ENST00000648979	ENSG00000285557	.	lncRNA	opposite	.
1163	3	148552181	148567777	-	intron	ENST00000648979	ENSG00000285557	.	lncRNA	same	.
1164	3	148570643	148578146	+	intron	ENST00000648979	ENSG00000285557	.	lncRNA	opposite	.
1166	3	149287866	149295516	+	exon and intron	ENST00000482639,ENST00000489011	ENSG00000240216,ENSG00000244468	CPHL1P,TM4SF18-AS1	transcribed_unitary_pseudogene,lncRNA	both	.
1168	3	149752187	149761298	-	exon and intron	ENST00000490008,ENST00000469896,ENST00000473414,ENST00000483708,ENST00000491617,ENST00000463077,ENST00000446160	ENSG00000114744,ENSG00000206199	COMMD2,ANKUB1	protein_coding	same	ANKUB1
1170	3	150856939	150862604	+	intron	ENST00000663257,ENST00000476886	ENSG00000244265,ENSG00000239265	SIAH2-AS1,CLRN1-AS1	lncRNA	same	.
1171	3	151465883	151475799	+	no_overlap	.	.	.	.	none	.
1174	3	151665733	151669272	-	no_overlap	.	.	.	.	none	.
1175	3	151702443	151705104	+	no_overlap	.	.	.	.	none	.
1176	3	151806148	151812025	+	exon and intron	ENST00000485020,ENST00000483843,ENST00000475855	ENSG00000290514,ENSG00000242908	AADACL2-AS1	lncRNA	both	.
1178	3	152559624	152565247	+	no_overlap	.	.	.	.	none	.
1179	3	152596603	152605968	+	no_overlap	.	.	.	.	none	.
1180	3	153227332	153232106	-	no_overlap	.	.	.	.	none	.
1182	3	153820581	153829132	-	intron	ENST00000488210	ENSG00000238755	LINC02006	lncRNA	same	.
1184	3	154366897	154378402	+	intron	ENST00000389740	ENSG00000174948	GPR149	protein_coding	opposite	.
W-84	3	154978074	154979301	+	no_overlap	.	.	.	.	none	.
1186	3	155273425	155280798	-	no_overlap	.	.	.	.	none	.
1188	3	156620460	156626567	+	no_overlap	.	.	.	.	none	.
1189	3	157579427	157587863	-	exon and intron	ENST00000670759,ENST00000461040,ENST00000651011,ENST00000651329	ENSG00000286892,ENSG00000174899	SLC66A1L	lncRNA,transcribed_unitary_pseudogene	both	.
1194	3	161719767	161728303	-	intron	ENST00000665274	ENSG00000288087	.	lncRNA	opposite	.
1196	3	161847676	161851962	-	no_overlap	.	.	.	.	none	.
1197	3	161974609	161978770	-	no_overlap	.	.	.	.	none	.
1198	3	162044735	162052582	-	no_overlap	.	.	.	.	none	.
1199	3	162154681	162159189	-	no_overlap	.	.	.	.	none	.
1200	3	162323662	162330878	+	no_overlap	.	.	.	.	none	.
1201	3	162576246	162588011	+	no_overlap	.	.	.	.	none	.
1202	3	162712590	162718243	+	no_overlap	.	.	.	.	none	.
1203	3	162722650	162727081	-	no_overlap	.	.	.	.	none	.
1205	3	163691959	163698982	-	no_overlap	.	.	.	.	none	.
1206	3	163804218	163810425	+	no_overlap	.	.	.	.	none	.
1208	3	163907529	163917444	+	no_overlap	.	.	.	.	none	.
1209	3	164017708	164026159	-	no_overlap	.	.	.	.	none	.
1210	3	164216083	164220126	-	no_overlap	.	.	.	.	none	.
1211	3	164334100	164341632	-	no_overlap	.	.	.	.	none	.
1212	3	164342191	164347864	-	no_overlap	.	.	.	.	none	.
1216	3	164813384	164818652	+	intron	ENST00000497379	ENSG00000241767	LINC01324	lncRNA	opposite	.
1217	3	165620766	165623493	-	intron	ENST00000496693,ENST00000651449	ENSG00000244128	LINC01322	lncRNA	opposite	.
1219	3	166499437	166506425	-	no_overlap	.	.	.	.	none	.
1220	3	166822765	166829672	-	no_overlap	.	.	.	.	none	.
1223	3	167177008	167183906	-	no_overlap	.	.	.	.	none	.
1224	3	167266301	167274617	+	intron	ENST00000492642,ENST00000464922,ENST00000494898,ENST00000307529,ENST00000392764,ENST00000392766,ENST00000392767,ENST00000455345,ENST00000465071,ENST00000674903,ENST00000675490	ENSG00000169064	ZBBX	protein_coding	opposite	.
1225	3	167422681	167431167	+	no_overlap	.	.	.	.	none	.
1227	3	168562104	168571031	-	intron	ENST00000431685,ENST00000506760	ENSG00000206120	EGFEM1P	transcribed_unitary_pseudogene	opposite	.
1229	3	170671661	170678282	-	intron	ENST00000486975,ENST00000480067,ENST00000644993	ENSG00000285218,ENSG00000285051	SLC7A14-AS1	protein_coding,lncRNA	opposite	.
1230	3	170681795	170689384	-	intron	ENST00000486975,ENST00000480067,ENST00000644993	ENSG00000285218,ENSG00000285051	SLC7A14-AS1	protein_coding,lncRNA	opposite	.
1233	3	170815976	170824559	-	intron	ENST00000486975,ENST00000644993	ENSG00000285218,ENSG00000285051	SLC7A14-AS1	protein_coding,lncRNA	opposite	.
1234	3	171576671	171582177	+	no_overlap	.	.	.	.	none	.
1236	3	172719013	172730461	+	exon and intron	ENST00000663800	ENSG00000287012	.	lncRNA	same	.
1237	3	173155215	173161544	-	intron	ENST00000447709	ENSG00000237473	.	lncRNA	opposite	.
1239	3	173275812	173281646	+	intron	ENST00000447709	ENSG00000237473	.	lncRNA	same	.
1242	3	175053398	175055792	-	intron	ENST00000434257,ENST00000454872,ENST00000485853,ENST00000473253	ENSG00000177694	NAALADL2	protein_coding	opposite	.
1244	3	175827525	175836206	+	no_overlap	.	.	.	.	none	.
1245	3	176062508	176071373	+	exon	ENST00000416584,ENST00000604457	ENSG00000236357,ENSG00000271413	EI24P1,EI24P6	processed_pseudogene	both	.
1246	3	176321617	176327363	-	exon and intron	ENST00000690443,ENST00000693515,ENST00000687649	ENSG00000288895	.	lncRNA	same	.
1247	3	176505837	176515568	-	exon and intron	ENST00000636162,ENST00000652470	ENSG00000283333,ENSG00000223715	MIR7977,LINC01208	miRNA,lncRNA	both	.
1248	3	177657043	177671140	-	exon and intron	ENST00000661450,ENST00000439009,ENST00000661409,ENST00000442937,ENST00000445673,ENST00000656037,ENST00000665837,ENST00000671331	ENSG00000228221	LINC00578	lncRNA	opposite	.
1249	3	178207466	178214645	+	intron	ENST00000685251,ENST00000701503,ENST00000651749,ENST00000439810,ENST00000414475	ENSG00000223930	.	lncRNA	opposite	.
1250	3	179055106	179062330	+	intron	ENST00000311417,ENST00000414084,ENST00000432729,ENST00000652290	ENSG00000172667	ZMAT3	protein_coding	opposite	.
1251	3	179515304	179527182	+	no_overlap	.	.	.	.	none	.
1256	3	185014728	185019517	-	intron	ENST00000287546,ENST00000436792,ENST00000446204,ENST00000492449,ENST00000625842	ENSG00000156931	VPS8	protein_coding	opposite	.
1257	3	185105202	185111049	+	intron	ENST00000335012	ENSG00000187068	C3orf70	protein_coding	opposite	.
1259	3	185372295	185380593	-	intron	ENST00000265026,ENST00000438053,ENST00000424227,ENST00000447637,ENST00000446828,ENST00000428617,ENST00000433092,ENST00000443863	ENSG00000073803	MAP3K13	protein_coding	opposite	.
K-15	3	185562546	185571727	-	no_overlap	.	.	.	.	none	.
1262	3	186657773	186669162	+	exon and intron	ENST00000468154,ENST00000428501,ENST00000455926,ENST00000232003,ENST00000626006,ENST00000627830,ENST00000625303,ENST00000625826,ENST00000629106,ENST00000630864,ENST00000625877,ENST00000495413,ENST00000630315,ENST00000630726,ENST00000626649,ENST00000629451,ENST00000627469,ENST00000625741,ENST00000626845,ENST00000628253,ENST00000630331,ENST00000630178,ENST00000625386,ENST00000626633,ENST00000628505,ENST00000628190	ENSG00000113905,ENSG00000197099	HRG,HRG-AS1	protein_coding,lncRNA	both	.
1264	3	186865306	186875043	+	no_overlap	.	.	.	.	none	.
1265	3	187174195	187181059	-	exon and intron	ENST00000433055	ENSG00000163923	RPL39L	protein_coding	same	.
1266	3	187463746	187472000	-	no_overlap	.	.	.	.	none	.
1267	3	190144599	190152062	+	exon and intron	ENST00000412203,ENST00000691942	ENSG00000225764	P3H2-AS1	lncRNA	same	.
1268	3	190920159	190928374	+	no_overlap	.	.	.	.	none	.
1269	3	190987336	190994562	-	no_overlap	.	.	.	.	none	.
1271	3	191185384	191191000	+	no_overlap	.	.	.	.	none	.
W-86	3	191658782	191665592	+	no_overlap	.	.	.	.	none	.
1274	3	191892185	191901268	-	no_overlap	.	.	.	.	none	.
1275	3	192069187	192076868	-	no_overlap	.	.	.	.	none	.
1276	3	192995635	193001828	+	no_overlap	.	.	.	.	none	.
1278	3	193599955	193613333	-	exon and intron	ENST00000419435,ENST00000643329,ENST00000644841,ENST00000361150,ENST00000361510,ENST00000361715,ENST00000361828,ENST00000361908,ENST00000392436,ENST00000392437,ENST00000642445,ENST00000642593,ENST00000644595,ENST00000645553,ENST00000646085,ENST00000646277,ENST00000646793,ENST00000643737	ENSG00000198836	OPA1	protein_coding	opposite	.
1280	3	196520030	196525494	+	no_overlap	.	.	.	.	none	.
1281	3	197242999	197248821	-	intron	ENST00000453607,ENST00000654733,ENST00000658155,ENST00000661808,ENST00000665728,ENST00000669332,ENST00000669714,ENST00000670366,ENST00000660432,ENST00000661440,ENST00000346964,ENST00000357674,ENST00000392380,ENST00000392381,ENST00000392382,ENST00000419227,ENST00000419354,ENST00000419553,ENST00000422288,ENST00000436682,ENST00000448528,ENST00000450955,ENST00000456699,ENST00000471733,ENST00000485409,ENST00000654737,ENST00000655488,ENST00000656087,ENST00000656944,ENST00000657381,ENST00000658701,ENST00000659221,ENST00000659716,ENST00000660898,ENST00000661013,ENST00000661229,ENST00000661336,ENST00000661453,ENST00000662727,ENST00000663148,ENST00000664564,ENST00000664991,ENST00000666007,ENST00000667104,ENST00000667157,ENST00000667971,ENST00000669565,ENST00000670455,ENST00000670935,ENST00000671185	ENSG00000075711	DLG1	protein_coding	same	.
W-23	4	191761	197074	-	intron	ENST00000642529	ENSG00000250312	ZNF718	protein_coding	opposite	.
1284	4	240027	246321	+	intron	ENST00000356347,ENST00000398732	ENSG00000290382,ENSG00000198155	ZNF876P	lncRNA,transcribed_unprocessed_pseudogene	same	.
1285	4	399611	409299	-	intron	ENST00000631198	ENSG00000281016	.	lncRNA	opposite	.
1286	4	3046336	3056570	-	exon and intron	ENST00000664062,ENST00000657282,ENST00000660368,ENST00000647962,ENST00000649900,ENST00000680239,ENST00000680360,ENST00000680956,ENST00000681528	ENSG00000251075,ENSG00000197386	HTT-AS,HTT	lncRNA,protein_coding	both	.
1287	4	3453922	3459728	+	no_overlap	.	.	.	.	none	.
1288	4	3893384	3896665	-	no_overlap	.	.	.	.	none	.
K-35	4	3977322	3986912	-	no_overlap	.	.	.	.	none	.
1290	4	3999151	4005713	-	no_overlap	.	.	.	.	none	.
1291	4	4042122	4049022	-	exon	ENST00000641316	ENSG00000290888	.	lncRNA	same	.
1296	4	4130683	4133908	-	no_overlap	.	.	.	.	none	.
1294	4	4163945	4170548	-	no_overlap	.	.	.	.	none	.
ERVW-15	4	8420363	8427765	+	intron	ENST00000514423,ENST00000503233,ENST00000356406,ENST00000413009	ENSG00000087008	ACOX3	protein_coding	opposite	.
1298	4	8482382	8488709	-	exon and intron	ENST00000528132,ENST00000531038,ENST00000511366	ENSG00000205959,ENSG00000155275	TRMT44	lncRNA,protein_coding	opposite	.
1300	4	8942270	8947865	+	no_overlap	.	.	.	.	none	.
1299	4	8973525	8977087	+	no_overlap	.	.	.	.	none	.
1302	4	9094449	9108450	+	intron	ENST00000659603,ENST00000504828,ENST00000666840	ENSG00000288075,ENSG00000249767	ENPP7P10	lncRNA,unprocessed_pseudogene	both	.
1303	4	9121944	9131359	+	exon and intron	ENST00000664986,ENST00000668176,ENST00000659603,ENST00000504828,ENST00000666840	ENSG00000288075,ENSG00000249767	ENPP7P10	lncRNA,unprocessed_pseudogene	both	.
1309	4	9451189	9455960	+	no_overlap	.	.	.	.	none	DEFB131A
1308	4	9476816	9480370	+	no_overlap	.	.	.	.	none	.
1310	4	9505688	9519520	+	exon	ENST00000511021	ENSG00000249866	OR7E83P	unprocessed_pseudogene	same	.
1313	4	9638436	9647147	+	exon and intron	ENST00000653847	ENSG00000287117	.	lncRNA	opposite	.
K-36	4	9657954	9667550	+	intron	ENST00000653847	ENSG00000287117	.	lncRNA	opposite	.
1315	4	9760951	9765008	+	no_overlap	.	.	.	.	none	.
1316	4	10170013	10172994	-	no_overlap	.	.	.	.	none	.
1317	4	10298527	10302998	-	no_overlap	.	.	.	.	none	.
1321	4	11653551	11659272	-	intron	ENST00000510095	ENSG00000249631	.	lncRNA	opposite	.
1323	4	11806449	11813044	+	intron	ENST00000510095,ENST00000668579	ENSG00000249631	.	lncRNA	same	.
1324	4	12363875	12370411	+	no_overlap	.	.	.	.	none	.
1325	4	14169934	14175976	-	intron	ENST00000514863	ENSG00000249988	.	lncRNA	opposite	.
1329	4	16997746	17003973	+	intron	ENST00000511735	ENSG00000249998	.	lncRNA	opposite	.
1334	4	19887556	19893078	+	intron	ENST00000511431,ENST00000655810	ENSG00000248515	.	lncRNA	same	.
1335	4	20192759	20198283	+	no_overlap	.	.	.	.	none	.
1336	4	20629769	20635978	-	no_overlap	.	.	.	.	none	.
1339	4	22599562	22605466	+	no_overlap	.	.	.	.	none	.
1342	4	23722376	23727827	-	exon and intron	ENST00000507666,ENST00000514290	ENSG00000251292,ENSG00000250137	ERVH-1	lncRNA	both	.
1343	4	24323422	24328998	+	exon	ENST00000701499	ENSG00000289902	.	lncRNA	same	.
1347	4	24500974	24508027	+	no_overlap	.	.	.	.	none	.
1349	4	24965776	24971666	+	intron	ENST00000324309,ENST00000389609	ENSG00000181982	CCDC149	protein_coding	opposite	.
1350	4	25238664	25247155	-	intron	ENST00000264864,ENST00000512921	ENSG00000038210	PI4K2B	protein_coding	opposite	.
1351	4	27974870	27981380	+	exon and intron	ENST00000653771,ENST00000509666	ENSG00000251410	.	lncRNA	opposite	.
1352	4	28303092	28310170	+	no_overlap	.	.	.	.	none	.
1356	4	31605212	31611533	+	no_overlap	.	.	.	.	none	.
1359	4	32322906	32328769	+	no_overlap	.	.	.	.	none	.
1362	4	33730341	33736918	-	no_overlap	.	.	.	.	none	.
W-87	4	33741504	33743350	+	no_overlap	.	.	.	.	none	.
1366	4	35018130	35022409	-	no_overlap	.	.	.	.	none	.
1365	4	35100552	35108982	+	no_overlap	.	.	.	.	none	.
1368	4	35140072	35149080	+	no_overlap	.	.	.	.	none	.
1370	4	35338848	35345580	+	no_overlap	.	.	.	.	none	.
1371	4	35855427	35864930	-	no_overlap	.	.	.	.	none	.
1372	4	36432084	36445064	-	no_overlap	.	.	.	.	none	.
1374	4	36905751	36913355	+	exon and intron	ENST00000661752	ENSG00000287416	.	lncRNA	opposite	.
1376	4	37545756	37552478	+	intron	ENST00000381980,ENST00000508175	ENSG00000154274	C4orf19	protein_coding	same	.
1378	4	39485145	39490242	+	no_overlap	.	.	.	.	none	LIAS
1379	4	39539258	39544115	-	exon and intron	ENST00000662380,ENST00000504032	ENSG00000287262,ENSG00000249348	UGDH-AS1	lncRNA	both	SMIM14
1383	4	42280998	42290046	-	exon and intron	ENST00000503321,ENST00000685812	ENSG00000250781,ENSG00000289643	.	lncRNA	same	.
1386	4	43444311	43450609	-	no_overlap	.	.	.	.	none	.
1385	4	43468814	43472830	+	intron	ENST00000508563	ENSG00000248143	LINC02383	lncRNA	opposite	.
1387	4	44820275	44828664	-	no_overlap	.	.	.	.	none	.
1388	4	44986713	44997578	+	exon	ENST00000617640	ENSG00000275959	.	processed_pseudogene	same	.
1389	4	45042047	45049024	+	intron	ENST00000515623	ENSG00000248744	.	lncRNA	same	.
1390	4	45320085	45331835	-	exon and intron	ENST00000503971	ENSG00000248320	THAP12P9	processed_pseudogene	same	.
1392	4	45531369	45536823	+	no_overlap	.	.	.	.	none	.
1393	4	45607745	45612818	+	no_overlap	.	.	.	.	none	.
1396	4	46516560	46526518	-	no_overlap	.	.	.	.	none	.
1398	4	46859705	46867656	+	intron	ENST00000396533,ENST00000543208,ENST00000505102,ENST00000355591	ENSG00000170516	COX7B2	protein_coding	opposite	.
1405	4	53236810	53255667	-	intron	ENST00000388940,ENST00000401642	ENSG00000184178	SCFD2	protein_coding	same	.
1406	4	53483029	53494214	+	intron	ENST00000263925,ENST00000306888,ENST00000507166	ENSG00000072201,ENSG00000282278	LNX1	protein_coding	both	.
1407	4	54020047	54025559	+	intron	ENST00000512964,ENST00000263921,ENST00000510894,ENST00000507166	ENSG00000109220,ENSG00000282278	CHIC2	protein_coding	both	.
1412	4	55938234	55948225	-	exon and intron	ENST00000669835	ENSG00000287382	.	lncRNA	same	.
1414	4	58292290	58295878	-	no_overlap	.	.	.	.	none	.
1413	4	58306083	58309619	+	no_overlap	.	.	.	.	none	.
1417	4	58458021	58466147	+	no_overlap	.	.	.	.	none	.
1419	4	61763570	61769538	-	exon and intron	ENST00000693254,ENST00000687859,ENST00000686538,ENST00000687980,ENST00000691227,ENST00000692606,ENST00000504896,ENST00000506700,ENST00000506720,ENST00000506746,ENST00000507164,ENST00000507625,ENST00000508693,ENST00000508946,ENST00000509896,ENST00000511324,ENST00000512091,ENST00000514157,ENST00000514591,ENST00000514996,ENST00000683033	ENSG00000289308,ENSG00000150471	ADGRL3	lncRNA,protein_coding	both	.
1420	4	62161514	62167023	+	exon and intron	ENST00000506704,ENST00000509461,ENST00000504135,ENST00000702460,ENST00000676649,ENST00000687436	ENSG00000248692,ENSG00000288659	ADGRL3-AS1	lncRNA	both	.
1422	4	62417949	62424697	-	no_overlap	.	.	.	.	none	.
1424	4	62971016	62976546	+	no_overlap	.	.	.	.	none	.
1425	4	63053093	63062446	+	no_overlap	.	.	.	.	none	.
1426	4	63184691	63192967	+	no_overlap	.	.	.	.	none	.
1427	4	63574221	63578474	-	no_overlap	.	.	.	.	none	.
1428	4	63996467	64001319	-	no_overlap	.	.	.	.	none	.
1429	4	64142255	64145477	-	no_overlap	.	.	.	.	none	.
1434	4	64562732	64569783	+	no_overlap	.	.	.	.	none	.
1435	4	64711939	64719469	-	no_overlap	.	.	.	.	none	.
1436	4	64725818	64735619	+	no_overlap	.	.	.	.	none	.
1437	4	65807714	65815675	+	no_overlap	.	.	.	.	none	.
1438	4	67266724	67281328	-	no_overlap	.	.	.	.	none	.
1439	4	67450492	67463204	+	exon and intron	ENST00000652065,ENST00000502400	ENSG00000250075	.	lncRNA	opposite	.
1440	4	68029330	68036051	+	intron	ENST00000500538,ENST00000667140,ENST00000663060	ENSG00000248049	UBA6-DT	lncRNA	same	.
1444	4	68570071	68576698	-	exon and intron	ENST00000317746,ENST00000684088	ENSG00000197888	UGT2B17	protein_coding	same	.
1443	4	68578240	68581296	+	no_overlap	.	.	.	.	none	.
K-63	4	68597989	68603505	+	no_overlap	.	.	.	.	none	.
1445	4	68672568	68677360	+	no_overlap	.	.	.	.	none	.
1446	4	68745009	68750591	-	no_overlap	.	.	.	.	none	.
1448	4	68901783	68906033	-	intron	ENST00000608365	ENSG00000272626	.	lncRNA	same	.
1449	4	69055850	69065083	+	intron	ENST00000502942,ENST00000509763	ENSG00000171234	UGT2B7	protein_coding	same	.
1450	4	69191845	69199167	+	exon and intron	ENST00000504301	ENSG00000250696	.	lncRNA	same	.
1452	4	69825834	69831487	-	intron	ENST00000506796	ENSG00000284695	.	protein_coding	same	.
1454	4	70536279	70556413	-	no_overlap	.	.	.	.	none	.
1455	4	71031762	71037274	+	no_overlap	.	.	.	.	none	DCK
1458	4	71638289	71645800	+	no_overlap	.	.	.	.	none	.
1459	4	71804678	71810385	-	no_overlap	.	.	.	.	none	.
W-25	4	72925574	72933186	-	no_overlap	.	.	.	.	none	.
1463	4	73357144	73370272	+	no_overlap	.	.	.	.	none	.
1464	4	73665455	73671851	-	no_overlap	.	.	.	.	none	.
1465	4	73949625	73952769	-	no_overlap	.	.	.	.	none	.
1466	4	74083501	74094041	+	exon	ENST00000514414	ENSG00000251017	.	processed_pseudogene	opposite	.
1467	4	74434676	74440296	-	exon and intron	ENST00000508581	ENSG00000250532	.	lncRNA	same	.
1472	4	76042818	76050735	-	intron	ENST00000513122,ENST00000513353,ENST00000341029,ENST00000510669,ENST00000504914	ENSG00000156219	ART3	protein_coding	opposite	.
1474	4	77392266	77400204	-	exon and intron	ENST00000513871,ENST00000514756,ENST00000497512	ENSG00000249036,ENSG00000138764	CCNG2	lncRNA,protein_coding	both	.
1475	4	77630582	77637015	-	no_overlap	.	.	.	.	none	.
1476	4	78713533	78719721	-	no_overlap	.	.	.	.	none	.
1477	4	79547892	79560603	-	intron	ENST00000668018,ENST00000508174,ENST00000515544,ENST00000671684,ENST00000691929,ENST00000661529,ENST00000661950,ENST00000685595,ENST00000702315	ENSG00000250334	LINC00989	lncRNA	opposite	.
1478	4	80175998	80180720	-	no_overlap	.	.	.	.	none	.
1481	4	82473316	82483151	+	no_overlap	.	.	.	.	none	.
1483	4	83201916	83208400	+	no_overlap	.	.	.	.	none	.
1484	4	83505779	83510402	-	intron	ENST00000505489	ENSG00000163322	ABRAXAS1	protein_coding	same	.
W-26	4	85352124	85355394	-	no_overlap	.	.	.	.	none	.
1488	4	86462193	86465422	+	intron	ENST00000512046,ENST00000502302,ENST00000506773,ENST00000513186,ENST00000640527,ENST00000513839,ENST00000641157,ENST00000641831,ENST00000515400,ENST00000641050,ENST00000641051,ENST00000641391,ENST00000641737	ENSG00000109339	MAPK10	protein_coding	opposite	.
1489	4	86474749	86480520	+	intron	ENST00000512046,ENST00000502302,ENST00000506773,ENST00000513186,ENST00000640527,ENST00000513839,ENST00000641157,ENST00000641831,ENST00000515400,ENST00000641050,ENST00000641051,ENST00000641391,ENST00000641737	ENSG00000109339	MAPK10	protein_coding	opposite	.
1491	4	87397599	87407732	-	no_overlap	.	.	.	.	none	.
1493	4	87921802	87927332	+	no_overlap	.	.	.	.	none	.
1494	4	88342455	88349306	-	no_overlap	.	.	.	.	none	.
1495	4	88442632	88453881	+	exon	ENST00000264346,ENST00000380265	ENSG00000138642	HERC6	protein_coding	same	HERC6
1496	4	89964783	89970379	-	no_overlap	.	.	.	.	none	.
1497	4	90446529	90455373	-	intron	ENST00000432775,ENST00000505073,ENST00000508086,ENST00000509176,ENST00000514352	ENSG00000184305	CCSER1	protein_coding	opposite	.
1501	4	91089123	91098058	-	intron	ENST00000509109,ENST00000649522,ENST00000509176	ENSG00000184305	CCSER1	protein_coding	opposite	.
1500	4	91175553	91187307	-	intron	ENST00000649522,ENST00000509176	ENSG00000184305	CCSER1	protein_coding	opposite	.
1503	4	91353205	91359382	-	intron	ENST00000649522,ENST00000509176	ENSG00000184305	CCSER1	protein_coding	opposite	.
1505	4	91623615	91634466	+	no_overlap	.	.	.	.	none	.
1506	4	91652657	91661263	-	no_overlap	.	.	.	.	none	.
1507	4	91697652	91701712	-	no_overlap	.	.	.	.	none	.
1508	4	91768552	91778058	-	no_overlap	.	.	.	.	none	.
1510	4	92023984	92031172	+	no_overlap	.	.	.	.	none	.
1509	4	92038713	92046496	-	no_overlap	.	.	.	.	none	.
1513	4	92271490	92277648	-	exon and intron	ENST00000502518	ENSG00000249152	LNCPRESS2	lncRNA	same	.
1514	4	92438179	92444199	-	intron	ENST00000282020,ENST00000505687,ENST00000510992	ENSG00000152208	GRID2	protein_coding	opposite	.
1516	4	94085678	94090058	-	no_overlap	.	.	.	.	none	.
1518	4	94149504	94162185	+	intron	ENST00000501965	ENSG00000246541	SMARCAD1-DT	lncRNA	opposite	.
1520	4	94291863	94299580	-	exon	ENST00000295256	ENSG00000163106	HPGDS	protein_coding	same	.
1519	4	94382923	94389281	-	no_overlap	.	.	.	.	none	.
1523	4	97096905	97102604	-	no_overlap	.	.	.	.	none	.
1527	4	99013444	99021899	-	intron	ENST00000296411,ENST00000510107,ENST00000510209,ENST00000506238,ENST00000507537,ENST00000503247	ENSG00000164024	METAP1	protein_coding	opposite	.
1528	4	99171451	99190269	-	exon and intron	ENST00000506160,ENST00000500358,ENST00000661393,ENST00000691990,ENST00000506454	ENSG00000246090	.	lncRNA	opposite	.
1531	4	99365784	99371257	+	no_overlap	.	.	.	.	none	.
1532	4	99485806	99492119	-	intron	ENST00000506494	ENSG00000250300	.	unprocessed_pseudogene	same	.
1535	4	100992905	100997352	-	no_overlap	.	.	.	.	none	.
1536	4	101630839	101638436	-	intron	ENST00000504592	ENSG00000153064	BANK1	protein_coding	opposite	.
1537	4	101669090	101678357	+	exon and intron	ENST00000504592	ENSG00000153064	BANK1	protein_coding	same	.
1538	4	101899963	101906852	-	intron	ENST00000322953,ENST00000428908,ENST00000444316,ENST00000504592,ENST00000508653	ENSG00000153064	BANK1	protein_coding	opposite	.
1539	4	102235266	102245925	+	no_overlap	.	.	.	.	none	.
1542	4	103223742	103231279	+	no_overlap	.	.	.	.	none	.
1543	4	103549495	103560707	-	exon and intron	ENST00000664047,ENST00000652710,ENST00000656698,ENST00000671183,ENST00000668906,ENST00000662651,ENST00000669002,ENST00000509399,ENST00000502936,ENST00000512401	ENSG00000250920,ENSG00000251577	TACR3-AS1	lncRNA	both	.
1544	4	103941481	103948508	+	no_overlap	.	.	.	.	none	.
1545	4	103971058	103979131	+	exon and intron	ENST00000510505	ENSG00000249614	LINC02503	lncRNA	same	.
W-90	4	105487787	105489200	+	no_overlap	.	.	.	.	none	.
1549	4	106110153	106115653	+	intron	ENST00000273980,ENST00000361687,ENST00000394706,ENST00000394708,ENST00000467183,ENST00000510927	ENSG00000145348	TBCK	protein_coding	opposite	.
1550	4	106884906	106903325	-	intron	ENST00000650850	ENSG00000286147	.	lncRNA	opposite	.
1552	4	107329651	107334481	+	no_overlap	.	.	.	.	none	.
1553	4	107379705	107388552	+	no_overlap	.	.	.	.	none	.
1555	4	107584695	107597311	-	exon and intron	ENST00000514815	ENSG00000138801	PAPSS1	protein_coding	same	.
1557	4	107724254	107729701	-	no_overlap	.	.	.	.	none	.
1556	4	107732979	107741355	+	no_overlap	.	.	.	.	none	.
1559	4	109312804	109321394	+	exon and intron	ENST00000500526	ENSG00000246774	COL25A1-DT	lncRNA	same	.
1561	4	109855976	109860952	-	intron	ENST00000327908,ENST00000594814	ENSG00000183423	LRIT3	protein_coding	opposite	.
1563	4	110279106	110283937	-	no_overlap	.	.	.	.	none	.
1566	4	112207492	112213993	+	no_overlap	.	.	.	.	none	.
1568	4	114047115	114056633	+	no_overlap	.	.	.	.	none	.
1570	4	114586734	114596374	-	no_overlap	.	.	.	.	none	.
1575	4	115950630	115956482	+	intron	ENST00000508414	ENSG00000249259	.	transcribed_processed_pseudogene	opposite	.
1574	4	115972089	115981899	-	intron	ENST00000508414	ENSG00000249259	.	transcribed_processed_pseudogene	same	.
1576	4	116014843	116020614	+	intron	ENST00000508414	ENSG00000249259	.	transcribed_processed_pseudogene	opposite	.
1577	4	117252106	117257789	+	no_overlap	.	.	.	.	none	.
1579	4	117589960	117597414	-	intron	ENST00000600624,ENST00000668162,ENST00000671002,ENST00000615833,ENST00000626258,ENST00000660654,ENST00000665215,ENST00000667741,ENST00000422145,ENST00000665403	ENSG00000236922	LINC01378	lncRNA	opposite	.
1580	4	117927337	117946630	-	no_overlap	.	.	.	.	none	.
1584	4	119993636	119999678	+	no_overlap	.	.	.	.	none	.
1588	4	124471342	124477064	+	no_overlap	.	.	.	.	none	.
1589	4	125562658	125568661	-	no_overlap	.	.	.	.	none	.
1591	4	126131246	126137460	+	no_overlap	.	.	.	.	none	.
1590	4	126143808	126150543	-	no_overlap	.	.	.	.	none	.
1592	4	126186190	126193664	-	no_overlap	.	.	.	.	none	.
1593	4	127271437	127277471	-	intron	ENST00000504050,ENST00000661442,ENST00000667124,ENST00000669239	ENSG00000248491,ENSG00000287101	.	lncRNA	same	.
1594	4	127510633	127517102	-	no_overlap	.	.	.	.	none	.
1595	4	128260327	128267686	+	no_overlap	.	.	.	.	none	.
1596	4	128638923	128646616	-	no_overlap	.	.	.	.	none	.
1598	4	130567404	130575152	-	no_overlap	.	.	.	.	none	.
1599	4	130767408	130776264	+	no_overlap	.	.	.	.	none	.
1600	4	130843380	130848132	-	no_overlap	.	.	.	.	none	.
1601	4	130852051	130860404	+	no_overlap	.	.	.	.	none	.
1602	4	130941055	130949725	+	no_overlap	.	.	.	.	none	.
1603	4	131006702	131015389	-	no_overlap	.	.	.	.	none	.
1605	4	132118160	132125940	+	exon and intron	ENST00000420721,ENST00000652009	ENSG00000251598	.	lncRNA	opposite	.
1606	4	132351321	132355913	-	no_overlap	.	.	.	.	none	.
1610	4	132812625	132818770	-	no_overlap	.	.	.	.	none	.
ERVW-16	4	132882298	132889138	+	intron	ENST00000509628	ENSG00000251488	.	lncRNA	opposite	.
1613	4	133263570	133268926	-	no_overlap	.	.	.	.	none	.
1615	4	133584453	133592658	+	no_overlap	.	.	.	.	none	.
1617	4	133947015	133955695	-	intron	ENST00000507844	ENSG00000251388	.	lncRNA	same	.
1619	4	133993261	133997581	-	intron	ENST00000507844	ENSG00000251388	.	lncRNA	same	.
1620	4	134012211	134018381	+	no_overlap	.	.	.	.	none	.
1621	4	134524750	134534104	-	intron	ENST00000666281,ENST00000666371	ENSG00000251291	LINC02462	lncRNA	opposite	.
1622	4	134677128	134686407	-	no_overlap	.	.	.	.	none	.
1624	4	135168345	135174465	-	no_overlap	.	.	.	.	none	.
1627	4	135955328	135960688	-	no_overlap	.	.	.	.	none	.
1629	4	136610405	136618649	+	no_overlap	.	.	.	.	none	.
1632	4	137478453	137486830	+	no_overlap	.	.	.	.	none	.
W-27	4	138621785	138627199	-	intron	ENST00000663528,ENST00000667838	ENSG00000251372	LINC00499	lncRNA	opposite	.
1637	4	138927813	138934855	+	intron	ENST00000511951,ENST00000507038	ENSG00000250195	.	lncRNA	opposite	.
1638	4	139442391	139449817	+	exon and intron	ENST00000610159,ENST00000608661,ENST00000609359,ENST00000608663	ENSG00000273247	RAB33B-AS1	lncRNA	opposite	.
1639	4	140214523	140219785	+	no_overlap	.	.	.	.	none	.
1641	4	141938169	141940840	-	no_overlap	.	.	.	.	none	.
1643	4	143177945	143180459	-	exon and intron	ENST00000657857,ENST00000507486,ENST00000507826	ENSG00000250326	USP38-DT	lncRNA	same	.
1645	4	145251084	145256773	-	no_overlap	.	.	.	.	none	.
1646	4	145698822	145704802	+	intron	ENST00000438731	ENSG00000237136	C4orf51	protein_coding	same	.
1647	4	145832800	145842028	+	exon and intron	ENST00000623323,ENST00000514334,ENST00000379448,ENST00000503462,ENST00000508784,ENST00000509940,ENST00000511659,ENST00000513320,ENST00000652097,ENST00000655597,ENST00000656985,ENST00000671990,ENST00000672532,ENST00000672795,ENST00000673178,ENST00000673452	ENSG00000279481,ENSG00000251687,ENSG00000151612	ZNF827	TEC,lncRNA,protein_coding	both	.
1648	4	146526363	146536064	+	no_overlap	.	.	.	.	none	.
1650	4	149101876	149108860	+	no_overlap	.	.	.	.	none	.
1653	4	151811902	151818084	-	intron	ENST00000653329,ENST00000663327,ENST00000670924,ENST00000657686,ENST00000659253	ENSG00000249184	.	lncRNA	opposite	.
1654	4	152741355	152747147	-	no_overlap	.	.	.	.	none	.
W-92	4	152841827	152842330	+	intron	ENST00000353617,ENST00000356064,ENST00000405727,ENST00000451320,ENST00000429148	ENSG00000164144	ARFIP1	protein_coding	same	.
1658	4	153690316	153693920	-	intron	ENST00000643501,ENST00000642580,ENST00000646219,ENST00000642700,ENST00000646900	ENSG00000137462	TLR2	protein_coding	opposite	.
1659	4	154055334	154063391	+	intron	ENST00000660197	ENSG00000280241	.	lncRNA	same	.
1661	4	154836001	154840022	-	no_overlap	.	.	.	.	none	.
1662	4	154919505	154925620	-	no_overlap	.	.	.	.	none	.
1663	4	155106627	155114249	-	no_overlap	.	.	.	.	none	.
1664	4	156103699	156109189	-	no_overlap	.	.	.	.	none	.
1665	4	156600195	156606035	+	no_overlap	.	.	.	.	none	.
1667	4	158292770	158299045	+	no_overlap	.	.	.	.	none	.
1669	4	158657796	158665839	+	no_overlap	.	.	.	.	none	.
1672	4	160267983	160282507	+	no_overlap	.	.	.	.	none	.
K-83	4	160658784	160661286	+	no_overlap	.	.	.	.	none	.
1673	4	160662406	160671794	+	no_overlap	.	.	.	.	none	.
1675	4	161251904	161257850	-	no_overlap	.	.	.	.	none	.
1676	4	162709290	162714751	+	intron	ENST00000655347,ENST00000661387	ENSG00000248431	.	lncRNA	same	.
1679	4	163093169	163103788	-	exon	ENST00000638111	ENSG00000283468	MIR4454	miRNA	same	.
1678	4	163174062	163180359	+	no_overlap	.	.	.	.	none	.
1680	4	163187134	163195403	-	no_overlap	.	.	.	.	none	.
W-93	4	164655630	164658152	+	no_overlap	.	.	.	.	none	.
1685	4	164995689	165005061	+	no_overlap	.	.	.	.	none	.
1687	4	166520699	166526629	+	exon and intron	ENST00000514134	ENSG00000249675	.	lncRNA	opposite	.
1688	4	166716124	166723500	+	no_overlap	.	.	.	.	none	.
1690	4	167416699	167424219	+	no_overlap	.	.	.	.	none	.
1691	4	167436930	167442164	-	no_overlap	.	.	.	.	none	.
1692	4	167876295	167883501	+	no_overlap	.	.	.	.	none	.
1693	4	167922965	167930710	+	no_overlap	.	.	.	.	none	.
1696	4	168019183	168028641	-	intron	ENST00000506926	ENSG00000248601	.	lncRNA	same	.
1698	4	170123786	170134887	-	no_overlap	.	.	.	.	none	.
W-28	4	170190191	170197104	-	no_overlap	.	.	.	.	none	.
1702	4	170677759	170682607	+	no_overlap	.	.	.	.	none	.
1703	4	170685363	170690309	+	no_overlap	.	.	.	.	none	.
1708	4	171985055	171990068	-	intron	ENST00000506823	ENSG00000174473	GALNTL6	protein_coding	opposite	.
1710	4	172368817	172377031	-	intron	ENST00000457021,ENST00000506823,ENST00000508122	ENSG00000174473	GALNTL6	protein_coding	opposite	.
1711	4	172955652	172962359	-	intron	ENST00000506823,ENST00000508122	ENSG00000174473	GALNTL6	protein_coding	opposite	.
1712	4	173098722	173106034	+	intron	ENST00000656803,ENST00000663396	ENSG00000245213	GALNT7-DT	lncRNA	opposite	.
1716	4	174982916	174990374	-	no_overlap	.	.	.	.	none	.
1718	4	175444247	175451834	-	no_overlap	.	.	.	.	none	.
1717	4	175460252	175467035	-	exon and intron	ENST00000506984,ENST00000664617	ENSG00000249945	.	lncRNA	same	.
1720	4	176291962	176300290	-	no_overlap	.	.	.	.	none	.
1719	4	176344476	176348812	+	no_overlap	.	.	.	.	none	.
1721	4	178207119	178213765	+	no_overlap	.	.	.	.	none	.
1722	4	179165301	179170593	-	no_overlap	.	.	.	.	none	.
1723	4	179402064	179412935	+	intron	ENST00000512036	ENSG00000250993	.	lncRNA	opposite	.
1724	4	179720511	179728321	+	no_overlap	.	.	.	.	none	.
1725	4	182814309	182822012	+	no_overlap	.	.	.	.	none	.
1727	4	182999700	183006175	+	no_overlap	.	.	.	.	none	.
1728	4	184736174	184745240	+	no_overlap	.	.	.	.	none	.
1729	4	184915777	184920994	-	intron	ENST00000687389	ENSG00000289197	.	lncRNA	opposite	.
1731	4	185046624	185051532	-	exon and intron	ENST00000657018,ENST00000509017,ENST00000669292	ENSG00000250754	LINC02436	lncRNA	opposite	.
1734	4	186043577	186049597	-	no_overlap	.	.	.	.	none	.
1735	4	186241147	186247584	-	intron	ENST00000264690,ENST00000511406,ENST00000511608,ENST00000513864	ENSG00000164344,ENSG00000290316	KLKB1	protein_coding	opposite	.
1737	4	189478987	189485403	-	no_overlap	.	.	.	.	none	.
1739	4	189925280	189933307	+	intron	ENST00000501825,ENST00000660244,ENST00000691614,ENST00000508156,ENST00000701895,ENST00000691992,ENST00000656003,ENST00000657714,ENST00000506276	ENSG00000245685	FRG1-DT	lncRNA	opposite	.
1740	4	189979817	189990326	-	exon and intron	ENST00000604941,ENST00000428444	ENSG00000271307,ENSG00000251297	TUBB7P	processed_pseudogene,unprocessed_pseudogene	both	.
1741	4	190106256	190113553	-	no_overlap	.	.	.	.	none	.
1742	5	242214	247919	+	intron	ENST00000264932,ENST00000505555,ENST00000509082,ENST00000510361,ENST00000511810,ENST00000514027,ENST00000515752,ENST00000651543,ENST00000515815,ENST00000504309	ENSG00000073578,ENSG00000286001	SDHA	protein_coding	same	.
1744	5	702470	709207	+	no_overlap	.	.	.	.	none	.
1745	5	1577340	1585389	-	exon and intron	ENST00000652578,ENST00000689786,ENST00000690867,ENST00000684972,ENST00000693074,ENST00000515467	ENSG00000291055,ENSG00000185986	SDHAP3	lncRNA,transcribed_unprocessed_pseudogene	same	.
1746	5	3947659	3954207	-	no_overlap	.	.	.	.	none	.
1747	5	5515522	5525255	+	no_overlap	.	.	.	.	none	.
1748	5	7055180	7063702	-	intron	ENST00000651243,ENST00000512838,ENST00000648809	ENSG00000250974	LINC02196	lncRNA	opposite	.
1749	5	7263552	7272092	+	no_overlap	.	.	.	.	none	.
1753	5	8996699	9009343	-	exon and intron	ENST00000506519	ENSG00000250619	.	lncRNA	opposite	.
1756	5	10716139	10724937	+	intron	ENST00000432074,ENST00000230895,ENST00000508253,ENST00000514882	ENSG00000112977	DAP	protein_coding	opposite	.
1757	5	12488365	12493021	+	no_overlap	.	.	.	.	none	.
1758	5	12663587	12668504	-	intron	ENST00000505196,ENST00000513051	ENSG00000248131	LINC01194	lncRNA	opposite	.
1759	5	12853739	12857674	+	no_overlap	.	.	.	.	none	.
1761	5	13195735	13201946	+	no_overlap	.	.	.	.	none	.
1763	5	15059473	15065477	+	no_overlap	.	.	.	.	none	.
1764	5	16419968	16426090	+	intron	ENST00000513157	ENSG00000248150	LINC02150	lncRNA	opposite	.
1766	5	18535711	18544015	+	no_overlap	.	.	.	.	none	.
1767	5	18666944	18676153	-	no_overlap	.	.	.	.	none	.
1768	5	18783766	18786322	-	no_overlap	.	.	.	.	none	.
1770	5	19301539	19305598	-	no_overlap	.	.	.	.	none	.
1773	5	19700449	19709745	+	intron	ENST00000274170,ENST00000382275,ENST00000502796,ENST00000506372,ENST00000507958,ENST00000511273,ENST00000515257	ENSG00000145526	CDH18	protein_coding	opposite	.
1774	5	20336872	20347868	+	exon and intron	ENST00000652475,ENST00000507632,ENST00000507958	ENSG00000249854,ENSG00000145526	CDH18-AS1,CDH18	lncRNA,protein_coding	both	.
1778	5	22093999	22103145	+	intron	ENST00000521745,ENST00000518209,ENST00000382254,ENST00000504376,ENST00000517378,ENST00000522262	ENSG00000154162	CDH12	protein_coding	opposite	.
1779	5	22930027	22935120	+	no_overlap	.	.	.	.	none	.
1782	5	24296854	24314450	-	no_overlap	.	.	.	.	none	.
1783	5	24387293	24400938	+	no_overlap	.	.	.	.	none	.
1785	5	24649687	24654408	+	no_overlap	.	.	.	.	none	.
1788	5	28047325	28050844	+	no_overlap	.	.	.	.	none	.
1790	5	29389976	29396444	+	exon and intron	ENST00000671200,ENST00000654073,ENST00000655577,ENST00000657377,ENST00000660483,ENST00000653940,ENST00000654399,ENST00000655290,ENST00000658307,ENST00000659417,ENST00000668326,ENST00000669028,ENST00000669821,ENST00000664589,ENST00000506492,ENST00000664538,ENST00000658621,ENST00000668096,ENST00000668461,ENST00000656393,ENST00000658396,ENST00000666312,ENST00000667811,ENST00000669150,ENST00000669258,ENST00000662266,ENST00000659199	ENSG00000248391	LINC02064	lncRNA	opposite	.
1791	5	30198184	30202940	+	no_overlap	.	.	.	.	none	.
1793	5	30485108	30495950	-	no_overlap	.	.	.	.	none	.
1795	5	31390074	31399000	-	no_overlap	.	.	.	.	none	DROSHA
1797	5	32548454	32560424	-	intron	ENST00000512913,ENST00000506237,ENST00000513013	ENSG00000113387	SUB1	protein_coding	opposite	.
1798	5	32662800	32667449	-	no_overlap	.	.	.	.	none	.
1799	5	32672572	32678102	-	no_overlap	.	.	.	.	none	.
1805	5	34461058	34468430	-	no_overlap	.	.	.	.	none	.
1806	5	34783711	34786931	-	intron	ENST00000508777,ENST00000265109,ENST00000428746,ENST00000502736,ENST00000503673,ENST00000504052,ENST00000506376,ENST00000507276,ENST00000507502,ENST00000508315,ENST00000512305,ENST00000512625,ENST00000512629,ENST00000513974,ENST00000514036,ENST00000514527,ENST00000514873,ENST00000515448,ENST00000515799,ENST00000503222,ENST00000509247,ENST00000510319	ENSG00000039560	RAI14	protein_coding	opposite	.
1811	5	36326413	36332735	-	no_overlap	.	.	.	.	none	.
1812	5	37086407	37093990	+	no_overlap	.	.	.	.	none	.
1813	5	37264633	37272610	-	no_overlap	.	.	.	.	none	.
1814	5	37778275	37786017	-	no_overlap	.	.	.	.	none	.
1818	5	40102934	40112191	+	no_overlap	.	.	.	.	none	.
1822	5	41993611	41999954	-	no_overlap	.	.	.	.	none	.
1823	5	42111368	42121250	+	no_overlap	.	.	.	.	none	.
1824	5	42813506	42819811	+	exon and intron	ENST00000653383,ENST00000668084,ENST00000651306,ENST00000506577,ENST00000514218	ENSG00000286271,ENSG00000250722	SELENOP	lncRNA,protein_coding	both	.
1827	5	43320822	43333455	-	no_overlap	.	.	.	.	none	.
1829	5	43786480	43798179	+	no_overlap	.	.	.	.	none	.
1830	5	44110502	44120113	-	no_overlap	.	.	.	.	none	.
1831	5	44788561	44794266	+	intron	ENST00000503452,ENST00000505302,ENST00000508123,ENST00000508945,ENST00000514597,ENST00000505637,ENST00000503179,ENST00000505401	ENSG00000251141	MRPS30-DT	lncRNA	opposite	.
1832	5	44983795	44994994	+	no_overlap	.	.	.	.	none	.
1834	5	45795222	45803390	+	no_overlap	.	.	.	.	none	.
K-28	5	46000055	46009900	-	no_overlap	.	.	.	.	none	.
1841	5	50370089	50377918	+	no_overlap	.	.	.	.	none	.
1842	5	50444530	50452389	-	no_overlap	.	.	.	.	none	.
1844	5	52304527	52310225	+	no_overlap	.	.	.	.	none	.
1846	5	53198638	53213339	+	exon	ENST00000439391	ENSG00000213940	RPL13AP13	processed_pseudogene	same	.
1847	5	53218343	53233107	-	no_overlap	.	.	.	.	none	.
1849	5	54500207	54504482	-	no_overlap	.	.	.	.	none	.
1850	5	55083585	55091235	-	intron	ENST00000503054	ENSG00000249454	GZMAP1	unprocessed_pseudogene	opposite	.
1852	5	57016451	57022311	-	no_overlap	.	.	.	.	none	.
W-30	5	57520021	57522889	-	intron	ENST00000506106,ENST00000664944	ENSG00000250961	RMEL3	lncRNA	opposite	.
1855	5	59301789	59315633	+	exon and intron	ENST00000611633,ENST00000505453,ENST00000405755,ENST00000636120,ENST00000360047,ENST00000309641,ENST00000502575,ENST00000507116,ENST00000514231,ENST00000340635,ENST00000405053,ENST00000502484	ENSG00000276214,ENSG00000113448	PDE4D	processed_pseudogene,protein_coding	both	.
W-96	5	60658493	60666453	+	intron	ENST00000265036,ENST00000453022,ENST00000512078,ENST00000512452	ENSG00000035499	DEPDC1B	protein_coding	opposite	.
1864	5	63562726	63570811	+	exon and intron	ENST00000663610	ENSG00000287179	.	lncRNA	same	.
1866	5	64153366	64161940	+	no_overlap	.	.	.	.	none	.
1870	5	69636155	69655311	+	exon and intron	ENST00000513408,ENST00000509348,ENST00000514492,ENST00000515156	ENSG00000290560,ENSG00000253203,ENSG00000248769,ENSG00000250138	GUSBP3	lncRNA,transcribed_unprocessed_pseudogene,unprocessed_pseudogene	both	.
1872	5	70208438	70230075	-	exon and intron	ENST00000514522	ENSG00000253816	GUSBP14	unprocessed_pseudogene	same	.
1874	5	70512459	70531584	+	exon and intron	ENST00000508439	ENSG00000196302	GUSBP15	unprocessed_pseudogene	opposite	.
1875	5	70656901	70664791	-	no_overlap	.	.	.	.	none	.
1876	5	71209039	71229599	-	exon and intron	ENST00000505946	ENSG00000235558	GUSBP17	unprocessed_pseudogene	same	.
1878	5	71571926	71578401	+	no_overlap	.	.	.	.	none	.
1879	5	72926261	72936085	+	no_overlap	.	.	.	.	none	.
1881	5	75982537	75998007	-	no_overlap	.	.	.	.	none	.
1882	5	76357244	76363340	+	no_overlap	.	.	.	.	none	SV2C
1884	5	76881215	76889560	-	intron	ENST00000317593,ENST00000613039	ENSG00000171643	S100Z	protein_coding	opposite	.
1885	5	76909227	76912976	+	intron	ENST00000317593,ENST00000613039	ENSG00000171643	S100Z	protein_coding	same	.
1889	5	80891239	80901510	-	no_overlap	.	.	.	.	none	.
1891	5	81953353	81960604	+	no_overlap	.	.	.	.	none	.
1892	5	82267545	82273706	-	exon and intron	ENST00000296674,ENST00000651545,ENST00000508814,ENST00000514253	ENSG00000186468,ENSG00000152348	RPS23,ATG10	protein_coding	both	RPS23
1894	5	82969107	82975992	-	exon and intron	ENST00000508958	ENSG00000248400	ST13P12	processed_pseudogene	opposite	.
1896	5	84698758	84705172	+	no_overlap	.	.	.	.	none	.
1899	5	86461997	86464211	+	no_overlap	.	.	.	.	none	.
1901	5	86565174	86571021	-	no_overlap	.	.	.	.	none	.
1903	5	87510330	87520378	+	no_overlap	.	.	.	.	none	.
W-31	5	88176769	88177883	-	no_overlap	.	.	.	.	none	.
W-97	5	89793885	89795037	+	no_overlap	.	.	.	.	none	.
1905	5	92823493	92835883	+	exon and intron	ENST00000651927,ENST00000502383	ENSG00000248588	.	lncRNA	same	.
HERVK31	5	93431618	93432157	-	intron	ENST00000606739,ENST00000652888,ENST00000653133,ENST00000653325,ENST00000661345,ENST00000661870,ENST00000663076,ENST00000665047,ENST00000665725,ENST00000667752,ENST00000669203,ENST00000670457,ENST00000503134,ENST00000513055,ENST00000606233,ENST00000654431,ENST00000655454,ENST00000656079,ENST00000656155,ENST00000657648,ENST00000658662,ENST00000659381,ENST00000664135,ENST00000664359,ENST00000665095,ENST00000665798,ENST00000669221,ENST00000660787,ENST00000667268,ENST00000653598,ENST00000660523,ENST00000653235,ENST00000653284,ENST00000660272,ENST00000654862,ENST00000664241,ENST00000671166,ENST00000607831,ENST00000653419,ENST00000654617,ENST00000664017,ENST00000607797,ENST00000654055,ENST00000656231,ENST00000656921,ENST00000659336,ENST00000661661,ENST00000666033,ENST00000666791,ENST00000671432,ENST00000671514,ENST00000671683,ENST00000510254,ENST00000659983	ENSG00000237187	NR2F1-AS1	lncRNA	same	.
1906	5	95706082	95713306	-	exon and intron	ENST00000513235,ENST00000512486	ENSG00000250240	.	lncRNA	same	.
1908	5	96164809	96172177	-	exon and intron	ENST00000693347,ENST00000502645,ENST00000511775,ENST00000507997	ENSG00000289337,ENSG00000251314,ENSG00000250551	MIR583HG	lncRNA	both	.
1909	5	97308887	97318147	-	intron	ENST00000504578	ENSG00000251513	LIX1-AS1	lncRNA	opposite	.
1912	5	98079623	98093183	+	exon and intron	ENST00000671389,ENST00000505908	ENSG00000248901	LINC01846	lncRNA	opposite	.
1914	5	98434747	98439402	+	no_overlap	.	.	.	.	none	.
1916	5	99012117	99016954	-	no_overlap	.	.	.	.	none	.
1918	5	99983417	99989401	+	no_overlap	.	.	.	.	none	.
1921	5	100982836	100990224	-	no_overlap	.	.	.	.	none	.
1922	5	101315474	101320608	+	no_overlap	.	.	.	.	none	.
1924	5	102334880	102350860	-	no_overlap	.	.	.	.	none	.
1926	5	104031709	104037314	+	no_overlap	.	.	.	.	none	.
1925	5	104063633	104070481	-	no_overlap	.	.	.	.	none	.
1928	5	104591881	104599386	+	intron	ENST00000671304,ENST00000524336,ENST00000503650	ENSG00000251574	.	lncRNA	opposite	.
1932	5	106977916	106986698	+	exon and intron	ENST00000505997,ENST00000657922,ENST00000513273,ENST00000661979	ENSG00000251027	LINC01950	lncRNA	opposite	.
1936	5	108566969	108574212	-	no_overlap	.	.	.	.	none	.
1937	5	108574723	108580784	-	no_overlap	.	.	.	.	none	.
1939	5	110533797	110545603	+	intron	ENST00000455884,ENST00000508571,ENST00000512003,ENST00000515518	ENSG00000186952	TMEM232	protein_coding	opposite	.
1942	5	111920694	111926701	-	intron	ENST00000395634,ENST00000450761,ENST00000507222	ENSG00000134986,ENSG00000250095	NREP,NREP-AS1	protein_coding,lncRNA	both	.
1944	5	112446653	112450414	+	no_overlap	.	.	.	.	none	.
W-98	5	112450447	112450706	+	no_overlap	.	.	.	.	none	.
1945	5	112524092	112532633	+	exon and intron	ENST00000702555	ENSG00000290027	.	lncRNA	same	.
1946	5	112580170	112585414	+	no_overlap	.	.	.	.	none	.
1947	5	113612498	113623185	-	no_overlap	.	.	.	.	none	.
1948	5	113713003	113714468	+	no_overlap	.	.	.	.	none	.
1950	5	113771016	113777157	-	exon and intron	ENST00000660812	ENSG00000286839	.	lncRNA	same	.
1951	5	114139137	114148369	-	intron	ENST00000512097,ENST00000512927	ENSG00000080709	KCNN2	protein_coding	opposite	.
1954	5	114989909	114999922	+	no_overlap	.	.	.	.	none	.
1953	5	115038013	115041205	-	no_overlap	.	.	.	.	none	.
1959	5	117046238	117051810	-	no_overlap	.	.	.	.	none	.
1960	5	118948083	118952819	-	intron	ENST00000304058,ENST00000506980,ENST00000510708,ENST00000515439	ENSG00000169570	DTWD2	protein_coding	same	.
1961	5	119424564	119430783	-	no_overlap	.	.	.	.	none	.
1962	5	120695402	120703258	-	no_overlap	.	.	.	.	none	.
1964	5	121857478	121860935	-	no_overlap	.	.	.	.	none	.
ERVH5q23.2	5	122474225	122478846	-	exon and intron	ENST00000505546,ENST00000510972,ENST00000655818,ENST00000503529,ENST00000701367	ENSG00000250328	MGC32805	lncRNA	same	.
1968	5	122616934	122624322	-	no_overlap	.	.	.	.	none	.
1972	5	124303870	124309835	+	exon and intron	ENST00000657766,ENST00000662643,ENST00000519703,ENST00000628324,ENST00000653233	ENSG00000253807	LINC01170	lncRNA	opposite	.
1973	5	124497034	124502740	+	exon and intron	ENST00000685834,ENST00000503145	ENSG00000289458,ENSG00000248296	.	lncRNA	both	.
1975	5	124966326	124972226	-	intron	ENST00000642446,ENST00000647105	ENSG00000260192	LINC02240	lncRNA	opposite	.
1976	5	125662085	125668429	-	intron	ENST00000651847	ENSG00000248752	.	lncRNA	same	.
1978	5	125914724	125929139	+	intron	ENST00000651847	ENSG00000248752	.	lncRNA	opposite	.
1979	5	126221416	126229981	+	intron	ENST00000450613,ENST00000651847	ENSG00000248752	.	lncRNA	opposite	.
1981	5	126669057	126676287	-	no_overlap	.	.	.	.	none	.
1982	5	126838561	126845494	-	no_overlap	.	.	.	.	none	.
1988	5	130541760	130550098	-	no_overlap	.	.	.	.	none	.
1989	5	130633542	130642238	+	no_overlap	.	.	.	.	none	.
1992	5	131571797	131582180	+	intron	ENST00000503398,ENST00000296859,ENST00000308008,ENST00000507093,ENST00000509018,ENST00000510071,ENST00000514667,ENST00000515170,ENST00000627212	ENSG00000158987,ENSG00000273217	RAPGEF6	protein_coding	opposite	.
1994	5	135730386	135737338	-	intron	ENST00000698885,ENST00000646290,ENST00000698886,ENST00000647391	ENSG00000145832	SLC25A48	protein_coding	opposite	.
1995	5	136301333	136307654	+	exon and intron	ENST00000513958,ENST00000514963,ENST00000502753,ENST00000352189,ENST00000503275,ENST00000513104,ENST00000378459	ENSG00000250947,ENSG00000069018	TRPC7-AS2,TRPC7	lncRNA,protein_coding	both	.
K-81	5	136413880	136414650	-	no_overlap	.	.	.	.	none	.
1999	5	136540940	136543623	-	no_overlap	.	.	.	.	none	.
1997	5	136544955	136551812	-	no_overlap	.	.	.	.	none	.
2000	5	136565216	136571216	-	no_overlap	.	.	.	.	none	.
2003	5	139502942	139512402	+	exon and intron	ENST00000657350	ENSG00000286403	.	lncRNA	same	.
2006	5	140902473	140912825	-	intron	ENST00000394633,ENST00000504120,ENST00000526136,ENST00000522353,ENST00000512229,ENST00000530339,ENST00000529619,ENST00000529859,ENST00000527624,ENST00000529310,ENST00000525929,ENST00000531613,ENST00000532602,ENST00000506939,ENST00000307360,ENST00000673459,ENST00000398640,ENST00000617408,ENST00000398631,ENST00000673403,ENST00000289272,ENST00000409494	ENSG00000204970,ENSG00000204969,ENSG00000255408,ENSG00000204967,ENSG00000204965,ENSG00000081842,ENSG00000204963,ENSG00000204962,ENSG00000204961,ENSG00000250120,ENSG00000249158,ENSG00000251664,ENSG00000239389	PCDHA1,PCDHA2,PCDHA3,PCDHA4,PCDHA5,PCDHA6,PCDHA7,PCDHA8,PCDHA9,PCDHA10,PCDHA11,PCDHA12,PCDHA13	protein_coding	opposite	.
2007	5	143088590	143095011	-	intron	ENST00000274498,ENST00000418236,ENST00000443674,ENST00000642734,ENST00000645722	ENSG00000145819	ARHGAP26	protein_coding	opposite	.
2010	5	144609328	144616900	-	no_overlap	.	.	.	.	none	.
2012	5	147254792	147261673	-	intron	ENST00000648628,ENST00000306304,ENST00000397936,ENST00000398523,ENST00000626951	ENSG00000169302	STK32A	protein_coding	opposite	.
2013	5	147715836	147734078	+	exon and intron	ENST00000662767,ENST00000333010,ENST00000265272,ENST00000507386,ENST00000616793	ENSG00000287630,ENSG00000176049	JAKMIP2	lncRNA,protein_coding	both	.
2014	5	147868277	147874526	-	exon and intron	ENST00000504320,ENST00000507160,ENST00000514688,ENST00000692663	ENSG00000164265,ENSG00000288774	SCGB3A2	protein_coding,lncRNA	both	.
2015	5	151242362	151251256	-	intron	ENST00000523466	ENSG00000196743	GM2A	protein_coding	opposite	.
2017	5	152717234	152730830	+	exon and intron	ENST00000663819,ENST00000663460,ENST00000522300,ENST00000663464,ENST00000503048	ENSG00000286749,ENSG00000249484	LINC01470	lncRNA	both	.
2019	5	153447150	153455941	-	no_overlap	.	.	.	.	none	.
K-42	5	154635951	154644655	-	no_overlap	.	.	.	.	none	.
2022	5	154878589	154886115	+	no_overlap	.	.	.	.	none	CNOT8
K-11	5	156657704	156666885	-	intron	ENST00000337851,ENST00000435422,ENST00000517913	ENSG00000170624	SGCD	protein_coding	opposite	.
2026	5	157879934	157887868	+	no_overlap	.	.	.	.	none	.
2029	5	159366331	159373656	+	intron	ENST00000635333,ENST00000641150,ENST00000648969	ENSG00000249738	.	lncRNA	same	.
2030	5	160116063	160131138	+	exon and intron	ENST00000520662,ENST00000523662,ENST00000456329,ENST00000307063	ENSG00000170234	PWWP2A	protein_coding	opposite	.
2031	5	160931933	160937891	-	exon and intron	ENST00000518580,ENST00000518301	ENSG00000253417	LINC02159	lncRNA	same	.
2033	5	161246594	161253830	+	no_overlap	.	.	.	.	none	.
2035	5	162273718	162281160	-	no_overlap	.	.	.	.	none	.
2039	5	163313039	163319470	-	intron	ENST00000646617,ENST00000503504	ENSG00000254186	.	lncRNA	same	.
2038	5	163334351	163340585	+	intron	ENST00000646617,ENST00000503504	ENSG00000254186	.	lncRNA	opposite	.
2042	5	166128081	166136169	-	exon and intron	ENST00000520075	ENSG00000254171	.	lncRNA	opposite	.
2043	5	166737245	166744683	-	no_overlap	.	.	.	.	none	.
2044	5	167293103	167303376	-	exon and intron	ENST00000521697,ENST00000523497,ENST00000518659,ENST00000695884	ENSG00000254365,ENSG00000254297,ENSG00000145934	TENM2	lncRNA,protein_coding	both	.
2045	5	170759468	170767864	-	exon and intron	ENST00000521481,ENST00000521009,ENST00000519196,ENST00000518172,ENST00000503797	ENSG00000094755,ENSG00000253348	GABRP	protein_coding,lncRNA	both	.
2046	5	171000083	171008716	-	intron	ENST00000389118,ENST00000518492,ENST00000519256,ENST00000519949,ENST00000520864,ENST00000522533,ENST00000522066,ENST00000523189	ENSG00000204764	RANBP17	protein_coding	opposite	.
2048	5	172397492	172401609	+	intron	ENST00000311601,ENST00000519643,ENST00000636523	ENSG00000174705	SH3PXD2B	protein_coding	opposite	.
2049	5	175991929	176006067	-	intron	ENST00000514250,ENST00000514861,ENST00000511062	ENSG00000051596	THOC3	protein_coding	same	.
2054	5	179047877	179056363	-	no_overlap	.	.	.	.	none	.
2055	5	180408150	180420673	-	exon and intron	ENST00000662761	ENSG00000250509	.	lncRNA	opposite	.
W-33	6	1330045	1331614	-	no_overlap	.	.	.	.	none	.
2059	6	2310408	2317792	-	intron	ENST00000534441,ENST00000702352,ENST00000657589,ENST00000702211,ENST00000534160,ENST00000654970,ENST00000660978,ENST00000687264,ENST00000685772,ENST00000659643,ENST00000664738,ENST00000532564,ENST00000607519,ENST00000654526,ENST00000657072,ENST00000662000,ENST00000670895,ENST00000702338,ENST00000702343,ENST00000659523,ENST00000691547,ENST00000529893,ENST00000665610,ENST00000534468,ENST00000524770,ENST00000531092,ENST00000530346,ENST00000532124,ENST00000691004,ENST00000660533	ENSG00000250903	GMDS-DT	lncRNA	opposite	.
K-78	6	3054798	3055508	+	no_overlap	.	.	.	.	none	.
2061	6	3167219	3173917	+	no_overlap	.	.	.	.	none	.
2063	6	4385050	4390448	+	intron	ENST00000642310	ENSG00000285424	.	lncRNA	opposite	.
2065	6	6026434	6033624	-	no_overlap	.	.	.	.	none	.
2064	6	6064906	6068400	-	no_overlap	.	.	.	.	none	.
2070	6	9722136	9729086	+	intron	ENST00000460363,ENST00000487015,ENST00000492094,ENST00000492169,ENST00000642964	ENSG00000181355	OFCC1	transcribed_unitary_pseudogene	opposite	.
ERVFRD-1	6	11102488	11111838	-	intron	ENST00000376935,ENST00000416247	ENSG00000224531	SMIM13	protein_coding	opposite	.
2074	6	11788204	11792174	+	intron	ENST00000379415	ENSG00000111863	ADTRP	protein_coding	opposite	.
2076	6	12667284	12673011	+	no_overlap	.	.	.	.	none	.
2077	6	13881106	13887724	+	no_overlap	.	.	.	.	none	.
2078	6	14294642	14302844	-	no_overlap	.	.	.	.	none	.
2081	6	16223548	16231781	-	no_overlap	.	.	.	.	none	.
2080	6	16259014	16264895	-	exon and intron	ENST00000632346,ENST00000632370,ENST00000259727,ENST00000543191	ENSG00000282024,ENSG00000137198	GMPR	lncRNA,protein_coding	both	.
2082	6	16455876	16464625	+	intron	ENST00000483591,ENST00000244769,ENST00000436367	ENSG00000124788	ATXN1	protein_coding	opposite	.
2083	6	16885358	16893697	+	no_overlap	.	.	.	.	none	.
2084	6	17318967	17327356	-	no_overlap	.	.	.	.	none	.
2086	6	18752716	18760301	-	no_overlap	.	.	.	.	none	.
2089	6	19272958	19277520	+	no_overlap	.	.	.	.	none	.
2090	6	19399478	19406918	-	intron	ENST00000653002,ENST00000668724,ENST00000668443,ENST00000660410,ENST00000636202	ENSG00000228412	LNC-LBCS	lncRNA	same	.
2091	6	19539525	19547919	+	intron	ENST00000653002,ENST00000668724,ENST00000636202,ENST00000660410,ENST00000668443,ENST00000432171	ENSG00000228412	LNC-LBCS	lncRNA	opposite	.
2092	6	21355920	21367062	-	no_overlap	.	.	.	.	none	.
2094	6	23108036	23116504	-	no_overlap	.	.	.	.	none	.
2093	6	23160962	23168456	+	no_overlap	.	.	.	.	none	.
2095	6	24667710	24680423	-	intron	ENST00000537591,ENST00000230048	ENSG00000112304	ACOT13	protein_coding	opposite	.
2098	6	26288073	26296131	-	intron	ENST00000707189,ENST00000707191	ENSG00000291336,ENSG00000291338	.	TEC	opposite	.
2100	6	27178263	27186526	+	exon	ENST00000702453	ENSG00000290009	.	lncRNA	same	.
2101	6	27187510	27196283	+	no_overlap	.	.	.	.	none	.
K-29	6	28682588	28692958	+	no_overlap	.	.	.	.	none	.
2104	6	28764869	28776541	-	no_overlap	.	.	.	.	none	.
2107	6	29245476	29252808	-	intron	ENST00000441381,ENST00000606648	ENSG00000290496	LINC03003	lncRNA	opposite	.
2108	6	29875649	29881048	-	intron	ENST00000647952	ENSG00000290870	.	lncRNA	same	.
2113	6	31232913	31236558	-	no_overlap	.	.	.	.	none	.
2112	6	31328756	31337552	-	no_overlap	.	.	.	.	none	.
2116	6	31984670	31991654	-	exon and intron	ENST00000428956,ENST00000498271,ENST00000698442	ENSG00000244731	C4A	protein_coding	opposite	.
2115	6	32017408	32024392	-	exon and intron	ENST00000425700,ENST00000435363,ENST00000647698	ENSG00000224389	C4B	protein_coding	opposite	.
2118	6	32471840	32481344	-	exon and intron	ENST00000449413	ENSG00000196301	HLA-DRB9	unprocessed_pseudogene	same	.
2119	6	32493817	32501013	+	no_overlap	.	.	.	.	none	.
2120	6	32559942	32567318	-	exon	ENST00000411500,ENST00000437183	ENSG00000290878	HLA-DRB6	lncRNA	same	.
2121	6	33047982	33059205	+	no_overlap	.	.	.	.	none	.
2122	6	33117732	33125012	-	exon and intron	ENST00000692641,ENST00000702421,ENST00000686632,ENST00000684891,ENST00000692715,ENST00000435074,ENST00000470997	ENSG00000291111,ENSG00000224557	HLA-DPB2	lncRNA,transcribed_unprocessed_pseudogene	opposite	.
2123	6	33340849	33352438	+	no_overlap	.	.	.	.	none	.
2124	6	35561856	35567823	-	exon and intron	ENST00000688067	ENSG00000289456	.	lncRNA	same	.
2126	6	38616528	38624444	+	intron	ENST00000497373,ENST00000481247,ENST00000498633,ENST00000649492	ENSG00000183826	BTBD9	protein_coding	opposite	.
2128	6	39993395	39999029	-	intron	ENST00000649703,ENST00000405234	ENSG00000220586	TUBBP9	transcribed_processed_pseudogene	opposite	.
2129	6	40861388	40868726	-	no_overlap	.	.	.	.	none	.
K-41	6	42893669	42903629	-	exon and intron	ENST00000670952	ENSG00000288010	.	lncRNA	same	.
2134	6	45236448	45241799	+	intron	ENST00000371460,ENST00000371459,ENST00000475057	ENSG00000196284	SUPT3H	protein_coding	opposite	.
2135	6	47308178	47315993	-	exon and intron	ENST00000296861	ENSG00000146072	TNFRSF21	protein_coding	same	.
2136	6	47634876	47647929	+	no_overlap	.	.	.	.	none	.
2137	6	48873675	48879725	+	no_overlap	.	.	.	.	none	.
2139	6	49502122	49510578	-	intron	ENST00000545705,ENST00000371197	ENSG00000203972	GLYATL3	protein_coding	opposite	.
2140	6	49887705	49892519	-	no_overlap	.	.	.	.	none	.
2144	6	51938224	51944432	+	intron	ENST00000340994,ENST00000371117	ENSG00000170927	PKHD1	protein_coding	opposite	.
W-34	6	52914874	52921914	-	no_overlap	.	.	.	.	none	.
2151	6	56013166	56016619	-	no_overlap	.	.	.	.	none	.
2152	6	57069286	57080996	+	no_overlap	.	.	.	.	none	.
2157	6	58392834	58403931	+	intron	ENST00000641775	ENSG00000225096	.	lncRNA	same	.
2156	6	58411651	58420248	-	intron	ENST00000641775	ENSG00000225096	.	lncRNA	opposite	.
2153	6	60652251	60663180	+	no_overlap	.	.	.	.	none	.
2162	6	61160199	61175522	-	no_overlap	.	.	.	.	none	.
2161	6	61193017	61204756	+	no_overlap	.	.	.	.	none	.
2160	6	61275191	61281058	-	no_overlap	.	.	.	.	none	.
2159	6	61286215	61294797	+	no_overlap	.	.	.	.	none	.
2164	6	61600185	61606274	+	no_overlap	.	.	.	.	none	.
2166	6	62586044	62591721	+	no_overlap	.	.	.	.	none	.
2167	6	62791745	62797477	+	no_overlap	.	.	.	.	none	.
2169	6	63077513	63086650	-	no_overlap	.	.	.	.	none	.
2170	6	63321317	63335844	-	no_overlap	.	.	.	.	none	.
2171	6	63950259	63956533	+	intron	ENST00000370621,ENST00000398580,ENST00000503581	ENSG00000188107	EYS	protein_coding	opposite	.
2172	6	64024006	64032792	+	intron	ENST00000370621,ENST00000398580,ENST00000503581	ENSG00000188107	EYS	protein_coding	opposite	.
2175	6	64298260	64302393	+	intron	ENST00000370621,ENST00000503581	ENSG00000188107	EYS	protein_coding	opposite	.
2174	6	64326122	64339408	+	intron	ENST00000370621,ENST00000503581	ENSG00000188107	EYS	protein_coding	opposite	.
2177	6	65007288	65014564	+	intron	ENST00000370621,ENST00000503581	ENSG00000188107	EYS	protein_coding	opposite	.
2180	6	66161648	66174210	-	no_overlap	.	.	.	.	none	.
2181	6	66704771	66705714	+	no_overlap	.	.	.	.	none	.
2184	6	67519871	67532550	-	no_overlap	.	.	.	.	none	.
2188	6	67869320	67874919	-	no_overlap	.	.	.	.	none	.
2187	6	67881032	67889369	-	exon and intron	ENST00000652869,ENST00000662821,ENST00000658972,ENST00000663640,ENST00000660755,ENST00000660756,ENST00000667200,ENST00000654364,ENST00000670870,ENST00000666873,ENST00000658272,ENST00000661401,ENST00000661172,ENST00000412872,ENST00000657794,ENST00000653528	ENSG00000227706,ENSG00000286680,ENSG00000287557	.	lncRNA	both	.
2192	6	68599466	68608245	+	no_overlap	.	.	.	.	none	.
2193	6	69206010	69214206	-	intron	ENST00000370598,ENST00000546190,ENST00000684661	ENSG00000135298	ADGRB3	protein_coding	opposite	.
2194	6	69469872	69475710	+	no_overlap	.	.	.	.	none	.
2196	6	70436655	70448522	-	intron	ENST00000194672,ENST00000361499,ENST00000370479,ENST00000393299,ENST00000418814,ENST00000505769,ENST00000505868,ENST00000507085,ENST00000515280,ENST00000515323,ENST00000457062	ENSG00000082269	FAM135A	protein_coding	opposite	.
2199	6	71747696	71753831	-	no_overlap	.	.	.	.	none	.
2201	6	72185825	72193197	-	intron	ENST00000264839,ENST00000370419,ENST00000491071,ENST00000517433,ENST00000517960,ENST00000518273,ENST00000520567,ENST00000521978,ENST00000522291,ENST00000697193	ENSG00000079841	RIMS1	protein_coding	opposite	.
2204	6	73903871	73910957	+	no_overlap	.	.	.	.	none	.
2208	6	74468180	74474337	+	intron	ENST00000435946	ENSG00000223786	.	lncRNA	same	.
2209	6	76487518	76496663	-	no_overlap	.	.	.	.	none	.
2211	6	77504273	77513914	-	no_overlap	.	.	.	.	none	.
2212	6	77591493	77597500	-	no_overlap	.	.	.	.	none	.
2213	6	77658206	77666402	-	intron	ENST00000602452,ENST00000684080	ENSG00000269964	MEI4	protein_coding	opposite	.
K-9	6	77716943	77726366	-	intron	ENST00000602452,ENST00000649759,ENST00000684080	ENSG00000269964	MEI4	protein_coding	opposite	.
2216	6	78132472	78140711	+	no_overlap	.	.	.	.	none	.
2218	6	78583745	78589136	+	no_overlap	.	.	.	.	none	.
2219	6	78854114	78859151	+	no_overlap	.	.	.	.	none	.
2223	6	80109511	80113639	-	intron	ENST00000320393,ENST00000356489,ENST00000369760	ENSG00000083123	BCKDHB	protein_coding	opposite	.
2224	6	80475483	80488343	-	no_overlap	.	.	.	.	none	.
2225	6	80507800	80515803	-	no_overlap	.	.	.	.	none	.
2226	6	80648717	80653177	-	no_overlap	.	.	.	.	none	.
2228	6	81058223	81064741	-	no_overlap	.	.	.	.	none	.
2230	6	81337133	81351822	+	no_overlap	.	.	.	.	none	.
2232	6	81883047	81889558	-	intron	ENST00000665153,ENST00000702318,ENST00000418567,ENST00000684960,ENST00000660534,ENST00000660637,ENST00000663543,ENST00000666226,ENST00000667666,ENST00000668266,ENST00000668303	ENSG00000226453	LINC02542	lncRNA	same	.
W-102	6	83443758	83450390	+	no_overlap	.	.	.	.	none	.
W-35	6	84711700	84721150	-	intron	ENST00000606784	ENSG00000112837	TBX18	protein_coding	same	.
W-103	6	84944216	84945310	+	no_overlap	.	.	.	.	none	.
2240	6	85086390	85098633	+	no_overlap	.	.	.	.	none	.
2242	6	85854702	85867615	-	no_overlap	.	.	.	.	none	.
2248	6	86472988	86481664	+	no_overlap	.	.	.	.	none	.
2249	6	86498944	86501364	-	no_overlap	.	.	.	.	none	.
2251	6	86671994	86681327	-	no_overlap	.	.	.	.	none	.
2255	6	88404564	88419780	-	intron	ENST00000429137,ENST00000648572,ENST00000669402,ENST00000655924	ENSG00000234426	.	lncRNA	same	.
2256	6	88662250	88670881	+	intron	ENST00000369475,ENST00000369485	ENSG00000111880	RNGTT	protein_coding	opposite	.
2259	6	90670016	90675595	-	no_overlap	.	.	.	.	none	.
2261	6	93660599	93667867	+	exon and intron	ENST00000668367	ENSG00000287683	.	lncRNA	same	.
2262	6	93825186	93837557	-	no_overlap	.	.	.	.	none	.
2263	6	94553198	94559610	-	intron	ENST00000701797,ENST00000689670	ENSG00000289178	.	lncRNA	same	.
2266	6	97779292	97789709	+	intron	ENST00000574739,ENST00000656098,ENST00000658994,ENST00000665158,ENST00000668451,ENST00000669069,ENST00000668841,ENST00000653817,ENST00000661998	ENSG00000271860	.	lncRNA	same	.
2267	6	98166614	98173385	+	intron	ENST00000664875,ENST00000671308,ENST00000665796,ENST00000661488,ENST00000658505,ENST00000661997,ENST00000662497,ENST00000671189,ENST00000606913,ENST00000607032,ENST00000607823,ENST00000653817,ENST00000654117,ENST00000654518,ENST00000656098,ENST00000657672,ENST00000659424,ENST00000664248,ENST00000664296,ENST00000665158,ENST00000665944,ENST00000666500,ENST00000667070,ENST00000668451,ENST00000669069,ENST00000659530,ENST00000670309,ENST00000670543,ENST00000659229,ENST00000661318,ENST00000655641	ENSG00000271860	.	lncRNA	same	.
2268	6	99019301	99026459	-	no_overlap	.	.	.	.	none	.
2269	6	99261739	99267046	-	no_overlap	.	.	.	.	none	.
2272	6	100944609	100952256	+	no_overlap	.	.	.	.	none	.
2273	6	101223587	101232976	-	exon and intron	ENST00000684491,ENST00000421544,ENST00000682090,ENST00000683774	ENSG00000164418	GRIK2	protein_coding	opposite	.
2275	6	102102386	102108875	+	no_overlap	.	.	.	.	none	.
2276	6	102292726	102300693	+	no_overlap	.	.	.	.	none	.
2277	6	102631419	102638257	+	no_overlap	.	.	.	.	none	.
ERVW-17	6	106228135	106235814	+	intron	ENST00000343245,ENST00000360666,ENST00000369070,ENST00000369076,ENST00000476518,ENST00000635758,ENST00000636335,ENST00000636437,ENST00000613993,ENST00000646025	ENSG00000057663	ATG5	protein_coding	opposite	.
2282	6	106807736	106820753	-	no_overlap	.	.	.	.	none	.
W-104	6	107299411	107300743	+	intron	ENST00000369031,ENST00000369037	ENSG00000164494	PDSS2	protein_coding	opposite	.
2285	6	109851790	109861853	-	intron	ENST00000675772	ENSG00000112367	FIG4	protein_coding	opposite	.
2284	6	109888671	109893202	-	no_overlap	.	.	.	.	none	.
2287	6	110499172	110506068	+	no_overlap	.	.	.	.	none	.
2288	6	110917872	110928127	+	exon	ENST00000402967	ENSG00000219329	.	processed_pseudogene	same	.
2289	6	111130927	111141848	+	intron	ENST00000368851	ENSG00000112394	SLC16A10	protein_coding	same	.
2292	6	113263299	113267207	-	no_overlap	.	.	.	.	none	.
2294	6	114010995	114018008	-	exon and intron	ENST00000522371,ENST00000691803,ENST00000519270,ENST00000519104,ENST00000523087	ENSG00000196591,ENSG00000228624	HDAC2,HDAC2-AS2	protein_coding,lncRNA	both	.
2295	6	114422437	114428336	-	exon and intron	ENST00000522697,ENST00000518470	ENSG00000228624	HDAC2-AS2	lncRNA	opposite	.
2297	6	114997808	115004280	+	exon and intron	ENST00000656833	ENSG00000287097	.	lncRNA	same	.
2296	6	115030725	115042978	+	no_overlap	.	.	.	.	none	.
2298	6	115232071	115241395	-	no_overlap	.	.	.	.	none	.
2301	6	116091021	116100418	+	intron	ENST00000692859	ENSG00000289376	.	lncRNA	opposite	.
2303	6	117658786	117665200	-	exon and intron	ENST00000702424,ENST00000702410	ENSG00000289372	.	lncRNA	same	.
2306	6	118574055	118578291	+	exon and intron	ENST00000472713,ENST00000659521,ENST00000360290,ENST00000368488,ENST00000368491,ENST00000392500,ENST00000419517,ENST00000434604,ENST00000462101,ENST00000476150,ENST00000483035	ENSG00000111860,ENSG00000286339	CEP85L	protein_coding,lncRNA	both	.
2305	6	118579851	118590655	+	exon and intron	ENST00000402595,ENST00000360290,ENST00000368488,ENST00000368491,ENST00000392500,ENST00000419517,ENST00000434604,ENST00000462101,ENST00000476150,ENST00000483035	ENSG00000217330,ENSG00000111860	SSXP10,CEP85L	processed_pseudogene,protein_coding	both	.
2307	6	118617101	118626810	+	intron	ENST00000360290,ENST00000368488,ENST00000368491,ENST00000392500,ENST00000419517,ENST00000434604,ENST00000462101,ENST00000476150,ENST00000483035	ENSG00000111860	CEP85L	protein_coding	opposite	.
2310	6	119394056	119399037	-	intron	ENST00000690557,ENST00000692359,ENST00000701050,ENST00000701673,ENST00000701940	ENSG00000287100	.	lncRNA	opposite	.
2312	6	119764797	119771994	-	no_overlap	.	.	.	.	none	.
2313	6	120460880	120468083	-	exon and intron	ENST00000657887	ENSG00000286540	.	lncRNA	opposite	.
2314	6	120925043	120931119	+	no_overlap	.	.	.	.	none	.
2315	6	121041383	121049351	+	no_overlap	.	.	.	.	none	.
2317	6	121191689	121199363	+	exon and intron	ENST00000464622,ENST00000398212,ENST00000398197,ENST00000275159	ENSG00000146350	TBC1D32	protein_coding	opposite	.
2318	6	121617318	121626521	-	exon and intron	ENST00000702730	ENSG00000290064	.	lncRNA	same	.
2319	6	121979108	121996577	+	no_overlap	.	.	.	.	none	.
2320	6	122504870	122514220	-	intron	ENST00000392491,ENST00000615438,ENST00000583007,ENST00000618977,ENST00000608895	ENSG00000135549	PKIB	protein_coding	opposite	.
2321	6	122590474	122600659	-	intron	ENST00000658962,ENST00000392491,ENST00000583007,ENST00000615438,ENST00000618977	ENSG00000287258,ENSG00000135549	PKIB	lncRNA,protein_coding	both	.
2322	6	122741797	122749237	-	exon	ENST00000496309	ENSG00000240606	RN7SL564P	misc_RNA	opposite	.
2323	6	122838868	122845748	+	no_overlap	.	.	.	.	none	.
2324	6	123556843	123562657	+	exon and intron	ENST00000648704,ENST00000334268,ENST00000361029,ENST00000422596,ENST00000542443,ENST00000546248,ENST00000628709,ENST00000662930	ENSG00000285691,ENSG00000186439	TRDN	lncRNA,protein_coding	both	.
2325	6	123582329	123588017	-	exon and intron	ENST00000422596,ENST00000361029,ENST00000334268,ENST00000542443,ENST00000546248,ENST00000628709,ENST00000662930	ENSG00000186439	TRDN	protein_coding	same	.
2328	6	124890406	124897762	+	intron	ENST00000655205,ENST00000663732,ENST00000663792,ENST00000666728,ENST00000658682,ENST00000663550,ENST00000687689,ENST00000656500,ENST00000657116,ENST00000662961	ENSG00000236548	RNF217-AS1	lncRNA	opposite	.
2329	6	125700302	125707480	-	exon and intron	ENST00000670227,ENST00000606334,ENST00000656901,ENST00000427852,ENST00000451660,ENST00000423208	ENSG00000224506,ENSG00000237742	LINC02523,HEY2-AS1	lncRNA	both	.
2331	6	126848845	126854456	+	intron	ENST00000650906,ENST00000651038,ENST00000651319,ENST00000651488,ENST00000651795,ENST00000652460,ENST00000651326,ENST00000652186,ENST00000650876,ENST00000650684,ENST00000650727,ENST00000650823,ENST00000651273,ENST00000651745,ENST00000651963,ENST00000652037,ENST00000652330,ENST00000652545,ENST00000651876	ENSG00000286215	.	transcribed_processed_pseudogene	opposite	.
2334	6	130192280	130199095	+	intron	ENST00000528422,ENST00000529723,ENST00000532309,ENST00000324172,ENST00000368134,ENST00000437477,ENST00000439090,ENST00000457563,ENST00000524930,ENST00000531544,ENST00000532763,ENST00000533296	ENSG00000164483	SAMD3	protein_coding	opposite	.
2339	6	131294371	131300270	+	exon and intron	ENST00000691727,ENST00000702750	ENSG00000289262,ENSG00000290067	.	lncRNA	both	.
2338	6	131323295	131329145	+	intron	ENST00000702750	ENSG00000290067	.	lncRNA	opposite	.
2337	6	131338776	131348185	+	intron	ENST00000702750	ENSG00000290067	.	lncRNA	opposite	.
2340	6	131401452	131414194	+	intron	ENST00000702750	ENSG00000290067	.	lncRNA	opposite	.
2342	6	131900683	131907723	+	exon and intron	ENST00000706350,ENST00000706327,ENST00000706322,ENST00000706323,ENST00000706324,ENST00000706351,ENST00000706325,ENST00000706326,ENST00000706352,ENST00000706328,ENST00000706305,ENST00000454596,ENST00000421310,ENST00000706294,ENST00000706329,ENST00000706330,ENST00000706331,ENST00000706353,ENST00000419695,ENST00000706354	ENSG00000228495	LINC01013	lncRNA	same	.
2344	6	134598239	134605136	-	exon and intron	ENST00000407496,ENST00000434593,ENST00000702656,ENST00000661776,ENST00000665479,ENST00000650393,ENST00000655921	ENSG00000218772,ENSG00000232310	FAM8A6P,LINC03002	processed_pseudogene,lncRNA	same	.
2345	6	137060289	137067134	-	no_overlap	.	.	.	.	none	.
2346	6	137163033	137170722	+	intron	ENST00000296980,ENST00000339602,ENST00000349184	ENSG00000164485	IL22RA2	protein_coding	opposite	.
2348	6	137717275	137724946	-	exon and intron	ENST00000646621,ENST00000635999	ENSG00000230533	LINC03004	lncRNA	opposite	.
2349	6	140255438	140263080	-	intron	ENST00000683950	ENSG00000288714	.	lncRNA	opposite	.
2350	6	140329787	140336058	-	intron	ENST00000684511	ENSG00000288714	.	lncRNA	opposite	.
2352	6	140687303	140702293	-	intron	ENST00000682976,ENST00000684511,ENST00000650553	ENSG00000288714,ENSG00000234147	.	lncRNA	both	.
2353	6	141175510	141183953	+	no_overlap	.	.	.	.	none	.
2356	6	141452939	141460677	+	no_overlap	.	.	.	.	none	.
2357	6	141955571	141965391	+	no_overlap	.	.	.	.	none	.
2358	6	142015648	142022089	+	no_overlap	.	.	.	.	none	.
2359	6	142536877	142541544	+	exon and intron	ENST00000654741,ENST00000447311,ENST00000635073	ENSG00000236366	.	lncRNA	opposite	.
2360	6	143077707	143086385	-	intron	ENST00000275235,ENST00000357847,ENST00000367601,ENST00000494282,ENST00000629020,ENST00000646199,ENST00000447498	ENSG00000146416	AIG1	protein_coding	opposite	.
W-38	6	144116323	144121561	-	no_overlap	.	.	.	.	none	.
2365	6	144923391	144932448	+	exon and intron	ENST00000701030	ENSG00000289850	.	lncRNA	same	.
2366	6	145104063	145108661	-	no_overlap	.	.	.	.	none	.
2368	6	145567896	145573953	-	intron	ENST00000450221,ENST00000638717	ENSG00000112425	EPM2A	protein_coding	same	.
2370	6	146447175	146456490	-	no_overlap	.	.	.	.	none	.
2371	6	148639771	148645510	+	no_overlap	.	.	.	.	none	.
2372	6	150849237	150856692	+	no_overlap	.	.	.	.	none	.
2373	6	150856844	150862887	+	no_overlap	.	.	.	.	none	.
2375	6	152037901	152042443	-	intron	ENST00000406599,ENST00000456483,ENST00000206249,ENST00000338799,ENST00000415488,ENST00000427531,ENST00000440973,ENST00000443427,ENST00000641399	ENSG00000091831	ESR1	protein_coding	opposite	.
2377	6	152490628	152497176	+	intron	ENST00000367253,ENST00000367255,ENST00000413186,ENST00000423061,ENST00000466159,ENST00000535896,ENST00000610489,ENST00000673163,ENST00000673281,ENST00000367248,ENST00000461872,ENST00000537750,ENST00000672122	ENSG00000131018	SYNE1	protein_coding	opposite	.
2378	6	153404512	153418847	-	exon and intron	ENST00000436953	ENSG00000237312	.	lncRNA	same	.
2380	6	153923207	153938073	+	no_overlap	.	.	.	.	none	.
2381	6	157700362	157706464	-	exon and intron	ENST00000614703	ENSG00000130340	SNX9	protein_coding	opposite	.
2382	6	158156791	158169360	-	exon and intron	ENST00000367101,ENST00000606965,ENST00000607071,ENST00000607742,ENST00000642244,ENST00000642903,ENST00000644972,ENST00000645077,ENST00000645172,ENST00000646190,ENST00000646208,ENST00000646410,ENST00000646562,ENST00000647468,ENST00000648111,ENST00000607000,ENST00000607778,ENST00000648328,ENST00000691867,ENST00000689383,ENST00000689809	ENSG00000122335,ENSG00000272047	SERAC1,GTF2H5	protein_coding	both	.
2383	6	158296636	158303484	-	exon and intron	ENST00000665073,ENST00000620026,ENST00000432358,ENST00000619713	ENSG00000287591,ENSG00000130338,ENSG00000274023	TULP4	lncRNA,protein_coding	both	.
2384	6	158611702	158621178	-	intron	ENST00000367090,ENST00000684151,ENST00000403590	ENSG00000146433,ENSG00000218226	TMEM181,TATDN2P2	protein_coding,processed_pseudogene	both	.
2386	6	158880394	158889163	-	intron	ENST00000486232,ENST00000663769,ENST00000666927,ENST00000367072,ENST00000654049,ENST00000655791,ENST00000653976,ENST00000686607,ENST00000693135,ENST00000650421,ENST00000658761,ENST00000659187,ENST00000692856,ENST00000700908,ENST00000367073,ENST00000643288,ENST00000663340,ENST00000663950	ENSG00000203711	LINC02901	lncRNA	opposite	.
2387	6	160228650	160234323	+	intron	ENST00000366953,ENST00000486916,ENST00000491092	ENSG00000112499	SLC22A2	protein_coding	opposite	.
2388	6	160286609	160292314	-	no_overlap	.	.	.	.	none	.
2390	6	160777445	160780103	+	intron	ENST00000619095	ENSG00000274903	.	unprocessed_pseudogene	same	.
2393	6	164336949	164344806	-	no_overlap	.	.	.	.	none	.
2394	6	164652121	164657950	-	no_overlap	.	.	.	.	none	.
2395	6	164807529	164814293	-	exon and intron	ENST00000664420,ENST00000656968,ENST00000656215,ENST00000663349,ENST00000662461	ENSG00000287550	.	lncRNA	same	.
2396	6	165057410	165066437	-	intron	ENST00000667740	ENSG00000287877	.	lncRNA	opposite	.
2399	6	165459655	165462231	+	intron	ENST00000366882,ENST00000649247,ENST00000539869,ENST00000647590,ENST00000647768,ENST00000647837,ENST00000647989,ENST00000648884,ENST00000648917,ENST00000649761,ENST00000672859,ENST00000672902,ENST00000676766,ENST00000676767,ENST00000678462,ENST00000678161,ENST00000649273	ENSG00000112541	PDE10A	protein_coding	opposite	.
2400	6	165525283	165530535	+	intron	ENST00000678161,ENST00000366882,ENST00000539869,ENST00000647590,ENST00000647768,ENST00000647837,ENST00000647989,ENST00000648884,ENST00000648917,ENST00000649247,ENST00000672859,ENST00000672902,ENST00000676766,ENST00000676767,ENST00000678462	ENSG00000112541	PDE10A	protein_coding	opposite	.
ERVW-19	6	166891078	166898253	+	intron	ENST00000507747,ENST00000512860	ENSG00000249141,ENSG00000071242	RPS6KA2	protein_coding	opposite	.
2405	6	169117391	169125403	+	no_overlap	.	.	.	.	none	.
2407	6	170594857	170596596	-	no_overlap	.	.	.	.	none	.
2409	7	4590929	4600359	-	no_overlap	.	.	.	.	none	.
2411	7	5021036	5028572	-	intron	ENST00000494947,ENST00000407184	ENSG00000196204,ENSG00000272968	RNF216P1,RBAK-RBAKDN	lncRNA,protein_coding	opposite	.
2413	7	6840767	6845943	-	no_overlap	.	.	.	.	none	.
2416	7	6871226	6875725	-	no_overlap	.	.	.	.	none	.
2417	7	6903781	6912297	+	no_overlap	.	.	.	.	none	.
2415	7	6947701	6958742	-	exon and intron	ENST00000701933,ENST00000671358,ENST00000702872	ENSG00000287860	.	lncRNA	same	.
2419	7	9016777	9025574	+	no_overlap	.	.	.	.	none	.
2420	7	9352194	9359230	-	no_overlap	.	.	.	.	none	.
2421	7	9451831	9464225	-	no_overlap	.	.	.	.	none	.
2424	7	11594241	11600178	+	intron	ENST00000423059	ENSG00000005108	THSD7A	protein_coding	opposite	.
2425	7	12066555	12075076	+	no_overlap	.	.	.	.	none	.
2427	7	12289621	12296117	+	no_overlap	.	.	.	.	none	.
2428	7	12589988	12596310	-	exon and intron	ENST00000486980,ENST00000518849,ENST00000523729,ENST00000519209,ENST00000297029,ENST00000341757	ENSG00000006747	SCIN	protein_coding	opposite	.
W-39	7	12852945	12853677	-	intron	ENST00000639998,ENST00000638964	ENSG00000229618	.	lncRNA	opposite	.
W-40	7	16677068	16677893	-	intron	ENST00000258761,ENST00000405202,ENST00000415365,ENST00000430000,ENST00000432311,ENST00000433922,ENST00000436868,ENST00000437745,ENST00000438834,ENST00000446596,ENST00000480517,ENST00000630952	ENSG00000136261	BZW2	protein_coding	opposite	.
2432	7	17414062	17420763	+	intron	ENST00000637807,ENST00000419463,ENST00000636929,ENST00000635900,ENST00000636703	ENSG00000283321,ENSG00000236318,ENSG00000236039	LINC02888,LINC02889	protein_coding,lncRNA	both	.
2433	7	19653820	19660927	-	no_overlap	.	.	.	.	none	.
2434	7	20120708	20126557	+	exon and intron	ENST00000691231,ENST00000457921,ENST00000415499,ENST00000590912,ENST00000418442,ENST00000435968,ENST00000437191	ENSG00000243004,ENSG00000267055	.	lncRNA	both	.
2435	7	20545775	20555651	+	no_overlap	.	.	.	.	none	.
2436	7	21500900	21508350	-	intron	ENST00000222584,ENST00000448246,ENST00000649633	ENSG00000105866	SP4	protein_coding	opposite	.
2437	7	21547318	21556347	-	intron	ENST00000409508	ENSG00000105877	DNAH11	protein_coding	opposite	.
2439	7	22703357	22709314	+	intron	ENST00000650428	ENSG00000105889	STEAP1B	protein_coding	opposite	.
2440	7	22913413	22917709	+	intron	ENST00000421730	ENSG00000122591	HYCC1	protein_coding	opposite	.
2441	7	23073207	23086251	-	no_overlap	.	.	.	.	none	.
2443	7	23854622	23861992	-	no_overlap	.	.	.	.	none	.
2444	7	24396490	24401068	+	intron	ENST00000662001	ENSG00000287523	.	lncRNA	opposite	.
2445	7	24789379	24795800	-	exon and intron	ENST00000666237	ENSG00000287093	.	lncRNA	same	OSBPL3
2446	7	26024192	26029813	-	no_overlap	.	.	.	.	none	.
2448	7	26996606	27001648	+	no_overlap	.	.	.	.	none	.
2449	7	29636374	29646231	-	exon and intron	ENST00000690394,ENST00000442865	ENSG00000288973,ENSG00000225264	ZNRF2P2	lncRNA,transcribed_processed_pseudogene	same	.
2450	7	29784991	29792474	+	no_overlap	.	.	.	.	none	.
2452	7	30480037	30484204	+	no_overlap	.	.	.	.	none	.
2453	7	30572444	30579657	-	exon and intron	ENST00000579024,ENST00000584621,ENST00000582145,ENST00000614950,ENST00000584108,ENST00000667129,ENST00000584023,ENST00000579174,ENST00000689508,ENST00000578245,ENST00000580440,ENST00000454922,ENST00000667137,ENST00000657049,ENST00000663462,ENST00000578994,ENST00000583664,ENST00000582549,ENST00000581665,ENST00000656284,ENST00000663944,ENST00000667338,ENST00000584372,ENST00000426529,ENST00000582733,ENST00000581794,ENST00000584199,ENST00000660767	ENSG00000196295	GARS1-DT	lncRNA	same	.
2454	7	31468029	31472374	-	no_overlap	.	.	.	.	none	.
2457	7	32832025	32843665	-	exon and intron	ENST00000426647	ENSG00000231952	DPY19L1P2	unprocessed_pseudogene	opposite	.
2458	7	33158829	33174607	-	intron	ENST00000671963,ENST00000242067,ENST00000350941,ENST00000355070,ENST00000396127,ENST00000425508,ENST00000433714,ENST00000465037,ENST00000671871,ENST00000671890,ENST00000671952,ENST00000672717,ENST00000672973,ENST00000673056,ENST00000673219,ENST00000673230,ENST00000673431,ENST00000673462,ENST00000442858,ENST00000672453	ENSG00000122507	BBS9	protein_coding	opposite	.
2459	7	34300136	34305572	-	no_overlap	.	.	.	.	none	.
W-106	7	35696137	35697017	+	exon and intron	ENST00000605778,ENST00000603731	ENSG00000271122,ENSG00000122557	HERPUD2-AS1,HERPUD2	lncRNA,protein_coding	both	.
2463	7	38160249	38162742	+	no_overlap	.	.	.	.	none	.
2466	7	39753488	39764403	+	exon and intron	ENST00000654922,ENST00000656108,ENST00000658784,ENST00000675279,ENST00000675949,ENST00000340510,ENST00000656391,ENST00000666283,ENST00000668152,ENST00000674829	ENSG00000188185	LINC00265	lncRNA	same	.
2468	7	40141769	40148199	-	exon and intron	ENST00000413931,ENST00000335693,ENST00000401647,ENST00000416370,ENST00000628514,ENST00000444074	ENSG00000175600	SUGCT	protein_coding	opposite	.
2469	7	40159745	40172712	-	intron	ENST00000335693,ENST00000401647,ENST00000416370,ENST00000628514,ENST00000444074,ENST00000413931	ENSG00000175600	SUGCT	protein_coding	opposite	.
2471	7	41547006	41559662	-	no_overlap	.	.	.	.	none	.
2472	7	42635554	42645915	+	no_overlap	.	.	.	.	none	.
2474	7	42869812	42876404	-	no_overlap	.	.	.	.	none	.
2477	7	43810662	43821357	+	no_overlap	.	.	.	.	none	BLVRA
2476	7	43853007	43866752	-	exon	ENST00000317534,ENST00000603700,ENST00000418740	ENSG00000062582,ENSG00000270617	MRPS24,URGCP-MRPS24	protein_coding	same	MRPS24
2480	7	46035742	46045152	-	no_overlap	.	.	.	.	none	.
2482	7	46461505	46471535	-	no_overlap	.	.	.	.	none	.
2483	7	47596624	47600888	+	no_overlap	.	.	.	.	none	.
2487	7	50063165	50071022	-	intron	ENST00000419417,ENST00000046087	ENSG00000042813	ZPBP	protein_coding	same	.
2489	7	50569794	50583890	+	no_overlap	.	.	.	.	none	.
2492	7	52334139	52340207	-	no_overlap	.	.	.	.	none	.
2495	7	53896423	53909276	+	no_overlap	.	.	.	.	none	.
2496	7	53955066	53962916	-	no_overlap	.	.	.	.	none	.
2498	7	54449626	54453236	+	exon	ENST00000659445	ENSG00000231427	LINC01445	lncRNA	same	.
2500	7	56145374	56149002	+	no_overlap	.	.	.	.	none	.
2501	7	56317447	56325260	+	exon and intron	ENST00000366280	ENSG00000203462	.	unprocessed_pseudogene	same	.
2518	7	64679994	64686561	+	exon and intron	ENST00000683492,ENST00000683656,ENST00000684494,ENST00000683053,ENST00000360117,ENST00000613690,ENST00000620827,ENST00000395391,ENST00000603878,ENST00000423627,ENST00000344930,ENST00000684016	ENSG00000196247,ENSG00000271550	ZNF107,BNIP3P11	protein_coding,processed_pseudogene	both	.
2519	7	64834894	64840158	-	exon	ENST00000427545	ENSG00000234338	.	processed_pseudogene	same	.
2522	7	64945897	64951162	+	exon and intron	ENST00000663172,ENST00000690692,ENST00000653683,ENST00000693332,ENST00000701261,ENST00000686651,ENST00000700883,ENST00000702021,ENST00000666422	ENSG00000286342	.	lncRNA	same	.
ERV3-1	7	64990354	65006746	-	exon and intron	ENST00000282869,ENST00000487644	ENSG00000152926	ZNF117	protein_coding	same	.
2523	7	65303097	65311524	+	exon and intron	ENST00000632111,ENST00000685802,ENST00000687368	ENSG00000282381	.	lncRNA	same	.
2525	7	65403284	65422188	+	no_overlap	.	.	.	.	none	ZNF92
2533	7	75781511	75789511	+	intron	ENST00000394905	ENSG00000006606	CCL26	protein_coding	opposite	.
2534	7	77339936	77345880	+	intron	ENST00000257626,ENST00000334003,ENST00000449779	ENSG00000186088	GSAP	protein_coding	opposite	.
2542	7	82637066	82645798	+	no_overlap	.	.	.	.	none	.
2543	7	83459667	83465385	+	exon and intron	ENST00000644381,ENST00000442159,ENST00000642232,ENST00000643230,ENST00000643441	ENSG00000170381	SEMA3E	protein_coding	opposite	.
2547	7	85737903	85746338	-	no_overlap	.	.	.	.	none	.
2548	7	86087732	86093417	+	no_overlap	.	.	.	.	none	.
2550	7	87322847	87330901	-	exon and intron	ENST00000661943,ENST00000416560,ENST00000421293,ENST00000359941,ENST00000653182,ENST00000432193,ENST00000686297,ENST00000610086,ENST00000685527,ENST00000685636,ENST00000685722,ENST00000686728,ENST00000687819,ENST00000688353,ENST00000689667,ENST00000702749,ENST00000690980,ENST00000701419,ENST00000702094	ENSG00000182165	TP53TG1	lncRNA	same	.
2552	7	88539954	88547816	-	exon and intron	ENST00000663862	ENSG00000233420	.	lncRNA	opposite	.
2554	7	91447794	91454614	-	intron	ENST00000418395,ENST00000456952	ENSG00000243144,ENSG00000235450	LINC02932	lncRNA	both	.
ERVW-1-2013	7	92467997	92478192	-	exon and intron	ENST00000604270,ENST00000603252,ENST00000493463,ENST00000658444,ENST00000427458	ENSG00000242950,ENSG00000244055	ERVW-1	protein_coding,lncRNA	both	.
2565	7	93639934	93645553	+	intron	ENST00000455502	ENSG00000127928	GNGT1	protein_coding	same	.
2566	7	94724234	94729309	-	no_overlap	.	.	.	.	none	.
2568	7	95341845	95352435	+	exon	ENST00000413824,ENST00000447766	ENSG00000237160,ENSG00000228751	.	processed_pseudogene	both	.
2574	7	97948902	97960343	-	intron	ENST00000641784,ENST00000641390	ENSG00000284707	.	lncRNA	same	.
2577	7	99723171	99729894	+	intron	ENST00000336374,ENST00000611620,ENST00000620220	ENSG00000160870,ENSG00000282301	CYP3A7,CYP3A7-CYP3A51P	protein_coding	opposite	.
2579	7	100838696	100847199	+	intron	ENST00000461016,ENST00000412754	ENSG00000146828,ENSG00000236305	SLC12A9,SLC12A9-AS1	protein_coding,lncRNA	both	.
2580	7	100923783	100933639	+	exon	ENST00000458329	ENSG00000235926	RPS29P15	processed_pseudogene	same	.
2581	7	102970587	102983136	+	exon and intron	ENST00000477915,ENST00000694870,ENST00000694871,ENST00000686902,ENST00000691436,ENST00000420058,ENST00000703021,ENST00000702962,ENST00000313221,ENST00000379305,ENST00000436908,ENST00000440067,ENST00000448002,ENST00000455112,ENST00000456695,ENST00000471074	ENSG00000161040,ENSG00000230257	FBXL13,NFE4	protein_coding,lncRNA	both	.
K-47	7	104747920	104752819	-	exon and intron	ENST00000449764,ENST00000433514,ENST00000401970,ENST00000424859,ENST00000683240,ENST00000684090	ENSG00000226869,ENSG00000187416	LHFPL3-AS1,LHFPL3	lncRNA,protein_coding	both	.
2585	7	106527171	106533482	-	intron	ENST00000485282,ENST00000592441,ENST00000490856	ENSG00000243797	.	lncRNA	same	.
2587	7	106829675	106838304	+	exon and intron	ENST00000490162,ENST00000636036	ENSG00000228742	LINC02577	lncRNA	same	.
2589	7	107093493	107108826	-	intron	ENST00000488792,ENST00000627539,ENST00000706587,ENST00000265717,ENST00000393613,ENST00000706580,ENST00000706581,ENST00000706582,ENST00000706583,ENST00000706584,ENST00000706585,ENST00000706586,ENST00000706588,ENST00000494849,ENST00000629022	ENSG00000005249,ENSG00000243193	PRKAR2B,PRKAR2B-AS1	protein_coding,lncRNA	both	.
2590	7	107383867	107391037	+	intron	ENST00000297135,ENST00000347053,ENST00000393603,ENST00000475638,ENST00000484237	ENSG00000164597	COG5	protein_coding	opposite	.
2592	7	108339801	108343838	+	intron	ENST00000351718,ENST00000379024,ENST00000379028,ENST00000413765,ENST00000418239	ENSG00000091129	NRCAM	protein_coding	opposite	.
2593	7	108669275	108676761	+	no_overlap	.	.	.	.	none	.
2594	7	109299478	109309846	+	no_overlap	.	.	.	.	none	.
2595	7	109591820	109597554	-	exon and intron	ENST00000412410	ENSG00000234273	.	lncRNA	same	.
2596	7	109789486	109802936	-	no_overlap	.	.	.	.	none	.
2598	7	112641284	112656844	+	exon and intron	ENST00000662984,ENST00000661554,ENST00000453459,ENST00000653349,ENST00000654684,ENST00000655918,ENST00000657316,ENST00000657817,ENST00000659268,ENST00000659368,ENST00000661783,ENST00000662309,ENST00000662625,ENST00000663080,ENST00000663814,ENST00000663988,ENST00000664010,ENST00000665310,ENST00000666635,ENST00000667178,ENST00000667242,ENST00000667580,ENST00000667945,ENST00000668050,ENST00000668809,ENST00000668947,ENST00000669892,ENST00000670567,ENST00000664143,ENST00000652784,ENST00000656697,ENST00000665657,ENST00000657014,ENST00000667747,ENST00000670213	ENSG00000223646	LINC03076	lncRNA	same	.
2599	7	113231859	113239308	-	no_overlap	.	.	.	.	none	.
W-42	7	114379086	114386320	-	intron	ENST00000441290,ENST00000412402,ENST00000440349,ENST00000495516,ENST00000634411,ENST00000634623,ENST00000635109,ENST00000635638,ENST00000703612,ENST00000703613,ENST00000703614,ENST00000703615,ENST00000703616	ENSG00000128573	FOXP2	protein_coding	opposite	.
2603	7	116455723	116462379	+	intron	ENST00000439070,ENST00000462876,ENST00000472470,ENST00000478226,ENST00000498493,ENST00000467035,ENST00000656866,ENST00000446355,ENST00000484871,ENST00000485561,ENST00000477018	ENSG00000237813,ENSG00000105971	CAV2	lncRNA,protein_coding	both	.
2604	7	118114163	118121690	+	no_overlap	.	.	.	.	none	.
2605	7	119184156	119191167	+	no_overlap	.	.	.	.	none	.
2607	7	119566443	119571926	+	intron	ENST00000660268	ENSG00000225546	LINC02476	lncRNA	opposite	.
2609	7	120009178	120015801	+	no_overlap	.	.	.	.	none	.
2608	7	120051511	120062744	-	no_overlap	.	.	.	.	none	.
2611	7	120777788	120782720	-	no_overlap	.	.	.	.	none	.
2612	7	120884896	120891241	-	no_overlap	.	.	.	.	none	.
2613	7	121315379	121322301	+	no_overlap	.	.	.	.	none	.
2614	7	121564820	121569265	-	no_overlap	.	.	.	.	none	.
W-108	7	122171653	122177595	+	intron	ENST00000655568,ENST00000657866,ENST00000662395,ENST00000668971,ENST00000685372,ENST00000688501,ENST00000701036,ENST00000701345,ENST00000655802	ENSG00000234418	.	lncRNA	same	.
2618	7	122817180	122827713	+	intron	ENST00000313070,ENST00000412584,ENST00000449022	ENSG00000081803	CADPS2	protein_coding	opposite	.
2620	7	124729156	124735358	+	no_overlap	.	.	.	.	none	.
2621	7	124957310	124967789	-	intron	ENST00000659682,ENST00000453342,ENST00000429134,ENST00000435452,ENST00000449642,ENST00000458437,ENST00000651909,ENST00000652238,ENST00000655668,ENST00000657042,ENST00000657149,ENST00000657167,ENST00000657213,ENST00000657243,ENST00000660851,ENST00000661643,ENST00000663263,ENST00000664377,ENST00000667446,ENST00000667793,ENST00000670073,ENST00000686986,ENST00000688362,ENST00000688691	ENSG00000224897	POT1-AS1	lncRNA	opposite	.
2623	7	125260114	125264637	-	exon and intron	ENST00000420224,ENST00000458437,ENST00000651909,ENST00000657243,ENST00000664377,ENST00000670073,ENST00000660851,ENST00000655668,ENST00000424515,ENST00000653619,ENST00000667489	ENSG00000219445,ENSG00000224897	POT1-AS1	lncRNA	both	.
2624	7	125309941	125313113	+	intron	ENST00000458437,ENST00000651909,ENST00000657243,ENST00000664377,ENST00000670073,ENST00000660851,ENST00000655668,ENST00000424515,ENST00000653619,ENST00000667489	ENSG00000224897	POT1-AS1	lncRNA	same	.
2626	7	125451470	125458450	-	intron	ENST00000415896,ENST00000453278,ENST00000458437,ENST00000651909,ENST00000657243,ENST00000667489	ENSG00000224897	POT1-AS1	lncRNA	opposite	.
2628	7	125909964	125915741	+	no_overlap	.	.	.	.	none	.
2627	7	125916141	125924862	+	exon and intron	ENST00000411856	ENSG00000197462	.	lncRNA	same	.
2630	7	129578188	129586623	+	no_overlap	.	.	.	.	none	.
2631	7	130312377	130319950	-	intron	ENST00000222482,ENST00000445470,ENST00000493259	ENSG00000128510	CPA4	protein_coding	opposite	.
W-43	7	131820840	131824924	-	no_overlap	.	.	.	.	none	.
2636	7	134548503	134558366	+	exon and intron	ENST00000457545	ENSG00000227471	AKR1B15	protein_coding	same	.
W-109	7	134585421	134593015	+	no_overlap	.	.	.	.	none	.
2637	7	135174032	135184466	+	exon	ENST00000354475,ENST00000423565,ENST00000682802,ENST00000683848,ENST00000683947,ENST00000684322,ENST00000684339,ENST00000682339,ENST00000682759,ENST00000683628,ENST00000684486	ENSG00000105875	WDR91	protein_coding	opposite	.
2639	7	135320870	135324799	-	no_overlap	.	.	.	.	none	.
2640	7	136263316	136264435	-	intron	ENST00000435996,ENST00000445293,ENST00000657456,ENST00000668062,ENST00000668668	ENSG00000232053	.	lncRNA	opposite	.
2641	7	136572739	136579526	-	no_overlap	.	.	.	.	none	.
2643	7	137262566	137268697	-	intron	ENST00000348225,ENST00000393083,ENST00000699293	ENSG00000105894	PTN	protein_coding	same	.
2646	7	138329239	138334531	+	no_overlap	.	.	.	.	none	.
2644	7	138338785	138344410	+	no_overlap	.	.	.	.	none	.
2645	7	138364720	138369293	+	no_overlap	.	.	.	.	none	.
2647	7	138439419	138450594	-	exon	ENST00000399037	ENSG00000214815	IMPDH1P3	processed_pseudogene	opposite	.
2648	7	138556757	138566149	-	intron	ENST00000415680,ENST00000497516,ENST00000343526,ENST00000493595	ENSG00000122779	TRIM24	protein_coding	opposite	.
2649	7	139001241	139007031	+	no_overlap	.	.	.	.	none	.
2650	7	139461618	139468664	+	intron	ENST00000393039,ENST00000340940	ENSG00000188883	KLRG2	protein_coding	opposite	.
2651	7	140655491	140669521	+	exon and intron	ENST00000649584,ENST00000489552	ENSG00000285904,ENSG00000146966	DENND2A	lncRNA,protein_coding	both	.
2653	7	141575646	141584446	-	intron	ENST00000473247,ENST00000648690,ENST00000649790,ENST00000648395,ENST00000465241,ENST00000492693,ENST00000494688,ENST00000495028,ENST00000496784,ENST00000629555,ENST00000647568,ENST00000648068,ENST00000648489,ENST00000649014,ENST00000649286,ENST00000649365,ENST00000649538,ENST00000650006,ENST00000650547,ENST00000649914,ENST00000473884,ENST00000650365	ENSG00000006530	AGK	protein_coding	opposite	.
K-48	7	141751124	141756138	-	intron	ENST00000465582	ENSG00000106028	SSBP1	protein_coding	opposite	.
2658	7	143105116	143110504	+	no_overlap	.	.	.	.	none	.
2662	7	143537703	143543505	-	no_overlap	.	.	.	.	none	.
2663	7	143785955	143793742	+	intron	ENST00000491047,ENST00000702611,ENST00000700950	ENSG00000291149	.	lncRNA	opposite	.
2664	7	144418956	144423209	-	no_overlap	.	.	.	.	none	.
2666	7	146050929	146058791	-	no_overlap	.	.	.	.	none	.
2667	7	146240523	146249184	-	intron	ENST00000361727,ENST00000625365,ENST00000637150	ENSG00000174469	CNTNAP2	protein_coding	opposite	.
2668	7	147601204	147608955	-	intron	ENST00000361727,ENST00000636870,ENST00000637825,ENST00000638117	ENSG00000174469	CNTNAP2	protein_coding	opposite	.
2670	7	148306295	148315615	-	intron	ENST00000361727,ENST00000627772,ENST00000628930,ENST00000636242,ENST00000636870,ENST00000637020	ENSG00000174469	CNTNAP2	protein_coding	opposite	.
2671	7	149640465	149651269	-	no_overlap	.	.	.	.	none	.
W-110	7	149671595	149677221	+	no_overlap	.	.	.	.	none	.
2673	7	150307239	150313286	+	intron	ENST00000477367,ENST00000477871,ENST00000478393,ENST00000683684	ENSG00000106526	ACTR3C	protein_coding	opposite	.
2674	7	150561604	150565847	-	no_overlap	.	.	.	.	none	.
2675	7	150583140	150609982	+	exon	ENST00000603938	ENSG00000271568	.	processed_pseudogene	opposite	.
2677	7	152027504	152035945	-	exon and intron	ENST00000431668,ENST00000423337,ENST00000430044,ENST00000446096,ENST00000447778,ENST00000482812	ENSG00000178234	GALNT11	protein_coding	opposite	.
2676	7	152040018	152043289	-	intron	ENST00000423337,ENST00000430044,ENST00000446096,ENST00000447778,ENST00000482812,ENST00000431668	ENSG00000178234	GALNT11	protein_coding	opposite	.
2679	7	153405750	153413806	-	exon and intron	ENST00000662256,ENST00000454441,ENST00000661522,ENST00000665256,ENST00000665909,ENST00000669370,ENST00000669818,ENST00000670362,ENST00000655449,ENST00000416982,ENST00000665005,ENST00000671302,ENST00000669107,ENST00000653989,ENST00000663904,ENST00000670171,ENST00000666243,ENST00000657245,ENST00000670691,ENST00000661082,ENST00000669109,ENST00000663745,ENST00000667969,ENST00000669410,ENST00000670343,ENST00000658753,ENST00000659532,ENST00000664034,ENST00000664249,ENST00000668024,ENST00000669043,ENST00000658825,ENST00000669159,ENST00000453187,ENST00000647863,ENST00000662979,ENST00000660414,ENST00000662626	ENSG00000234722	LINC01287	lncRNA	same	.
2681	7	155240045	155242738	-	intron	ENST00000702445	ENSG00000290007	.	lncRNA	same	.
2683	8	3235786	3243448	-	intron	ENST00000335551,ENST00000400186,ENST00000520002,ENST00000523387,ENST00000523488,ENST00000602557,ENST00000602723,ENST00000635120	ENSG00000183117	CSMD1	protein_coding	same	.
2687	8	5435370	5442182	-	no_overlap	.	.	.	.	none	.
2689	8	5795686	5801952	-	no_overlap	.	.	.	.	none	.
2688	8	5822581	5831108	-	no_overlap	.	.	.	.	none	.
2690	8	5852518	5857440	-	exon and intron	ENST00000660498	ENSG00000286969	.	lncRNA	same	.
2691	8	5874492	5880011	-	no_overlap	.	.	.	.	none	.
2692	8	6924880	6936329	+	exon and intron	ENST00000297436,ENST00000526235,ENST00000297435	ENSG00000164822,ENSG00000254625,ENSG00000164821	DEFA6,DEFA4	protein_coding,lncRNA	both	.
2696	8	7069007	7080994	+	no_overlap	.	.	.	.	none	.
2699	8	7152779	7159835	-	exon and intron	ENST00000641436,ENST00000641821,ENST00000649959	ENSG00000290357	.	lncRNA	opposite	.
2698	8	7241362	7253747	-	exon	ENST00000443450	ENSG00000177306	OR7E125P	unprocessed_pseudogene	same	.
2703	8	7402289	7408615	+	no_overlap	.	.	.	.	none	.
K-7	8	7497873	7507337	-	intron	ENST00000355602	ENSG00000198129	DEFB107B	protein_coding	opposite	.
2706	8	7585832	7598268	+	exon	ENST00000494376	ENSG00000233176	OR7E157P	unprocessed_pseudogene	same	.
2710	8	7706517	7713055	-	no_overlap	.	.	.	.	none	.
2715	8	7903214	7909304	-	no_overlap	.	.	.	.	none	.
2716	8	8033824	8046265	+	exon	ENST00000530816	ENSG00000227013	OR7E96P	unprocessed_pseudogene	same	.
2718	8	8127798	8133981	+	intron	ENST00000641813,ENST00000642083,ENST00000641338	ENSG00000284606	.	lncRNA	same	.
2721	8	8171832	8181319	+	exon and intron	ENST00000641338,ENST00000641813,ENST00000509557,ENST00000642083,ENST00000519726	ENSG00000284606,ENSG00000249188,ENSG00000253893	ENPP7P1,FAM85B	lncRNA,transcribed_unprocessed_pseudogene	both	.
K-38	8	8197176	8206699	+	exon and intron	ENST00000642083,ENST00000509557,ENST00000519726	ENSG00000284606,ENSG00000249188,ENSG00000253893	ENPP7P1,FAM85B	lncRNA,transcribed_unprocessed_pseudogene	both	.
2724	8	9058880	9065201	-	exon and intron	ENST00000522258,ENST00000520332,ENST00000522612,ENST00000518663	ENSG00000104626	ERI1	protein_coding	opposite	.
2727	8	9799846	9814148	+	no_overlap	.	.	.	.	none	.
2729	8	10571063	10578532	+	no_overlap	.	.	.	.	none	.
2730	8	11901863	11910668	-	no_overlap	.	.	.	.	none	.
2731	8	11931841	11936717	-	exon and intron	ENST00000641994,ENST00000666643	ENSG00000290828,ENSG00000287755	.	lncRNA	same	.
2732	8	12037971	12041523	-	no_overlap	.	.	.	.	none	.
2734	8	12216468	12225829	-	no_overlap	.	.	.	.	none	.
2735	8	12284536	12288088	-	no_overlap	.	.	.	.	none	.
HERVK-26	8	12458982	12468498	-	exon and intron	ENST00000641618,ENST00000529817	ENSG00000283674,ENSG00000255549	ENPP7P6	lncRNA,transcribed_unprocessed_pseudogene	same	.
2737	8	12484547	12494314	-	exon and intron	ENST00000660816,ENST00000529817,ENST00000641618	ENSG00000283674,ENSG00000255549	ENPP7P6	lncRNA,transcribed_unprocessed_pseudogene	same	.
2741	8	12688389	12691931	-	no_overlap	.	.	.	.	none	.
2740	8	12706877	12713376	-	no_overlap	.	.	.	.	none	.
2744	8	17907210	17916624	-	exon and intron	ENST00000519038,ENST00000667767,ENST00000398056	ENSG00000254054,ENSG00000104760	FGL1	lncRNA,protein_coding	both	.
2745	8	18104718	18109311	-	exon and intron	ENST00000659561	ENSG00000286542	.	lncRNA	opposite	.
2748	8	20157535	20165620	+	exon and intron	ENST00000276373,ENST00000381608,ENST00000437980,ENST00000440926,ENST00000517776,ENST00000265808,ENST00000519026	ENSG00000036565	SLC18A1	protein_coding	opposite	.
2749	8	23416107	23422118	+	intron	ENST00000520871,ENST00000356206,ENST00000524075,ENST00000524144,ENST00000518471,ENST00000521321	ENSG00000134013,ENSG00000197217	LOXL2,ENTPD4	protein_coding	opposite	.
2750	8	24235764	24242893	+	no_overlap	.	.	.	.	none	.
2754	8	27491922	27497770	-	exon and intron	ENST00000523827,ENST00000517536,ENST00000518328,ENST00000518379,ENST00000520623,ENST00000521400,ENST00000521684,ENST00000520666,ENST00000380476,ENST00000521780	ENSG00000120915	EPHX2	protein_coding	opposite	.
2755	8	29306711	29313100	+	intron	ENST00000686912,ENST00000701393,ENST00000701969	ENSG00000288735	.	lncRNA	opposite	.
2756	8	30146005	30151857	-	intron	ENST00000520739	ENSG00000104660	LEPROTL1	protein_coding	opposite	.
2758	8	30729084	30733486	+	exon and intron	ENST00000620074,ENST00000522968,ENST00000616306	ENSG00000104691	UBXN8	protein_coding	same	.
2761	8	35932082	35939163	+	intron	ENST00000654426,ENST00000523748	ENSG00000253452	.	lncRNA	same	.
2763	8	35951598	35960032	+	intron	ENST00000523748,ENST00000654426	ENSG00000253452	.	lncRNA	same	.
2764	8	36459508	36471815	-	intron	ENST00000651399,ENST00000656455	ENSG00000253363	.	lncRNA	same	.
2765	8	37996557	38004368	-	no_overlap	.	.	.	.	none	.
2766	8	38081998	38091940	-	exon and intron	ENST00000668779	ENSG00000286677	.	lncRNA	opposite	.
2770	8	39478336	39487862	+	intron	ENST00000497806,ENST00000481351,ENST00000461344,ENST00000474764,ENST00000484602,ENST00000495171,ENST00000460383,ENST00000490268	ENSG00000197475	ADAM3A	transcribed_unitary_pseudogene	opposite	.
2773	8	39846610	39853011	-	no_overlap	.	.	.	.	none	.
2772	8	39876225	39885447	-	no_overlap	.	.	.	.	none	.
2776	8	41590932	41598326	-	exon and intron	ENST00000519853,ENST00000521184,ENST00000521121,ENST00000520258,ENST00000520223,ENST00000396987	ENSG00000158669	GPAT4	protein_coding	opposite	.
2777	8	42559882	42568267	-	no_overlap	.	.	.	.	none	.
2781	8	43551324	43561237	-	no_overlap	.	.	.	.	none	.
2782	8	43694278	43702581	-	no_overlap	.	.	.	.	none	.
2787	8	43882269	43886722	-	no_overlap	.	.	.	.	none	.
2788	8	43892848	43898868	+	no_overlap	.	.	.	.	none	.
K-62	8	46264026	46272039	-	no_overlap	.	.	.	.	none	.
2793	8	46278030	46285062	+	no_overlap	.	.	.	.	none	.
2795	8	46481067	46494142	-	no_overlap	.	.	.	.	none	.
2797	8	46580573	46589401	+	intron	ENST00000518311,ENST00000641977,ENST00000641735,ENST00000641079	ENSG00000248498,ENSG00000290398	ASNSP1	transcribed_unprocessed_pseudogene,lncRNA	opposite	.
2798	8	46651493	46655372	+	no_overlap	.	.	.	.	none	.
2800	8	46876731	46882691	+	intron	ENST00000659403	ENSG00000253314	LINC00293	lncRNA	same	.
2804	8	47989116	47999250	-	no_overlap	.	.	.	.	none	.
2807	8	48232825	48242753	-	no_overlap	.	.	.	.	none	.
2806	8	48244514	48250517	-	no_overlap	.	.	.	.	none	.
2809	8	48962288	48966436	+	no_overlap	.	.	.	.	none	.
2812	8	49094699	49104433	+	intron	ENST00000657689	ENSG00000253474	.	lncRNA	same	.
2814	8	49419757	49426333	+	no_overlap	.	.	.	.	none	.
2813	8	49427135	49435527	+	no_overlap	.	.	.	.	none	.
2815	8	49649764	49656979	-	no_overlap	.	.	.	.	none	.
2817	8	51288814	51299170	-	intron	ENST00000521294	ENSG00000253664	.	lncRNA	opposite	.
2819	8	52954384	52962576	+	no_overlap	.	.	.	.	none	.
2820	8	52980994	52983546	-	no_overlap	.	.	.	.	none	.
2821	8	53068947	53077280	-	no_overlap	.	.	.	.	none	.
2822	8	53136329	53143376	-	no_overlap	.	.	.	.	none	.
2823	8	53367142	53379617	-	no_overlap	.	.	.	.	none	.
2825	8	53435275	53443086	-	intron	ENST00000654917,ENST00000656889,ENST00000659344,ENST00000664464,ENST00000664528,ENST00000664678,ENST00000667742,ENST00000653150,ENST00000655683,ENST00000656472,ENST00000658739,ENST00000663629,ENST00000665810,ENST00000670087,ENST00000671233,ENST00000688763,ENST00000701991,ENST00000521558,ENST00000653042,ENST00000654162,ENST00000655800,ENST00000663011,ENST00000665614,ENST00000701398,ENST00000654138	ENSG00000253369	.	lncRNA	same	.
2824	8	53459436	53468954	+	intron	ENST00000654917,ENST00000656889,ENST00000659344,ENST00000664464,ENST00000664528,ENST00000664678,ENST00000667742,ENST00000653150,ENST00000655683,ENST00000656472,ENST00000658739,ENST00000663629,ENST00000665810,ENST00000670087,ENST00000671233,ENST00000688763,ENST00000701991,ENST00000521558,ENST00000653042,ENST00000654162,ENST00000655800,ENST00000663011,ENST00000665614,ENST00000701398,ENST00000654138	ENSG00000253369	.	lncRNA	opposite	.
2826	8	53482830	53488850	+	exon and intron	ENST00000664678,ENST00000663011,ENST00000521558,ENST00000667742,ENST00000656889,ENST00000671233,ENST00000653042,ENST00000654162,ENST00000663629,ENST00000665810,ENST00000655800,ENST00000658739,ENST00000659344,ENST00000665614,ENST00000701991,ENST00000655683,ENST00000654138,ENST00000654917,ENST00000656472,ENST00000664464,ENST00000701398,ENST00000653150,ENST00000664528,ENST00000688763,ENST00000670087	ENSG00000253369	.	lncRNA	opposite	.
2827	8	53617094	53624085	+	no_overlap	.	.	.	.	none	.
2828	8	53731263	53737231	+	intron	ENST00000522159,ENST00000355221,ENST00000359530,ENST00000396774,ENST00000518072,ENST00000520188,ENST00000523899,ENST00000524164,ENST00000523343	ENSG00000047249	ATP6V1H	protein_coding	opposite	.
2829	8	54070287	54074793	+	exon and intron	ENST00000523009,ENST00000522007,ENST00000519272,ENST00000521898,ENST00000520896,ENST00000316963,ENST00000343231,ENST00000517297,ENST00000518546,ENST00000519926,ENST00000521352,ENST00000618741,ENST00000618914,ENST00000519891	ENSG00000254274,ENSG00000120992	TDGF1P5,LYPLA1	processed_pseudogene,protein_coding	both	.
2830	8	55706201	55715876	+	intron	ENST00000522470	ENSG00000167904	TMEM68	protein_coding	opposite	.
2832	8	57456588	57462356	+	no_overlap	.	.	.	.	none	.
2836	8	59778043	59788481	+	no_overlap	.	.	.	.	none	.
2837	8	60305357	60312325	-	intron	ENST00000530725	ENSG00000251396	LINC01301	lncRNA	same	.
W-44	8	60419412	60425519	-	intron	ENST00000530725,ENST00000664011,ENST00000476425,ENST00000656656,ENST00000702097	ENSG00000251396	LINC01301	lncRNA	same	.
2839	8	60493460	60499925	+	intron	ENST00000700917,ENST00000476425,ENST00000532232,ENST00000702097,ENST00000530725,ENST00000664011,ENST00000656656	ENSG00000251396	LINC01301	lncRNA	opposite	.
2841	8	63143704	63154359	-	no_overlap	.	.	.	.	none	.
2844	8	63919654	63925770	+	intron	ENST00000523191,ENST00000521958,ENST00000648669,ENST00000668083,ENST00000668525,ENST00000524360	ENSG00000253554	LINC01414	lncRNA	opposite	.
2845	8	64121552	64127799	-	intron	ENST00000523191,ENST00000521958,ENST00000648669,ENST00000668083,ENST00000668525,ENST00000524360	ENSG00000253554	LINC01414	lncRNA	same	.
2846	8	64764925	64777239	+	intron	ENST00000310193	ENSG00000172817	CYP7B1	protein_coding	opposite	.
2847	8	65120222	65133148	-	no_overlap	.	.	.	.	none	.
2848	8	65863234	65870470	+	no_overlap	.	.	.	.	none	.
2849	8	67703007	67709671	+	intron	ENST00000297770,ENST00000479862,ENST00000518549,ENST00000638254	ENSG00000165078	CPA6	protein_coding	opposite	.
W-113	8	67921961	67923631	+	no_overlap	.	.	.	.	none	.
2850	8	68888778	68895390	+	intron	ENST00000657605,ENST00000662535,ENST00000665853	ENSG00000253658	LINC01592	lncRNA	opposite	.
2852	8	68971412	68977964	+	intron	ENST00000524286,ENST00000663971,ENST00000519062,ENST00000662535,ENST00000663873,ENST00000663915,ENST00000657605,ENST00000657671,ENST00000662861,ENST00000665853,ENST00000669481,ENST00000518540,ENST00000670857	ENSG00000253658	LINC01592	lncRNA	opposite	.
2855	8	71664664	71670450	+	no_overlap	.	.	.	.	none	.
2856	8	71674936	71683238	+	exon and intron	ENST00000519840,ENST00000691315,ENST00000693596,ENST00000521131	ENSG00000254277	.	lncRNA	same	.
2858	8	72096359	72104776	-	intron	ENST00000518916	ENSG00000235531	MSC-AS1	lncRNA	opposite	.
2860	8	72387848	72395578	+	no_overlap	.	.	.	.	none	.
ERVW-20	8	73821863	73822603	+	intron	ENST00000358757,ENST00000419880,ENST00000517608,ENST00000523278,ENST00000602593,ENST00000650817,ENST00000651945,ENST00000422906,ENST00000519255,ENST00000519277	ENSG00000258677,ENSG00000104343	UBE2W	protein_coding	opposite	.
2862	8	73906199	73914015	+	intron	ENST00000460864	ENSG00000251633	GYG1P1	unprocessed_pseudogene	opposite	.
2863	8	75044836	75048174	+	no_overlap	.	.	.	.	none	.
2864	8	78155678	78162935	+	no_overlap	.	.	.	.	none	.
2865	8	78183499	78187877	-	no_overlap	.	.	.	.	none	.
2866	8	78644760	78654091	+	intron	ENST00000661869	ENSG00000286675	.	lncRNA	opposite	.
2867	8	79386103	79391685	-	no_overlap	.	.	.	.	none	.
2869	8	80739763	80744514	+	intron	ENST00000327835,ENST00000519936,ENST00000520336	ENSG00000164684	ZNF704	protein_coding	opposite	.
2872	8	81898015	81903943	-	intron	ENST00000647805,ENST00000655672,ENST00000656073,ENST00000658926,ENST00000660458,ENST00000661297,ENST00000664711,ENST00000668607,ENST00000670794,ENST00000671467,ENST00000534675	ENSG00000254689	LINC02235	lncRNA	opposite	.
2871	8	81913873	81918742	+	intron	ENST00000647805,ENST00000655672,ENST00000656073,ENST00000658926,ENST00000660458,ENST00000661297,ENST00000664711,ENST00000668607,ENST00000670794,ENST00000671467,ENST00000534675,ENST00000663542	ENSG00000254689	LINC02235	lncRNA	same	.
2873	8	83063600	83073894	+	no_overlap	.	.	.	.	none	.
2876	8	83505869	83510773	-	no_overlap	.	.	.	.	none	.
2875	8	83543695	83550628	+	no_overlap	.	.	.	.	none	.
2878	8	84637446	84644157	-	intron	ENST00000517638,ENST00000517988,ENST00000518566,ENST00000521268,ENST00000521695,ENST00000522455	ENSG00000184672	RALYL	protein_coding	opposite	.
2879	8	85062830	85069150	+	no_overlap	.	.	.	.	none	.
2885	8	86924784	86935729	-	intron	ENST00000517748,ENST00000518476,ENST00000523299	ENSG00000176571	CNBD1	protein_coding	opposite	.
2886	8	87044383	87055688	-	exon and intron	ENST00000522427,ENST00000518476,ENST00000523299	ENSG00000176571	CNBD1	protein_coding	opposite	.
2890	8	88608068	88611504	-	intron	ENST00000658256,ENST00000520312,ENST00000658283,ENST00000701726,ENST00000521433,ENST00000649573,ENST00000653184,ENST00000665922,ENST00000667081,ENST00000670095,ENST00000659668,ENST00000518631	ENSG00000253553	.	lncRNA	opposite	.
2891	8	88741992	88749018	-	intron	ENST00000649573,ENST00000653184,ENST00000659668	ENSG00000253553	.	lncRNA	opposite	.
2895	8	89448802	89455243	+	no_overlap	.	.	.	.	none	.
2897	8	90089332	90095881	-	exon and intron	ENST00000520613,ENST00000514406,ENST00000523716	ENSG00000104327	CALB1	protein_coding	same	.
2898	8	90409685	90416535	-	intron	ENST00000654946,ENST00000661519,ENST00000524361,ENST00000653734,ENST00000655123,ENST00000655219,ENST00000658299,ENST00000658342,ENST00000662692,ENST00000663329,ENST00000667296,ENST00000670903,ENST00000671657,ENST00000654785,ENST00000655523,ENST00000667565,ENST00000668745,ENST00000665012	ENSG00000253394,ENSG00000254180	LINC00534	lncRNA	both	.
2899	8	91947466	91957477	+	exon	ENST00000523629	ENSG00000079102	RUNX1T1	protein_coding	opposite	.
2900	8	92236542	92242718	+	no_overlap	.	.	.	.	none	.
2902	8	92364325	92382034	+	no_overlap	.	.	.	.	none	.
2903	8	92393438	92401145	-	no_overlap	.	.	.	.	none	.
2907	8	94321404	94330623	+	no_overlap	.	.	.	.	none	.
2909	8	97175021	97180753	+	no_overlap	.	.	.	.	none	.
2910	8	97200739	97206678	+	no_overlap	.	.	.	.	none	.
2912	8	97827597	97835617	-	intron	ENST00000445593,ENST00000521545,ENST00000619747	ENSG00000104341	LAPTM4B	protein_coding	opposite	.
2914	8	99943681	99949604	+	no_overlap	.	.	.	.	none	.
2916	8	102979372	102991718	-	intron	ENST00000517983,ENST00000520750,ENST00000520538,ENST00000659614	ENSG00000253320	MAILR	lncRNA	opposite	.
2917	8	104285905	104292093	+	no_overlap	.	.	.	.	none	.
2921	8	106788828	106794857	+	no_overlap	.	.	.	.	none	.
2924	8	107597655	107606881	-	no_overlap	.	.	.	.	none	.
2926	8	109301076	109307459	+	intron	ENST00000519607,ENST00000521439,ENST00000239690,ENST00000427660,ENST00000676569,ENST00000677737,ENST00000678094,ENST00000678168,ENST00000677182,ENST00000504175	ENSG00000120526,ENSG00000250267	NUDCD1	protein_coding,lncRNA	both	.
2930	8	112195982	112201388	+	no_overlap	.	.	.	.	none	.
2932	8	113470199	113481302	-	intron	ENST00000652926	ENSG00000286937	.	lncRNA	opposite	.
2933	8	113510721	113516422	-	no_overlap	.	.	.	.	none	.
2934	8	113517527	113527194	+	no_overlap	.	.	.	.	none	.
2938	8	114240167	114249751	+	no_overlap	.	.	.	.	none	.
2937	8	114281592	114286513	+	exon and intron	ENST00000688090,ENST00000692282,ENST00000688540,ENST00000521523,ENST00000523682,ENST00000507929,ENST00000520543,ENST00000688569,ENST00000519248	ENSG00000254339	.	lncRNA	same	.
2939	8	114895777	114903066	+	no_overlap	.	.	.	.	none	.
2940	8	115212252	115218202	+	no_overlap	.	.	.	.	none	.
2941	8	115813181	115817981	+	no_overlap	.	.	.	.	none	.
2946	8	119873658	119878636	-	exon and intron	ENST00000500705,ENST00000523492,ENST00000286234,ENST00000523563	ENSG00000245330,ENSG00000155792	DEPTOR-AS1,DEPTOR	lncRNA,protein_coding	both	.
2948	8	122830088	122836718	-	intron	ENST00000314393	ENSG00000178764	ZHX2	protein_coding	opposite	.
W-45	8	124899763	124907226	-	intron	ENST00000657752,ENST00000657463,ENST00000528090,ENST00000654805,ENST00000655637,ENST00000657296,ENST00000660300,ENST00000661165,ENST00000663195,ENST00000663940,ENST00000663965,ENST00000666508,ENST00000667269	ENSG00000249816	LINC00964	lncRNA	opposite	.
2952	8	125987126	125994738	+	intron	ENST00000652177,ENST00000651482	ENSG00000286122,ENSG00000245164	LINC02964,LINC00861	lncRNA	both	.
2953	8	126008501	126012155	+	exon and intron	ENST00000652177,ENST00000651482	ENSG00000286122,ENSG00000245164	LINC02964,LINC00861	lncRNA	both	.
2955	8	127431700	127440906	+	intron	ENST00000502082	ENSG00000246228	CASC8	lncRNA	opposite	.
2957	8	128608694	128617636	-	no_overlap	.	.	.	.	none	.
2959	8	128914434	128920317	+	exon and intron	ENST00000630386,ENST00000643616,ENST00000676248,ENST00000675388,ENST00000676407,ENST00000674766,ENST00000644557	ENSG00000229140	CCDC26	lncRNA	opposite	.
2962	8	131309578	131316268	+	exon and intron	ENST00000519005,ENST00000519695,ENST00000524275	ENSG00000253507	.	lncRNA	same	.
2963	8	131740744	131747161	+	no_overlap	.	.	.	.	none	.
2964	8	131820834	131826284	+	no_overlap	.	.	.	.	none	.
2965	8	132075614	132086002	-	exon and intron	ENST00000262283,ENST00000414222,ENST00000473291,ENST00000673615	ENSG00000258417,ENSG00000132297	HHLA1	protein_coding	same	.
2966	8	135767174	135773027	-	no_overlap	.	.	.	.	none	.
2969	8	136909865	136911774	-	intron	ENST00000521034,ENST00000649576,ENST00000663759,ENST00000669387	ENSG00000254101	LINC02055	lncRNA	opposite	.
2970	8	137283124	137286924	+	no_overlap	.	.	.	.	none	.
2971	8	137409564	137414548	-	no_overlap	.	.	.	.	none	.
2972	8	137824630	137830449	-	exon and intron	ENST00000657812,ENST00000518973	ENSG00000253288	.	lncRNA	same	.
2976	8	139459106	139470560	-	exon and intron	ENST00000522373	ENSG00000254258	.	lncRNA	same	.
2977	8	139546899	139550371	-	no_overlap	.	.	.	.	none	.
2978	8	142720777	142724571	+	exon and intron	ENST00000662059,ENST00000663158,ENST00000665898,ENST00000669349,ENST00000701145,ENST00000654797,ENST00000520572,ENST00000687725	ENSG00000253741	LNCOC1	lncRNA	opposite	.
2982	8	144858914	144868670	-	exon and intron	ENST00000664211	ENSG00000286681	.	lncRNA	same	.
2981	8	144871550	144877827	+	exon and intron	ENST00000528258,ENST00000529780,ENST00000533543,ENST00000292579,ENST00000417550	ENSG00000196150	ZNF250	protein_coding	opposite	.
2983	8	144955094	144959802	-	no_overlap	.	.	.	.	none	.
2985	8	145021243	145028842	-	no_overlap	.	.	.	.	none	.
2986	8	145028945	145032162	+	no_overlap	.	.	.	.	none	.
2984	8	145055668	145066696	+	exon and intron	ENST00000331434,ENST00000530455,ENST00000647640,ENST00000648784,ENST00000647724,ENST00000648531	ENSG00000182307	C8orf33	protein_coding	same	C8orf33
2989	9	2275783	2281525	+	no_overlap	.	.	.	.	none	.
2991	9	2509232	2514932	+	intron	ENST00000416826,ENST00000447278,ENST00000648733,ENST00000653026,ENST00000655564,ENST00000657269,ENST00000657742,ENST00000667661,ENST00000668403,ENST00000671040	ENSG00000236404	VLDLR-AS1	lncRNA	opposite	.
2993	9	3809394	3816769	-	no_overlap	.	.	.	.	none	.
2997	9	6078720	6087859	+	no_overlap	.	.	.	.	none	.
2998	9	7785526	7791624	-	exon	ENST00000609091	ENSG00000273056	.	lncRNA	same	.
W-114	9	8747222	8748523	+	intron	ENST00000481079,ENST00000381196,ENST00000463477	ENSG00000153707	PTPRD	protein_coding	opposite	.
3002	9	10884594	10889539	+	no_overlap	.	.	.	.	none	.
3003	9	11253555	11261878	-	no_overlap	.	.	.	.	none	.
3004	9	12166460	12176163	-	no_overlap	.	.	.	.	none	.
3005	9	12948344	12954652	+	no_overlap	.	.	.	.	none	.
3016	9	21922275	21931725	+	exon and intron	ENST00000578561,ENST00000616982,ENST00000577563,ENST00000580900,ENST00000404796	ENSG00000264801,ENSG00000099810,ENSG00000264545	ERVFRD-3,MTAP	transcribed_processed_pseudogene,protein_coding,lncRNA	same	.
3017	9	22434276	22441741	+	no_overlap	.	.	.	.	none	.
3018	9	22658533	22664085	-	intron	ENST00000436786	ENSG00000234840	LINC01239	lncRNA	opposite	.
W-115	9	22823028	22823839	+	exon and intron	ENST00000436786,ENST00000640003	ENSG00000234840,ENSG00000284418	LINC01239	lncRNA	both	.
3020	9	23916359	23925590	-	no_overlap	.	.	.	.	none	.
3024	9	25288288	25294098	+	no_overlap	.	.	.	.	none	.
3025	9	25668974	25675214	+	no_overlap	.	.	.	.	none	.
3026	9	25994623	26001365	+	no_overlap	.	.	.	.	none	.
3027	9	26102944	26109673	+	intron	ENST00000612217	ENSG00000276759	.	lncRNA	same	.
3030	9	26825999	26831465	+	no_overlap	.	.	.	.	none	.
3031	9	26970920	26978133	-	exon and intron	ENST00000517866,ENST00000380062,ENST00000429045,ENST00000433700,ENST00000443698,ENST00000517444,ENST00000518614,ENST00000519968,ENST00000648373	ENSG00000096872	IFT74	protein_coding	opposite	.
3032	9	27637115	27643620	+	no_overlap	.	.	.	.	none	.
3033	9	27779118	27795568	+	no_overlap	.	.	.	.	none	.
3035	9	29377367	29384677	+	no_overlap	.	.	.	.	none	.
3037	9	29651711	29660163	-	no_overlap	.	.	.	.	none	.
3038	9	29775512	29780684	-	no_overlap	.	.	.	.	none	.
3042	9	31326352	31334694	+	no_overlap	.	.	.	.	none	.
3043	9	31772325	31777713	+	no_overlap	.	.	.	.	none	.
3046	9	32162649	32168564	-	no_overlap	.	.	.	.	none	.
3050	9	35003407	35011008	+	exon	ENST00000623595,ENST00000417620	ENSG00000279489,ENSG00000233148	SYF2P2	TEC,processed_pseudogene	same	.
3052	9	35019245	35025461	-	exon and intron	ENST00000668332	ENSG00000287868	.	lncRNA	same	.
3054	9	35455416	35462089	-	intron	ENST00000329395,ENST00000423138,ENST00000650605	ENSG00000290567,ENSG00000179766	ATP8B5P	lncRNA,transcribed_unprocessed_pseudogene	opposite	.
3055	9	35582347	35587799	+	no_overlap	.	.	.	.	none	.
ERVW-22	9	35640303	35642827	-	exon and intron	ENST00000457044,ENST00000465754	ENSG00000231393,ENSG00000137101	CD72	lncRNA,protein_coding	both	.
3058	9	40310105	40316283	-	intron	ENST00000590154,ENST00000654136,ENST00000421686,ENST00000659103	ENSG00000240240	.	lncRNA	opposite	.
3064	9	40747005	40755329	-	no_overlap	.	.	.	.	none	.
3066	9	64870612	64878934	-	exon	ENST00000438758	ENSG00000223602	.	unprocessed_pseudogene	same	.
3068	9	69404566	69410279	-	no_overlap	.	.	.	.	none	.
3069	9	69925403	69933937	-	no_overlap	.	.	.	.	none	.
3070	9	74085786	74093802	+	no_overlap	.	.	.	.	none	.
3072	9	75351157	75357591	-	no_overlap	.	.	.	.	none	.
3074	9	76488301	76495692	-	intron	ENST00000488136,ENST00000442371,ENST00000444201,ENST00000480311,ENST00000376730,ENST00000648797	ENSG00000187210	GCNT1	protein_coding	opposite	.
3076	9	78180693	78186820	+	no_overlap	.	.	.	.	none	.
3078	9	78431299	78443032	+	no_overlap	.	.	.	.	none	.
3081	9	80137335	80145478	+	no_overlap	.	.	.	.	none	.
3083	9	81009357	81015277	+	no_overlap	.	.	.	.	none	.
3085	9	82699679	82706383	-	intron	ENST00000637606	ENSG00000290551	.	lncRNA	opposite	.
3087	9	82883728	82891699	+	no_overlap	.	.	.	.	none	.
3088	9	85370137	85376650	-	exon and intron	ENST00000669133,ENST00000648131,ENST00000662737	ENSG00000285634	.	lncRNA	same	.
3089	9	85458365	85466868	+	no_overlap	.	.	.	.	none	.
3090	9	85880975	85886282	+	no_overlap	.	.	.	.	none	.
3092	9	86147195	86163550	-	no_overlap	.	.	.	.	none	.
3093	9	86362962	86367512	-	no_overlap	.	.	.	.	none	.
3095	9	87410326	87422073	+	exon	ENST00000692245	ENSG00000288968	.	lncRNA	same	.
3097	9	88037091	88044802	-	no_overlap	.	.	.	.	none	.
3099	9	88933269	88943967	-	no_overlap	.	.	.	.	none	.
3100	9	90223852	90227706	+	no_overlap	.	.	.	.	none	.
3101	9	90412918	90418687	+	intron	ENST00000659218,ENST00000425666,ENST00000436671	ENSG00000231107	LINC01508	lncRNA	opposite	.
3102	9	90672291	90681019	-	no_overlap	.	.	.	.	none	.
3103	9	90753621	90759367	-	no_overlap	.	.	.	.	none	.
3104	9	90903903	90911679	+	no_overlap	.	.	.	.	none	.
W-116	9	91980557	91982077	+	no_overlap	.	.	.	.	none	.
3107	9	92071887	92078398	+	exon and intron	ENST00000642671,ENST00000643599,ENST00000646481,ENST00000646534,ENST00000687817,ENST00000689401,ENST00000689423,ENST00000690095,ENST00000690139,ENST00000262554,ENST00000482632,ENST00000686600,ENST00000686799,ENST00000687427,ENST00000689261,ENST00000692458,ENST00000693147,ENST00000644140,ENST00000687972	ENSG00000090054	SPTLC1	protein_coding	opposite	.
3109	9	93347571	93353337	+	no_overlap	.	.	.	.	none	.
3110	9	93751063	93755813	-	no_overlap	.	.	.	.	none	.
3112	9	94266123	94270214	-	intron	ENST00000340911,ENST00000395395,ENST00000492115	ENSG00000175787	ZNF169	protein_coding	opposite	.
3113	9	94539870	94545510	+	no_overlap	.	.	.	.	none	.
3118	9	97214680	97220761	+	exon and intron	ENST00000685669,ENST00000354752,ENST00000607322	ENSG00000289356,ENSG00000159712,ENSG00000203279	ANKRD18CP	lncRNA,unprocessed_pseudogene	both	.
3120	9	98266813	98271182	-	no_overlap	.	.	.	.	none	.
3122	9	99669766	99675898	+	intron	ENST00000701815,ENST00000652827,ENST00000655615,ENST00000427039	ENSG00000237461,ENSG00000255145	STX17-DT	lncRNA	opposite	.
3123	9	100139458	100146544	-	intron	ENST00000466647,ENST00000496467,ENST00000262456,ENST00000262457,ENST00000460636	ENSG00000119509	INVS	protein_coding	opposite	.
3126	9	100363122	100367718	-	no_overlap	.	.	.	.	none	.
3129	9	101504247	101512597	+	intron	ENST00000374851	ENSG00000165152	PGAP4	protein_coding	opposite	.
3136	9	106039738	106043928	-	intron	ENST00000637185	ENSG00000234323	LINC01505	lncRNA	opposite	.
3138	9	106787506	106792984	+	no_overlap	.	.	.	.	none	.
3142	9	108792593	108800781	+	no_overlap	.	.	.	.	none	.
W-117	9	111336411	111338179	+	no_overlap	.	.	.	.	none	.
3145	9	112391940	112399397	-	intron	ENST00000398803,ENST00000398805,ENST00000467434,ENST00000488101	ENSG00000119471	HSDL2	protein_coding	opposite	.
3149	9	115172464	115180335	-	intron	ENST00000374016,ENST00000649121	ENSG00000173077	DELEC1	lncRNA	opposite	.
3150	9	115473180	115479707	+	intron	ENST00000646338	ENSG00000228714	.	lncRNA	opposite	.
3151	9	115839176	115844929	-	no_overlap	.	.	.	.	none	.
3155	9	118485630	118491397	-	no_overlap	.	.	.	.	none	.
3156	9	121789976	121796727	+	no_overlap	.	.	.	.	none	.
3158	9	122530592	122536151	-	intron	ENST00000431442	ENSG00000234156	.	lncRNA	opposite	.
3162	9	126075620	126080744	-	intron	ENST00000441473	ENSG00000232413	.	lncRNA	opposite	.
K-60	9	128850234	128857457	+	intron	ENST00000483599,ENST00000302586,ENST00000320665,ENST00000462722,ENST00000474824,ENST00000451800,ENST00000436267,ENST00000651925	ENSG00000171097,ENSG00000286112	KYAT1	protein_coding	opposite	.
3165	9	129587223	129596563	-	no_overlap	.	.	.	.	none	.
3166	9	131546098	131553142	+	intron	ENST00000636672	ENSG00000283526	PRRT1B	protein_coding	same	.
3167	9	131680372	131686728	+	intron	ENST00000372190,ENST00000372189,ENST00000372195,ENST00000438647,ENST00000683357	ENSG00000107263	RAPGEF1	protein_coding	opposite	.
3170	9	133031012	133037385	-	exon and intron	ENST00000372099,ENST00000372097,ENST00000342018,ENST00000372108,ENST00000439697,ENST00000485692,ENST00000440319	ENSG00000148308	GTF3C5	protein_coding	opposite	.
3171	9	133076136	133085152	-	exon and intron	ENST00000624767,ENST00000411440,ENST00000421286	ENSG00000290769,ENSG00000170827	CELP	lncRNA,transcribed_unprocessed_pseudogene	opposite	.
3172	9	133170964	133182558	-	no_overlap	.	.	.	.	none	.
3173	9	133277825	133281033	-	no_overlap	.	.	.	.	none	.
3175	9	134924093	134928770	+	no_overlap	.	.	.	.	none	.
3176	9	135437306	135444509	-	no_overlap	.	.	.	.	none	.
3177	9	136780313	136789786	-	no_overlap	.	.	.	.	none	.
3178	9	137844213	137849562	+	exon and intron	ENST00000462942	ENSG00000181090	EHMT1	protein_coding	same	.
5287	X	3553142	3560161	-	no_overlap	.	.	.	.	none	.
5288	X	3966194	3976187	+	no_overlap	.	.	.	.	none	.
5290	X	4540122	4546198	-	no_overlap	.	.	.	.	none	.
5292	X	4891613	4900090	+	no_overlap	.	.	.	.	none	.
5294	X	6272218	6277943	-	no_overlap	.	.	.	.	none	.
5297	X	7697264	7702662	-	intron	ENST00000664306	ENSG00000101846	STS	protein_coding	opposite	.
5298	X	7974854	7979912	+	intron	ENST00000655333,ENST00000659022	ENSG00000285679	.	lncRNA	same	.
5302	X	12939864	12947330	+	no_overlap	.	.	.	.	none	.
5304	X	16038039	16051365	-	no_overlap	.	.	.	.	none	.
5305	X	16175751	16184467	-	no_overlap	.	.	.	.	none	.
5306	X	16216872	16222271	-	no_overlap	.	.	.	.	none	.
5316	X	25894070	25900271	+	no_overlap	.	.	.	.	none	.
5318	X	26499200	26502798	+	intron	ENST00000439323	ENSG00000231388	FMN2P1	processed_pseudogene	same	.
5320	X	27286261	27294955	-	intron	ENST00000422048,ENST00000669376	ENSG00000228933	.	lncRNA	same	.
5327	X	28500449	28509315	-	no_overlap	.	.	.	.	none	.
5329	X	28891449	28898193	-	intron	ENST00000378993	ENSG00000169306	IL1RAPL1	protein_coding	opposite	.
5330	X	29975701	29981243	+	no_overlap	.	.	.	.	none	.
5331	X	30103768	30110574	+	no_overlap	.	.	.	.	none	.
5332	X	30441926	30456988	-	no_overlap	.	.	.	.	none	.
5334	X	31377721	31383372	+	intron	ENST00000683675,ENST00000343523,ENST00000357033,ENST00000358062,ENST00000359836,ENST00000378677,ENST00000378707,ENST00000474231,ENST00000541735,ENST00000619831,ENST00000620040,ENST00000680961,ENST00000681646,ENST00000682238,ENST00000683957,ENST00000684130	ENSG00000198947	DMD	protein_coding	opposite	.
5335	X	33911709	33914268	+	exon and intron	ENST00000665499,ENST00000664553,ENST00000439992,ENST00000445233,ENST00000654494,ENST00000670405,ENST00000653446,ENST00000656777,ENST00000656973,ENST00000662177,ENST00000665540,ENST00000668394	ENSG00000233928	.	lncRNA	same	.
5337	X	34087949	34094215	+	intron	ENST00000665540,ENST00000662177,ENST00000668394,ENST00000656777,ENST00000656973,ENST00000653446	ENSG00000233928	.	lncRNA	same	.
5339	X	34796307	34803308	+	no_overlap	.	.	.	.	none	.
5340	X	34978536	34992322	-	no_overlap	.	.	.	.	none	.
5343	X	35608656	35618305	+	no_overlap	.	.	.	.	none	.
5346	X	37451927	37461065	-	exon and intron	ENST00000484460,ENST00000466533,ENST00000470290,ENST00000491253,ENST00000449135,ENST00000378628,ENST00000542554,ENST00000543642,ENST00000465127	ENSG00000130962,ENSG00000250349	PRRG1	protein_coding	opposite	.
5344	X	37465408	37473413	+	intron	ENST00000465127	ENSG00000250349	.	protein_coding	same	.
5345	X	37478341	37484837	+	intron	ENST00000465127	ENSG00000250349	.	protein_coding	same	.
5348	X	40793645	40806487	-	no_overlap	.	.	.	.	none	.
5350	X	42762319	42770975	+	no_overlap	.	.	.	.	none	.
5352	X	44999285	45006625	-	intron	ENST00000676133,ENST00000377967,ENST00000382899,ENST00000475233,ENST00000536777,ENST00000543216,ENST00000611820,ENST00000621147,ENST00000674541,ENST00000674564,ENST00000674659,ENST00000674739,ENST00000675157,ENST00000675182,ENST00000675440,ENST00000675514,ENST00000675577,ENST00000675816,ENST00000676062,ENST00000676085,ENST00000676343,ENST00000676389,ENST00000682908,ENST00000683021,ENST00000683425,ENST00000684352,ENST00000674586,ENST00000674867	ENSG00000147050	KDM6A	protein_coding	opposite	.
5353	X	45202387	45213066	-	intron	ENST00000450527,ENST00000438181	ENSG00000229491	.	lncRNA	opposite	.
W-145	X	46186893	46189578	+	no_overlap	.	.	.	.	none	.
5356	X	46478653	46490494	-	intron	ENST00000478600	ENSG00000147121	KRBOX4	protein_coding	opposite	.
5357	X	47285390	47294133	-	no_overlap	.	.	.	.	none	.
5358	X	47700465	47707098	-	no_overlap	.	.	.	.	none	.
5359	X	47866274	47875865	-	intron	ENST00000334937,ENST00000338637,ENST00000376950,ENST00000376954	ENSG00000197779	ZNF81	protein_coding	opposite	.
5360	X	48853816	48861808	+	no_overlap	.	.	.	.	none	.
5361	X	49139778	49148918	-	no_overlap	.	.	.	.	none	.
5363	X	49307956	49316498	+	intron	ENST00000407599	ENSG00000215274	GAGE10	protein_coding	same	.
5367	X	49529169	49539011	+	exon and intron	ENST00000361446,ENST00000420398	ENSG00000236737,ENSG00000237671	GAGE12B,GAGE12C	protein_coding	same	.
5371	X	50329999	50338533	-	intron	ENST00000348603,ENST00000376038,ENST00000276014,ENST00000376042,ENST00000476167	ENSG00000147082	CCNB3	protein_coding	opposite	.
5380	X	52467458	52479123	-	no_overlap	.	.	.	.	none	.
5383	X	52568173	52578848	-	no_overlap	.	.	.	.	none	.
5387	X	53160068	53162218	-	intron	ENST00000603385	ENSG00000232593	KANTR	protein_coding	opposite	.
5388	X	53512947	53520776	+	no_overlap	.	.	.	.	none	.
5397	X	56024196	56032063	-	intron	ENST00000686181,ENST00000686723,ENST00000691133,ENST00000691819,ENST00000701557,ENST00000685349,ENST00000701125,ENST00000701614,ENST00000693084,ENST00000701123,ENST00000655874,ENST00000661602,ENST00000669152,ENST00000687344,ENST00000701187	ENSG00000227486	.	lncRNA	opposite	.
5404	X	56938093	56949398	+	intron	ENST00000640101	ENSG00000204271	SPIN3	protein_coding	opposite	.
5407	X	57102980	57109396	+	no_overlap	.	.	.	.	none	.
5409	X	57204833	57209137	-	no_overlap	.	.	.	.	none	.
5410	X	57219329	57223949	+	exon	ENST00000657273	ENSG00000286977	.	lncRNA	same	.
W-66	X	57398557	57405610	-	intron	ENST00000374900	ENSG00000165591	FAAH2	protein_coding	opposite	.
5415	X	57769176	57779484	+	no_overlap	.	.	.	.	none	.
5421	X	62708304	62717099	-	no_overlap	.	.	.	.	none	.
5423	X	62740125	62747923	+	no_overlap	.	.	.	.	none	.
5422	X	62752859	62758999	-	no_overlap	.	.	.	.	none	.
5424	X	63082378	63089126	+	exon	ENST00000614203	ENSG00000277499	.	processed_pseudogene	same	.
5426	X	63272568	63282655	+	intron	ENST00000661141,ENST00000666891,ENST00000610088,ENST00000653861,ENST00000659374,ENST00000664128,ENST00000665386,ENST00000669572,ENST00000654366,ENST00000667050,ENST00000670731,ENST00000659363,ENST00000659087	ENSG00000235437	LINC01278	lncRNA	opposite	.
5428	X	63317607	63327790	+	intron	ENST00000661141,ENST00000666891,ENST00000659363,ENST00000670248,ENST00000610088,ENST00000653861,ENST00000659374,ENST00000664128,ENST00000665386,ENST00000669572,ENST00000654366,ENST00000667050,ENST00000670731,ENST00000659087	ENSG00000235437	LINC01278	lncRNA	opposite	.
5427	X	63358009	63364629	-	intron	ENST00000659363,ENST00000670248,ENST00000610088,ENST00000653861,ENST00000659087,ENST00000659374,ENST00000661141,ENST00000664128,ENST00000665386,ENST00000666891,ENST00000669572,ENST00000610234,ENST00000654366,ENST00000667050,ENST00000670731	ENSG00000235437	LINC01278	lncRNA	same	.
5430	X	63409348	63416708	+	intron	ENST00000666216,ENST00000610088,ENST00000610234,ENST00000654366,ENST00000654880,ENST00000661141,ENST00000664128,ENST00000664356,ENST00000666437,ENST00000666891,ENST00000669201,ENST00000670248,ENST00000659222,ENST00000659374,ENST00000662779,ENST00000665386,ENST00000670731,ENST00000662689,ENST00000667050,ENST00000669572,ENST00000670203,ENST00000608788,ENST00000653861,ENST00000656953,ENST00000659087,ENST00000659363	ENSG00000235437	LINC01278	lncRNA	opposite	.
5429	X	63426517	63434693	-	exon and intron	ENST00000665831,ENST00000669422,ENST00000701823,ENST00000609143,ENST00000609401,ENST00000608623,ENST00000671033,ENST00000656972,ENST00000662156,ENST00000665925,ENST00000670242,ENST00000654240,ENST00000671338,ENST00000610088,ENST00000610234,ENST00000654366,ENST00000654880,ENST00000661141,ENST00000664128,ENST00000664356,ENST00000666216,ENST00000666437,ENST00000666891,ENST00000669201,ENST00000670248,ENST00000659222,ENST00000659374,ENST00000662779,ENST00000665386,ENST00000670731,ENST00000662689,ENST00000667050,ENST00000669572,ENST00000670203,ENST00000608788,ENST00000653861,ENST00000656953,ENST00000659087,ENST00000659363	ENSG00000235437	LINC01278	lncRNA	same	.
5438	X	64616776	64633443	+	exon	ENST00000447301	ENSG00000226502	KRT8P27	processed_pseudogene	same	.
5437	X	64647408	64663902	+	no_overlap	.	.	.	.	none	.
5439	X	64781084	64789474	-	no_overlap	.	.	.	.	none	.
5440	X	64842538	64850853	+	no_overlap	.	.	.	.	none	.
5442	X	65130174	65134926	-	intron	ENST00000338957,ENST00000696368	ENSG00000102053	ZC3H12B	protein_coding	opposite	.
5445	X	65361889	65365179	+	intron	ENST00000338957,ENST00000696368	ENSG00000102053	ZC3H12B	protein_coding	same	.
5446	X	65437710	65442396	-	exon and intron	ENST00000677056,ENST00000696368,ENST00000338957,ENST00000617377	ENSG00000001497,ENSG00000102053	LAS1L,ZC3H12B	protein_coding	both	.
5447	X	65927364	65932801	-	exon and intron	ENST00000650998	ENSG00000237311	.	lncRNA	opposite	.
5448	X	66218550	66226258	-	intron	ENST00000458621,ENST00000336279,ENST00000343002,ENST00000419594,ENST00000425114,ENST00000441993,ENST00000519389,ENST00000682362,ENST00000682927,ENST00000683049,ENST00000683420,ENST00000684042,ENST00000684071,ENST00000684603,ENST00000684625	ENSG00000089472	HEPH	protein_coding	opposite	.
5449	X	66460971	66470510	-	no_overlap	.	.	.	.	none	.
5450	X	66534174	66542082	+	no_overlap	.	.	.	.	none	.
5459	X	69697027	69703830	-	intron	ENST00000533317,ENST00000525810,ENST00000374548,ENST00000374552,ENST00000374553,ENST00000524573,ENST00000502251,ENST00000503592,ENST00000527388,ENST00000530321,ENST00000510681	ENSG00000158813	EDA	protein_coding	opposite	.
5463	X	71264575	71272620	+	exon and intron	ENST00000677274,ENST00000677446	ENSG00000147140	NONO	protein_coding	same	.
5464	X	71497987	71500132	-	intron	ENST00000373775,ENST00000437147,ENST00000461764,ENST00000462588,ENST00000468167,ENST00000485087,ENST00000682124,ENST00000683358,ENST00000683668,ENST00000467309	ENSG00000147133	TAF1	protein_coding	opposite	.
5465	X	71696821	71703196	+	exon and intron	ENST00000627173	ENSG00000281852	LINC00891	lncRNA	same	.
5466	X	71778378	71784752	-	no_overlap	.	.	.	.	none	.
5469	X	72220510	72230614	+	intron	ENST00000423432,ENST00000496835,ENST00000652108,ENST00000439980,ENST00000373657,ENST00000334463	ENSG00000102309,ENSG00000186871	PIN4,ERCC6L	protein_coding	both	.
5472	X	73042986	73051205	-	no_overlap	.	.	.	.	none	.
5473	X	73255957	73264800	-	no_overlap	.	.	.	.	none	.
5474	X	73313186	73325436	-	no_overlap	.	.	.	.	none	.
5476	X	73527957	73536417	+	exon and intron	ENST00000421245,ENST00000602584	ENSG00000237475,ENSG00000269904	RPL7P53,MAP2K4P1	processed_pseudogene,transcribed_processed_pseudogene	both	.
5477	X	73655974	73666201	-	intron	ENST00000373502,ENST00000373504,ENST00000498318,ENST00000498407	ENSG00000204116	CHIC1	protein_coding	opposite	.
5479	X	73801457	73809385	-	exon	ENST00000706914,ENST00000604411	ENSG00000270641	TSIX	lncRNA	opposite	.
5480	X	74121598	74130555	-	exon and intron	ENST00000624340,ENST00000701078,ENST00000691187,ENST00000638985,ENST00000418231,ENST00000701585,ENST00000602420,ENST00000651451,ENST00000602776,ENST00000603672,ENST00000430772,ENST00000652319,ENST00000661133,ENST00000652071,ENST00000638681,ENST00000653018,ENST00000651703,ENST00000602812,ENST00000658448,ENST00000657611,ENST00000658203,ENST00000659574,ENST00000660481,ENST00000662494,ENST00000652527,ENST00000661084,ENST00000662240,ENST00000670936	ENSG00000280375,ENSG00000230590,ENSG00000232928	FTX,DDX3P1	TEC,lncRNA,processed_pseudogene	both	.
5481	X	74168248	74182990	+	exon and intron	ENST00000425964,ENST00000602776,ENST00000603672,ENST00000430772,ENST00000661133,ENST00000652071,ENST00000638681,ENST00000653018,ENST00000651703,ENST00000602812,ENST00000658448,ENST00000657611,ENST00000658203,ENST00000659574,ENST00000660481,ENST00000662494,ENST00000652527,ENST00000661084,ENST00000662240,ENST00000670936,ENST00000638985,ENST00000691187,ENST00000701078,ENST00000652319,ENST00000602420,ENST00000651451,ENST00000701244,ENST00000701585	ENSG00000231549,ENSG00000230590	ATP5MKP1,FTX	processed_pseudogene,lncRNA	both	.
5484	X	74302029	74311151	+	exon	ENST00000339534	ENSG00000187969	ZCCHC13	protein_coding	same	.
5488	X	75171787	75179180	-	intron	ENST00000652605	ENSG00000094841	UPRT	protein_coding	opposite	.
5489	X	75205621	75210629	-	intron	ENST00000652605	ENSG00000094841	UPRT	protein_coding	opposite	.
5493	X	75631566	75637470	-	no_overlap	.	.	.	.	none	.
5494	X	75642663	75649367	-	no_overlap	.	.	.	.	none	.
5499	X	75893365	75902974	-	no_overlap	.	.	.	.	none	.
5498	X	75961464	75969399	-	no_overlap	.	.	.	.	none	.
5506	X	76796482	76803119	+	intron	ENST00000627760,ENST00000658368,ENST00000626832,ENST00000627687,ENST00000626846,ENST00000626742,ENST00000630388,ENST00000671589,ENST00000630856,ENST00000629133,ENST00000629945	ENSG00000280870	MIR325HG	lncRNA	opposite	.
5508	X	77077094	77086082	+	no_overlap	.	.	.	.	none	.
5509	X	77121743	77128476	+	no_overlap	.	.	.	.	none	.
5510	X	77293723	77302400	+	no_overlap	.	.	.	.	none	.
5511	X	78214663	78217277	-	no_overlap	.	.	.	.	none	.
5516	X	79721249	79727310	+	no_overlap	.	.	.	.	none	.
5518	X	79813666	79828748	-	no_overlap	.	.	.	.	none	.
W-146	X	79955889	79963094	+	no_overlap	.	.	.	.	none	.
5520	X	80041180	80046335	+	no_overlap	.	.	.	.	none	.
5523	X	80312120	80317995	+	intron	ENST00000399581,ENST00000691907,ENST00000614414	ENSG00000278530	CHMP1B2P	transcribed_unitary_pseudogene	opposite	.
5524	X	80423695	80433182	-	intron	ENST00000308293,ENST00000538312	ENSG00000174016	TENT5D	protein_coding	opposite	.
5525	X	80477181	80482555	+	no_overlap	.	.	.	.	none	.
5531	X	81867750	81875183	-	no_overlap	.	.	.	.	none	.
5535	X	82364109	82371122	-	no_overlap	.	.	.	.	none	.
5537	X	82726765	82732949	+	no_overlap	.	.	.	.	none	.
5539	X	82925822	82931395	+	no_overlap	.	.	.	.	none	.
5540	X	83007868	83015796	-	no_overlap	.	.	.	.	none	.
5542	X	83171624	83178944	-	no_overlap	.	.	.	.	none	.
5546	X	84001688	84015772	+	no_overlap	.	.	.	.	none	.
5550	X	84695541	84709707	-	no_overlap	.	.	.	.	none	.
5549	X	84738499	84745112	+	no_overlap	.	.	.	.	none	.
5553	X	84945045	84954657	+	no_overlap	.	.	.	.	none	.
5558	X	85811989	85819969	+	no_overlap	.	.	.	.	none	.
5560	X	86981843	86987484	+	no_overlap	.	.	.	.	none	.
5562	X	87349071	87356064	-	no_overlap	.	.	.	.	none	.
5563	X	87681665	87687660	+	no_overlap	.	.	.	.	none	.
5565	X	88842021	88848429	-	no_overlap	.	.	.	.	none	.
5568	X	89576272	89586576	-	no_overlap	.	.	.	.	none	.
5570	X	89752636	89763881	-	no_overlap	.	.	.	.	none	.
5571	X	89986852	89994915	-	no_overlap	.	.	.	.	none	.
5572	X	90215808	90223569	-	no_overlap	.	.	.	.	none	.
5573	X	90273939	90281241	-	no_overlap	.	.	.	.	none	.
5574	X	90690833	90706480	+	no_overlap	.	.	.	.	none	.
5575	X	90773018	90780037	-	no_overlap	.	.	.	.	none	.
5579	X	92096286	92105674	-	exon and intron	ENST00000688847,ENST00000361655,ENST00000373094,ENST00000373097,ENST00000406881,ENST00000504220,ENST00000682573,ENST00000373088	ENSG00000289479,ENSG00000102290	PCDH11X	lncRNA,protein_coding	both	.
5580	X	92273083	92278794	-	intron	ENST00000373088,ENST00000361655,ENST00000373097,ENST00000504220,ENST00000373094,ENST00000406881,ENST00000682573	ENSG00000102290	PCDH11X	protein_coding	opposite	.
5582	X	92727352	92733889	+	no_overlap	.	.	.	.	none	.
5583	X	92824427	92829347	+	no_overlap	.	.	.	.	none	.
5584	X	93020728	93028188	+	no_overlap	.	.	.	.	none	.
5585	X	93429941	93438419	+	no_overlap	.	.	.	.	none	.
5588	X	93958009	93965513	+	no_overlap	.	.	.	.	none	.
5587	X	94010050	94018833	-	no_overlap	.	.	.	.	none	.
5590	X	94489390	94498446	+	no_overlap	.	.	.	.	none	.
5591	X	94697886	94705089	-	no_overlap	.	.	.	.	none	.
5594	X	95071930	95079861	-	no_overlap	.	.	.	.	none	.
5593	X	95101566	95108539	-	no_overlap	.	.	.	.	none	.
5597	X	95959063	95965922	-	no_overlap	.	.	.	.	none	.
5599	X	96624139	96630445	+	no_overlap	.	.	.	.	none	.
5600	X	97841727	97849389	+	exon	ENST00000427866	ENSG00000233887	.	processed_pseudogene	same	.
5603	X	98524252	98530086	-	intron	ENST00000649508	ENSG00000281566	LINC03077	lncRNA	opposite	.
5605	X	98855573	98865190	+	exon and intron	ENST00000627700,ENST00000626665,ENST00000649508	ENSG00000281566	LINC03077	lncRNA	same	.
5606	X	99159895	99164782	-	no_overlap	.	.	.	.	none	.
5610	X	100567829	100576903	-	no_overlap	.	.	.	.	none	.
5611	X	100790216	100799630	+	no_overlap	.	.	.	.	none	.
5614	X	101179160	101189874	-	no_overlap	.	.	.	.	none	.
5616	X	102175185	102181663	-	intron	ENST00000514289	ENSG00000251525	TCP11X3P	transcribed_unprocessed_pseudogene	opposite	.
5618	X	103426128	103435991	-	intron	ENST00000629535	ENSG00000281091	.	lncRNA	opposite	.
5620	X	103762321	103765692	-	exon and intron	ENST00000674403,ENST00000674271,ENST00000674266,ENST00000674236,ENST00000674246,ENST00000674274,ENST00000674338,ENST00000674363,ENST00000674469,ENST00000674488	ENSG00000288597	.	lncRNA	same	.
5624	X	104882834	104897050	+	intron	ENST00000372582	ENSG00000189108	IL1RAPL2	protein_coding	same	.
5626	X	105997293	106009106	+	no_overlap	.	.	.	.	none	.
5628	X	106181082	106186881	-	intron	ENST00000357175,ENST00000337685	ENSG00000157502	PWWP3B	protein_coding	opposite	.
ERVW-2-2013	X	107052129	107054871	-	no_overlap	.	.	.	.	none	.
5632	X	107871427	107879722	-	intron	ENST00000262843,ENST00000443968,ENST00000700938,ENST00000663626,ENST00000685965	ENSG00000080561,ENSG00000236064	MID2	protein_coding,lncRNA	both	.
5633	X	108139440	108148433	-	intron	ENST00000345734,ENST00000343524,ENST00000372232,ENST00000372246,ENST00000394892,ENST00000457035	ENSG00000101844	ATG4A	protein_coding	opposite	.
5634	X	108478582	108483610	-	intron	ENST00000328300,ENST00000361603,ENST00000470339	ENSG00000188153	COL4A5	protein_coding	opposite	.
5636	X	109178344	109184159	+	no_overlap	.	.	.	.	none	.
5637	X	109304082	109311765	-	no_overlap	.	.	.	.	none	.
5639	X	109866293	109870869	-	no_overlap	.	.	.	.	none	.
5641	X	111543759	111549689	+	no_overlap	.	.	.	.	none	.
5642	X	111670289	111675965	-	intron	ENST00000487141	ENSG00000101901	ALG13	protein_coding	opposite	.
5643	X	112109264	112116706	-	intron	ENST00000695808,ENST00000695839	ENSG00000187823	RTL4	protein_coding	opposite	.
5644	X	112530343	112536767	+	no_overlap	.	.	.	.	none	.
5645	X	113104770	113114951	-	intron	ENST00000651919	ENSG00000286072	.	lncRNA	opposite	.
5646	X	113173583	113183700	-	intron	ENST00000663700,ENST00000651919	ENSG00000286767,ENSG00000286072	.	lncRNA	opposite	.
5651	X	114040287	114044811	+	exon and intron	ENST00000674257,ENST00000674440,ENST00000701806,ENST00000701868,ENST00000649506,ENST00000468762	ENSG00000288595,ENSG00000241743	XACT	lncRNA	both	.
5652	X	114466824	114476746	+	no_overlap	.	.	.	.	none	.
5654	X	114602200	114606789	-	exon and intron	ENST00000688187,ENST00000692140,ENST00000691947,ENST00000276198,ENST00000371950,ENST00000371951	ENSG00000289287,ENSG00000147246	HTR2C	lncRNA,protein_coding	both	.
5656	X	115498929	115509584	-	no_overlap	.	.	.	.	none	.
5657	X	115537907	115545511	-	intron	ENST00000607680,ENST00000606397	ENSG00000271826	PLS3-AS1	lncRNA	same	.
5658	X	115916676	115924097	-	exon and intron	ENST00000430756,ENST00000688552,ENST00000701608,ENST00000664164,ENST00000692054,ENST00000689580,ENST00000693570,ENST00000664453	ENSG00000235244	DANT2	lncRNA	same	.
5660	X	116010784	116013779	+	no_overlap	.	.	.	.	none	.
5659	X	116036387	116040966	+	no_overlap	.	.	.	.	none	.
5663	X	116243544	116251158	+	no_overlap	.	.	.	.	none	.
5665	X	116284635	116293721	+	no_overlap	.	.	.	.	none	.
5664	X	116330408	116341460	+	no_overlap	.	.	.	.	none	.
ERVHXq23	X	116720316	116726712	-	no_overlap	.	.	.	.	none	.
5667	X	116733927	116742765	-	no_overlap	.	.	.	.	none	.
5668	X	116812450	116817998	-	no_overlap	.	.	.	.	none	.
5669	X	117068617	117079406	-	no_overlap	.	.	.	.	none	.
5671	X	117279302	117285797	+	no_overlap	.	.	.	.	none	.
5672	X	117416254	117422915	+	no_overlap	.	.	.	.	none	.
5675	X	118293076	118300607	-	no_overlap	.	.	.	.	none	.
5676	X	118884536	118892284	+	exon and intron	ENST00000634488,ENST00000634601	ENSG00000203650	LINC01285	lncRNA	same	.
5678	X	119318690	119324645	-	intron	ENST00000428222	ENSG00000230392	.	lncRNA	opposite	.
5680	X	120146455	120156069	+	exon and intron	ENST00000665317,ENST00000553843,ENST00000687648,ENST00000701130,ENST00000703667,ENST00000555168,ENST00000701644	ENSG00000258545,ENSG00000101883	RHOXF1-AS1,RHOXF1	lncRNA,protein_coding	both	.
5682	X	121343882	121348564	-	no_overlap	.	.	.	.	none	.
5686	X	122222003	122229858	+	no_overlap	.	.	.	.	none	.
5688	X	123131076	123135699	+	no_overlap	.	.	.	.	none	.
5691	X	125386851	125394562	-	no_overlap	.	.	.	.	none	.
5690	X	125432033	125440433	-	no_overlap	.	.	.	.	none	.
5696	X	126862546	126870659	+	no_overlap	.	.	.	.	none	.
5699	X	127396753	127403977	+	no_overlap	.	.	.	.	none	.
5703	X	130278615	130286736	+	no_overlap	.	.	.	.	none	.
5705	X	131712221	131717768	+	intron	ENST00000649541,ENST00000662867,ENST00000663405,ENST00000648028,ENST00000665076,ENST00000427391,ENST00000654978,ENST00000637577,ENST00000647966,ENST00000649391	ENSG00000213468	FIRRE	lncRNA	opposite	.
5709	X	131925907	131933350	-	no_overlap	.	.	.	.	none	.
5711	X	135058835	135069250	+	exon and intron	ENST00000608079	ENSG00000228372	SMIM10L2B-AS1	lncRNA	same	.
5713	X	135650858	135657414	+	no_overlap	.	.	.	.	none	.
5717	X	136923425	136936654	-	exon and intron	ENST00000424306,ENST00000431464,ENST00000687978,ENST00000693698,ENST00000701317,ENST00000685929,ENST00000687469,ENST00000688713,ENST00000685550,ENST00000650669,ENST00000693626,ENST00000686432	ENSG00000291054	.	lncRNA	opposite	.
5718	X	138260656	138270022	-	no_overlap	.	.	.	.	none	.
W-148	X	140077594	140080821	+	no_overlap	.	.	.	.	none	.
5723	X	141192904	141198567	-	intron	ENST00000665569,ENST00000664367,ENST00000666172,ENST00000666501,ENST00000662492	ENSG00000277215	SPANXA2-OT1	lncRNA	opposite	.
5727	X	142164534	142177397	-	exon and intron	ENST00000423985,ENST00000664519	ENSG00000225469,ENSG00000288098	.	unprocessed_pseudogene,lncRNA	both	.
5728	X	142180633	142190582	-	intron	ENST00000664519	ENSG00000288098	.	lncRNA	opposite	.
5730	X	142227595	142231848	+	intron	ENST00000664519	ENSG00000288098	.	lncRNA	same	.
5729	X	142265201	142273780	+	intron	ENST00000664519	ENSG00000288098	.	lncRNA	same	.
5732	X	142423015	142428961	-	intron	ENST00000664519	ENSG00000288098	.	lncRNA	opposite	.
5735	X	142915950	142922545	+	no_overlap	.	.	.	.	none	.
5736	X	143028197	143032421	-	intron	ENST00000446864,ENST00000370504	ENSG00000189326	SPANXN4	protein_coding	opposite	.
5738	X	143509892	143515017	+	exon and intron	ENST00000431432,ENST00000370503	ENSG00000227303,ENSG00000189252	SPANXN3	lncRNA,protein_coding	both	.
5740	X	143713136	143718293	+	intron	ENST00000598475	ENSG00000268988	SPANXN2	protein_coding	opposite	.
5743	X	144740282	144745188	+	no_overlap	.	.	.	.	none	.
5747	X	145968819	145978251	+	no_overlap	.	.	.	.	none	.
5754	X	149073591	149080259	+	no_overlap	.	.	.	.	none	.
5755	X	149315646	149325315	+	no_overlap	.	.	.	.	none	.
5759	X	149676060	149681404	-	no_overlap	.	.	.	.	none	.
5761	X	149720223	149727671	+	no_overlap	.	.	.	.	none	MAGEA11
5763	X	151550923	151562615	-	no_overlap	.	.	.	.	none	.
5766	X	153094555	153101486	-	no_overlap	.	.	.	.	none	.
5768	X	154589362	154594514	+	no_overlap	.	.	.	.	none	CTAG1A
K-64	X	154608421	154615762	-	no_overlap	.	.	.	.	none	CTAG1B
5771	X	155969057	155977429	-	no_overlap	.	.	.	.	none	.
5021	Y	3235166	3243049	-	no_overlap	.	.	.	.	none	.
5022	Y	3404860	3410937	-	no_overlap	.	.	.	.	none	.
5023	Y	3784912	3792670	-	exon and intron	ENST00000650970	ENSG00000286050	.	lncRNA	opposite	.
5024	Y	3850269	3860082	-	exon and intron	ENST00000405035,ENST00000650970	ENSG00000218410,ENSG00000286050	.	processed_pseudogene,lncRNA	both	.
5027	Y	4208257	4214762	+	no_overlap	.	.	.	.	none	.
5028	Y	4272995	4288630	+	no_overlap	.	.	.	.	none	.
5029	Y	4355096	4361163	-	no_overlap	.	.	.	.	none	.
5031	Y	5322054	5330427	-	intron	ENST00000400457,ENST00000698851	ENSG00000099715	PCDH11Y	protein_coding	opposite	.
5035	Y	5941110	5949442	+	no_overlap	.	.	.	.	none	.
5036	Y	6136989	6144447	+	no_overlap	.	.	.	.	none	.
5038	Y	6384078	6396391	+	exon and intron	ENST00000250776	ENSG00000129816	TTTY1B	lncRNA	same	.
5042	Y	6958030	6965791	-	intron	ENST00000346432,ENST00000383032,ENST00000355162	ENSG00000092377	TBL1Y	protein_coding	opposite	.
5045	Y	7170019	7177765	+	no_overlap	.	.	.	.	none	.
5044	Y	7177778	7184177	-	no_overlap	.	.	.	.	none	.
5043	Y	7190519	7206231	+	no_overlap	.	.	.	.	none	.
5047	Y	7377454	7388167	-	exon	ENST00000528056,ENST00000516346	ENSG00000099725,ENSG00000252155	PRKY,RNU6-941P	transcribed_unitary_pseudogene,snRNA	opposite	.
5046	Y	7392325	7401043	+	no_overlap	.	.	.	.	none	.
5048	Y	7500589	7509604	+	no_overlap	.	.	.	.	none	.
5049	Y	7621159	7627771	-	no_overlap	.	.	.	.	none	.
5050	Y	7830918	7841079	+	no_overlap	.	.	.	.	none	.
5052	Y	7885586	7889513	-	no_overlap	.	.	.	.	none	.
5053	Y	7952890	7961796	-	no_overlap	.	.	.	.	none	.
5054	Y	7992951	7995712	-	no_overlap	.	.	.	.	none	.
5056	Y	8187180	8203418	-	no_overlap	.	.	.	.	none	.
5055	Y	8204846	8212441	-	no_overlap	.	.	.	.	none	.
5057	Y	8533626	8546755	+	no_overlap	.	.	.	.	none	.
5062	Y	8644059	8655343	+	exon and intron	ENST00000413486,ENST00000652539,ENST00000651793,ENST00000657784,ENST00000650816,ENST00000651700	ENSG00000286217	LINC00279	lncRNA	same	.
5064	Y	8803182	8811720	+	intron	ENST00000253470	ENSG00000290381	TTTY11	lncRNA	opposite	.
5066	Y	8862744	8871211	+	no_overlap	.	.	.	.	none	.
5067	Y	8979987	8988904	+	no_overlap	.	.	.	.	none	.
5068	Y	8994259	9004253	+	no_overlap	.	.	.	.	none	.
5070	Y	9145263	9151327	-	no_overlap	.	.	.	.	none	.
5072	Y	9212119	9215355	-	no_overlap	.	.	.	.	none	.
5073	Y	9238212	9243145	+	no_overlap	.	.	.	.	none	.
5075	Y	9265423	9277683	-	no_overlap	.	.	.	.	none	.
5074	Y	9277818	9289319	-	no_overlap	.	.	.	.	none	.
5078	Y	9770204	9780152	-	exon and intron	ENST00000250805	ENSG00000129845	TTTY1	lncRNA	same	.
5080	Y	9974872	9979031	+	intron	ENST00000651645	ENSG00000290344	.	lncRNA	opposite	.
5081	Y	10047182	10053560	-	no_overlap	.	.	.	.	none	.
5082	Y	11236343	11238633	-	no_overlap	.	.	.	.	none	.
5088	Y	11888487	11896674	-	no_overlap	.	.	.	.	none	.
5089	Y	12146853	12153785	-	intron	ENST00000651802	ENSG00000291034	.	lncRNA	same	.
5091	Y	12243111	12251532	+	exon and intron	ENST00000438550,ENST00000651835,ENST00000651802	ENSG00000236477,ENSG00000291034	RPS24P1	processed_pseudogene,lncRNA	both	.
5092	Y	12256408	12266869	-	exon and intron	ENST00000651835,ENST00000398758,ENST00000651802	ENSG00000291034,ENSG00000232226	ARSFP1	lncRNA,transcribed_unprocessed_pseudogene	same	.
5090	Y	12282378	12287681	-	intron	ENST00000651802,ENST00000651835	ENSG00000291034	.	lncRNA	same	.
5093	Y	12311705	12321125	+	intron	ENST00000651802,ENST00000651835	ENSG00000291034	.	lncRNA	opposite	.
5095	Y	12323294	12328478	+	exon and intron	ENST00000700898,ENST00000651802,ENST00000651835	ENSG00000291034	.	lncRNA	opposite	.
5094	Y	12355052	12358537	-	intron	ENST00000443820,ENST00000700898,ENST00000382966,ENST00000700901,ENST00000651802,ENST00000651835	ENSG00000225117,ENSG00000291034	ARSDP1	unprocessed_pseudogene,lncRNA	both	.
5096	Y	12465498	12478126	-	exon and intron	ENST00000381172	ENSG00000227447	XGY1	unprocessed_pseudogene	same	.
5097	Y	12559209	12565355	-	intron	ENST00000457658	ENSG00000114374	USP9Y	protein_coding	opposite	.
5098	Y	12593586	12599119	-	intron	ENST00000457658	ENSG00000114374	USP9Y	protein_coding	opposite	.
5099	Y	12599791	12608723	-	intron	ENST00000457658	ENSG00000114374	USP9Y	protein_coding	opposite	.
5101	Y	12891504	12898460	+	no_overlap	.	.	.	.	none	.
5103	Y	12953368	12964165	+	no_overlap	.	.	.	.	none	.
5104	Y	12993871	13001276	-	no_overlap	.	.	.	.	none	.
5106	Y	13111298	13122310	+	no_overlap	.	.	.	.	none	.
5105	Y	13169764	13175843	-	no_overlap	.	.	.	.	none	.
5107	Y	13252526	13259365	+	intron	ENST00000537580,ENST00000624098,ENST00000331397,ENST00000382896,ENST00000538878,ENST00000540140,ENST00000545955,ENST00000612274,ENST00000617789,ENST00000618474,ENST00000682112,ENST00000682216,ENST00000682913,ENST00000684226,ENST00000682761	ENSG00000183878	UTY	protein_coding	opposite	.
5108	Y	13282561	13289605	+	exon and intron	ENST00000400275,ENST00000331397,ENST00000382896,ENST00000537580,ENST00000538878,ENST00000540140,ENST00000545955,ENST00000612274,ENST00000617789,ENST00000618474,ENST00000624098,ENST00000682112,ENST00000682216,ENST00000682761,ENST00000682913,ENST00000684226	ENSG00000215414,ENSG00000183878	PSMA6P1,UTY	processed_pseudogene,protein_coding	both	.
5109	Y	13339216	13346091	+	intron	ENST00000538878,ENST00000329134,ENST00000331397,ENST00000362096,ENST00000382896,ENST00000537580,ENST00000540140,ENST00000545955,ENST00000612274,ENST00000617789,ENST00000618474,ENST00000682112,ENST00000682216,ENST00000682913,ENST00000684226,ENST00000624098	ENSG00000183878	UTY	protein_coding	opposite	.
5110	Y	13435166	13443256	+	intron	ENST00000329134,ENST00000331397,ENST00000362096,ENST00000382893,ENST00000382896,ENST00000474365,ENST00000478900,ENST00000537580,ENST00000538878,ENST00000540140,ENST00000545955,ENST00000612274,ENST00000617789,ENST00000624098,ENST00000682112,ENST00000682216,ENST00000682913,ENST00000618474	ENSG00000183878	UTY	protein_coding	opposite	.
5111	Y	13611119	13619753	-	no_overlap	.	.	.	.	none	.
5113	Y	13627525	13637279	+	no_overlap	.	.	.	.	none	.
5112	Y	13656972	13666134	-	no_overlap	.	.	.	.	none	.
5115	Y	13888665	13897893	+	exon and intron	ENST00000652544,ENST00000472227	ENSG00000290853,ENSG00000241859	ANOS2P	lncRNA,transcribed_unprocessed_pseudogene	same	.
5116	Y	14158423	14167796	+	no_overlap	.	.	.	.	none	.
5119	Y	14348771	14355178	-	no_overlap	.	.	.	.	none	.
5118	Y	14355586	14360319	-	no_overlap	.	.	.	.	none	.
5117	Y	14372120	14381876	-	no_overlap	.	.	.	.	none	.
5120	Y	14508052	14511589	+	no_overlap	.	.	.	.	none	.
5122	Y	14588805	14597503	-	intron	ENST00000471252,ENST00000643089,ENST00000355905,ENST00000382868,ENST00000476359,ENST00000645399,ENST00000481089,ENST00000684976,ENST00000339174,ENST00000382872	ENSG00000165246	NLGN4Y	protein_coding	opposite	.
5123	Y	14815795	14819688	-	intron	ENST00000339174,ENST00000355905,ENST00000382872,ENST00000643089,ENST00000684976,ENST00000382868,ENST00000476359	ENSG00000165246	NLGN4Y	protein_coding	opposite	.
5124	Y	14859159	14873319	-	no_overlap	.	.	.	.	none	.
5130	Y	15261733	15272180	+	no_overlap	.	.	.	.	none	.
5131	Y	15386508	15393758	-	intron	ENST00000421058	ENSG00000234620	PUDPP1	unprocessed_pseudogene	same	.
5134	Y	15400314	15405096	+	intron	ENST00000421058	ENSG00000234620	PUDPP1	unprocessed_pseudogene	opposite	.
5135	Y	15512243	15518194	+	no_overlap	.	.	.	.	none	.
5137	Y	15973450	15982240	-	no_overlap	.	.	.	.	none	.
5138	Y	16071123	16080594	+	no_overlap	.	.	.	.	none	.
5140	Y	16164233	16173013	-	no_overlap	.	.	.	.	none	.
5142	Y	16200406	16205888	+	no_overlap	.	.	.	.	none	.
5143	Y	16379454	16384936	-	no_overlap	.	.	.	.	none	.
5144	Y	16412334	16421112	+	no_overlap	.	.	.	.	none	.
5145	Y	16636326	16644758	-	exon and intron	ENST00000651678	ENSG00000286201	.	lncRNA	same	.
5146	Y	16678631	16681118	-	no_overlap	.	.	.	.	none	.
5147	Y	16831452	16840358	+	no_overlap	.	.	.	.	none	.
5148	Y	16872133	16877447	+	no_overlap	.	.	.	.	none	.
5149	Y	16949879	16959867	+	no_overlap	.	.	.	.	none	.
5151	Y	17131133	17141849	-	no_overlap	.	.	.	.	none	.
5150	Y	17184054	17190585	-	no_overlap	.	.	.	.	none	.
5155	Y	17331862	17340933	+	no_overlap	.	.	.	.	none	.
5153	Y	17346328	17353834	-	no_overlap	.	.	.	.	none	.
5156	Y	17475287	17483638	-	no_overlap	.	.	.	.	none	.
5158	Y	17846847	17852450	-	no_overlap	.	.	.	.	none	.
5160	Y	17939550	17943611	-	no_overlap	.	.	.	.	none	.
5159	Y	17962366	17966427	+	no_overlap	.	.	.	.	none	.
5161	Y	18053560	18059163	+	no_overlap	.	.	.	.	none	.
5164	Y	18420049	18431101	+	no_overlap	.	.	.	.	none	.
5165	Y	18563553	18575901	-	intron	ENST00000309834,ENST00000338876	ENSG00000172468	HSFY1	protein_coding	opposite	.
5167	Y	18589480	18597890	-	exon and intron	ENST00000433794,ENST00000447585	ENSG00000131007,ENSG00000240438	TTTY9B,OFD1P5Y	lncRNA,unprocessed_pseudogene	same	.
5168	Y	18666655	18677873	+	exon and intron	ENST00000451061	ENSG00000242153	OFD1P6Y	transcribed_unprocessed_pseudogene	same	.
5170	Y	18697818	18709422	-	exon and intron	ENST00000451061	ENSG00000242153	OFD1P6Y	transcribed_unprocessed_pseudogene	opposite	.
5171	Y	18744501	18756849	+	intron	ENST00000344884,ENST00000491902	ENSG00000169953	HSFY2	protein_coding	opposite	.
5173	Y	18944746	18949879	-	intron	ENST00000651734,ENST00000652348,ENST00000652699,ENST00000657901,ENST00000663061,ENST00000660026,ENST00000669716,ENST00000667260,ENST00000667640,ENST00000670354,ENST00000670243,ENST00000667262,ENST00000454875,ENST00000652153,ENST00000651396,ENST00000651886,ENST00000650923,ENST00000452584,ENST00000651286,ENST00000651355,ENST00000664804,ENST00000667617,ENST00000669869,ENST00000331787,ENST00000650897,ENST00000651032,ENST00000656768	ENSG00000176728	TTTY14	lncRNA	same	.
5174	Y	18996634	19004670	+	intron	ENST00000651734,ENST00000652348,ENST00000652699,ENST00000657901,ENST00000663061,ENST00000660026,ENST00000669716,ENST00000667260,ENST00000667640,ENST00000670354,ENST00000670243,ENST00000667262,ENST00000454875,ENST00000652153,ENST00000651396,ENST00000651886,ENST00000650923,ENST00000452584,ENST00000651286,ENST00000651355,ENST00000664804,ENST00000667617,ENST00000669869,ENST00000331787,ENST00000650897,ENST00000651032,ENST00000656768	ENSG00000176728	TTTY14	lncRNA	opposite	.
W-149	Y	19079936	19087497	+	no_overlap	.	.	.	.	none	.
5177	Y	19103427	19107197	-	no_overlap	.	.	.	.	none	.
5176	Y	19131740	19140776	+	no_overlap	.	.	.	.	none	.
5179	Y	19169705	19182559	+	no_overlap	.	.	.	.	none	.
5180	Y	19294012	19298672	+	no_overlap	.	.	.	.	none	.
5181	Y	19411963	19427725	+	no_overlap	.	.	.	.	none	.
5183	Y	19447113	19452512	+	no_overlap	.	.	.	.	none	.
5184	Y	19647505	19651863	-	no_overlap	.	.	.	.	none	.
5186	Y	19657573	19668204	-	no_overlap	.	.	.	.	none	.
5188	Y	19809519	19817871	-	no_overlap	.	.	.	.	none	.
5189	Y	19868521	19873642	+	no_overlap	.	.	.	.	none	.
5191	Y	19958212	19964023	+	no_overlap	.	.	.	.	none	.
5192	Y	20006043	20011624	-	intron	ENST00000450781	ENSG00000232522	ZNF886P	unprocessed_pseudogene	same	.
5194	Y	20541098	20547636	+	intron	ENST00000660111,ENST00000661812,ENST00000667496,ENST00000657696,ENST00000666666,ENST00000662223,ENST00000651837,ENST00000658891,ENST00000666990,ENST00000670518	ENSG00000229236	TTTY10	lncRNA	opposite	.
5197	Y	20791265	20797790	-	no_overlap	.	.	.	.	none	.
5198	Y	20801400	20806104	+	no_overlap	.	.	.	.	none	.
5200	Y	20896629	20905731	+	no_overlap	.	.	.	.	none	.
5202	Y	21020987	21028812	-	no_overlap	.	.	.	.	none	.
5201	Y	21035959	21045092	-	exon and intron	ENST00000527562	ENSG00000254488	.	lncRNA	same	.
5205	Y	21087149	21091916	-	no_overlap	.	.	.	.	none	.
5208	Y	21240221	21249982	-	intron	ENST00000696465	ENSG00000289707	.	lncRNA	opposite	.
5209	Y	21442285	21452372	-	exon and intron	ENST00000660183	ENSG00000288057	.	lncRNA	same	.
5211	Y	21569288	21580008	+	exon and intron	ENST00000652128	ENSG00000184991	TTTY13	lncRNA	opposite	.
5213	Y	21580321	21588356	+	exon and intron	ENST00000652128,ENST00000330337	ENSG00000184991	TTTY13	lncRNA	opposite	.
5214	Y	21650058	21658343	+	no_overlap	.	.	.	.	none	.
5215	Y	21838590	21849781	-	exon and intron	ENST00000651708	ENSG00000286187	.	lncRNA	opposite	.
5220	Y	21961578	21972508	-	exon and intron	ENST00000449148	ENSG00000231159	OFD1P8Y	unprocessed_pseudogene	opposite	.
5221	Y	21979739	21996269	+	intron	ENST00000449148	ENSG00000231159	OFD1P8Y	unprocessed_pseudogene	same	.
5219	Y	22012707	22021565	+	no_overlap	.	.	.	.	none	.
5222	Y	22251117	22254964	-	no_overlap	.	.	.	.	none	.
5223	Y	22255615	22260281	-	no_overlap	.	.	.	.	none	.
5228	Y	22564824	22573682	-	no_overlap	.	.	.	.	none	.
5230	Y	22590041	22606656	-	intron	ENST00000417699	ENSG00000230476	OFD1P9Y	unprocessed_pseudogene	same	.
5229	Y	22616890	22626434	+	no_overlap	.	.	.	.	none	.
5231	Y	22703337	22709949	+	no_overlap	.	.	.	.	none	.
5232	Y	22785880	22795188	+	no_overlap	.	.	.	.	none	.
5233	Y	22830314	22835325	-	no_overlap	.	.	.	.	none	.
5234	Y	22937003	22944398	+	intron	ENST00000436568	ENSG00000226906	TTTY4	lncRNA	same	.
5237	Y	23076767	23083220	-	no_overlap	.	.	.	.	none	.
5240	Y	23337483	23343936	+	no_overlap	.	.	.	.	none	.
5242	Y	23486240	23492852	-	no_overlap	.	.	.	.	none	.
5244	Y	23569763	23578785	-	no_overlap	.	.	.	.	none	.
5245	Y	23589030	23605556	+	intron	ENST00000434110	ENSG00000225466	OFD1P10Y	unprocessed_pseudogene	same	.
5243	Y	23621999	23630858	+	no_overlap	.	.	.	.	none	.
5246	Y	23819216	23826465	-	no_overlap	.	.	.	.	none	.
5247	Y	23826905	23832872	+	no_overlap	.	.	.	.	none	.
5249	Y	24016499	24022065	-	no_overlap	.	.	.	.	none	.
5251	Y	24117007	24121583	+	no_overlap	.	.	.	.	none	.
5250	Y	24131534	24136110	-	no_overlap	.	.	.	.	none	.
5252	Y	24252612	24255152	-	no_overlap	.	.	.	.	none	.
5254	Y	24419629	24428938	+	no_overlap	.	.	.	.	none	.
5256	Y	24464062	24469073	-	no_overlap	.	.	.	.	none	.
5257	Y	24570750	24578156	+	intron	ENST00000420149	ENSG00000235412	TTTY4B	lncRNA	same	.
5260	Y	24710511	24716964	-	no_overlap	.	.	.	.	none	.
5262	Y	24953142	24959595	+	no_overlap	.	.	.	.	none	.
5266	Y	25087570	25100204	-	exon and intron	ENST00000456123	ENSG00000228296	TTTY4C	lncRNA	same	.
5268	Y	25201034	25206045	+	intron	ENST00000421387	ENSG00000223641	TTTY17C	lncRNA	opposite	.
5267	Y	25241175	25250484	-	no_overlap	.	.	.	.	none	.
5269	Y	25412808	25417531	+	no_overlap	.	.	.	.	none	.
5270	Y	25534028	25538602	+	no_overlap	.	.	.	.	none	.
5271	Y	25548553	25553127	-	no_overlap	.	.	.	.	none	.
5272	Y	25648071	25653637	+	no_overlap	.	.	.	.	none	.
5273	Y	25837220	25843187	-	no_overlap	.	.	.	.	none	.
5274	Y	25843627	25850876	+	no_overlap	.	.	.	.	none	.
5277	Y	26025087	26029630	-	no_overlap	.	.	.	.	none	.
5276	Y	26039219	26048078	-	no_overlap	.	.	.	.	none	.
5279	Y	26064438	26081049	-	intron	ENST00000411536	ENSG00000234888	OFD1P15Y	unprocessed_pseudogene	same	.
5280	Y	26177755	26184367	+	no_overlap	.	.	.	.	none	.
